qid,query_en,query_id,expanded_query,rank,doc_id,score
q20105,sort by a token in string python,sort by a token in string python,sort by a token in string python sort string search integer condition,1,d20105,0.8839249610900879
q20105,sort by a token in string python,sort by a token in string python,sort by a token in string python sort string search integer condition,2,d18078,0.8815577626228333
q20105,sort by a token in string python,sort by a token in string python,sort by a token in string python sort string search integer condition,3,d5613,0.8806706070899963
q20105,sort by a token in string python,sort by a token in string python,sort by a token in string python sort string search integer condition,4,d1400,0.8806706070899963
q20105,sort by a token in string python,sort by a token in string python,sort by a token in string python sort string search integer condition,5,d5575,0.8806706070899963
q20105,sort by a token in string python,sort by a token in string python,sort by a token in string python sort string search integer condition,6,d19792,0.8744484782218933
q20105,sort by a token in string python,sort by a token in string python,sort by a token in string python sort string search integer condition,7,d15748,0.8738836646080017
q20105,sort by a token in string python,sort by a token in string python,sort by a token in string python sort string search integer condition,8,d13259,0.8738836646080017
q20105,sort by a token in string python,sort by a token in string python,sort by a token in string python sort string search integer condition,9,d3747,0.8738836646080017
q20105,sort by a token in string python,sort by a token in string python,sort by a token in string python sort string search integer condition,10,d7604,0.8738836646080017
q20106,python check file is readonly,python check file is readonly,python check file is readonly file read error open close,1,d20044,0.8751205205917358
q20106,python check file is readonly,python check file is readonly,python check file is readonly file read error open close,2,d12374,0.8751205205917358
q20106,python check file is readonly,python check file is readonly,python check file is readonly file read error open close,3,d20106,0.8751205205917358
q20106,python check file is readonly,python check file is readonly,python check file is readonly file read error open close,4,d19691,0.8751205205917358
q20106,python check file is readonly,python check file is readonly,python check file is readonly file read error open close,5,d3654,0.8751205205917358
q20106,python check file is readonly,python check file is readonly,python check file is readonly file read error open close,6,d8390,0.8751205205917358
q20106,python check file is readonly,python check file is readonly,python check file is readonly file read error open close,7,d10691,0.8751205205917358
q20106,python check file is readonly,python check file is readonly,python check file is readonly file read error open close,8,d13737,0.8710848093032837
q20106,python check file is readonly,python check file is readonly,python check file is readonly file read error open close,9,d4548,0.8698973655700684
q20106,python check file is readonly,python check file is readonly,python check file is readonly file read error open close,10,d5280,0.8698973655700684
q20107,declaring empty numpy array in python,declaring empty numpy array in python,declaring empty numpy array in python array error integer delete loop,1,d18762,0.8796293139457703
q20107,declaring empty numpy array in python,declaring empty numpy array in python,declaring empty numpy array in python array error integer delete loop,2,d17860,0.8796293139457703
q20107,declaring empty numpy array in python,declaring empty numpy array in python,declaring empty numpy array in python array error integer delete loop,3,d17161,0.8796293139457703
q20107,declaring empty numpy array in python,declaring empty numpy array in python,declaring empty numpy array in python array error integer delete loop,4,d18254,0.8796293139457703
q20107,declaring empty numpy array in python,declaring empty numpy array in python,declaring empty numpy array in python array error integer delete loop,5,d17884,0.8796293139457703
q20107,declaring empty numpy array in python,declaring empty numpy array in python,declaring empty numpy array in python array error integer delete loop,6,d16845,0.8785316348075867
q20107,declaring empty numpy array in python,declaring empty numpy array in python,declaring empty numpy array in python array error integer delete loop,7,d13722,0.8782416582107544
q20107,declaring empty numpy array in python,declaring empty numpy array in python,declaring empty numpy array in python array error integer delete loop,8,d5626,0.8782416582107544
q20107,declaring empty numpy array in python,declaring empty numpy array in python,declaring empty numpy array in python array error integer delete loop,9,d14709,0.8782416582107544
q20107,declaring empty numpy array in python,declaring empty numpy array in python,declaring empty numpy array in python array error integer delete loop,10,d9345,0.8747179508209229
q20108,test for iterable is string in python,test for iterable is string in python,test for iterable is string in python string integer error function method,1,d15244,0.8887332677841187
q20108,test for iterable is string in python,test for iterable is string in python,test for iterable is string in python string integer error function method,2,d3807,0.8873171806335449
q20108,test for iterable is string in python,test for iterable is string in python,test for iterable is string in python string integer error function method,3,d12694,0.8873171806335449
q20108,test for iterable is string in python,test for iterable is string in python,test for iterable is string in python string integer error function method,4,d12337,0.8873171806335449
q20108,test for iterable is string in python,test for iterable is string in python,test for iterable is string in python string integer error function method,5,d11890,0.8873171806335449
q20108,test for iterable is string in python,test for iterable is string in python,test for iterable is string in python string integer error function method,6,d20413,0.8873171806335449
q20108,test for iterable is string in python,test for iterable is string in python,test for iterable is string in python string integer error function method,7,d15415,0.8873171806335449
q20108,test for iterable is string in python,test for iterable is string in python,test for iterable is string in python string integer error function method,8,d12157,0.8860989809036255
q20108,test for iterable is string in python,test for iterable is string in python,test for iterable is string in python string integer error function method,9,d8132,0.8860989809036255
q20108,test for iterable is string in python,test for iterable is string in python,test for iterable is string in python string integer error function method,10,d10571,0.8838632106781006
q20109,python print results of query loop,python print results of query loop,python print results of query loop query loop row search database return,1,d20109,0.9043186902999878
q20109,python print results of query loop,python print results of query loop,python print results of query loop query loop row search database return,2,d15575,0.8778031468391418
q20109,python print results of query loop,python print results of query loop,python print results of query loop query loop row search database return,3,d15102,0.8778031468391418
q20109,python print results of query loop,python print results of query loop,python print results of query loop query loop row search database return,4,d8103,0.8778031468391418
q20109,python print results of query loop,python print results of query loop,python print results of query loop query loop row search database return,5,d11497,0.8778031468391418
q20109,python print results of query loop,python print results of query loop,python print results of query loop query loop row search database return,6,d12163,0.8778031468391418
q20109,python print results of query loop,python print results of query loop,python print results of query loop query loop row search database return,7,d10633,0.8778031468391418
q20109,python print results of query loop,python print results of query loop,python print results of query loop query loop row search database return,8,d10667,0.8728225827217102
q20109,python print results of query loop,python print results of query loop,python print results of query loop query loop row search database return,9,d4967,0.8678079843521118
q20109,python print results of query loop,python print results of query loop,python print results of query loop query loop row search database return,10,d12943,0.8678079843521118
q20110,how to save header of fits file to export python,how to save header of fits file to export python,how to save header of fits file to export python save file write update database,1,d9869,0.880939781665802
q20110,how to save header of fits file to export python,how to save header of fits file to export python,how to save header of fits file to export python save file write update database,2,d14035,0.880939781665802
q20110,how to save header of fits file to export python,how to save header of fits file to export python,how to save header of fits file to export python save file write update database,3,d20331,0.8653944134712219
q20110,how to save header of fits file to export python,how to save header of fits file to export python,how to save header of fits file to export python save file write update database,4,d10028,0.8653944134712219
q20110,how to save header of fits file to export python,how to save header of fits file to export python,how to save header of fits file to export python save file write update database,5,d20110,0.8653944134712219
q20110,how to save header of fits file to export python,how to save header of fits file to export python,how to save header of fits file to export python save file write update database,6,d16089,0.8653944134712219
q20110,how to save header of fits file to export python,how to save header of fits file to export python,how to save header of fits file to export python save file write update database,7,d10481,0.8653944134712219
q20110,how to save header of fits file to export python,how to save header of fits file to export python,how to save header of fits file to export python save file write update database,8,d7985,0.8596092462539673
q20110,how to save header of fits file to export python,how to save header of fits file to export python,how to save header of fits file to export python save file write update database,9,d10830,0.8596092462539673
q20110,how to save header of fits file to export python,how to save header of fits file to export python,how to save header of fits file to export python save file write update database,10,d12639,0.8578442335128784
q20111,python calc page align,python calc page align,python calc page align integer column error function close,1,d7137,0.8723911046981812
q20111,python calc page align,python calc page align,python calc page align integer column error function close,2,d1605,0.8723911046981812
q20111,python calc page align,python calc page align,python calc page align integer column error function close,3,d12199,0.8723911046981812
q20111,python calc page align,python calc page align,python calc page align integer column error function close,4,d17008,0.8560010194778442
q20111,python calc page align,python calc page align,python calc page align integer column error function close,5,d19392,0.8560010194778442
q20111,python calc page align,python calc page align,python calc page align integer column error function close,6,d16722,0.8560010194778442
q20111,python calc page align,python calc page align,python calc page align integer column error function close,7,d18064,0.8560010194778442
q20111,python calc page align,python calc page align,python calc page align integer column error function close,8,d18061,0.8560010194778442
q20111,python calc page align,python calc page align,python calc page align integer column error function close,9,d17904,0.8560010194778442
q20111,python calc page align,python calc page align,python calc page align integer column error function close,10,d19248,0.8560010194778442
q20112,python numpy array as float,python numpy array as float,python numpy array as float array integer function error row,1,d12412,0.8952959179878235
q20112,python numpy array as float,python numpy array as float,python numpy array as float array integer function error row,2,d4528,0.8952959179878235
q20112,python numpy array as float,python numpy array as float,python numpy array as float array integer function error row,3,d746,0.8952959179878235
q20112,python numpy array as float,python numpy array as float,python numpy array as float array integer function error row,4,d10557,0.8899024724960327
q20112,python numpy array as float,python numpy array as float,python numpy array as float array integer function error row,5,d4345,0.8899024724960327
q20112,python numpy array as float,python numpy array as float,python numpy array as float array integer function error row,6,d20136,0.8899024724960327
q20112,python numpy array as float,python numpy array as float,python numpy array as float array integer function error row,7,d15474,0.8899024724960327
q20112,python numpy array as float,python numpy array as float,python numpy array as float array integer function error row,8,d2156,0.8899024724960327
q20112,python numpy array as float,python numpy array as float,python numpy array as float array integer function error row,9,d14518,0.8899024724960327
q20112,python numpy array as float,python numpy array as float,python numpy array as float array integer function error row,10,d87,0.8899024724960327
q20113,input string that replaces occurences python,input string that replaces occurences python,input string that replaces occurences python string update condition error integer,1,d11823,0.8763914704322815
q20113,input string that replaces occurences python,input string that replaces occurences python,input string that replaces occurences python string update condition error integer,2,d4588,0.8747467994689941
q20113,input string that replaces occurences python,input string that replaces occurences python,input string that replaces occurences python string update condition error integer,3,d3563,0.8738307952880859
q20113,input string that replaces occurences python,input string that replaces occurences python,input string that replaces occurences python string update condition error integer,4,d15852,0.8738307952880859
q20113,input string that replaces occurences python,input string that replaces occurences python,input string that replaces occurences python string update condition error integer,5,d14202,0.8738307952880859
q20113,input string that replaces occurences python,input string that replaces occurences python,input string that replaces occurences python string update condition error integer,6,d15721,0.8738307952880859
q20113,input string that replaces occurences python,input string that replaces occurences python,input string that replaces occurences python string update condition error integer,7,d10185,0.8738307952880859
q20113,input string that replaces occurences python,input string that replaces occurences python,input string that replaces occurences python string update condition error integer,8,d13725,0.8738307952880859
q20113,input string that replaces occurences python,input string that replaces occurences python,input string that replaces occurences python string update condition error integer,9,d13723,0.8738307952880859
q20113,input string that replaces occurences python,input string that replaces occurences python,input string that replaces occurences python string update condition error integer,10,d4228,0.8738307952880859
q20114,python check all items in list are ints,python check all items in list are ints,python check all items in list are ints list integer error loop search,1,d5546,0.8919227123260498
q20114,python check all items in list are ints,python check all items in list are ints,python check all items in list are ints list integer error loop search,2,d15053,0.8919227123260498
q20114,python check all items in list are ints,python check all items in list are ints,python check all items in list are ints list integer error loop search,3,d20412,0.8919227123260498
q20114,python check all items in list are ints,python check all items in list are ints,python check all items in list are ints list integer error loop search,4,d7031,0.8919227123260498
q20114,python check all items in list are ints,python check all items in list are ints,python check all items in list are ints list integer error loop search,5,d6941,0.8919227123260498
q20114,python check all items in list are ints,python check all items in list are ints,python check all items in list are ints list integer error loop search,6,d13115,0.8919227123260498
q20114,python check all items in list are ints,python check all items in list are ints,python check all items in list are ints list integer error loop search,7,d5737,0.8919227123260498
q20114,python check all items in list are ints,python check all items in list are ints,python check all items in list are ints list integer error loop search,8,d20015,0.8919227123260498
q20114,python check all items in list are ints,python check all items in list are ints,python check all items in list are ints list integer error loop search,9,d3653,0.8919227123260498
q20114,python check all items in list are ints,python check all items in list are ints,python check all items in list are ints list integer error loop search,10,d2331,0.887637734413147
q20115,how to save variable to text file python,how to save variable to text file python,how to save variable to text file python variable save file write database,1,d13772,0.8893683552742004
q20115,how to save variable to text file python,how to save variable to text file python,how to save variable to text file python variable save file write database,2,d9681,0.8893683552742004
q20115,how to save variable to text file python,how to save variable to text file python,how to save variable to text file python variable save file write database,3,d13675,0.8893683552742004
q20115,how to save variable to text file python,how to save variable to text file python,how to save variable to text file python variable save file write database,4,d20115,0.8893683552742004
q20115,how to save variable to text file python,how to save variable to text file python,how to save variable to text file python variable save file write database,5,d15896,0.8893683552742004
q20115,how to save variable to text file python,how to save variable to text file python,how to save variable to text file python variable save file write database,6,d1348,0.8893683552742004
q20115,how to save variable to text file python,how to save variable to text file python,how to save variable to text file python variable save file write database,7,d12227,0.8893683552742004
q20115,how to save variable to text file python,how to save variable to text file python,how to save variable to text file python variable save file write database,8,d11661,0.8893683552742004
q20115,how to save variable to text file python,how to save variable to text file python,how to save variable to text file python variable save file write database,9,d11706,0.8893683552742004
q20115,how to save variable to text file python,how to save variable to text file python,how to save variable to text file python variable save file write database,10,d7694,0.8606888055801392
q20116,how to skip an index in a for loop python,how to skip an index in a for loop python,how to skip an index in a for loop python loop integer row error search,1,d8038,0.866644024848938
q20116,how to skip an index in a for loop python,how to skip an index in a for loop python,how to skip an index in a for loop python loop integer row error search,2,d3970,0.866644024848938
q20116,how to skip an index in a for loop python,how to skip an index in a for loop python,how to skip an index in a for loop python loop integer row error search,3,d2548,0.866644024848938
q20116,how to skip an index in a for loop python,how to skip an index in a for loop python,how to skip an index in a for loop python loop integer row error search,4,d4586,0.8660756349563599
q20116,how to skip an index in a for loop python,how to skip an index in a for loop python,how to skip an index in a for loop python loop integer row error search,5,d5094,0.8660756349563599
q20116,how to skip an index in a for loop python,how to skip an index in a for loop python,how to skip an index in a for loop python loop integer row error search,6,d5605,0.8660756349563599
q20116,how to skip an index in a for loop python,how to skip an index in a for loop python,how to skip an index in a for loop python loop integer row error search,7,d1351,0.8660756349563599
q20116,how to skip an index in a for loop python,how to skip an index in a for loop python,how to skip an index in a for loop python loop integer row error search,8,d13755,0.8660756349563599
q20116,how to skip an index in a for loop python,how to skip an index in a for loop python,how to skip an index in a for loop python loop integer row error search,9,d9741,0.8660756349563599
q20116,how to skip an index in a for loop python,how to skip an index in a for loop python,how to skip an index in a for loop python loop integer row error search,10,d20417,0.8599389791488647
q20117,how to create a tokenization code in python,how to create a tokenization code in python,how to create a tokenization code in python method error integer condition database,1,d2694,0.8593543767929077
q20117,how to create a tokenization code in python,how to create a tokenization code in python,how to create a tokenization code in python method error integer condition database,2,d1054,0.8538960218429565
q20117,how to create a tokenization code in python,how to create a tokenization code in python,how to create a tokenization code in python method error integer condition database,3,d981,0.8529139757156372
q20117,how to create a tokenization code in python,how to create a tokenization code in python,how to create a tokenization code in python method error integer condition database,4,d6447,0.8529139757156372
q20117,how to create a tokenization code in python,how to create a tokenization code in python,how to create a tokenization code in python method error integer condition database,5,d5253,0.8529139757156372
q20117,how to create a tokenization code in python,how to create a tokenization code in python,how to create a tokenization code in python method error integer condition database,6,d5255,0.8529139757156372
q20117,how to create a tokenization code in python,how to create a tokenization code in python,how to create a tokenization code in python method error integer condition database,7,d3698,0.8529139757156372
q20117,how to create a tokenization code in python,how to create a tokenization code in python,how to create a tokenization code in python method error integer condition database,8,d2012,0.8529139757156372
q20117,how to create a tokenization code in python,how to create a tokenization code in python,how to create a tokenization code in python method error integer condition database,9,d1629,0.8529139757156372
q20117,how to create a tokenization code in python,how to create a tokenization code in python,how to create a tokenization code in python method error integer condition database,10,d4189,0.8529139757156372
q20118,python raise without parentheses,python raise without parentheses,python raise without parentheses integer parameter row variable write,1,d6524,0.848578691482544
q20118,python raise without parentheses,python raise without parentheses,python raise without parentheses integer parameter row variable write,2,d1378,0.848578691482544
q20118,python raise without parentheses,python raise without parentheses,python raise without parentheses integer parameter row variable write,3,d7716,0.848578691482544
q20118,python raise without parentheses,python raise without parentheses,python raise without parentheses integer parameter row variable write,4,d14671,0.848578691482544
q20118,python raise without parentheses,python raise without parentheses,python raise without parentheses integer parameter row variable write,5,d9653,0.8475368022918701
q20118,python raise without parentheses,python raise without parentheses,python raise without parentheses integer parameter row variable write,6,d3960,0.8475368022918701
q20118,python raise without parentheses,python raise without parentheses,python raise without parentheses integer parameter row variable write,7,d5676,0.847209095954895
q20118,python raise without parentheses,python raise without parentheses,python raise without parentheses integer parameter row variable write,8,d13680,0.847209095954895
q20118,python raise without parentheses,python raise without parentheses,python raise without parentheses integer parameter row variable write,9,d11535,0.847209095954895
q20118,python raise without parentheses,python raise without parentheses,python raise without parentheses integer parameter row variable write,10,d2179,0.845929741859436
q20119,how to seperate list with commas python,how to seperate list with commas python,how to seperate list with commas python list column integer error dictionary,1,d20119,0.8743500709533691
q20119,how to seperate list with commas python,how to seperate list with commas python,how to seperate list with commas python list column integer error dictionary,2,d10463,0.8660241365432739
q20119,how to seperate list with commas python,how to seperate list with commas python,how to seperate list with commas python list column integer error dictionary,3,d15838,0.8625590205192566
q20119,how to seperate list with commas python,how to seperate list with commas python,how to seperate list with commas python list column integer error dictionary,4,d16207,0.8625590205192566
q20119,how to seperate list with commas python,how to seperate list with commas python,how to seperate list with commas python list column integer error dictionary,5,d1314,0.8625590205192566
q20119,how to seperate list with commas python,how to seperate list with commas python,how to seperate list with commas python list column integer error dictionary,6,d5637,0.8625590205192566
q20119,how to seperate list with commas python,how to seperate list with commas python,how to seperate list with commas python list column integer error dictionary,7,d12164,0.8625590205192566
q20119,how to seperate list with commas python,how to seperate list with commas python,how to seperate list with commas python list column integer error dictionary,8,d10356,0.8609063625335693
q20119,how to seperate list with commas python,how to seperate list with commas python,how to seperate list with commas python list column integer error dictionary,9,d11759,0.8609063625335693
q20119,how to seperate list with commas python,how to seperate list with commas python,how to seperate list with commas python list column integer error dictionary,10,d9252,0.8609063625335693
q20120,python asynchronous function call return,python asynchronous function call return,python asynchronous function call return return function condition error method,1,d14056,0.8772946000099182
q20120,python asynchronous function call return,python asynchronous function call return,python asynchronous function call return return function condition error method,2,d11443,0.8772946000099182
q20120,python asynchronous function call return,python asynchronous function call return,python asynchronous function call return return function condition error method,3,d3162,0.8772946000099182
q20120,python asynchronous function call return,python asynchronous function call return,python asynchronous function call return return function condition error method,4,d4054,0.8772946000099182
q20120,python asynchronous function call return,python asynchronous function call return,python asynchronous function call return return function condition error method,5,d17825,0.8770045042037964
q20120,python asynchronous function call return,python asynchronous function call return,python asynchronous function call return return function condition error method,6,d12392,0.875298261642456
q20120,python asynchronous function call return,python asynchronous function call return,python asynchronous function call return return function condition error method,7,d15720,0.875298261642456
q20120,python asynchronous function call return,python asynchronous function call return,python asynchronous function call return return function condition error method,8,d16000,0.875298261642456
q20120,python asynchronous function call return,python asynchronous function call return,python asynchronous function call return return function condition error method,9,d12438,0.875298261642456
q20120,python asynchronous function call return,python asynchronous function call return,python asynchronous function call return return function condition error method,10,d7912,0.875298261642456
q20121,how to make a seconds to time in python,how to make a seconds to time in python,how to make a seconds to time in python method integer loop error function,1,d13900,0.8842865228652954
q20121,how to make a seconds to time in python,how to make a seconds to time in python,how to make a seconds to time in python method integer loop error function,2,d14549,0.8812891840934753
q20121,how to make a seconds to time in python,how to make a seconds to time in python,how to make a seconds to time in python method integer loop error function,3,d13420,0.8812891840934753
q20121,how to make a seconds to time in python,how to make a seconds to time in python,how to make a seconds to time in python method integer loop error function,4,d14715,0.8812891840934753
q20121,how to make a seconds to time in python,how to make a seconds to time in python,how to make a seconds to time in python method integer loop error function,5,d20306,0.8812891840934753
q20121,how to make a seconds to time in python,how to make a seconds to time in python,how to make a seconds to time in python method integer loop error function,6,d7589,0.8812891840934753
q20121,how to make a seconds to time in python,how to make a seconds to time in python,how to make a seconds to time in python method integer loop error function,7,d15537,0.8812891840934753
q20121,how to make a seconds to time in python,how to make a seconds to time in python,how to make a seconds to time in python method integer loop error function,8,d3673,0.8812891840934753
q20121,how to make a seconds to time in python,how to make a seconds to time in python,how to make a seconds to time in python method integer loop error function,9,d5673,0.8812891840934753
q20121,how to make a seconds to time in python,how to make a seconds to time in python,how to make a seconds to time in python method integer loop error function,10,d13651,0.8812891840934753
q20122,python cast true or false as numbers,python cast true or false as numbers,python cast true or false as numbers integer error condition string write,1,d7533,0.8819835782051086
q20122,python cast true or false as numbers,python cast true or false as numbers,python cast true or false as numbers integer error condition string write,2,d17207,0.8815780878067017
q20122,python cast true or false as numbers,python cast true or false as numbers,python cast true or false as numbers integer error condition string write,3,d19225,0.8815780878067017
q20122,python cast true or false as numbers,python cast true or false as numbers,python cast true or false as numbers integer error condition string write,4,d19133,0.8815780878067017
q20122,python cast true or false as numbers,python cast true or false as numbers,python cast true or false as numbers integer error condition string write,5,d17132,0.8815780878067017
q20122,python cast true or false as numbers,python cast true or false as numbers,python cast true or false as numbers integer error condition string write,6,d16758,0.8815780878067017
q20122,python cast true or false as numbers,python cast true or false as numbers,python cast true or false as numbers integer error condition string write,7,d16855,0.8815780878067017
q20122,python cast true or false as numbers,python cast true or false as numbers,python cast true or false as numbers integer error condition string write,8,d16689,0.8815780878067017
q20122,python cast true or false as numbers,python cast true or false as numbers,python cast true or false as numbers integer error condition string write,9,d17305,0.8815780878067017
q20122,python cast true or false as numbers,python cast true or false as numbers,python cast true or false as numbers integer error condition string write,10,d18690,0.8815780878067017
q20123,add milliseconds to datetime python,add milliseconds to datetime python,add milliseconds to datetime python add update error query integer,1,d17861,0.8824979662895203
q20123,add milliseconds to datetime python,add milliseconds to datetime python,add milliseconds to datetime python add update error query integer,2,d14899,0.8776962757110596
q20123,add milliseconds to datetime python,add milliseconds to datetime python,add milliseconds to datetime python add update error query integer,3,d10838,0.8776962757110596
q20123,add milliseconds to datetime python,add milliseconds to datetime python,add milliseconds to datetime python add update error query integer,4,d1506,0.8776962757110596
q20123,add milliseconds to datetime python,add milliseconds to datetime python,add milliseconds to datetime python add update error query integer,5,d6308,0.8776962757110596
q20123,add milliseconds to datetime python,add milliseconds to datetime python,add milliseconds to datetime python add update error query integer,6,d13605,0.8776962757110596
q20123,add milliseconds to datetime python,add milliseconds to datetime python,add milliseconds to datetime python add update error query integer,7,d16137,0.8776962757110596
q20123,add milliseconds to datetime python,add milliseconds to datetime python,add milliseconds to datetime python add update error query integer,8,d10580,0.8776962757110596
q20123,add milliseconds to datetime python,add milliseconds to datetime python,add milliseconds to datetime python add update error query integer,9,d12001,0.8776962757110596
q20123,add milliseconds to datetime python,add milliseconds to datetime python,add milliseconds to datetime python add update error query integer,10,d12533,0.8776962757110596
q20124,how to read the last n lines of a program on python,how to read the last n lines of a program on python,how to read the last n lines of a program on python read integer string loop file,1,d4287,0.8757771253585815
q20124,how to read the last n lines of a program on python,how to read the last n lines of a program on python,how to read the last n lines of a program on python read integer string loop file,2,d20124,0.8757771253585815
q20124,how to read the last n lines of a program on python,how to read the last n lines of a program on python,how to read the last n lines of a program on python read integer string loop file,3,d5811,0.8699332475662231
q20124,how to read the last n lines of a program on python,how to read the last n lines of a program on python,how to read the last n lines of a program on python read integer string loop file,4,d11180,0.8680832386016846
q20124,how to read the last n lines of a program on python,how to read the last n lines of a program on python,how to read the last n lines of a program on python read integer string loop file,5,d4991,0.8680832386016846
q20124,how to read the last n lines of a program on python,how to read the last n lines of a program on python,how to read the last n lines of a program on python read integer string loop file,6,d13890,0.8680832386016846
q20124,how to read the last n lines of a program on python,how to read the last n lines of a program on python,how to read the last n lines of a program on python read integer string loop file,7,d3873,0.8680832386016846
q20124,how to read the last n lines of a program on python,how to read the last n lines of a program on python,how to read the last n lines of a program on python read integer string loop file,8,d20072,0.8680832386016846
q20124,how to read the last n lines of a program on python,how to read the last n lines of a program on python,how to read the last n lines of a program on python read integer string loop file,9,d10720,0.8680832386016846
q20124,how to read the last n lines of a program on python,how to read the last n lines of a program on python,how to read the last n lines of a program on python read integer string loop file,10,d657,0.8680832386016846
q20125,python mysql get list of table columns,python mysql get list of table columns,python mysql get list of table columns column table list database search,1,d20125,0.9054930806159973
q20125,python mysql get list of table columns,python mysql get list of table columns,python mysql get list of table columns column table list database search,2,d295,0.9054930806159973
q20125,python mysql get list of table columns,python mysql get list of table columns,python mysql get list of table columns column table list database search,3,d11371,0.9054930806159973
q20125,python mysql get list of table columns,python mysql get list of table columns,python mysql get list of table columns column table list database search,4,d9112,0.9054930806159973
q20125,python mysql get list of table columns,python mysql get list of table columns,python mysql get list of table columns column table list database search,5,d16167,0.9054930806159973
q20125,python mysql get list of table columns,python mysql get list of table columns,python mysql get list of table columns column table list database search,6,d3200,0.9054930806159973
q20125,python mysql get list of table columns,python mysql get list of table columns,python mysql get list of table columns column table list database search,7,d12032,0.9054930806159973
q20125,python mysql get list of table columns,python mysql get list of table columns,python mysql get list of table columns column table list database search,8,d11089,0.9030969142913818
q20125,python mysql get list of table columns,python mysql get list of table columns,python mysql get list of table columns column table list database search,9,d16918,0.8940942287445068
q20125,python mysql get list of table columns,python mysql get list of table columns,python mysql get list of table columns column table list database search,10,d18733,0.8940942287445068
q20126,how to get domain part of a url in python,how to get domain part of a url in python,how to get domain part of a url in python search method string error row,1,d17419,0.9055625200271606
q20126,how to get domain part of a url in python,how to get domain part of a url in python,how to get domain part of a url in python search method string error row,2,d17294,0.9055625200271606
q20126,how to get domain part of a url in python,how to get domain part of a url in python,how to get domain part of a url in python search method string error row,3,d18206,0.9055625200271606
q20126,how to get domain part of a url in python,how to get domain part of a url in python,how to get domain part of a url in python search method string error row,4,d17243,0.9055625200271606
q20126,how to get domain part of a url in python,how to get domain part of a url in python,how to get domain part of a url in python search method string error row,5,d18026,0.9055625200271606
q20126,how to get domain part of a url in python,how to get domain part of a url in python,how to get domain part of a url in python search method string error row,6,d20269,0.9055625200271606
q20126,how to get domain part of a url in python,how to get domain part of a url in python,how to get domain part of a url in python search method string error row,7,d18560,0.9055625200271606
q20126,how to get domain part of a url in python,how to get domain part of a url in python,how to get domain part of a url in python search method string error row,8,d19277,0.9055625200271606
q20126,how to get domain part of a url in python,how to get domain part of a url in python,how to get domain part of a url in python search method string error row,9,d17027,0.9055625200271606
q20126,how to get domain part of a url in python,how to get domain part of a url in python,how to get domain part of a url in python search method string error row,10,d17788,0.9055625200271606
q20127,python flatten a nested dictionaary,python flatten a nested dictionaary,python flatten a nested dictionaary dictionary integer error delete loop,1,d3077,0.8848333358764648
q20127,python flatten a nested dictionaary,python flatten a nested dictionaary,python flatten a nested dictionaary dictionary integer error delete loop,2,d15121,0.8848333358764648
q20127,python flatten a nested dictionaary,python flatten a nested dictionaary,python flatten a nested dictionaary dictionary integer error delete loop,3,d11563,0.8848333358764648
q20127,python flatten a nested dictionaary,python flatten a nested dictionaary,python flatten a nested dictionaary dictionary integer error delete loop,4,d10692,0.8848333358764648
q20127,python flatten a nested dictionaary,python flatten a nested dictionaary,python flatten a nested dictionaary dictionary integer error delete loop,5,d14867,0.8848333358764648
q20127,python flatten a nested dictionaary,python flatten a nested dictionaary,python flatten a nested dictionaary dictionary integer error delete loop,6,d10753,0.8843796253204346
q20127,python flatten a nested dictionaary,python flatten a nested dictionaary,python flatten a nested dictionaary dictionary integer error delete loop,7,d10751,0.8843796253204346
q20127,python flatten a nested dictionaary,python flatten a nested dictionaary,python flatten a nested dictionaary dictionary integer error delete loop,8,d20367,0.8843796253204346
q20127,python flatten a nested dictionaary,python flatten a nested dictionaary,python flatten a nested dictionaary dictionary integer error delete loop,9,d2392,0.8843796253204346
q20127,python flatten a nested dictionaary,python flatten a nested dictionaary,python flatten a nested dictionaary dictionary integer error delete loop,10,d15076,0.8843796253204346
q20128,python session set get,python session set get,python session set get get search update query condition,1,d9057,0.8895751237869263
q20128,python session set get,python session set get,python session set get get search update query condition,2,d8515,0.8895751237869263
q20128,python session set get,python session set get,python session set get get search update query condition,3,d15422,0.8697576522827148
q20128,python session set get,python session set get,python session set get get search update query condition,4,d15610,0.8697576522827148
q20128,python session set get,python session set get,python session set get get search update query condition,5,d6350,0.8697576522827148
q20128,python session set get,python session set get,python session set get get search update query condition,6,d5654,0.8697576522827148
q20128,python session set get,python session set get,python session set get get search update query condition,7,d7230,0.8697576522827148
q20128,python session set get,python session set get,python session set get get search update query condition,8,d11519,0.8697576522827148
q20128,python session set get,python session set get,python session set get get search update query condition,9,d20128,0.8650668263435364
q20128,python session set get,python session set get,python session set get get search update query condition,10,d13717,0.8650668263435364
q20129,python save graph into file,python save graph into file,python save graph into file save file write database error,1,d12566,0.8664116859436035
q20129,python save graph into file,python save graph into file,python save graph into file save file write database error,2,d15041,0.8664116859436035
q20129,python save graph into file,python save graph into file,python save graph into file save file write database error,3,d5269,0.8664116859436035
q20129,python save graph into file,python save graph into file,python save graph into file save file write database error,4,d5366,0.8664116859436035
q20129,python save graph into file,python save graph into file,python save graph into file save file write database error,5,d3793,0.8664116859436035
q20129,python save graph into file,python save graph into file,python save graph into file save file write database error,6,d10949,0.8664116859436035
q20129,python save graph into file,python save graph into file,python save graph into file save file write database error,7,d10830,0.8596324920654297
q20129,python save graph into file,python save graph into file,python save graph into file save file write database error,8,d7985,0.8596324920654297
q20129,python save graph into file,python save graph into file,python save graph into file save file write database error,9,d15777,0.8578008413314819
q20129,python save graph into file,python save graph into file,python save graph into file save file write database error,10,d13677,0.8578008413314819
q20130,chmod python windows to remove file,chmod python windows to remove file,chmod python windows to remove file file delete error query update,1,d8739,0.871848464012146
q20130,chmod python windows to remove file,chmod python windows to remove file,chmod python windows to remove file file delete error query update,2,d2120,0.871848464012146
q20130,chmod python windows to remove file,chmod python windows to remove file,chmod python windows to remove file file delete error query update,3,d8422,0.871848464012146
q20130,chmod python windows to remove file,chmod python windows to remove file,chmod python windows to remove file file delete error query update,4,d3612,0.8682574033737183
q20130,chmod python windows to remove file,chmod python windows to remove file,chmod python windows to remove file file delete error query update,5,d1747,0.8631058931350708
q20130,chmod python windows to remove file,chmod python windows to remove file,chmod python windows to remove file file delete error query update,6,d8168,0.8611323833465576
q20130,chmod python windows to remove file,chmod python windows to remove file,chmod python windows to remove file file delete error query update,7,d3761,0.8611323833465576
q20130,chmod python windows to remove file,chmod python windows to remove file,chmod python windows to remove file file delete error query update,8,d4360,0.8611323833465576
q20130,chmod python windows to remove file,chmod python windows to remove file,chmod python windows to remove file file delete error query update,9,d9182,0.8611323833465576
q20130,chmod python windows to remove file,chmod python windows to remove file,chmod python windows to remove file file delete error query update,10,d1368,0.8611323833465576
q20131,add suffixes on concat python,add suffixes on concat python,add suffixes on concat python add update error write query,1,d8305,0.8813789486885071
q20131,add suffixes on concat python,add suffixes on concat python,add suffixes on concat python add update error write query,2,d20131,0.8813789486885071
q20131,add suffixes on concat python,add suffixes on concat python,add suffixes on concat python add update error write query,3,d9397,0.8813789486885071
q20131,add suffixes on concat python,add suffixes on concat python,add suffixes on concat python add update error write query,4,d2931,0.8813789486885071
q20131,add suffixes on concat python,add suffixes on concat python,add suffixes on concat python add update error write query,5,d9193,0.8813789486885071
q20131,add suffixes on concat python,add suffixes on concat python,add suffixes on concat python add update error write query,6,d14555,0.8813789486885071
q20131,add suffixes on concat python,add suffixes on concat python,add suffixes on concat python add update error write query,7,d13839,0.8813789486885071
q20131,add suffixes on concat python,add suffixes on concat python,add suffixes on concat python add update error write query,8,d20262,0.8813789486885071
q20131,add suffixes on concat python,add suffixes on concat python,add suffixes on concat python add update error write query,9,d16043,0.8744741678237915
q20131,add suffixes on concat python,add suffixes on concat python,add suffixes on concat python add update error write query,10,d11823,0.8707865476608276
q20132,how to check python object iterable,how to check python object iterable,how to check python object iterable integer error method condition search,1,d8132,0.8884456753730774
q20132,how to check python object iterable,how to check python object iterable,how to check python object iterable integer error method condition search,2,d12157,0.8884456753730774
q20132,how to check python object iterable,how to check python object iterable,how to check python object iterable integer error method condition search,3,d15415,0.8714817762374878
q20132,how to check python object iterable,how to check python object iterable,how to check python object iterable integer error method condition search,4,d12337,0.8714817762374878
q20132,how to check python object iterable,how to check python object iterable,how to check python object iterable integer error method condition search,5,d11890,0.8714817762374878
q20132,how to check python object iterable,how to check python object iterable,how to check python object iterable integer error method condition search,6,d12694,0.8714817762374878
q20132,how to check python object iterable,how to check python object iterable,how to check python object iterable integer error method condition search,7,d3807,0.8714817762374878
q20132,how to check python object iterable,how to check python object iterable,how to check python object iterable integer error method condition search,8,d20413,0.8714817762374878
q20132,how to check python object iterable,how to check python object iterable,how to check python object iterable integer error method condition search,9,d12434,0.8682862520217896
q20132,how to check python object iterable,how to check python object iterable,how to check python object iterable integer error method condition search,10,d2077,0.8682862520217896
q20133,python 3 tkinter open file dialog,python 3 tkinter open file dialog,python 3 tkinter open file dialog open file error integer query,1,d14094,0.8782026767730713
q20133,python 3 tkinter open file dialog,python 3 tkinter open file dialog,python 3 tkinter open file dialog open file error integer query,2,d10520,0.8782026767730713
q20133,python 3 tkinter open file dialog,python 3 tkinter open file dialog,python 3 tkinter open file dialog open file error integer query,3,d20133,0.8782026767730713
q20133,python 3 tkinter open file dialog,python 3 tkinter open file dialog,python 3 tkinter open file dialog open file error integer query,4,d8489,0.8782026767730713
q20133,python 3 tkinter open file dialog,python 3 tkinter open file dialog,python 3 tkinter open file dialog open file error integer query,5,d11939,0.8782026767730713
q20133,python 3 tkinter open file dialog,python 3 tkinter open file dialog,python 3 tkinter open file dialog open file error integer query,6,d15965,0.8782026767730713
q20133,python 3 tkinter open file dialog,python 3 tkinter open file dialog,python 3 tkinter open file dialog open file error integer query,7,d13914,0.8782026767730713
q20133,python 3 tkinter open file dialog,python 3 tkinter open file dialog,python 3 tkinter open file dialog open file error integer query,8,d6763,0.8640558123588562
q20133,python 3 tkinter open file dialog,python 3 tkinter open file dialog,python 3 tkinter open file dialog open file error integer query,9,d1258,0.8626771569252014
q20133,python 3 tkinter open file dialog,python 3 tkinter open file dialog,python 3 tkinter open file dialog open file error integer query,10,d7734,0.8626771569252014
q20134,how to indent self python,how to indent self python,how to indent self python integer error column function row,1,d4812,0.8700131773948669
q20134,how to indent self python,how to indent self python,how to indent self python integer error column function row,2,d11103,0.8700131773948669
q20134,how to indent self python,how to indent self python,how to indent self python integer error column function row,3,d4275,0.8700131773948669
q20134,how to indent self python,how to indent self python,how to indent self python integer error column function row,4,d9126,0.8700131773948669
q20134,how to indent self python,how to indent self python,how to indent self python integer error column function row,5,d12693,0.8700131773948669
q20134,how to indent self python,how to indent self python,how to indent self python integer error column function row,6,d12668,0.8700131773948669
q20134,how to indent self python,how to indent self python,how to indent self python integer error column function row,7,d10534,0.8643736839294434
q20134,how to indent self python,how to indent self python,how to indent self python integer error column function row,8,d3062,0.8643736839294434
q20134,how to indent self python,how to indent self python,how to indent self python integer error column function row,9,d3861,0.8643736839294434
q20134,how to indent self python,how to indent self python,how to indent self python integer error column function row,10,d7027,0.8643736839294434
q20135,tracking centroid of an object python,tracking centroid of an object python,tracking centroid of an object python method update row string search,1,d12455,0.8592582941055298
q20135,tracking centroid of an object python,tracking centroid of an object python,tracking centroid of an object python method update row string search,2,d16043,0.858246922492981
q20135,tracking centroid of an object python,tracking centroid of an object python,tracking centroid of an object python method update row string search,3,d6939,0.8565557599067688
q20135,tracking centroid of an object python,tracking centroid of an object python,tracking centroid of an object python method update row string search,4,d10629,0.854336142539978
q20135,tracking centroid of an object python,tracking centroid of an object python,tracking centroid of an object python method update row string search,5,d10059,0.8523078560829163
q20135,tracking centroid of an object python,tracking centroid of an object python,tracking centroid of an object python method update row string search,6,d20135,0.850310206413269
q20135,tracking centroid of an object python,tracking centroid of an object python,tracking centroid of an object python method update row string search,7,d11823,0.8481975197792053
q20135,tracking centroid of an object python,tracking centroid of an object python,tracking centroid of an object python method update row string search,8,d8296,0.8475284576416016
q20135,tracking centroid of an object python,tracking centroid of an object python,tracking centroid of an object python method update row string search,9,d3580,0.8475284576416016
q20135,tracking centroid of an object python,tracking centroid of an object python,tracking centroid of an object python method update row string search,10,d1410,0.8475284576416016
q20136,python3 ctypes return float array,python3 ctypes return float array,python3 ctypes return float array array return error integer function,1,d10557,0.8942532539367676
q20136,python3 ctypes return float array,python3 ctypes return float array,python3 ctypes return float array array return error integer function,2,d15474,0.8942532539367676
q20136,python3 ctypes return float array,python3 ctypes return float array,python3 ctypes return float array array return error integer function,3,d20136,0.8942532539367676
q20136,python3 ctypes return float array,python3 ctypes return float array,python3 ctypes return float array array return error integer function,4,d2156,0.8942532539367676
q20136,python3 ctypes return float array,python3 ctypes return float array,python3 ctypes return float array array return error integer function,5,d87,0.8942532539367676
q20136,python3 ctypes return float array,python3 ctypes return float array,python3 ctypes return float array array return error integer function,6,d4345,0.8942532539367676
q20136,python3 ctypes return float array,python3 ctypes return float array,python3 ctypes return float array array return error integer function,7,d14518,0.8942532539367676
q20136,python3 ctypes return float array,python3 ctypes return float array,python3 ctypes return float array array return error integer function,8,d1903,0.8829501867294312
q20136,python3 ctypes return float array,python3 ctypes return float array,python3 ctypes return float array array return error integer function,9,d4055,0.8829501867294312
q20136,python3 ctypes return float array,python3 ctypes return float array,python3 ctypes return float array array return error integer function,10,d1971,0.8829501867294312
q20137,how to make paragraphs in python,how to make paragraphs in python,how to make paragraphs in python parameter write method column integer,1,d20137,0.8566429018974304
q20137,how to make paragraphs in python,how to make paragraphs in python,how to make paragraphs in python parameter write method column integer,2,d17268,0.8546686172485352
q20137,how to make paragraphs in python,how to make paragraphs in python,how to make paragraphs in python parameter write method column integer,3,d20569,0.8531653881072998
q20137,how to make paragraphs in python,how to make paragraphs in python,how to make paragraphs in python parameter write method column integer,4,d13905,0.8529279828071594
q20137,how to make paragraphs in python,how to make paragraphs in python,how to make paragraphs in python parameter write method column integer,5,d16410,0.8519996404647827
q20137,how to make paragraphs in python,how to make paragraphs in python,how to make paragraphs in python parameter write method column integer,6,d7748,0.8519996404647827
q20137,how to make paragraphs in python,how to make paragraphs in python,how to make paragraphs in python parameter write method column integer,7,d11437,0.8483138084411621
q20137,how to make paragraphs in python,how to make paragraphs in python,how to make paragraphs in python parameter write method column integer,8,d19626,0.8477215766906738
q20137,how to make paragraphs in python,how to make paragraphs in python,how to make paragraphs in python parameter write method column integer,9,d18646,0.8477215766906738
q20137,how to make paragraphs in python,how to make paragraphs in python,how to make paragraphs in python parameter write method column integer,10,d19081,0.8477215766906738
q20138,python rest requests delete,python rest requests delete,python rest requests delete delete error update return query,1,d17825,0.8780934810638428
q20138,python rest requests delete,python rest requests delete,python rest requests delete delete error update return query,2,d5983,0.8754251003265381
q20138,python rest requests delete,python rest requests delete,python rest requests delete delete error update return query,3,d8781,0.8718674778938293
q20138,python rest requests delete,python rest requests delete,python rest requests delete delete error update return query,4,d12742,0.8718674778938293
q20138,python rest requests delete,python rest requests delete,python rest requests delete delete error update return query,5,d9632,0.8717886209487915
q20138,python rest requests delete,python rest requests delete,python rest requests delete delete error update return query,6,d8290,0.8692575693130493
q20138,python rest requests delete,python rest requests delete,python rest requests delete delete error update return query,7,d1935,0.8673199415206909
q20138,python rest requests delete,python rest requests delete,python rest requests delete delete error update return query,8,d5408,0.8664894700050354
q20138,python rest requests delete,python rest requests delete,python rest requests delete delete error update return query,9,d13034,0.8664894700050354
q20138,python rest requests delete,python rest requests delete,python rest requests delete delete error update return query,10,d8533,0.8661863207817078
q20139,python replace month number,python replace month number,python replace month number integer update error parameter column,1,d6075,0.8722266554832458
q20139,python replace month number,python replace month number,python replace month number integer update error parameter column,2,d20139,0.8722266554832458
q20139,python replace month number,python replace month number,python replace month number integer update error parameter column,3,d4359,0.8722266554832458
q20139,python replace month number,python replace month number,python replace month number integer update error parameter column,4,d10189,0.8722266554832458
q20139,python replace month number,python replace month number,python replace month number integer update error parameter column,5,d14327,0.8545332551002502
q20139,python replace month number,python replace month number,python replace month number integer update error parameter column,6,d1996,0.8545332551002502
q20139,python replace month number,python replace month number,python replace month number integer update error parameter column,7,d838,0.8545332551002502
q20139,python replace month number,python replace month number,python replace month number integer update error parameter column,8,d2976,0.8545332551002502
q20139,python replace month number,python replace month number,python replace month number integer update error parameter column,9,d5107,0.8545332551002502
q20139,python replace month number,python replace month number,python replace month number integer update error parameter column,10,d13258,0.8545332551002502
q20140,how to tell what type of data object is in python,how to tell what type of data object is in python,how to tell what type of data object is in python data database method row integer,1,d693,0.8770397901535034
q20140,how to tell what type of data object is in python,how to tell what type of data object is in python,how to tell what type of data object is in python data database method row integer,2,d13507,0.8770397901535034
q20140,how to tell what type of data object is in python,how to tell what type of data object is in python,how to tell what type of data object is in python data database method row integer,3,d2657,0.8770397901535034
q20140,how to tell what type of data object is in python,how to tell what type of data object is in python,how to tell what type of data object is in python data database method row integer,4,d5339,0.8770397901535034
q20140,how to tell what type of data object is in python,how to tell what type of data object is in python,how to tell what type of data object is in python data database method row integer,5,d9118,0.8770397901535034
q20140,how to tell what type of data object is in python,how to tell what type of data object is in python,how to tell what type of data object is in python data database method row integer,6,d4724,0.8770397901535034
q20140,how to tell what type of data object is in python,how to tell what type of data object is in python,how to tell what type of data object is in python data database method row integer,7,d3533,0.8770397901535034
q20140,how to tell what type of data object is in python,how to tell what type of data object is in python,how to tell what type of data object is in python data database method row integer,8,d13112,0.8770397901535034
q20140,how to tell what type of data object is in python,how to tell what type of data object is in python,how to tell what type of data object is in python data database method row integer,9,d3562,0.8745846748352051
q20140,how to tell what type of data object is in python,how to tell what type of data object is in python,how to tell what type of data object is in python data database method row integer,10,d208,0.8738762140274048
q20141,python jsonschema validate schema file,python jsonschema validate schema file,python jsonschema validate schema file file error database column update,1,d15284,0.8845771551132202
q20141,python jsonschema validate schema file,python jsonschema validate schema file,python jsonschema validate schema file file error database column update,2,d20141,0.8820599317550659
q20141,python jsonschema validate schema file,python jsonschema validate schema file,python jsonschema validate schema file file error database column update,3,d2088,0.880967378616333
q20141,python jsonschema validate schema file,python jsonschema validate schema file,python jsonschema validate schema file file error database column update,4,d13970,0.8748239874839783
q20141,python jsonschema validate schema file,python jsonschema validate schema file,python jsonschema validate schema file file error database column update,5,d18750,0.8700915575027466
q20141,python jsonschema validate schema file,python jsonschema validate schema file,python jsonschema validate schema file file error database column update,6,d20300,0.8700915575027466
q20141,python jsonschema validate schema file,python jsonschema validate schema file,python jsonschema validate schema file file error database column update,7,d5878,0.8676533102989197
q20141,python jsonschema validate schema file,python jsonschema validate schema file,python jsonschema validate schema file file error database column update,8,d5787,0.867422342300415
q20141,python jsonschema validate schema file,python jsonschema validate schema file,python jsonschema validate schema file file error database column update,9,d784,0.8646471500396729
q20141,python jsonschema validate schema file,python jsonschema validate schema file,python jsonschema validate schema file file error database column update,10,d8435,0.8646471500396729
q20142,get wechat access token python,get wechat access token python,get wechat access token python get search update query save,1,d20142,0.8914655447006226
q20142,get wechat access token python,get wechat access token python,get wechat access token python get search update query save,2,d1054,0.865719199180603
q20142,get wechat access token python,get wechat access token python,get wechat access token python get search update query save,3,d11502,0.8513360619544983
q20142,get wechat access token python,get wechat access token python,get wechat access token python get search update query save,4,d20200,0.8513360619544983
q20142,get wechat access token python,get wechat access token python,get wechat access token python get search update query save,5,d3999,0.8513360619544983
q20142,get wechat access token python,get wechat access token python,get wechat access token python get search update query save,6,d931,0.8500955700874329
q20142,get wechat access token python,get wechat access token python,get wechat access token python get search update query save,7,d10790,0.8500955700874329
q20142,get wechat access token python,get wechat access token python,get wechat access token python get search update query save,8,d7315,0.849968671798706
q20142,get wechat access token python,get wechat access token python,get wechat access token python get search update query save,9,d16427,0.849968671798706
q20142,get wechat access token python,get wechat access token python,get wechat access token python get search update query save,10,d12468,0.849968671798706
q20143,python change str value to int,python change str value to int,python change str value to int integer string update variable parameter,1,d10256,0.8719342947006226
q20143,python change str value to int,python change str value to int,python change str value to int integer string update variable parameter,2,d4606,0.8719342947006226
q20143,python change str value to int,python change str value to int,python change str value to int integer string update variable parameter,3,d16364,0.8719342947006226
q20143,python change str value to int,python change str value to int,python change str value to int integer string update variable parameter,4,d14977,0.8663838505744934
q20143,python change str value to int,python change str value to int,python change str value to int integer string update variable parameter,5,d4381,0.8663838505744934
q20143,python change str value to int,python change str value to int,python change str value to int integer string update variable parameter,6,d4311,0.8663838505744934
q20143,python change str value to int,python change str value to int,python change str value to int integer string update variable parameter,7,d12321,0.8663838505744934
q20143,python change str value to int,python change str value to int,python change str value to int integer string update variable parameter,8,d9736,0.8663838505744934
q20143,python change str value to int,python change str value to int,python change str value to int integer string update variable parameter,9,d12323,0.8663838505744934
q20143,python change str value to int,python change str value to int,python change str value to int integer string update variable parameter,10,d2028,0.8663838505744934
q20144,implementing drag and drop python,implementing drag and drop python,implementing drag and drop python update row error method query,1,d11823,0.8771575689315796
q20144,implementing drag and drop python,implementing drag and drop python,implementing drag and drop python update row error method query,2,d6142,0.8579550981521606
q20144,implementing drag and drop python,implementing drag and drop python,implementing drag and drop python update row error method query,3,d20144,0.853916347026825
q20144,implementing drag and drop python,implementing drag and drop python,implementing drag and drop python update row error method query,4,d607,0.853916347026825
q20144,implementing drag and drop python,implementing drag and drop python,implementing drag and drop python update row error method query,5,d7477,0.853916347026825
q20144,implementing drag and drop python,implementing drag and drop python,implementing drag and drop python update row error method query,6,d5654,0.8510944247245789
q20144,implementing drag and drop python,implementing drag and drop python,implementing drag and drop python update row error method query,7,d15610,0.8510944247245789
q20144,implementing drag and drop python,implementing drag and drop python,implementing drag and drop python update row error method query,8,d15422,0.8510944247245789
q20144,implementing drag and drop python,implementing drag and drop python,implementing drag and drop python update row error method query,9,d7230,0.8510944247245789
q20144,implementing drag and drop python,implementing drag and drop python,implementing drag and drop python update row error method query,10,d11519,0.8510944247245789
q20145,get unique list from two lists python,get unique list from two lists python,get unique list from two lists python list integer get search return,1,d4699,0.9043827056884766
q20145,get unique list from two lists python,get unique list from two lists python,get unique list from two lists python list integer get search return,2,d9172,0.9043827056884766
q20145,get unique list from two lists python,get unique list from two lists python,get unique list from two lists python list integer get search return,3,d13595,0.9043827056884766
q20145,get unique list from two lists python,get unique list from two lists python,get unique list from two lists python list integer get search return,4,d10158,0.9043827056884766
q20145,get unique list from two lists python,get unique list from two lists python,get unique list from two lists python list integer get search return,5,d2536,0.9043827056884766
q20145,get unique list from two lists python,get unique list from two lists python,get unique list from two lists python list integer get search return,6,d9682,0.9043827056884766
q20145,get unique list from two lists python,get unique list from two lists python,get unique list from two lists python list integer get search return,7,d8028,0.9043827056884766
q20145,get unique list from two lists python,get unique list from two lists python,get unique list from two lists python list integer get search return,8,d4936,0.9043827056884766
q20145,get unique list from two lists python,get unique list from two lists python,get unique list from two lists python list integer get search return,9,d6306,0.9043827056884766
q20145,get unique list from two lists python,get unique list from two lists python,get unique list from two lists python list integer get search return,10,d7937,0.8986998796463013
q20146,python 3 not runnning in git bash,python 3 not runnning in git bash,python 3 not runnning in git bash error update delete file loop,1,d1078,0.8449918031692505
q20146,python 3 not runnning in git bash,python 3 not runnning in git bash,python 3 not runnning in git bash error update delete file loop,2,d20146,0.8449918031692505
q20146,python 3 not runnning in git bash,python 3 not runnning in git bash,python 3 not runnning in git bash error update delete file loop,3,d4777,0.8449918031692505
q20146,python 3 not runnning in git bash,python 3 not runnning in git bash,python 3 not runnning in git bash error update delete file loop,4,d715,0.8449918031692505
q20146,python 3 not runnning in git bash,python 3 not runnning in git bash,python 3 not runnning in git bash error update delete file loop,5,d5003,0.8449918031692505
q20146,python 3 not runnning in git bash,python 3 not runnning in git bash,python 3 not runnning in git bash error update delete file loop,6,d4961,0.8449918031692505
q20146,python 3 not runnning in git bash,python 3 not runnning in git bash,python 3 not runnning in git bash error update delete file loop,7,d4285,0.8449918031692505
q20146,python 3 not runnning in git bash,python 3 not runnning in git bash,python 3 not runnning in git bash error update delete file loop,8,d5131,0.8449918031692505
q20146,python 3 not runnning in git bash,python 3 not runnning in git bash,python 3 not runnning in git bash error update delete file loop,9,d2857,0.8426674604415894
q20146,python 3 not runnning in git bash,python 3 not runnning in git bash,python 3 not runnning in git bash error update delete file loop,10,d8353,0.8426674604415894
q20147,create unknown number of names to print in python,create unknown number of names to print in python,create unknown number of names to print in python integer write parameter column update,1,d2976,0.8740280270576477
q20147,create unknown number of names to print in python,create unknown number of names to print in python,create unknown number of names to print in python integer write parameter column update,2,d13258,0.8740280270576477
q20147,create unknown number of names to print in python,create unknown number of names to print in python,create unknown number of names to print in python integer write parameter column update,3,d16545,0.8740280270576477
q20147,create unknown number of names to print in python,create unknown number of names to print in python,create unknown number of names to print in python integer write parameter column update,4,d1996,0.8740280270576477
q20147,create unknown number of names to print in python,create unknown number of names to print in python,create unknown number of names to print in python integer write parameter column update,5,d7218,0.8740280270576477
q20147,create unknown number of names to print in python,create unknown number of names to print in python,create unknown number of names to print in python integer write parameter column update,6,d14327,0.8740280270576477
q20147,create unknown number of names to print in python,create unknown number of names to print in python,create unknown number of names to print in python integer write parameter column update,7,d838,0.8740280270576477
q20147,create unknown number of names to print in python,create unknown number of names to print in python,create unknown number of names to print in python integer write parameter column update,8,d5107,0.8740280270576477
q20147,create unknown number of names to print in python,create unknown number of names to print in python,create unknown number of names to print in python integer write parameter column update,9,d3343,0.8660143613815308
q20147,create unknown number of names to print in python,create unknown number of names to print in python,create unknown number of names to print in python integer write parameter column update,10,d12101,0.8638952374458313
q20148,python json if element exists,python json if element exists,python json if element exists error integer condition string function,1,d13194,0.8732984066009521
q20148,python json if element exists,python json if element exists,python json if element exists error integer condition string function,2,d5790,0.8732984066009521
q20148,python json if element exists,python json if element exists,python json if element exists error integer condition string function,3,d12832,0.8732982873916626
q20148,python json if element exists,python json if element exists,python json if element exists error integer condition string function,4,d13178,0.8732982873916626
q20148,python json if element exists,python json if element exists,python json if element exists error integer condition string function,5,d5036,0.8729619979858398
q20148,python json if element exists,python json if element exists,python json if element exists error integer condition string function,6,d6266,0.8729619979858398
q20148,python json if element exists,python json if element exists,python json if element exists error integer condition string function,7,d3010,0.8729619979858398
q20148,python json if element exists,python json if element exists,python json if element exists error integer condition string function,8,d19911,0.8729619979858398
q20148,python json if element exists,python json if element exists,python json if element exists error integer condition string function,9,d15542,0.8729619979858398
q20148,python json if element exists,python json if element exists,python json if element exists error integer condition string function,10,d9100,0.8729619979858398
q20149,number of unique values in list python,number of unique values in list python,number of unique values in list python list integer variable error update,1,d8028,0.8823046684265137
q20149,number of unique values in list python,number of unique values in list python,number of unique values in list python list integer variable error update,2,d13595,0.8823046684265137
q20149,number of unique values in list python,number of unique values in list python,number of unique values in list python list integer variable error update,3,d2536,0.8823046684265137
q20149,number of unique values in list python,number of unique values in list python,number of unique values in list python list integer variable error update,4,d10158,0.8823046684265137
q20149,number of unique values in list python,number of unique values in list python,number of unique values in list python list integer variable error update,5,d9682,0.8823046684265137
q20149,number of unique values in list python,number of unique values in list python,number of unique values in list python list integer variable error update,6,d9172,0.8823046684265137
q20149,number of unique values in list python,number of unique values in list python,number of unique values in list python list integer variable error update,7,d4936,0.8823046684265137
q20149,number of unique values in list python,number of unique values in list python,number of unique values in list python list integer variable error update,8,d4699,0.8823046684265137
q20149,number of unique values in list python,number of unique values in list python,number of unique values in list python list integer variable error update,9,d6306,0.8823046684265137
q20149,number of unique values in list python,number of unique values in list python,number of unique values in list python list integer variable error update,10,d10173,0.8806474208831787
q20150,how to randomize items in a list in python,how to randomize items in a list in python,how to randomize items in a list in python list method integer update column,1,d11525,0.8598259091377258
q20150,how to randomize items in a list in python,how to randomize items in a list in python,how to randomize items in a list in python list method integer update column,2,d19894,0.8598259091377258
q20150,how to randomize items in a list in python,how to randomize items in a list in python,how to randomize items in a list in python list method integer update column,3,d14597,0.8598259091377258
q20150,how to randomize items in a list in python,how to randomize items in a list in python,how to randomize items in a list in python list method integer update column,4,d6254,0.8598259091377258
q20150,how to randomize items in a list in python,how to randomize items in a list in python,how to randomize items in a list in python list method integer update column,5,d6391,0.8598259091377258
q20150,how to randomize items in a list in python,how to randomize items in a list in python,how to randomize items in a list in python list method integer update column,6,d6065,0.8598259091377258
q20150,how to randomize items in a list in python,how to randomize items in a list in python,how to randomize items in a list in python list method integer update column,7,d13203,0.8541898727416992
q20150,how to randomize items in a list in python,how to randomize items in a list in python,how to randomize items in a list in python list method integer update column,8,d20145,0.8541898727416992
q20150,how to randomize items in a list in python,how to randomize items in a list in python,how to randomize items in a list in python list method integer update column,9,d6207,0.8541898727416992
q20150,how to randomize items in a list in python,how to randomize items in a list in python,how to randomize items in a list in python list method integer update column,10,d378,0.8541898727416992
q20151,python windows check for keypress,python windows check for keypress,python windows check for keypress error file update query close,1,d15431,0.8640676736831665
q20151,python windows check for keypress,python windows check for keypress,python windows check for keypress error file update query close,2,d13302,0.8640676736831665
q20151,python windows check for keypress,python windows check for keypress,python windows check for keypress error file update query close,3,d18007,0.857660174369812
q20151,python windows check for keypress,python windows check for keypress,python windows check for keypress error file update query close,4,d8669,0.8514047861099243
q20151,python windows check for keypress,python windows check for keypress,python windows check for keypress error file update query close,5,d12862,0.8504700660705566
q20151,python windows check for keypress,python windows check for keypress,python windows check for keypress error file update query close,6,d3298,0.8500926494598389
q20151,python windows check for keypress,python windows check for keypress,python windows check for keypress error file update query close,7,d4861,0.8497086763381958
q20151,python windows check for keypress,python windows check for keypress,python windows check for keypress error file update query close,8,d5267,0.8487542867660522
q20151,python windows check for keypress,python windows check for keypress,python windows check for keypress error file update query close,9,d824,0.8487542867660522
q20151,python windows check for keypress,python windows check for keypress,python windows check for keypress error file update query close,10,d3416,0.8487542867660522
q20152,python bind scrollbar to canvas,python bind scrollbar to canvas,python bind scrollbar to canvas loop row add column error,1,d6216,0.8555976152420044
q20152,python bind scrollbar to canvas,python bind scrollbar to canvas,python bind scrollbar to canvas loop row add column error,2,d16023,0.8555976152420044
q20152,python bind scrollbar to canvas,python bind scrollbar to canvas,python bind scrollbar to canvas loop row add column error,3,d4096,0.8555976152420044
q20152,python bind scrollbar to canvas,python bind scrollbar to canvas,python bind scrollbar to canvas loop row add column error,4,d7645,0.8555976152420044
q20152,python bind scrollbar to canvas,python bind scrollbar to canvas,python bind scrollbar to canvas loop row add column error,5,d20152,0.8555976152420044
q20152,python bind scrollbar to canvas,python bind scrollbar to canvas,python bind scrollbar to canvas loop row add column error,6,d11455,0.8555976152420044
q20152,python bind scrollbar to canvas,python bind scrollbar to canvas,python bind scrollbar to canvas loop row add column error,7,d9885,0.8555976152420044
q20152,python bind scrollbar to canvas,python bind scrollbar to canvas,python bind scrollbar to canvas loop row add column error,8,d3951,0.8535568714141846
q20152,python bind scrollbar to canvas,python bind scrollbar to canvas,python bind scrollbar to canvas loop row add column error,9,d20468,0.8535568714141846
q20152,python bind scrollbar to canvas,python bind scrollbar to canvas,python bind scrollbar to canvas loop row add column error,10,d15973,0.8535568714141846
q20153,python setlevel how to only record error,python setlevel how to only record error,python setlevel how to only record error error loop row delete file,1,d13396,0.860812783241272
q20153,python setlevel how to only record error,python setlevel how to only record error,python setlevel how to only record error error loop row delete file,2,d3398,0.8589801788330078
q20153,python setlevel how to only record error,python setlevel how to only record error,python setlevel how to only record error error loop row delete file,3,d2927,0.8589801788330078
q20153,python setlevel how to only record error,python setlevel how to only record error,python setlevel how to only record error error loop row delete file,4,d5267,0.8589801788330078
q20153,python setlevel how to only record error,python setlevel how to only record error,python setlevel how to only record error error loop row delete file,5,d3416,0.8589801788330078
q20153,python setlevel how to only record error,python setlevel how to only record error,python setlevel how to only record error error loop row delete file,6,d824,0.8589801788330078
q20153,python setlevel how to only record error,python setlevel how to only record error,python setlevel how to only record error error loop row delete file,7,d9612,0.8589801788330078
q20153,python setlevel how to only record error,python setlevel how to only record error,python setlevel how to only record error error loop row delete file,8,d1313,0.8530640602111816
q20153,python setlevel how to only record error,python setlevel how to only record error,python setlevel how to only record error error loop row delete file,9,d5229,0.8478204607963562
q20153,python setlevel how to only record error,python setlevel how to only record error,python setlevel how to only record error error loop row delete file,10,d7734,0.8476065397262573
q20154,format string with *args python,format string with *args python,format string with *args python string parameter error function file,1,d1258,0.8819302320480347
q20154,format string with *args python,format string with *args python,format string with *args python string parameter error function file,2,d7734,0.8819302320480347
q20154,format string with *args python,format string with *args python,format string with *args python string parameter error function file,3,d3392,0.8819302320480347
q20154,format string with *args python,format string with *args python,format string with *args python string parameter error function file,4,d2179,0.8808878660202026
q20154,format string with *args python,format string with *args python,format string with *args python string parameter error function file,5,d3812,0.8808878660202026
q20154,format string with *args python,format string with *args python,format string with *args python string parameter error function file,6,d4320,0.8746971487998962
q20154,format string with *args python,format string with *args python,format string with *args python string parameter error function file,7,d1379,0.8730614185333252
q20154,format string with *args python,format string with *args python,format string with *args python string parameter error function file,8,d18670,0.8711084127426147
q20154,format string with *args python,format string with *args python,format string with *args python string parameter error function file,9,d16926,0.8711084127426147
q20154,format string with *args python,format string with *args python,format string with *args python string parameter error function file,10,d17573,0.8711084127426147
q20155,python get hostip from url,python get hostip from url,python get hostip from url search error loop string row,1,d18954,0.868754506111145
q20155,python get hostip from url,python get hostip from url,python get hostip from url search error loop string row,2,d18711,0.868754506111145
q20155,python get hostip from url,python get hostip from url,python get hostip from url search error loop string row,3,d18704,0.868754506111145
q20155,python get hostip from url,python get hostip from url,python get hostip from url search error loop string row,4,d19100,0.868754506111145
q20155,python get hostip from url,python get hostip from url,python get hostip from url search error loop string row,5,d19870,0.868754506111145
q20155,python get hostip from url,python get hostip from url,python get hostip from url search error loop string row,6,d16928,0.868754506111145
q20155,python get hostip from url,python get hostip from url,python get hostip from url search error loop string row,7,d19178,0.868754506111145
q20155,python get hostip from url,python get hostip from url,python get hostip from url search error loop string row,8,d20155,0.868754506111145
q20155,python get hostip from url,python get hostip from url,python get hostip from url search error loop string row,9,d16816,0.868754506111145
q20155,python get hostip from url,python get hostip from url,python get hostip from url search error loop string row,10,d18006,0.868754506111145
q20156,python numpy masked vailding,python numpy masked vailding,python numpy masked vailding variable integer warning parameter error,1,d4164,0.8745788335800171
q20156,python numpy masked vailding,python numpy masked vailding,python numpy masked vailding variable integer warning parameter error,2,d6279,0.8745788335800171
q20156,python numpy masked vailding,python numpy masked vailding,python numpy masked vailding variable integer warning parameter error,3,d4176,0.8745788335800171
q20156,python numpy masked vailding,python numpy masked vailding,python numpy masked vailding variable integer warning parameter error,4,d12356,0.8745788335800171
q20156,python numpy masked vailding,python numpy masked vailding,python numpy masked vailding variable integer warning parameter error,5,d13884,0.8745788335800171
q20156,python numpy masked vailding,python numpy masked vailding,python numpy masked vailding variable integer warning parameter error,6,d8376,0.8745788335800171
q20156,python numpy masked vailding,python numpy masked vailding,python numpy masked vailding variable integer warning parameter error,7,d19611,0.8745788335800171
q20156,python numpy masked vailding,python numpy masked vailding,python numpy masked vailding variable integer warning parameter error,8,d18322,0.8645128607749939
q20156,python numpy masked vailding,python numpy masked vailding,python numpy masked vailding variable integer warning parameter error,9,d18623,0.8645128607749939
q20156,python numpy masked vailding,python numpy masked vailding,python numpy masked vailding variable integer warning parameter error,10,d19394,0.8645128607749939
q20157,python child widget close signal,python child widget close signal,python child widget close signal close error column update string,1,d5653,0.8626961708068848
q20157,python child widget close signal,python child widget close signal,python child widget close signal close error column update string,2,d7086,0.8626961708068848
q20157,python child widget close signal,python child widget close signal,python child widget close signal close error column update string,3,d11666,0.8626961708068848
q20157,python child widget close signal,python child widget close signal,python child widget close signal close error column update string,4,d15833,0.8626961708068848
q20157,python child widget close signal,python child widget close signal,python child widget close signal close error column update string,5,d5651,0.8626961708068848
q20157,python child widget close signal,python child widget close signal,python child widget close signal close error column update string,6,d10385,0.8626961708068848
q20157,python child widget close signal,python child widget close signal,python child widget close signal close error column update string,7,d6985,0.8612942099571228
q20157,python child widget close signal,python child widget close signal,python child widget close signal close error column update string,8,d8142,0.8612942099571228
q20157,python child widget close signal,python child widget close signal,python child widget close signal close error column update string,9,d7887,0.8612942099571228
q20157,python child widget close signal,python child widget close signal,python child widget close signal close error column update string,10,d16083,0.8612942099571228
q20158,python read from csv into numpy array,python read from csv into numpy array,python read from csv into numpy array read array row error integer,1,d19304,0.8753665685653687
q20158,python read from csv into numpy array,python read from csv into numpy array,python read from csv into numpy array read array row error integer,2,d18956,0.8753665685653687
q20158,python read from csv into numpy array,python read from csv into numpy array,python read from csv into numpy array read array row error integer,3,d18962,0.8753665685653687
q20158,python read from csv into numpy array,python read from csv into numpy array,python read from csv into numpy array read array row error integer,4,d19872,0.8753665685653687
q20158,python read from csv into numpy array,python read from csv into numpy array,python read from csv into numpy array read array row error integer,5,d18164,0.8753665685653687
q20158,python read from csv into numpy array,python read from csv into numpy array,python read from csv into numpy array read array row error integer,6,d18403,0.8753665685653687
q20158,python read from csv into numpy array,python read from csv into numpy array,python read from csv into numpy array read array row error integer,7,d17431,0.8753665685653687
q20158,python read from csv into numpy array,python read from csv into numpy array,python read from csv into numpy array read array row error integer,8,d18319,0.8753665685653687
q20158,python read from csv into numpy array,python read from csv into numpy array,python read from csv into numpy array read array row error integer,9,d20409,0.8753665685653687
q20158,python read from csv into numpy array,python read from csv into numpy array,python read from csv into numpy array read array row error integer,10,d19487,0.8753665685653687
q20159,cast string to bytearray python,cast string to bytearray python,cast string to bytearray python string error array integer loop,1,d16509,0.8712157011032104
q20159,cast string to bytearray python,cast string to bytearray python,cast string to bytearray python string error array integer loop,2,d7533,0.8709264993667603
q20159,cast string to bytearray python,cast string to bytearray python,cast string to bytearray python string error array integer loop,3,d5108,0.8701567053794861
q20159,cast string to bytearray python,cast string to bytearray python,cast string to bytearray python string error array integer loop,4,d12330,0.8701567053794861
q20159,cast string to bytearray python,cast string to bytearray python,cast string to bytearray python string error array integer loop,5,d864,0.8701566457748413
q20159,cast string to bytearray python,cast string to bytearray python,cast string to bytearray python string error array integer loop,6,d13674,0.8701566457748413
q20159,cast string to bytearray python,cast string to bytearray python,cast string to bytearray python string error array integer loop,7,d8363,0.8701566457748413
q20159,cast string to bytearray python,cast string to bytearray python,cast string to bytearray python string error array integer loop,8,d2293,0.8701566457748413
q20159,cast string to bytearray python,cast string to bytearray python,cast string to bytearray python string error array integer loop,9,d624,0.8701566457748413
q20159,cast string to bytearray python,cast string to bytearray python,cast string to bytearray python string error array integer loop,10,d6593,0.8701566457748413
q20160,load str into python object,load str into python object,load str into python object string loop function integer method,1,d12273,0.8819445967674255
q20160,load str into python object,load str into python object,load str into python object string loop function integer method,2,d9736,0.8819445967674255
q20160,load str into python object,load str into python object,load str into python object string loop function integer method,3,d12323,0.8819445967674255
q20160,load str into python object,load str into python object,load str into python object string loop function integer method,4,d14977,0.8819445967674255
q20160,load str into python object,load str into python object,load str into python object string loop function integer method,5,d4311,0.8819445967674255
q20160,load str into python object,load str into python object,load str into python object string loop function integer method,6,d2028,0.8819445967674255
q20160,load str into python object,load str into python object,load str into python object string loop function integer method,7,d12321,0.8819445967674255
q20160,load str into python object,load str into python object,load str into python object string loop function integer method,8,d4381,0.8819445967674255
q20160,load str into python object,load str into python object,load str into python object string loop function integer method,9,d5113,0.8786470293998718
q20160,load str into python object,load str into python object,load str into python object string loop function integer method,10,d3246,0.8786470293998718
q20161,python ldap get all groups a user belongs to,python ldap get all groups a user belongs to,python ldap get all groups a user belongs to update integer database data query,1,d1475,0.88804692029953
q20161,python ldap get all groups a user belongs to,python ldap get all groups a user belongs to,python ldap get all groups a user belongs to update integer database data query,2,d20161,0.8865392208099365
q20161,python ldap get all groups a user belongs to,python ldap get all groups a user belongs to,python ldap get all groups a user belongs to update integer database data query,3,d5719,0.8772883415222168
q20161,python ldap get all groups a user belongs to,python ldap get all groups a user belongs to,python ldap get all groups a user belongs to update integer database data query,4,d14384,0.8711035251617432
q20161,python ldap get all groups a user belongs to,python ldap get all groups a user belongs to,python ldap get all groups a user belongs to update integer database data query,5,d16621,0.8711035251617432
q20161,python ldap get all groups a user belongs to,python ldap get all groups a user belongs to,python ldap get all groups a user belongs to update integer database data query,6,d263,0.8711035251617432
q20161,python ldap get all groups a user belongs to,python ldap get all groups a user belongs to,python ldap get all groups a user belongs to update integer database data query,7,d11823,0.863211989402771
q20161,python ldap get all groups a user belongs to,python ldap get all groups a user belongs to,python ldap get all groups a user belongs to update integer database data query,8,d15610,0.8548822402954102
q20161,python ldap get all groups a user belongs to,python ldap get all groups a user belongs to,python ldap get all groups a user belongs to update integer database data query,9,d6350,0.8548822402954102
q20161,python ldap get all groups a user belongs to,python ldap get all groups a user belongs to,python ldap get all groups a user belongs to update integer database data query,10,d15422,0.8548822402954102
q20162,python check type if string,python check type if string,python check type if string string condition error method variable,1,d8370,0.897939145565033
q20162,python check type if string,python check type if string,python check type if string string condition error method variable,2,d8413,0.8950247764587402
q20162,python check type if string,python check type if string,python check type if string string condition error method variable,3,d7237,0.8950247764587402
q20162,python check type if string,python check type if string,python check type if string string condition error method variable,4,d4565,0.8950247764587402
q20162,python check type if string,python check type if string,python check type if string string condition error method variable,5,d4559,0.8950247764587402
q20162,python check type if string,python check type if string,python check type if string string condition error method variable,6,d4174,0.8950247764587402
q20162,python check type if string,python check type if string,python check type if string string condition error method variable,7,d2103,0.8950247764587402
q20162,python check type if string,python check type if string,python check type if string string condition error method variable,8,d2105,0.8950247764587402
q20162,python check type if string,python check type if string,python check type if string string condition error method variable,9,d4865,0.8950247764587402
q20162,python check type if string,python check type if string,python check type if string string condition error method variable,10,d1327,0.8878589868545532
q20163,python get current globals,python get current globals,python get current globals variable integer update search loop,1,d18007,0.8560963273048401
q20163,python get current globals,python get current globals,python get current globals variable integer update search loop,2,d9762,0.8538738489151001
q20163,python get current globals,python get current globals,python get current globals variable integer update search loop,3,d6559,0.8538738489151001
q20163,python get current globals,python get current globals,python get current globals variable integer update search loop,4,d12249,0.8538738489151001
q20163,python get current globals,python get current globals,python get current globals variable integer update search loop,5,d1309,0.8538738489151001
q20163,python get current globals,python get current globals,python get current globals variable integer update search loop,6,d12897,0.8517451286315918
q20163,python get current globals,python get current globals,python get current globals variable integer update search loop,7,d4698,0.8512234091758728
q20163,python get current globals,python get current globals,python get current globals variable integer update search loop,8,d20493,0.8512234091758728
q20163,python get current globals,python get current globals,python get current globals variable integer update search loop,9,d2485,0.8512234091758728
q20163,python get current globals,python get current globals,python get current globals variable integer update search loop,10,d19831,0.8512234091758728
q20164,get child loggers python,get child loggers python,get child loggers python search loop update get error,1,d15431,0.8655393719673157
q20164,get child loggers python,get child loggers python,get child loggers python search loop update get error,2,d13302,0.8655393719673157
q20164,get child loggers python,get child loggers python,get child loggers python search loop update get error,3,d12659,0.8569949865341187
q20164,get child loggers python,get child loggers python,get child loggers python search loop update get error,4,d2292,0.8569949865341187
q20164,get child loggers python,get child loggers python,get child loggers python search loop update get error,5,d12661,0.8569949865341187
q20164,get child loggers python,get child loggers python,get child loggers python search loop update get error,6,d8708,0.8569949865341187
q20164,get child loggers python,get child loggers python,get child loggers python search loop update get error,7,d15052,0.8569949865341187
q20164,get child loggers python,get child loggers python,get child loggers python search loop update get error,8,d252,0.8569949865341187
q20164,get child loggers python,get child loggers python,get child loggers python search loop update get error,9,d10436,0.8569949865341187
q20164,get child loggers python,get child loggers python,get child loggers python search loop update get error,10,d8277,0.8569949865341187
q20165,how to know if a text file is empty in python,how to know if a text file is empty in python,how to know if a text file is empty in python file error string database delete,1,d13396,0.8833312392234802
q20165,how to know if a text file is empty in python,how to know if a text file is empty in python,how to know if a text file is empty in python file error string database delete,2,d10610,0.8657345175743103
q20165,how to know if a text file is empty in python,how to know if a text file is empty in python,how to know if a text file is empty in python file error string database delete,3,d10682,0.8657345175743103
q20165,how to know if a text file is empty in python,how to know if a text file is empty in python,how to know if a text file is empty in python file error string database delete,4,d10383,0.8657345175743103
q20165,how to know if a text file is empty in python,how to know if a text file is empty in python,how to know if a text file is empty in python file error string database delete,5,d9827,0.8657345175743103
q20165,how to know if a text file is empty in python,how to know if a text file is empty in python,how to know if a text file is empty in python file error string database delete,6,d13279,0.8657345175743103
q20165,how to know if a text file is empty in python,how to know if a text file is empty in python,how to know if a text file is empty in python file error string database delete,7,d20039,0.8657345175743103
q20165,how to know if a text file is empty in python,how to know if a text file is empty in python,how to know if a text file is empty in python file error string database delete,8,d11252,0.8657345175743103
q20165,how to know if a text file is empty in python,how to know if a text file is empty in python,how to know if a text file is empty in python file error string database delete,9,d304,0.8657345175743103
q20165,how to know if a text file is empty in python,how to know if a text file is empty in python,how to know if a text file is empty in python file error string database delete,10,d3694,0.8657345175743103
q20166,python normal distribution p values,python normal distribution p values,python normal distribution p values parameter integer variable error function,1,d11319,0.8735767006874084
q20166,python normal distribution p values,python normal distribution p values,python normal distribution p values parameter integer variable error function,2,d10083,0.8677984476089478
q20166,python normal distribution p values,python normal distribution p values,python normal distribution p values parameter integer variable error function,3,d10810,0.8677984476089478
q20166,python normal distribution p values,python normal distribution p values,python normal distribution p values parameter integer variable error function,4,d5202,0.8677984476089478
q20166,python normal distribution p values,python normal distribution p values,python normal distribution p values parameter integer variable error function,5,d8617,0.8677984476089478
q20166,python normal distribution p values,python normal distribution p values,python normal distribution p values parameter integer variable error function,6,d404,0.8677984476089478
q20166,python normal distribution p values,python normal distribution p values,python normal distribution p values parameter integer variable error function,7,d5947,0.8677984476089478
q20166,python normal distribution p values,python normal distribution p values,python normal distribution p values parameter integer variable error function,8,d20166,0.8677984476089478
q20166,python normal distribution p values,python normal distribution p values,python normal distribution p values parameter integer variable error function,9,d14935,0.8677984476089478
q20166,python normal distribution p values,python normal distribution p values,python normal distribution p values parameter integer variable error function,10,d6666,0.8677984476089478
q20167,python ctypes array of arrays,python ctypes array of arrays,python ctypes array of arrays array integer string error row,1,d6463,0.8905386924743652
q20167,python ctypes array of arrays,python ctypes array of arrays,python ctypes array of arrays array integer string error row,2,d4447,0.8905386924743652
q20167,python ctypes array of arrays,python ctypes array of arrays,python ctypes array of arrays array integer string error row,3,d6506,0.8905386924743652
q20167,python ctypes array of arrays,python ctypes array of arrays,python ctypes array of arrays array integer string error row,4,d6132,0.8905386924743652
q20167,python ctypes array of arrays,python ctypes array of arrays,python ctypes array of arrays array integer string error row,5,d8864,0.8905386924743652
q20167,python ctypes array of arrays,python ctypes array of arrays,python ctypes array of arrays array integer string error row,6,d14244,0.8905386924743652
q20167,python ctypes array of arrays,python ctypes array of arrays,python ctypes array of arrays array integer string error row,7,d2504,0.8905386924743652
q20167,python ctypes array of arrays,python ctypes array of arrays,python ctypes array of arrays array integer string error row,8,d16141,0.8798321485519409
q20167,python ctypes array of arrays,python ctypes array of arrays,python ctypes array of arrays array integer string error row,9,d14659,0.8798321485519409
q20167,python ctypes array of arrays,python ctypes array of arrays,python ctypes array of arrays array integer string error row,10,d83,0.8798321485519409
q20168,scale 1d array python to between 0 and 1,scale 1d array python to between 0 and 1,scale 1d array python to between 0 and 1 array error integer close row,1,d20168,0.8944839239120483
q20168,scale 1d array python to between 0 and 1,scale 1d array python to between 0 and 1,scale 1d array python to between 0 and 1 array error integer close row,2,d16845,0.8840721249580383
q20168,scale 1d array python to between 0 and 1,scale 1d array python to between 0 and 1,scale 1d array python to between 0 and 1 array error integer close row,3,d4496,0.8821284770965576
q20168,scale 1d array python to between 0 and 1,scale 1d array python to between 0 and 1,scale 1d array python to between 0 and 1 array error integer close row,4,d7184,0.8724726438522339
q20168,scale 1d array python to between 0 and 1,scale 1d array python to between 0 and 1,scale 1d array python to between 0 and 1 array error integer close row,5,d16268,0.8724726438522339
q20168,scale 1d array python to between 0 and 1,scale 1d array python to between 0 and 1,scale 1d array python to between 0 and 1 array error integer close row,6,d12313,0.8724725842475891
q20168,scale 1d array python to between 0 and 1,scale 1d array python to between 0 and 1,scale 1d array python to between 0 and 1 array error integer close row,7,d6077,0.8724725842475891
q20168,scale 1d array python to between 0 and 1,scale 1d array python to between 0 and 1,scale 1d array python to between 0 and 1 array error integer close row,8,d3765,0.8724725842475891
q20168,scale 1d array python to between 0 and 1,scale 1d array python to between 0 and 1,scale 1d array python to between 0 and 1 array error integer close row,9,d18508,0.8683068752288818
q20168,scale 1d array python to between 0 and 1,scale 1d array python to between 0 and 1,scale 1d array python to between 0 and 1 array error integer close row,10,d19254,0.8683068752288818
q20169,python upper case lower case converter,python upper case lower case converter,python upper case lower case converter condition loop error update class,1,d17494,0.8650228977203369
q20169,python upper case lower case converter,python upper case lower case converter,python upper case lower case converter condition loop error update class,2,d19203,0.8650228977203369
q20169,python upper case lower case converter,python upper case lower case converter,python upper case lower case converter condition loop error update class,3,d17427,0.8650228977203369
q20169,python upper case lower case converter,python upper case lower case converter,python upper case lower case converter condition loop error update class,4,d19001,0.8610218167304993
q20169,python upper case lower case converter,python upper case lower case converter,python upper case lower case converter condition loop error update class,5,d18583,0.8610218167304993
q20169,python upper case lower case converter,python upper case lower case converter,python upper case lower case converter condition loop error update class,6,d16900,0.8610218167304993
q20169,python upper case lower case converter,python upper case lower case converter,python upper case lower case converter condition loop error update class,7,d19428,0.8610218167304993
q20169,python upper case lower case converter,python upper case lower case converter,python upper case lower case converter condition loop error update class,8,d17145,0.8610218167304993
q20169,python upper case lower case converter,python upper case lower case converter,python upper case lower case converter condition loop error update class,9,d17351,0.8610218167304993
q20169,python upper case lower case converter,python upper case lower case converter,python upper case lower case converter condition loop error update class,10,d16681,0.8610218167304993
q20170,ply python expression evaluator,ply python expression evaluator,ply python expression evaluator error function parameter query method,1,d13176,0.866389274597168
q20170,ply python expression evaluator,ply python expression evaluator,ply python expression evaluator error function parameter query method,2,d8781,0.8581657409667969
q20170,ply python expression evaluator,ply python expression evaluator,ply python expression evaluator error function parameter query method,3,d12742,0.8581657409667969
q20170,ply python expression evaluator,ply python expression evaluator,ply python expression evaluator error function parameter query method,4,d8944,0.8547090291976929
q20170,ply python expression evaluator,ply python expression evaluator,ply python expression evaluator error function parameter query method,5,d11154,0.8500921130180359
q20170,ply python expression evaluator,ply python expression evaluator,ply python expression evaluator error function parameter query method,6,d9612,0.8500497341156006
q20170,ply python expression evaluator,ply python expression evaluator,ply python expression evaluator error function parameter query method,7,d824,0.8500497341156006
q20170,ply python expression evaluator,ply python expression evaluator,ply python expression evaluator error function parameter query method,8,d5267,0.8500497341156006
q20170,ply python expression evaluator,ply python expression evaluator,ply python expression evaluator error function parameter query method,9,d2927,0.8500497341156006
q20170,ply python expression evaluator,ply python expression evaluator,ply python expression evaluator error function parameter query method,10,d3398,0.8500497341156006
q20171,python hashlib calc sha1 of file,python hashlib calc sha1 of file,python hashlib calc sha1 of file file integer error database variable,1,d9726,0.8746938705444336
q20171,python hashlib calc sha1 of file,python hashlib calc sha1 of file,python hashlib calc sha1 of file file integer error database variable,2,d5639,0.8746938705444336
q20171,python hashlib calc sha1 of file,python hashlib calc sha1 of file,python hashlib calc sha1 of file file integer error database variable,3,d20171,0.8709716200828552
q20171,python hashlib calc sha1 of file,python hashlib calc sha1 of file,python hashlib calc sha1 of file file integer error database variable,4,d15119,0.8665740489959717
q20171,python hashlib calc sha1 of file,python hashlib calc sha1 of file,python hashlib calc sha1 of file file integer error database variable,5,d5641,0.8665740489959717
q20171,python hashlib calc sha1 of file,python hashlib calc sha1 of file,python hashlib calc sha1 of file file integer error database variable,6,d7689,0.8665740489959717
q20171,python hashlib calc sha1 of file,python hashlib calc sha1 of file,python hashlib calc sha1 of file file integer error database variable,7,d10223,0.864338755607605
q20171,python hashlib calc sha1 of file,python hashlib calc sha1 of file,python hashlib calc sha1 of file file integer error database variable,8,d13318,0.864338755607605
q20171,python hashlib calc sha1 of file,python hashlib calc sha1 of file,python hashlib calc sha1 of file file integer error database variable,9,d2971,0.864338755607605
q20171,python hashlib calc sha1 of file,python hashlib calc sha1 of file,python hashlib calc sha1 of file file integer error database variable,10,d548,0.864338755607605
q20172,python pdb no capture std output,python pdb no capture std output,python pdb no capture std output error string database parameter integer,1,d13499,0.8592504858970642
q20172,python pdb no capture std output,python pdb no capture std output,python pdb no capture std output error string database parameter integer,2,d1039,0.8592504858970642
q20172,python pdb no capture std output,python pdb no capture std output,python pdb no capture std output error string database parameter integer,3,d7367,0.8592504858970642
q20172,python pdb no capture std output,python pdb no capture std output,python pdb no capture std output error string database parameter integer,4,d11091,0.8592504858970642
q20172,python pdb no capture std output,python pdb no capture std output,python pdb no capture std output error string database parameter integer,5,d11441,0.8592504858970642
q20172,python pdb no capture std output,python pdb no capture std output,python pdb no capture std output error string database parameter integer,6,d1041,0.8562624454498291
q20172,python pdb no capture std output,python pdb no capture std output,python pdb no capture std output error string database parameter integer,7,d1043,0.8562624454498291
q20172,python pdb no capture std output,python pdb no capture std output,python pdb no capture std output error string database parameter integer,8,d20172,0.8562624454498291
q20172,python pdb no capture std output,python pdb no capture std output,python pdb no capture std output error string database parameter integer,9,d15539,0.8562624454498291
q20172,python pdb no capture std output,python pdb no capture std output,python pdb no capture std output error string database parameter integer,10,d20535,0.8562624454498291
q20173,python how to write a factorial,python how to write a factorial,python how to write a factorial write function integer parameter variable,1,d6676,0.8721022605895996
q20173,python how to write a factorial,python how to write a factorial,python how to write a factorial write function integer parameter variable,2,d15554,0.8721022605895996
q20173,python how to write a factorial,python how to write a factorial,python how to write a factorial write function integer parameter variable,3,d15032,0.8721022605895996
q20173,python how to write a factorial,python how to write a factorial,python how to write a factorial write function integer parameter variable,4,d9372,0.8721022605895996
q20173,python how to write a factorial,python how to write a factorial,python how to write a factorial write function integer parameter variable,5,d6970,0.8605319857597351
q20173,python how to write a factorial,python how to write a factorial,python how to write a factorial write function integer parameter variable,6,d20173,0.8550482392311096
q20173,python how to write a factorial,python how to write a factorial,python how to write a factorial write function integer parameter variable,7,d2179,0.854167103767395
q20173,python how to write a factorial,python how to write a factorial,python how to write a factorial write function integer parameter variable,8,d3812,0.854167103767395
q20173,python how to write a factorial,python how to write a factorial,python how to write a factorial write function integer parameter variable,9,d17108,0.8520771265029907
q20173,python how to write a factorial,python how to write a factorial,python how to write a factorial write function integer parameter variable,10,d18646,0.8520771265029907
q20174,python get the last column,python get the last column,python get the last column column row update loop integer,1,d1593,0.8818424940109253
q20174,python get the last column,python get the last column,python get the last column column row update loop integer,2,d9730,0.8818424940109253
q20174,python get the last column,python get the last column,python get the last column column row update loop integer,3,d5047,0.8818424940109253
q20174,python get the last column,python get the last column,python get the last column column row update loop integer,4,d659,0.8818424940109253
q20174,python get the last column,python get the last column,python get the last column column row update loop integer,5,d3195,0.8818424940109253
q20174,python get the last column,python get the last column,python get the last column column row update loop integer,6,d9183,0.8818424940109253
q20174,python get the last column,python get the last column,python get the last column column row update loop integer,7,d20174,0.8818424940109253
q20174,python get the last column,python get the last column,python get the last column column row update loop integer,8,d697,0.8818424940109253
q20174,python get the last column,python get the last column,python get the last column column row update loop integer,9,d11047,0.8670104742050171
q20174,python get the last column,python get the last column,python get the last column column row update loop integer,10,d7042,0.8644201755523682
q20175,python how to change file extension,python how to change file extension,python how to change file extension file update error write database,1,d11823,0.8647221922874451
q20175,python how to change file extension,python how to change file extension,python how to change file extension file update error write database,2,d801,0.8557305335998535
q20175,python how to change file extension,python how to change file extension,python how to change file extension file update error write database,3,d18007,0.8543091416358948
q20175,python how to change file extension,python how to change file extension,python how to change file extension file update error write database,4,d5154,0.8538992404937744
q20175,python how to change file extension,python how to change file extension,python how to change file extension file update error write database,5,d9235,0.8496686220169067
q20175,python how to change file extension,python how to change file extension,python how to change file extension file update error write database,6,d10716,0.8496686220169067
q20175,python how to change file extension,python how to change file extension,python how to change file extension file update error write database,7,d1843,0.8496686220169067
q20175,python how to change file extension,python how to change file extension,python how to change file extension file update error write database,8,d15075,0.8496686220169067
q20175,python how to change file extension,python how to change file extension,python how to change file extension file update error write database,9,d12494,0.8496686220169067
q20175,python how to change file extension,python how to change file extension,python how to change file extension file update error write database,10,d6595,0.8496686220169067
q20176,python get process memory info,python get process memory info,python get process memory info parameter file integer database error,1,d7501,0.8771188259124756
q20176,python get process memory info,python get process memory info,python get process memory info parameter file integer database error,2,d7417,0.8771188259124756
q20176,python get process memory info,python get process memory info,python get process memory info parameter file integer database error,3,d11011,0.8771188259124756
q20176,python get process memory info,python get process memory info,python get process memory info parameter file integer database error,4,d10874,0.8771188259124756
q20176,python get process memory info,python get process memory info,python get process memory info parameter file integer database error,5,d7054,0.8771188259124756
q20176,python get process memory info,python get process memory info,python get process memory info parameter file integer database error,6,d12885,0.8771188259124756
q20176,python get process memory info,python get process memory info,python get process memory info parameter file integer database error,7,d8920,0.8771188259124756
q20176,python get process memory info,python get process memory info,python get process memory info parameter file integer database error,8,d1793,0.8771188259124756
q20176,python get process memory info,python get process memory info,python get process memory info parameter file integer database error,9,d17829,0.8750504851341248
q20176,python get process memory info,python get process memory info,python get process memory info parameter file integer database error,10,d16930,0.8750504851341248
q20177,check if 2 string are equal python,check if 2 string are equal python,check if 2 string are equal python string error integer variable boolean,1,d1864,0.8945324420928955
q20177,check if 2 string are equal python,check if 2 string are equal python,check if 2 string are equal python string error integer variable boolean,2,d7246,0.8945324420928955
q20177,check if 2 string are equal python,check if 2 string are equal python,check if 2 string are equal python string error integer variable boolean,3,d6665,0.8945324420928955
q20177,check if 2 string are equal python,check if 2 string are equal python,check if 2 string are equal python string error integer variable boolean,4,d444,0.8945324420928955
q20177,check if 2 string are equal python,check if 2 string are equal python,check if 2 string are equal python string error integer variable boolean,5,d4555,0.8945324420928955
q20177,check if 2 string are equal python,check if 2 string are equal python,check if 2 string are equal python string error integer variable boolean,6,d2347,0.89394611120224
q20177,check if 2 string are equal python,check if 2 string are equal python,check if 2 string are equal python string error integer variable boolean,7,d11293,0.89394611120224
q20177,check if 2 string are equal python,check if 2 string are equal python,check if 2 string are equal python string error integer variable boolean,8,d4605,0.89394611120224
q20177,check if 2 string are equal python,check if 2 string are equal python,check if 2 string are equal python string error integer variable boolean,9,d14801,0.89394611120224
q20177,check if 2 string are equal python,check if 2 string are equal python,check if 2 string are equal python string error integer variable boolean,10,d10761,0.89394611120224
q20178,flask python create one table sqlalchemy,flask python create one table sqlalchemy,flask python create one table sqlalchemy table database column error integer,1,d6764,0.8748907446861267
q20178,flask python create one table sqlalchemy,flask python create one table sqlalchemy,flask python create one table sqlalchemy table database column error integer,2,d8839,0.8748907446861267
q20178,flask python create one table sqlalchemy,flask python create one table sqlalchemy,flask python create one table sqlalchemy table database column error integer,3,d20178,0.8748907446861267
q20178,flask python create one table sqlalchemy,flask python create one table sqlalchemy,flask python create one table sqlalchemy table database column error integer,4,d5878,0.873292088508606
q20178,flask python create one table sqlalchemy,flask python create one table sqlalchemy,flask python create one table sqlalchemy table database column error integer,5,d10325,0.8723617792129517
q20178,flask python create one table sqlalchemy,flask python create one table sqlalchemy,flask python create one table sqlalchemy table database column error integer,6,d7616,0.8716917037963867
q20178,flask python create one table sqlalchemy,flask python create one table sqlalchemy,flask python create one table sqlalchemy table database column error integer,7,d8797,0.8716917037963867
q20178,flask python create one table sqlalchemy,flask python create one table sqlalchemy,flask python create one table sqlalchemy table database column error integer,8,d13659,0.8716917037963867
q20178,flask python create one table sqlalchemy,flask python create one table sqlalchemy,flask python create one table sqlalchemy table database column error integer,9,d2322,0.8716917037963867
q20178,flask python create one table sqlalchemy,flask python create one table sqlalchemy,flask python create one table sqlalchemy table database column error integer,10,d16042,0.8716917037963867
q20179,clean output folder in python,clean output folder in python,clean output folder in python file update error filter close,1,d20179,0.8878743648529053
q20179,clean output folder in python,clean output folder in python,clean output folder in python file update error filter close,2,d3051,0.8698974847793579
q20179,clean output folder in python,clean output folder in python,clean output folder in python file update error filter close,3,d10913,0.8698974847793579
q20179,clean output folder in python,clean output folder in python,clean output folder in python file update error filter close,4,d10488,0.8698974847793579
q20179,clean output folder in python,clean output folder in python,clean output folder in python file update error filter close,5,d4712,0.8696695566177368
q20179,clean output folder in python,clean output folder in python,clean output folder in python file update error filter close,6,d3398,0.8616467714309692
q20179,clean output folder in python,clean output folder in python,clean output folder in python file update error filter close,7,d2927,0.8616467714309692
q20179,clean output folder in python,clean output folder in python,clean output folder in python file update error filter close,8,d9612,0.8616467714309692
q20179,clean output folder in python,clean output folder in python,clean output folder in python file update error filter close,9,d5267,0.8616467714309692
q20179,clean output folder in python,clean output folder in python,clean output folder in python file update error filter close,10,d824,0.8616467714309692
q20180,python print nodes binary tree,python print nodes binary tree,python print nodes binary tree integer string file row error,1,d6035,0.8856003284454346
q20180,python print nodes binary tree,python print nodes binary tree,python print nodes binary tree integer string file row error,2,d16337,0.8856003284454346
q20180,python print nodes binary tree,python print nodes binary tree,python print nodes binary tree integer string file row error,3,d8586,0.8856003284454346
q20180,python print nodes binary tree,python print nodes binary tree,python print nodes binary tree integer string file row error,4,d5364,0.8856003284454346
q20180,python print nodes binary tree,python print nodes binary tree,python print nodes binary tree integer string file row error,5,d18868,0.8768353462219238
q20180,python print nodes binary tree,python print nodes binary tree,python print nodes binary tree integer string file row error,6,d19873,0.8768353462219238
q20180,python print nodes binary tree,python print nodes binary tree,python print nodes binary tree integer string file row error,7,d17805,0.8768353462219238
q20180,python print nodes binary tree,python print nodes binary tree,python print nodes binary tree integer string file row error,8,d17719,0.8768353462219238
q20180,python print nodes binary tree,python print nodes binary tree,python print nodes binary tree integer string file row error,9,d17862,0.8768353462219238
q20180,python print nodes binary tree,python print nodes binary tree,python print nodes binary tree integer string file row error,10,d18565,0.8768353462219238
q20181,python query string parsing,python query string parsing,python query string parsing string parameter integer variable query,1,d6056,0.9020845293998718
q20181,python query string parsing,python query string parsing,python query string parsing string parameter integer variable query,2,d20336,0.9020845293998718
q20181,python query string parsing,python query string parsing,python query string parsing string parameter integer variable query,3,d5700,0.9020845293998718
q20181,python query string parsing,python query string parsing,python query string parsing string parameter integer variable query,4,d3144,0.9020845293998718
q20181,python query string parsing,python query string parsing,python query string parsing string parameter integer variable query,5,d14275,0.8959814310073853
q20181,python query string parsing,python query string parsing,python query string parsing string parameter integer variable query,6,d5510,0.8868153095245361
q20181,python query string parsing,python query string parsing,python query string parsing string parameter integer variable query,7,d677,0.8868153095245361
q20181,python query string parsing,python query string parsing,python query string parsing string parameter integer variable query,8,d11527,0.8868153095245361
q20181,python query string parsing,python query string parsing,python query string parsing string parameter integer variable query,9,d16275,0.8868153095245361
q20181,python query string parsing,python query string parsing,python query string parsing string parameter integer variable query,10,d13103,0.8868153095245361
q20182,cycle through a folder of images python,cycle through a folder of images python,cycle through a folder of images python file loop query error filter,1,d16090,0.852114200592041
q20182,cycle through a folder of images python,cycle through a folder of images python,cycle through a folder of images python file loop query error filter,2,d12510,0.852114200592041
q20182,cycle through a folder of images python,cycle through a folder of images python,cycle through a folder of images python file loop query error filter,3,d8576,0.8517462015151978
q20182,cycle through a folder of images python,cycle through a folder of images python,cycle through a folder of images python file loop query error filter,4,d4974,0.8517462015151978
q20182,cycle through a folder of images python,cycle through a folder of images python,cycle through a folder of images python file loop query error filter,5,d13165,0.8517462015151978
q20182,cycle through a folder of images python,cycle through a folder of images python,cycle through a folder of images python file loop query error filter,6,d3230,0.8517462015151978
q20182,cycle through a folder of images python,cycle through a folder of images python,cycle through a folder of images python file loop query error filter,7,d20182,0.8517462015151978
q20182,cycle through a folder of images python,cycle through a folder of images python,cycle through a folder of images python file loop query error filter,8,d8335,0.8495895862579346
q20182,cycle through a folder of images python,cycle through a folder of images python,cycle through a folder of images python file loop query error filter,9,d8392,0.8495895862579346
q20182,cycle through a folder of images python,cycle through a folder of images python,cycle through a folder of images python file loop query error filter,10,d16570,0.8495895862579346
q20183,check if a date is valid python,check if a date is valid python,check if a date is valid python error update condition integer database,1,d19715,0.8796409964561462
q20183,check if a date is valid python,check if a date is valid python,check if a date is valid python error update condition integer database,2,d18066,0.8796409964561462
q20183,check if a date is valid python,check if a date is valid python,check if a date is valid python error update condition integer database,3,d16664,0.8796409964561462
q20183,check if a date is valid python,check if a date is valid python,check if a date is valid python error update condition integer database,4,d19213,0.8796409964561462
q20183,check if a date is valid python,check if a date is valid python,check if a date is valid python error update condition integer database,5,d20183,0.8796409964561462
q20183,check if a date is valid python,check if a date is valid python,check if a date is valid python error update condition integer database,6,d17325,0.8796409964561462
q20183,check if a date is valid python,check if a date is valid python,check if a date is valid python error update condition integer database,7,d18384,0.8796409964561462
q20183,check if a date is valid python,check if a date is valid python,check if a date is valid python error update condition integer database,8,d17285,0.8796409964561462
q20183,check if a date is valid python,check if a date is valid python,check if a date is valid python error update condition integer database,9,d17871,0.8796409964561462
q20183,check if a date is valid python,check if a date is valid python,check if a date is valid python error update condition integer database,10,d18509,0.8796409964561462
q20184,python spherical bessel functions,python spherical bessel functions,python spherical bessel functions function error parameter integer method,1,d7729,0.8733019828796387
q20184,python spherical bessel functions,python spherical bessel functions,python spherical bessel functions function error parameter integer method,2,d20184,0.8733019828796387
q20184,python spherical bessel functions,python spherical bessel functions,python spherical bessel functions function error parameter integer method,3,d3527,0.8649853467941284
q20184,python spherical bessel functions,python spherical bessel functions,python spherical bessel functions function error parameter integer method,4,d14509,0.8634397983551025
q20184,python spherical bessel functions,python spherical bessel functions,python spherical bessel functions function error parameter integer method,5,d4627,0.8634397983551025
q20184,python spherical bessel functions,python spherical bessel functions,python spherical bessel functions function error parameter integer method,6,d6231,0.8634397983551025
q20184,python spherical bessel functions,python spherical bessel functions,python spherical bessel functions function error parameter integer method,7,d19657,0.8615304231643677
q20184,python spherical bessel functions,python spherical bessel functions,python spherical bessel functions function error parameter integer method,8,d3378,0.8615304231643677
q20184,python spherical bessel functions,python spherical bessel functions,python spherical bessel functions function error parameter integer method,9,d2261,0.8600804209709167
q20184,python spherical bessel functions,python spherical bessel functions,python spherical bessel functions function error parameter integer method,10,d6233,0.8600804209709167
q20185,how to check a file is empty in python,how to check a file is empty in python,how to check a file is empty in python file error search delete update,1,d9827,0.8760290741920471
q20185,how to check a file is empty in python,how to check a file is empty in python,how to check a file is empty in python file error search delete update,2,d3690,0.8760290741920471
q20185,how to check a file is empty in python,how to check a file is empty in python,how to check a file is empty in python file error search delete update,3,d11252,0.8760290741920471
q20185,how to check a file is empty in python,how to check a file is empty in python,how to check a file is empty in python file error search delete update,4,d10682,0.8760290741920471
q20185,how to check a file is empty in python,how to check a file is empty in python,how to check a file is empty in python file error search delete update,5,d10610,0.8760290741920471
q20185,how to check a file is empty in python,how to check a file is empty in python,how to check a file is empty in python file error search delete update,6,d13279,0.8760290741920471
q20185,how to check a file is empty in python,how to check a file is empty in python,how to check a file is empty in python file error search delete update,7,d10383,0.8760290741920471
q20185,how to check a file is empty in python,how to check a file is empty in python,how to check a file is empty in python file error search delete update,8,d20039,0.8760290741920471
q20185,how to check a file is empty in python,how to check a file is empty in python,how to check a file is empty in python file error search delete update,9,d304,0.8760290741920471
q20185,how to check a file is empty in python,how to check a file is empty in python,how to check a file is empty in python file error search delete update,10,d3694,0.8760290741920471
q20186,python stop process multiprocessing,python stop process multiprocessing,python stop process multiprocessing close error method loop warning,1,d3709,0.8869600892066956
q20186,python stop process multiprocessing,python stop process multiprocessing,python stop process multiprocessing close error method loop warning,2,d3017,0.8828935623168945
q20186,python stop process multiprocessing,python stop process multiprocessing,python stop process multiprocessing close error method loop warning,3,d20186,0.8807108998298645
q20186,python stop process multiprocessing,python stop process multiprocessing,python stop process multiprocessing close error method loop warning,4,d11311,0.8807108998298645
q20186,python stop process multiprocessing,python stop process multiprocessing,python stop process multiprocessing close error method loop warning,5,d15316,0.8805829882621765
q20186,python stop process multiprocessing,python stop process multiprocessing,python stop process multiprocessing close error method loop warning,6,d16109,0.8805829882621765
q20186,python stop process multiprocessing,python stop process multiprocessing,python stop process multiprocessing close error method loop warning,7,d5627,0.8805829882621765
q20186,python stop process multiprocessing,python stop process multiprocessing,python stop process multiprocessing close error method loop warning,8,d8454,0.8805829882621765
q20186,python stop process multiprocessing,python stop process multiprocessing,python stop process multiprocessing close error method loop warning,9,d3219,0.8805829882621765
q20186,python stop process multiprocessing,python stop process multiprocessing,python stop process multiprocessing close error method loop warning,10,d9793,0.8805829882621765
q20187,python make sure all words are separated by a single space,python make sure all words are separated by a single space,python make sure all words are separated by a single space row integer string loop error,1,d5789,0.8781713843345642
q20187,python make sure all words are separated by a single space,python make sure all words are separated by a single space,python make sure all words are separated by a single space row integer string loop error,2,d8104,0.8773308992385864
q20187,python make sure all words are separated by a single space,python make sure all words are separated by a single space,python make sure all words are separated by a single space row integer string loop error,3,d3611,0.8773308992385864
q20187,python make sure all words are separated by a single space,python make sure all words are separated by a single space,python make sure all words are separated by a single space row integer string loop error,4,d16226,0.8773308992385864
q20187,python make sure all words are separated by a single space,python make sure all words are separated by a single space,python make sure all words are separated by a single space row integer string loop error,5,d11323,0.8773308992385864
q20187,python make sure all words are separated by a single space,python make sure all words are separated by a single space,python make sure all words are separated by a single space row integer string loop error,6,d5462,0.8773308992385864
q20187,python make sure all words are separated by a single space,python make sure all words are separated by a single space,python make sure all words are separated by a single space row integer string loop error,7,d13456,0.8773308992385864
q20187,python make sure all words are separated by a single space,python make sure all words are separated by a single space,python make sure all words are separated by a single space row integer string loop error,8,d11734,0.8773308992385864
q20187,python make sure all words are separated by a single space,python make sure all words are separated by a single space,python make sure all words are separated by a single space row integer string loop error,9,d13592,0.8773308992385864
q20187,python make sure all words are separated by a single space,python make sure all words are separated by a single space,python make sure all words are separated by a single space row integer string loop error,10,d6269,0.8773308992385864
q20188,making a multidimensional array of only 1 in python,making a multidimensional array of only 1 in python,making a multidimensional array of only 1 in python array integer row variable error,1,d10198,0.8793739080429077
q20188,making a multidimensional array of only 1 in python,making a multidimensional array of only 1 in python,making a multidimensional array of only 1 in python array integer row variable error,2,d4839,0.8793739080429077
q20188,making a multidimensional array of only 1 in python,making a multidimensional array of only 1 in python,making a multidimensional array of only 1 in python array integer row variable error,3,d7373,0.8793739080429077
q20188,making a multidimensional array of only 1 in python,making a multidimensional array of only 1 in python,making a multidimensional array of only 1 in python array integer row variable error,4,d3080,0.8682314157485962
q20188,making a multidimensional array of only 1 in python,making a multidimensional array of only 1 in python,making a multidimensional array of only 1 in python array integer row variable error,5,d2486,0.8682314157485962
q20188,making a multidimensional array of only 1 in python,making a multidimensional array of only 1 in python,making a multidimensional array of only 1 in python array integer row variable error,6,d9395,0.8682314157485962
q20188,making a multidimensional array of only 1 in python,making a multidimensional array of only 1 in python,making a multidimensional array of only 1 in python array integer row variable error,7,d61,0.8682314157485962
q20188,making a multidimensional array of only 1 in python,making a multidimensional array of only 1 in python,making a multidimensional array of only 1 in python array integer row variable error,8,d3106,0.8682314157485962
q20188,making a multidimensional array of only 1 in python,making a multidimensional array of only 1 in python,making a multidimensional array of only 1 in python array integer row variable error,9,d6856,0.8682314157485962
q20188,making a multidimensional array of only 1 in python,making a multidimensional array of only 1 in python,making a multidimensional array of only 1 in python array integer row variable error,10,d14086,0.8682314157485962
q20189,python initialize variable of an object,python initialize variable of an object,python initialize variable of an object variable integer function parameter row,1,d20189,0.8813580274581909
q20189,python initialize variable of an object,python initialize variable of an object,python initialize variable of an object variable integer function parameter row,2,d8636,0.8813580274581909
q20189,python initialize variable of an object,python initialize variable of an object,python initialize variable of an object variable integer function parameter row,3,d13965,0.8813580274581909
q20189,python initialize variable of an object,python initialize variable of an object,python initialize variable of an object variable integer function parameter row,4,d5775,0.8745309114456177
q20189,python initialize variable of an object,python initialize variable of an object,python initialize variable of an object variable integer function parameter row,5,d4052,0.8707588315010071
q20189,python initialize variable of an object,python initialize variable of an object,python initialize variable of an object variable integer function parameter row,6,d13738,0.8700746297836304
q20189,python initialize variable of an object,python initialize variable of an object,python initialize variable of an object variable integer function parameter row,7,d10990,0.8693877458572388
q20189,python initialize variable of an object,python initialize variable of an object,python initialize variable of an object variable integer function parameter row,8,d15949,0.865581750869751
q20189,python initialize variable of an object,python initialize variable of an object,python initialize variable of an object variable integer function parameter row,9,d10644,0.8654240965843201
q20189,python initialize variable of an object,python initialize variable of an object,python initialize variable of an object variable integer function parameter row,10,d1378,0.8644791841506958
q20190,python elasticsearch limit results,python elasticsearch limit results,python elasticsearch limit results search error update list parameter,1,d20190,0.8731675744056702
q20190,python elasticsearch limit results,python elasticsearch limit results,python elasticsearch limit results search error update list parameter,2,d12662,0.8731675744056702
q20190,python elasticsearch limit results,python elasticsearch limit results,python elasticsearch limit results search error update list parameter,3,d2618,0.8731675744056702
q20190,python elasticsearch limit results,python elasticsearch limit results,python elasticsearch limit results search error update list parameter,4,d8934,0.8731675744056702
q20190,python elasticsearch limit results,python elasticsearch limit results,python elasticsearch limit results search error update list parameter,5,d4776,0.8731675744056702
q20190,python elasticsearch limit results,python elasticsearch limit results,python elasticsearch limit results search error update list parameter,6,d6635,0.8731675744056702
q20190,python elasticsearch limit results,python elasticsearch limit results,python elasticsearch limit results search error update list parameter,7,d4583,0.8623796701431274
q20190,python elasticsearch limit results,python elasticsearch limit results,python elasticsearch limit results search error update list parameter,8,d1860,0.8623795509338379
q20190,python elasticsearch limit results,python elasticsearch limit results,python elasticsearch limit results search error update list parameter,9,d17920,0.8586949706077576
q20190,python elasticsearch limit results,python elasticsearch limit results,python elasticsearch limit results search error update list parameter,10,d19107,0.8586949706077576
q20191,how to force exit python without raise,how to force exit python without raise,how to force exit python without raise error delete function return save,1,d4047,0.8696688413619995
q20191,how to force exit python without raise,how to force exit python without raise,how to force exit python without raise error delete function return save,2,d2332,0.8696688413619995
q20191,how to force exit python without raise,how to force exit python without raise,how to force exit python without raise error delete function return save,3,d15561,0.8696688413619995
q20191,how to force exit python without raise,how to force exit python without raise,how to force exit python without raise error delete function return save,4,d78,0.8696688413619995
q20191,how to force exit python without raise,how to force exit python without raise,how to force exit python without raise error delete function return save,5,d6152,0.8696688413619995
q20191,how to force exit python without raise,how to force exit python without raise,how to force exit python without raise error delete function return save,6,d9835,0.8696688413619995
q20191,how to force exit python without raise,how to force exit python without raise,how to force exit python without raise error delete function return save,7,d14498,0.8696688413619995
q20191,how to force exit python without raise,how to force exit python without raise,how to force exit python without raise error delete function return save,8,d9546,0.8684929609298706
q20191,how to force exit python without raise,how to force exit python without raise,how to force exit python without raise error delete function return save,9,d14724,0.8684929609298706
q20191,how to force exit python without raise,how to force exit python without raise,how to force exit python without raise error delete function return save,10,d18731,0.8636341094970703
q20192,python weak reference to bound method,python weak reference to bound method,python weak reference to bound method error method function integer condition,1,d1813,0.869853675365448
q20192,python weak reference to bound method,python weak reference to bound method,python weak reference to bound method error method function integer condition,2,d10999,0.869853675365448
q20192,python weak reference to bound method,python weak reference to bound method,python weak reference to bound method error method function integer condition,3,d1039,0.8620520234107971
q20192,python weak reference to bound method,python weak reference to bound method,python weak reference to bound method error method function integer condition,4,d11091,0.8620520234107971
q20192,python weak reference to bound method,python weak reference to bound method,python weak reference to bound method error method function integer condition,5,d7367,0.8620520234107971
q20192,python weak reference to bound method,python weak reference to bound method,python weak reference to bound method error method function integer condition,6,d13499,0.8620520234107971
q20192,python weak reference to bound method,python weak reference to bound method,python weak reference to bound method error method function integer condition,7,d11441,0.8620520234107971
q20192,python weak reference to bound method,python weak reference to bound method,python weak reference to bound method error method function integer condition,8,d18646,0.8595255017280579
q20192,python weak reference to bound method,python weak reference to bound method,python weak reference to bound method error method function integer condition,9,d17108,0.8595255017280579
q20192,python weak reference to bound method,python weak reference to bound method,python weak reference to bound method error method function integer condition,10,d19626,0.8595255017280579
q20193,calling index iterable python,calling index iterable python,calling index iterable python integer error search parameter column,1,d15021,0.8759322166442871
q20193,calling index iterable python,calling index iterable python,calling index iterable python integer error search parameter column,2,d11048,0.8759322166442871
q20193,calling index iterable python,calling index iterable python,calling index iterable python integer error search parameter column,3,d8862,0.8759322166442871
q20193,calling index iterable python,calling index iterable python,calling index iterable python integer error search parameter column,4,d9167,0.8759322166442871
q20193,calling index iterable python,calling index iterable python,calling index iterable python integer error search parameter column,5,d4986,0.8759322166442871
q20193,calling index iterable python,calling index iterable python,calling index iterable python integer error search parameter column,6,d7018,0.8759322166442871
q20193,calling index iterable python,calling index iterable python,calling index iterable python integer error search parameter column,7,d3391,0.8759322166442871
q20193,calling index iterable python,calling index iterable python,calling index iterable python integer error search parameter column,8,d4702,0.8759322166442871
q20193,calling index iterable python,calling index iterable python,calling index iterable python integer error search parameter column,9,d2782,0.8759322166442871
q20193,calling index iterable python,calling index iterable python,calling index iterable python integer error search parameter column,10,d19484,0.871462345123291
q20194,python datetime maybe undefined,python datetime maybe undefined,python datetime maybe undefined error integer update data database,1,d4502,0.8690588474273682
q20194,python datetime maybe undefined,python datetime maybe undefined,python datetime maybe undefined error integer update data database,2,d13904,0.8690588474273682
q20194,python datetime maybe undefined,python datetime maybe undefined,python datetime maybe undefined error integer update data database,3,d17913,0.8648269176483154
q20194,python datetime maybe undefined,python datetime maybe undefined,python datetime maybe undefined error integer update data database,4,d18199,0.8648269176483154
q20194,python datetime maybe undefined,python datetime maybe undefined,python datetime maybe undefined error integer update data database,5,d18338,0.8648269176483154
q20194,python datetime maybe undefined,python datetime maybe undefined,python datetime maybe undefined error integer update data database,6,d11823,0.8645908236503601
q20194,python datetime maybe undefined,python datetime maybe undefined,python datetime maybe undefined error integer update data database,7,d12455,0.8604518175125122
q20194,python datetime maybe undefined,python datetime maybe undefined,python datetime maybe undefined error integer update data database,8,d18007,0.8568061590194702
q20194,python datetime maybe undefined,python datetime maybe undefined,python datetime maybe undefined error integer update data database,9,d10345,0.8567748069763184
q20194,python datetime maybe undefined,python datetime maybe undefined,python datetime maybe undefined error integer update data database,10,d16501,0.8567748069763184
q20195,python go to next page,python go to next page,python go to next page update query search loop open,1,d10241,0.8747527003288269
q20195,python go to next page,python go to next page,python go to next page update query search loop open,2,d12182,0.8747527003288269
q20195,python go to next page,python go to next page,python go to next page update query search loop open,3,d13380,0.8747527003288269
q20195,python go to next page,python go to next page,python go to next page update query search loop open,4,d12632,0.8623360395431519
q20195,python go to next page,python go to next page,python go to next page update query search loop open,5,d1172,0.8623360395431519
q20195,python go to next page,python go to next page,python go to next page update query search loop open,6,d15708,0.8605391979217529
q20195,python go to next page,python go to next page,python go to next page update query search loop open,7,d13167,0.8605391979217529
q20195,python go to next page,python go to next page,python go to next page update query search loop open,8,d14787,0.8602074384689331
q20195,python go to next page,python go to next page,python go to next page update query search loop open,9,d7288,0.8602074384689331
q20195,python go to next page,python go to next page,python go to next page update query search loop open,10,d8742,0.8602074384689331
q20196,filling null value sin data frame in python,filling null value sin data frame in python,filling null value sin data frame in python database data error file integer,1,d4876,0.8826407194137573
q20196,filling null value sin data frame in python,filling null value sin data frame in python,filling null value sin data frame in python database data error file integer,2,d2364,0.8826407194137573
q20196,filling null value sin data frame in python,filling null value sin data frame in python,filling null value sin data frame in python database data error file integer,3,d7793,0.8826407194137573
q20196,filling null value sin data frame in python,filling null value sin data frame in python,filling null value sin data frame in python database data error file integer,4,d2666,0.8826407194137573
q20196,filling null value sin data frame in python,filling null value sin data frame in python,filling null value sin data frame in python database data error file integer,5,d8958,0.8826407194137573
q20196,filling null value sin data frame in python,filling null value sin data frame in python,filling null value sin data frame in python database data error file integer,6,d12565,0.87809157371521
q20196,filling null value sin data frame in python,filling null value sin data frame in python,filling null value sin data frame in python database data error file integer,7,d20196,0.87809157371521
q20196,filling null value sin data frame in python,filling null value sin data frame in python,filling null value sin data frame in python database data error file integer,8,d1024,0.87809157371521
q20196,filling null value sin data frame in python,filling null value sin data frame in python,filling null value sin data frame in python database data error file integer,9,d15044,0.87809157371521
q20196,filling null value sin data frame in python,filling null value sin data frame in python,filling null value sin data frame in python database data error file integer,10,d2670,0.87809157371521
q20197,python run external command and get output,python run external command and get output,python run external command and get output update get return search loop,1,d8907,0.8967166543006897
q20197,python run external command and get output,python run external command and get output,python run external command and get output update get return search loop,2,d8908,0.8967166543006897
q20197,python run external command and get output,python run external command and get output,python run external command and get output update get return search loop,3,d16161,0.8967166543006897
q20197,python run external command and get output,python run external command and get output,python run external command and get output update get return search loop,4,d15648,0.8967166543006897
q20197,python run external command and get output,python run external command and get output,python run external command and get output update get return search loop,5,d2810,0.8967166543006897
q20197,python run external command and get output,python run external command and get output,python run external command and get output update get return search loop,6,d1974,0.8967166543006897
q20197,python run external command and get output,python run external command and get output,python run external command and get output update get return search loop,7,d2542,0.8967166543006897
q20197,python run external command and get output,python run external command and get output,python run external command and get output update get return search loop,8,d13147,0.8967166543006897
q20197,python run external command and get output,python run external command and get output,python run external command and get output update get return search loop,9,d6580,0.8914689421653748
q20197,python run external command and get output,python run external command and get output,python run external command and get output update get return search loop,10,d3199,0.8914689421653748
q20198,how to compile python program to use in c++,how to compile python program to use in c++,how to compile python program to use in c++ method function query loop update,1,d11823,0.852877140045166
q20198,how to compile python program to use in c++,how to compile python program to use in c++,how to compile python program to use in c++ method function query loop update,2,d18593,0.8492170572280884
q20198,how to compile python program to use in c++,how to compile python program to use in c++,how to compile python program to use in c++ method function query loop update,3,d16748,0.8492170572280884
q20198,how to compile python program to use in c++,how to compile python program to use in c++,how to compile python program to use in c++ method function query loop update,4,d17051,0.8492170572280884
q20198,how to compile python program to use in c++,how to compile python program to use in c++,how to compile python program to use in c++ method function query loop update,5,d18011,0.8492170572280884
q20198,how to compile python program to use in c++,how to compile python program to use in c++,how to compile python program to use in c++ method function query loop update,6,d17070,0.8492170572280884
q20198,how to compile python program to use in c++,how to compile python program to use in c++,how to compile python program to use in c++ method function query loop update,7,d17413,0.8492170572280884
q20198,how to compile python program to use in c++,how to compile python program to use in c++,how to compile python program to use in c++ method function query loop update,8,d19623,0.8492170572280884
q20198,how to compile python program to use in c++,how to compile python program to use in c++,how to compile python program to use in c++ method function query loop update,9,d18013,0.8492170572280884
q20198,how to compile python program to use in c++,how to compile python program to use in c++,how to compile python program to use in c++ method function query loop update,10,d17893,0.8492170572280884
q20199,python img to bytearray,python img to bytearray,python img to bytearray error integer array row loop,1,d2231,0.873106837272644
q20199,python img to bytearray,python img to bytearray,python img to bytearray error integer array row loop,2,d5224,0.873106837272644
q20199,python img to bytearray,python img to bytearray,python img to bytearray error integer array row loop,3,d18862,0.8590959310531616
q20199,python img to bytearray,python img to bytearray,python img to bytearray error integer array row loop,4,d10882,0.8575280904769897
q20199,python img to bytearray,python img to bytearray,python img to bytearray error integer array row loop,5,d4965,0.8575280904769897
q20199,python img to bytearray,python img to bytearray,python img to bytearray error integer array row loop,6,d6788,0.8575280904769897
q20199,python img to bytearray,python img to bytearray,python img to bytearray error integer array row loop,7,d6098,0.8575280904769897
q20199,python img to bytearray,python img to bytearray,python img to bytearray error integer array row loop,8,d9053,0.8575280904769897
q20199,python img to bytearray,python img to bytearray,python img to bytearray error integer array row loop,9,d1288,0.8553453087806702
q20199,python img to bytearray,python img to bytearray,python img to bytearray error integer array row loop,10,d20504,0.8553453087806702
q20200,how to use access token oauth python,how to use access token oauth python,how to use access token oauth python update open error method database,1,d1054,0.8660483360290527
q20200,how to use access token oauth python,how to use access token oauth python,how to use access token oauth python update open error method database,2,d16427,0.8608556389808655
q20200,how to use access token oauth python,how to use access token oauth python,how to use access token oauth python update open error method database,3,d8511,0.8608556389808655
q20200,how to use access token oauth python,how to use access token oauth python,how to use access token oauth python update open error method database,4,d12468,0.8608556389808655
q20200,how to use access token oauth python,how to use access token oauth python,how to use access token oauth python update open error method database,5,d7315,0.8608556389808655
q20200,how to use access token oauth python,how to use access token oauth python,how to use access token oauth python update open error method database,6,d2000,0.8599096536636353
q20200,how to use access token oauth python,how to use access token oauth python,how to use access token oauth python update open error method database,7,d11823,0.8548940420150757
q20200,how to use access token oauth python,how to use access token oauth python,how to use access token oauth python update open error method database,8,d11135,0.8501958847045898
q20200,how to use access token oauth python,how to use access token oauth python,how to use access token oauth python update open error method database,9,d20142,0.8475911021232605
q20200,how to use access token oauth python,how to use access token oauth python,how to use access token oauth python update open error method database,10,d7846,0.8470771312713623
q20201,have python line continue on to next line,have python line continue on to next line,have python line continue on to next line loop close error integer query,1,d15708,0.8945394158363342
q20201,have python line continue on to next line,have python line continue on to next line,have python line continue on to next line loop close error integer query,2,d13167,0.8945394158363342
q20201,have python line continue on to next line,have python line continue on to next line,have python line continue on to next line loop close error integer query,3,d20567,0.8734955787658691
q20201,have python line continue on to next line,have python line continue on to next line,have python line continue on to next line loop close error integer query,4,d20061,0.8734955787658691
q20201,have python line continue on to next line,have python line continue on to next line,have python line continue on to next line loop close error integer query,5,d15240,0.8657444715499878
q20201,have python line continue on to next line,have python line continue on to next line,have python line continue on to next line loop close error integer query,6,d14778,0.8657444715499878
q20201,have python line continue on to next line,have python line continue on to next line,have python line continue on to next line loop close error integer query,7,d15279,0.8657444715499878
q20201,have python line continue on to next line,have python line continue on to next line,have python line continue on to next line loop close error integer query,8,d7786,0.8657444715499878
q20201,have python line continue on to next line,have python line continue on to next line,have python line continue on to next line loop close error integer query,9,d4115,0.8657444715499878
q20201,have python line continue on to next line,have python line continue on to next line,have python line continue on to next line loop close error integer query,10,d650,0.8657444715499878
q20202,precision of ints in python,precision of ints in python,precision of ints in python integer error parameter function variable,1,d18973,0.8758794069290161
q20202,precision of ints in python,precision of ints in python,precision of ints in python integer error parameter function variable,2,d12219,0.8731725811958313
q20202,precision of ints in python,precision of ints in python,precision of ints in python integer error parameter function variable,3,d12680,0.8731725811958313
q20202,precision of ints in python,precision of ints in python,precision of ints in python integer error parameter function variable,4,d9768,0.8731725811958313
q20202,precision of ints in python,precision of ints in python,precision of ints in python integer error parameter function variable,5,d62,0.8731725811958313
q20202,precision of ints in python,precision of ints in python,precision of ints in python integer error parameter function variable,6,d1838,0.8731725811958313
q20202,precision of ints in python,precision of ints in python,precision of ints in python integer error parameter function variable,7,d6618,0.8731725811958313
q20202,precision of ints in python,precision of ints in python,precision of ints in python integer error parameter function variable,8,d20202,0.8731725811958313
q20202,precision of ints in python,precision of ints in python,precision of ints in python integer error parameter function variable,9,d3482,0.8731725811958313
q20202,precision of ints in python,precision of ints in python,precision of ints in python integer error parameter function variable,10,d6232,0.8731725811958313
q20203,modify the dice roll program to call a function for the die roll s python,modify the dice roll program to call a function for the die roll s python,modify the dice roll program to call a function for the die roll s python function add loop dictionary write,1,d20203,0.8919358253479004
q20203,modify the dice roll program to call a function for the die roll s python,modify the dice roll program to call a function for the die roll s python,modify the dice roll program to call a function for the die roll s python function add loop dictionary write,2,d5503,0.8644871115684509
q20203,modify the dice roll program to call a function for the die roll s python,modify the dice roll program to call a function for the die roll s python,modify the dice roll program to call a function for the die roll s python function add loop dictionary write,3,d18285,0.8623319864273071
q20203,modify the dice roll program to call a function for the die roll s python,modify the dice roll program to call a function for the die roll s python,modify the dice roll program to call a function for the die roll s python function add loop dictionary write,4,d7229,0.8617939352989197
q20203,modify the dice roll program to call a function for the die roll s python,modify the dice roll program to call a function for the die roll s python,modify the dice roll program to call a function for the die roll s python function add loop dictionary write,5,d11288,0.8603712320327759
q20203,modify the dice roll program to call a function for the die roll s python,modify the dice roll program to call a function for the die roll s python,modify the dice roll program to call a function for the die roll s python function add loop dictionary write,6,d6730,0.8572189807891846
q20203,modify the dice roll program to call a function for the die roll s python,modify the dice roll program to call a function for the die roll s python,modify the dice roll program to call a function for the die roll s python function add loop dictionary write,7,d13347,0.8572189807891846
q20203,modify the dice roll program to call a function for the die roll s python,modify the dice roll program to call a function for the die roll s python,modify the dice roll program to call a function for the die roll s python function add loop dictionary write,8,d8172,0.8572189807891846
q20203,modify the dice roll program to call a function for the die roll s python,modify the dice roll program to call a function for the die roll s python,modify the dice roll program to call a function for the die roll s python function add loop dictionary write,9,d5057,0.8572189807891846
q20203,modify the dice roll program to call a function for the die roll s python,modify the dice roll program to call a function for the die roll s python,modify the dice roll program to call a function for the die roll s python function add loop dictionary write,10,d787,0.8572189807891846
q20204,python 'namespace' object is not iterable,python 'namespace' object is not iterable,python 'namespace' object is not iterable error integer close array function,1,d8132,0.8690106868743896
q20204,python 'namespace' object is not iterable,python 'namespace' object is not iterable,python 'namespace' object is not iterable error integer close array function,2,d12157,0.8690106868743896
q20204,python 'namespace' object is not iterable,python 'namespace' object is not iterable,python 'namespace' object is not iterable error integer close array function,3,d14613,0.8684691190719604
q20204,python 'namespace' object is not iterable,python 'namespace' object is not iterable,python 'namespace' object is not iterable error integer close array function,4,d13110,0.8642182350158691
q20204,python 'namespace' object is not iterable,python 'namespace' object is not iterable,python 'namespace' object is not iterable error integer close array function,5,d6329,0.8642182350158691
q20204,python 'namespace' object is not iterable,python 'namespace' object is not iterable,python 'namespace' object is not iterable error integer close array function,6,d4933,0.8642182350158691
q20204,python 'namespace' object is not iterable,python 'namespace' object is not iterable,python 'namespace' object is not iterable error integer close array function,7,d16140,0.8642182350158691
q20204,python 'namespace' object is not iterable,python 'namespace' object is not iterable,python 'namespace' object is not iterable error integer close array function,8,d10571,0.8642182350158691
q20204,python 'namespace' object is not iterable,python 'namespace' object is not iterable,python 'namespace' object is not iterable error integer close array function,9,d10231,0.8642182350158691
q20204,python 'namespace' object is not iterable,python 'namespace' object is not iterable,python 'namespace' object is not iterable error integer close array function,10,d12432,0.8642182350158691
q20205,how to specify seed for python random,how to specify seed for python random,how to specify seed for python random method save error parameter integer,1,d11358,0.8898061513900757
q20205,how to specify seed for python random,how to specify seed for python random,how to specify seed for python random method save error parameter integer,2,d2714,0.8876548409461975
q20205,how to specify seed for python random,how to specify seed for python random,how to specify seed for python random method save error parameter integer,3,d20205,0.8876548409461975
q20205,how to specify seed for python random,how to specify seed for python random,how to specify seed for python random method save error parameter integer,4,d12191,0.8810228109359741
q20205,how to specify seed for python random,how to specify seed for python random,how to specify seed for python random method save error parameter integer,5,d10884,0.8810228109359741
q20205,how to specify seed for python random,how to specify seed for python random,how to specify seed for python random method save error parameter integer,6,d666,0.8726101517677307
q20205,how to specify seed for python random,how to specify seed for python random,how to specify seed for python random method save error parameter integer,7,d9868,0.8701375722885132
q20205,how to specify seed for python random,how to specify seed for python random,how to specify seed for python random method save error parameter integer,8,d9722,0.8701375722885132
q20205,how to specify seed for python random,how to specify seed for python random,how to specify seed for python random method save error parameter integer,9,d12096,0.8701375722885132
q20205,how to specify seed for python random,how to specify seed for python random,how to specify seed for python random method save error parameter integer,10,d6732,0.8701375722885132
q20206,python use default arg,python use default arg,python use default arg error parameter variable integer function,1,d6799,0.8908841609954834
q20206,python use default arg,python use default arg,python use default arg error parameter variable integer function,2,d1753,0.8908841609954834
q20206,python use default arg,python use default arg,python use default arg error parameter variable integer function,3,d3884,0.8908841609954834
q20206,python use default arg,python use default arg,python use default arg error parameter variable integer function,4,d10278,0.8908841609954834
q20206,python use default arg,python use default arg,python use default arg error parameter variable integer function,5,d11512,0.8908841609954834
q20206,python use default arg,python use default arg,python use default arg error parameter variable integer function,6,d13915,0.8908841609954834
q20206,python use default arg,python use default arg,python use default arg error parameter variable integer function,7,d20206,0.8908841609954834
q20206,python use default arg,python use default arg,python use default arg error parameter variable integer function,8,d12091,0.8908841609954834
q20206,python use default arg,python use default arg,python use default arg error parameter variable integer function,9,d6555,0.8908841609954834
q20206,python use default arg,python use default arg,python use default arg error parameter variable integer function,10,d5714,0.8757420778274536
q20207,python change array dtype to int,python change array dtype to int,python change array dtype to int array integer update error parameter,1,d4496,0.8798059225082397
q20207,python change array dtype to int,python change array dtype to int,python change array dtype to int array integer update error parameter,2,d18161,0.8708428144454956
q20207,python change array dtype to int,python change array dtype to int,python change array dtype to int array integer update error parameter,3,d17883,0.8708428144454956
q20207,python change array dtype to int,python change array dtype to int,python change array dtype to int array integer update error parameter,4,d16829,0.8708428144454956
q20207,python change array dtype to int,python change array dtype to int,python change array dtype to int array integer update error parameter,5,d16885,0.8708428144454956
q20207,python change array dtype to int,python change array dtype to int,python change array dtype to int array integer update error parameter,6,d19591,0.8708428144454956
q20207,python change array dtype to int,python change array dtype to int,python change array dtype to int array integer update error parameter,7,d9143,0.864675760269165
q20207,python change array dtype to int,python change array dtype to int,python change array dtype to int array integer update error parameter,8,d19272,0.8641275763511658
q20207,python change array dtype to int,python change array dtype to int,python change array dtype to int array integer update error parameter,9,d16732,0.8641275763511658
q20207,python change array dtype to int,python change array dtype to int,python change array dtype to int array integer update error parameter,10,d18207,0.8641275763511658
q20208,python forcible close socket before opening,python forcible close socket before opening,python forcible close socket before opening close open error delete loop,1,d279,0.8781919479370117
q20208,python forcible close socket before opening,python forcible close socket before opening,python forcible close socket before opening close open error delete loop,2,d14566,0.8741729855537415
q20208,python forcible close socket before opening,python forcible close socket before opening,python forcible close socket before opening close open error delete loop,3,d14422,0.8741729855537415
q20208,python forcible close socket before opening,python forcible close socket before opening,python forcible close socket before opening close open error delete loop,4,d10486,0.8741729855537415
q20208,python forcible close socket before opening,python forcible close socket before opening,python forcible close socket before opening close open error delete loop,5,d11913,0.8741729855537415
q20208,python forcible close socket before opening,python forcible close socket before opening,python forcible close socket before opening close open error delete loop,6,d8442,0.8741729855537415
q20208,python forcible close socket before opening,python forcible close socket before opening,python forcible close socket before opening close open error delete loop,7,d10987,0.8741729855537415
q20208,python forcible close socket before opening,python forcible close socket before opening,python forcible close socket before opening close open error delete loop,8,d16397,0.8741729855537415
q20208,python forcible close socket before opening,python forcible close socket before opening,python forcible close socket before opening close open error delete loop,9,d2128,0.8741729855537415
q20208,python forcible close socket before opening,python forcible close socket before opening,python forcible close socket before opening close open error delete loop,10,d9745,0.8712958097457886
q20209,python series'value non zero index,python series'value non zero index,python series'value non zero index integer error variable parameter row,1,d15149,0.8792023658752441
q20209,python series'value non zero index,python series'value non zero index,python series'value non zero index integer error variable parameter row,2,d7859,0.8792023658752441
q20209,python series'value non zero index,python series'value non zero index,python series'value non zero index integer error variable parameter row,3,d7607,0.8792023658752441
q20209,python series'value non zero index,python series'value non zero index,python series'value non zero index integer error variable parameter row,4,d12200,0.8792023658752441
q20209,python series'value non zero index,python series'value non zero index,python series'value non zero index integer error variable parameter row,5,d1824,0.8792023658752441
q20209,python series'value non zero index,python series'value non zero index,python series'value non zero index integer error variable parameter row,6,d3383,0.8792023658752441
q20209,python series'value non zero index,python series'value non zero index,python series'value non zero index integer error variable parameter row,7,d11261,0.8792023658752441
q20209,python series'value non zero index,python series'value non zero index,python series'value non zero index integer error variable parameter row,8,d8939,0.8753767013549805
q20209,python series'value non zero index,python series'value non zero index,python series'value non zero index integer error variable parameter row,9,d2257,0.8753767013549805
q20209,python series'value non zero index,python series'value non zero index,python series'value non zero index integer error variable parameter row,10,d16523,0.8753767013549805
q20210,how to add a number to certain elements of an array numpy python,how to add a number to certain elements of an array numpy python,how to add a number to certain elements of an array numpy python add array integer error update,1,d4048,0.871475338935852
q20210,how to add a number to certain elements of an array numpy python,how to add a number to certain elements of an array numpy python,how to add a number to certain elements of an array numpy python add array integer error update,2,d5503,0.8627967834472656
q20210,how to add a number to certain elements of an array numpy python,how to add a number to certain elements of an array numpy python,how to add a number to certain elements of an array numpy python add array integer error update,3,d15802,0.8612692952156067
q20210,how to add a number to certain elements of an array numpy python,how to add a number to certain elements of an array numpy python,how to add a number to certain elements of an array numpy python add array integer error update,4,d9082,0.8612692952156067
q20210,how to add a number to certain elements of an array numpy python,how to add a number to certain elements of an array numpy python,how to add a number to certain elements of an array numpy python add array integer error update,5,d4020,0.8612692952156067
q20210,how to add a number to certain elements of an array numpy python,how to add a number to certain elements of an array numpy python,how to add a number to certain elements of an array numpy python add array integer error update,6,d9675,0.8612692952156067
q20210,how to add a number to certain elements of an array numpy python,how to add a number to certain elements of an array numpy python,how to add a number to certain elements of an array numpy python add array integer error update,7,d9677,0.8612692952156067
q20210,how to add a number to certain elements of an array numpy python,how to add a number to certain elements of an array numpy python,how to add a number to certain elements of an array numpy python add array integer error update,8,d8558,0.8612692952156067
q20210,how to add a number to certain elements of an array numpy python,how to add a number to certain elements of an array numpy python,how to add a number to certain elements of an array numpy python add array integer error update,9,d11847,0.8612692952156067
q20210,how to add a number to certain elements of an array numpy python,how to add a number to certain elements of an array numpy python,how to add a number to certain elements of an array numpy python add array integer error update,10,d11849,0.8612692952156067
q20211,python unit test and coverage at same time,python unit test and coverage at same time,python unit test and coverage at same time update parameter search error variable,1,d4278,0.8682171702384949
q20211,python unit test and coverage at same time,python unit test and coverage at same time,python unit test and coverage at same time update parameter search error variable,2,d908,0.8662351369857788
q20211,python unit test and coverage at same time,python unit test and coverage at same time,python unit test and coverage at same time update parameter search error variable,3,d12790,0.8655028343200684
q20211,python unit test and coverage at same time,python unit test and coverage at same time,python unit test and coverage at same time update parameter search error variable,4,d12459,0.8655028343200684
q20211,python unit test and coverage at same time,python unit test and coverage at same time,python unit test and coverage at same time update parameter search error variable,5,d20211,0.8655028343200684
q20211,python unit test and coverage at same time,python unit test and coverage at same time,python unit test and coverage at same time update parameter search error variable,6,d15686,0.8655028343200684
q20211,python unit test and coverage at same time,python unit test and coverage at same time,python unit test and coverage at same time update parameter search error variable,7,d14288,0.8615752458572388
q20211,python unit test and coverage at same time,python unit test and coverage at same time,python unit test and coverage at same time update parameter search error variable,8,d9731,0.8615752458572388
q20211,python unit test and coverage at same time,python unit test and coverage at same time,python unit test and coverage at same time update parameter search error variable,9,d16030,0.8615752458572388
q20211,python unit test and coverage at same time,python unit test and coverage at same time,python unit test and coverage at same time update parameter search error variable,10,d10242,0.8615752458572388
q20212,python only list files with specific extension,python only list files with specific extension,python only list files with specific extension list file database error integer,1,d5021,0.8618876934051514
q20212,python only list files with specific extension,python only list files with specific extension,python only list files with specific extension list file database error integer,2,d4645,0.8512418866157532
q20212,python only list files with specific extension,python only list files with specific extension,python only list files with specific extension list file database error integer,3,d4647,0.8512418866157532
q20212,python only list files with specific extension,python only list files with specific extension,python only list files with specific extension list file database error integer,4,d15613,0.8512418866157532
q20212,python only list files with specific extension,python only list files with specific extension,python only list files with specific extension list file database error integer,5,d13236,0.8512418866157532
q20212,python only list files with specific extension,python only list files with specific extension,python only list files with specific extension list file database error integer,6,d13878,0.8512418866157532
q20212,python only list files with specific extension,python only list files with specific extension,python only list files with specific extension list file database error integer,7,d12816,0.8512418866157532
q20212,python only list files with specific extension,python only list files with specific extension,python only list files with specific extension list file database error integer,8,d13081,0.8512418866157532
q20212,python only list files with specific extension,python only list files with specific extension,python only list files with specific extension list file database error integer,9,d11406,0.8512418866157532
q20212,python only list files with specific extension,python only list files with specific extension,python only list files with specific extension list file database error integer,10,d15685,0.8498040437698364
q20213,python global type hinting,python global type hinting,python global type hinting method integer variable condition dictionary,1,d8373,0.8520079255104065
q20213,python global type hinting,python global type hinting,python global type hinting method integer variable condition dictionary,2,d7938,0.8520079255104065
q20213,python global type hinting,python global type hinting,python global type hinting method integer variable condition dictionary,3,d14938,0.8520079255104065
q20213,python global type hinting,python global type hinting,python global type hinting method integer variable condition dictionary,4,d6659,0.8520079255104065
q20213,python global type hinting,python global type hinting,python global type hinting method integer variable condition dictionary,5,d14708,0.8520079255104065
q20213,python global type hinting,python global type hinting,python global type hinting method integer variable condition dictionary,6,d6679,0.8520079255104065
q20213,python global type hinting,python global type hinting,python global type hinting method integer variable condition dictionary,7,d14725,0.8520079255104065
q20213,python global type hinting,python global type hinting,python global type hinting method integer variable condition dictionary,8,d12725,0.8467848896980286
q20213,python global type hinting,python global type hinting,python global type hinting method integer variable condition dictionary,9,d10474,0.8467848896980286
q20213,python global type hinting,python global type hinting,python global type hinting method integer variable condition dictionary,10,d5785,0.8467848896980286
q20214,how to make a function in python to take the average of list numbers,how to make a function in python to take the average of list numbers,how to make a function in python to take the average of list numbers function list method parameter integer,1,d8754,0.893295168876648
q20214,how to make a function in python to take the average of list numbers,how to make a function in python to take the average of list numbers,how to make a function in python to take the average of list numbers function list method parameter integer,2,d6937,0.893295168876648
q20214,how to make a function in python to take the average of list numbers,how to make a function in python to take the average of list numbers,how to make a function in python to take the average of list numbers function list method parameter integer,3,d11033,0.893295168876648
q20214,how to make a function in python to take the average of list numbers,how to make a function in python to take the average of list numbers,how to make a function in python to take the average of list numbers function list method parameter integer,4,d20214,0.893295168876648
q20214,how to make a function in python to take the average of list numbers,how to make a function in python to take the average of list numbers,how to make a function in python to take the average of list numbers function list method parameter integer,5,d4885,0.893295168876648
q20214,how to make a function in python to take the average of list numbers,how to make a function in python to take the average of list numbers,how to make a function in python to take the average of list numbers function list method parameter integer,6,d9039,0.893295168876648
q20214,how to make a function in python to take the average of list numbers,how to make a function in python to take the average of list numbers,how to make a function in python to take the average of list numbers function list method parameter integer,7,d12493,0.8794451355934143
q20214,how to make a function in python to take the average of list numbers,how to make a function in python to take the average of list numbers,how to make a function in python to take the average of list numbers function list method parameter integer,8,d82,0.8794451355934143
q20214,how to make a function in python to take the average of list numbers,how to make a function in python to take the average of list numbers,how to make a function in python to take the average of list numbers function list method parameter integer,9,d1058,0.8794451355934143
q20214,how to make a function in python to take the average of list numbers,how to make a function in python to take the average of list numbers,how to make a function in python to take the average of list numbers function list method parameter integer,10,d16481,0.8794451355934143
q20215,check if two arrays are equal python,check if two arrays are equal python,check if two arrays are equal python array error integer variable loop,1,d12356,0.8885493278503418
q20215,check if two arrays are equal python,check if two arrays are equal python,check if two arrays are equal python array error integer variable loop,2,d8376,0.8885493278503418
q20215,check if two arrays are equal python,check if two arrays are equal python,check if two arrays are equal python array error integer variable loop,3,d6279,0.8885493278503418
q20215,check if two arrays are equal python,check if two arrays are equal python,check if two arrays are equal python array error integer variable loop,4,d19611,0.8885493278503418
q20215,check if two arrays are equal python,check if two arrays are equal python,check if two arrays are equal python array error integer variable loop,5,d4176,0.8885493278503418
q20215,check if two arrays are equal python,check if two arrays are equal python,check if two arrays are equal python array error integer variable loop,6,d4164,0.8885493278503418
q20215,check if two arrays are equal python,check if two arrays are equal python,check if two arrays are equal python array error integer variable loop,7,d13884,0.8885493278503418
q20215,check if two arrays are equal python,check if two arrays are equal python,check if two arrays are equal python array error integer variable loop,8,d11665,0.8867795467376709
q20215,check if two arrays are equal python,check if two arrays are equal python,check if two arrays are equal python array error integer variable loop,9,d8490,0.8867795467376709
q20215,check if two arrays are equal python,check if two arrays are equal python,check if two arrays are equal python array error integer variable loop,10,d2349,0.8867795467376709
q20216,python round down numpy,python round down numpy,python round down numpy row integer loop error function,1,d13658,0.8737919926643372
q20216,python round down numpy,python round down numpy,python round down numpy row integer loop error function,2,d13762,0.8737919926643372
q20216,python round down numpy,python round down numpy,python round down numpy row integer loop error function,3,d5577,0.8737919926643372
q20216,python round down numpy,python round down numpy,python round down numpy row integer loop error function,4,d1340,0.8737919926643372
q20216,python round down numpy,python round down numpy,python round down numpy row integer loop error function,5,d8190,0.8737919926643372
q20216,python round down numpy,python round down numpy,python round down numpy row integer loop error function,6,d1247,0.8737919926643372
q20216,python round down numpy,python round down numpy,python round down numpy row integer loop error function,7,d1338,0.8737919926643372
q20216,python round down numpy,python round down numpy,python round down numpy row integer loop error function,8,d15239,0.8737919926643372
q20216,python round down numpy,python round down numpy,python round down numpy row integer loop error function,9,d17562,0.8678601980209351
q20216,python round down numpy,python round down numpy,python round down numpy row integer loop error function,10,d17437,0.8678601980209351
q20217,python pywin32 screenshoot refresh,python pywin32 screenshoot refresh,python pywin32 screenshoot refresh update error column parameter return,1,d20217,0.8774617910385132
q20217,python pywin32 screenshoot refresh,python pywin32 screenshoot refresh,python pywin32 screenshoot refresh update error column parameter return,2,d5878,0.8644634485244751
q20217,python pywin32 screenshoot refresh,python pywin32 screenshoot refresh,python pywin32 screenshoot refresh update error column parameter return,3,d17368,0.8522608280181885
q20217,python pywin32 screenshoot refresh,python pywin32 screenshoot refresh,python pywin32 screenshoot refresh update error column parameter return,4,d19349,0.8522608280181885
q20217,python pywin32 screenshoot refresh,python pywin32 screenshoot refresh,python pywin32 screenshoot refresh update error column parameter return,5,d18453,0.8522608280181885
q20217,python pywin32 screenshoot refresh,python pywin32 screenshoot refresh,python pywin32 screenshoot refresh update error column parameter return,6,d18007,0.8521530628204346
q20217,python pywin32 screenshoot refresh,python pywin32 screenshoot refresh,python pywin32 screenshoot refresh update error column parameter return,7,d13633,0.8521521091461182
q20217,python pywin32 screenshoot refresh,python pywin32 screenshoot refresh,python pywin32 screenshoot refresh update error column parameter return,8,d14641,0.8521521091461182
q20217,python pywin32 screenshoot refresh,python pywin32 screenshoot refresh,python pywin32 screenshoot refresh update error column parameter return,9,d9024,0.8521521091461182
q20217,python pywin32 screenshoot refresh,python pywin32 screenshoot refresh,python pywin32 screenshoot refresh update error column parameter return,10,d7675,0.8521521091461182
q20218,get largest date from a list python,get largest date from a list python,get largest date from a list python list data search sort get,1,d104,0.8624938726425171
q20218,get largest date from a list python,get largest date from a list python,get largest date from a list python list data search sort get,2,d636,0.8624938726425171
q20218,get largest date from a list python,get largest date from a list python,get largest date from a list python list data search sort get,3,d1425,0.8624938726425171
q20218,get largest date from a list python,get largest date from a list python,get largest date from a list python list data search sort get,4,d8017,0.8624938726425171
q20218,get largest date from a list python,get largest date from a list python,get largest date from a list python list data search sort get,5,d4276,0.8580408096313477
q20218,get largest date from a list python,get largest date from a list python,get largest date from a list python list data search sort get,6,d2964,0.8561301231384277
q20218,get largest date from a list python,get largest date from a list python,get largest date from a list python list data search sort get,7,d5515,0.8561301231384277
q20218,get largest date from a list python,get largest date from a list python,get largest date from a list python list data search sort get,8,d2459,0.8561301231384277
q20218,get largest date from a list python,get largest date from a list python,get largest date from a list python list data search sort get,9,d1745,0.8561301231384277
q20218,get largest date from a list python,get largest date from a list python,get largest date from a list python list data search sort get,10,d2669,0.8561301231384277
q20219,python lock no blocking,python lock no blocking,python lock no blocking error close loop delete update,1,d4402,0.8706275820732117
q20219,python lock no blocking,python lock no blocking,python lock no blocking error close loop delete update,2,d9399,0.8706275820732117
q20219,python lock no blocking,python lock no blocking,python lock no blocking error close loop delete update,3,d14732,0.8706275820732117
q20219,python lock no blocking,python lock no blocking,python lock no blocking error close loop delete update,4,d3556,0.8624732494354248
q20219,python lock no blocking,python lock no blocking,python lock no blocking error close loop delete update,5,d12030,0.8624732494354248
q20219,python lock no blocking,python lock no blocking,python lock no blocking error close loop delete update,6,d8750,0.8624732494354248
q20219,python lock no blocking,python lock no blocking,python lock no blocking error close loop delete update,7,d2897,0.8624732494354248
q20219,python lock no blocking,python lock no blocking,python lock no blocking error close loop delete update,8,d11216,0.8618416786193848
q20219,python lock no blocking,python lock no blocking,python lock no blocking error close loop delete update,9,d845,0.8618416786193848
q20219,python lock no blocking,python lock no blocking,python lock no blocking error close loop delete update,10,d5074,0.8618416786193848
q20220,delete item from a set python,delete item from a set python,delete item from a set python delete error method string row,1,d10347,0.8843623399734497
q20220,delete item from a set python,delete item from a set python,delete item from a set python delete error method string row,2,d8601,0.8780105113983154
q20220,delete item from a set python,delete item from a set python,delete item from a set python delete error method string row,3,d5229,0.8771266937255859
q20220,delete item from a set python,delete item from a set python,delete item from a set python delete error method string row,4,d18435,0.8704788684844971
q20220,delete item from a set python,delete item from a set python,delete item from a set python delete error method string row,5,d17959,0.8704788684844971
q20220,delete item from a set python,delete item from a set python,delete item from a set python delete error method string row,6,d18246,0.8704788684844971
q20220,delete item from a set python,delete item from a set python,delete item from a set python delete error method string row,7,d17961,0.8704788684844971
q20220,delete item from a set python,delete item from a set python,delete item from a set python delete error method string row,8,d19551,0.8704788684844971
q20220,delete item from a set python,delete item from a set python,delete item from a set python delete error method string row,9,d17299,0.8704788684844971
q20220,delete item from a set python,delete item from a set python,delete item from a set python delete error method string row,10,d20372,0.8704788684844971
q20221,how to make a sentence into underscores with python,how to make a sentence into underscores with python,how to make a sentence into underscores with python write string add dictionary error,1,d2049,0.8865760564804077
q20221,how to make a sentence into underscores with python,how to make a sentence into underscores with python,how to make a sentence into underscores with python write string add dictionary error,2,d88,0.8865760564804077
q20221,how to make a sentence into underscores with python,how to make a sentence into underscores with python,how to make a sentence into underscores with python write string add dictionary error,3,d3962,0.8865760564804077
q20221,how to make a sentence into underscores with python,how to make a sentence into underscores with python,how to make a sentence into underscores with python write string add dictionary error,4,d14350,0.8865760564804077
q20221,how to make a sentence into underscores with python,how to make a sentence into underscores with python,how to make a sentence into underscores with python write string add dictionary error,5,d10954,0.8865760564804077
q20221,how to make a sentence into underscores with python,how to make a sentence into underscores with python,how to make a sentence into underscores with python write string add dictionary error,6,d4066,0.8865760564804077
q20221,how to make a sentence into underscores with python,how to make a sentence into underscores with python,how to make a sentence into underscores with python write string add dictionary error,7,d4484,0.8865759968757629
q20221,how to make a sentence into underscores with python,how to make a sentence into underscores with python,how to make a sentence into underscores with python write string add dictionary error,8,d15850,0.8865759968757629
q20221,how to make a sentence into underscores with python,how to make a sentence into underscores with python,how to make a sentence into underscores with python write string add dictionary error,9,d1499,0.8802487850189209
q20221,how to make a sentence into underscores with python,how to make a sentence into underscores with python,how to make a sentence into underscores with python write string add dictionary error,10,d7907,0.8802487850189209
q20222,python timestamp remove timezone,python timestamp remove timezone,python timestamp remove timezone delete error update column database,1,d15950,0.8761671781539917
q20222,python timestamp remove timezone,python timestamp remove timezone,python timestamp remove timezone delete error update column database,2,d15958,0.8761671781539917
q20222,python timestamp remove timezone,python timestamp remove timezone,python timestamp remove timezone delete error update column database,3,d3704,0.8761671781539917
q20222,python timestamp remove timezone,python timestamp remove timezone,python timestamp remove timezone delete error update column database,4,d6494,0.8761671781539917
q20222,python timestamp remove timezone,python timestamp remove timezone,python timestamp remove timezone delete error update column database,5,d2608,0.8761671781539917
q20222,python timestamp remove timezone,python timestamp remove timezone,python timestamp remove timezone delete error update column database,6,d7549,0.8761671781539917
q20222,python timestamp remove timezone,python timestamp remove timezone,python timestamp remove timezone delete error update column database,7,d11923,0.8761671781539917
q20222,python timestamp remove timezone,python timestamp remove timezone,python timestamp remove timezone delete error update column database,8,d11092,0.869186520576477
q20222,python timestamp remove timezone,python timestamp remove timezone,python timestamp remove timezone delete error update column database,9,d2188,0.869186520576477
q20222,python timestamp remove timezone,python timestamp remove timezone,python timestamp remove timezone delete error update column database,10,d4899,0.869186520576477
q20223,python sanic change all object id to string,python sanic change all object id to string,python sanic change all object id to string string update add database row,1,d1953,0.8775590658187866
q20223,python sanic change all object id to string,python sanic change all object id to string,python sanic change all object id to string string update add database row,2,d11823,0.8720049858093262
q20223,python sanic change all object id to string,python sanic change all object id to string,python sanic change all object id to string string update add database row,3,d16043,0.8678330183029175
q20223,python sanic change all object id to string,python sanic change all object id to string,python sanic change all object id to string string update add database row,4,d6142,0.8676469922065735
q20223,python sanic change all object id to string,python sanic change all object id to string,python sanic change all object id to string string update add database row,5,d10059,0.8668599128723145
q20223,python sanic change all object id to string,python sanic change all object id to string,python sanic change all object id to string string update add database row,6,d13249,0.8636606931686401
q20223,python sanic change all object id to string,python sanic change all object id to string,python sanic change all object id to string string update add database row,7,d7229,0.8613828420639038
q20223,python sanic change all object id to string,python sanic change all object id to string,python sanic change all object id to string string update add database row,8,d12427,0.8612359762191772
q20223,python sanic change all object id to string,python sanic change all object id to string,python sanic change all object id to string string update add database row,9,d3979,0.8612359762191772
q20223,python sanic change all object id to string,python sanic change all object id to string,python sanic change all object id to string string update add database row,10,d8041,0.8612359762191772
q20224,python mock mark a test as expected failure,python mock mark a test as expected failure,python mock mark a test as expected failure error method condition update parameter,1,d20224,0.8800278902053833
q20224,python mock mark a test as expected failure,python mock mark a test as expected failure,python mock mark a test as expected failure error method condition update parameter,2,d9509,0.8699542284011841
q20224,python mock mark a test as expected failure,python mock mark a test as expected failure,python mock mark a test as expected failure error method condition update parameter,3,d2933,0.8684265613555908
q20224,python mock mark a test as expected failure,python mock mark a test as expected failure,python mock mark a test as expected failure error method condition update parameter,4,d19985,0.8684265613555908
q20224,python mock mark a test as expected failure,python mock mark a test as expected failure,python mock mark a test as expected failure error method condition update parameter,5,d7414,0.8684265613555908
q20224,python mock mark a test as expected failure,python mock mark a test as expected failure,python mock mark a test as expected failure error method condition update parameter,6,d8394,0.8675973415374756
q20224,python mock mark a test as expected failure,python mock mark a test as expected failure,python mock mark a test as expected failure error method condition update parameter,7,d2987,0.8675973415374756
q20224,python mock mark a test as expected failure,python mock mark a test as expected failure,python mock mark a test as expected failure error method condition update parameter,8,d2985,0.8675973415374756
q20224,python mock mark a test as expected failure,python mock mark a test as expected failure,python mock mark a test as expected failure error method condition update parameter,9,d13340,0.8647512197494507
q20224,python mock mark a test as expected failure,python mock mark a test as expected failure,python mock mark a test as expected failure error method condition update parameter,10,d8001,0.8647512197494507
q20225,python get current users desktop,python get current users desktop,python get current users desktop update search integer open file,1,d20225,0.8677456378936768
q20225,python get current users desktop,python get current users desktop,python get current users desktop update search integer open file,2,d18007,0.8522480726242065
q20225,python get current users desktop,python get current users desktop,python get current users desktop update search integer open file,3,d6792,0.8483631014823914
q20225,python get current users desktop,python get current users desktop,python get current users desktop update search integer open file,4,d1791,0.8483631014823914
q20225,python get current users desktop,python get current users desktop,python get current users desktop update search integer open file,5,d12829,0.8483631014823914
q20225,python get current users desktop,python get current users desktop,python get current users desktop update search integer open file,6,d8025,0.8483631014823914
q20225,python get current users desktop,python get current users desktop,python get current users desktop update search integer open file,7,d2534,0.8483631014823914
q20225,python get current users desktop,python get current users desktop,python get current users desktop update search integer open file,8,d10930,0.8483631014823914
q20225,python get current users desktop,python get current users desktop,python get current users desktop update search integer open file,9,d2532,0.8483631014823914
q20225,python get current users desktop,python get current users desktop,python get current users desktop update search integer open file,10,d14953,0.8483631014823914
q20226,python connect to redis in other docker container,python connect to redis in other docker container,python connect to redis in other docker container query update error search delete,1,d3065,0.872833251953125
q20226,python connect to redis in other docker container,python connect to redis in other docker container,python connect to redis in other docker container query update error search delete,2,d20226,0.872833251953125
q20226,python connect to redis in other docker container,python connect to redis in other docker container,python connect to redis in other docker container query update error search delete,3,d15659,0.872833251953125
q20226,python connect to redis in other docker container,python connect to redis in other docker container,python connect to redis in other docker container query update error search delete,4,d3577,0.872833251953125
q20226,python connect to redis in other docker container,python connect to redis in other docker container,python connect to redis in other docker container query update error search delete,5,d4248,0.872833251953125
q20226,python connect to redis in other docker container,python connect to redis in other docker container,python connect to redis in other docker container query update error search delete,6,d11299,0.872833251953125
q20226,python connect to redis in other docker container,python connect to redis in other docker container,python connect to redis in other docker container query update error search delete,7,d14474,0.872833251953125
q20226,python connect to redis in other docker container,python connect to redis in other docker container,python connect to redis in other docker container query update error search delete,8,d3277,0.872833251953125
q20226,python connect to redis in other docker container,python connect to redis in other docker container,python connect to redis in other docker container query update error search delete,9,d10146,0.8722787499427795
q20226,python connect to redis in other docker container,python connect to redis in other docker container,python connect to redis in other docker container query update error search delete,10,d5324,0.8722787499427795
q20227,python subplot second y axis,python subplot second y axis,python subplot second y axis row column parameter data integer,1,d899,0.8881819248199463
q20227,python subplot second y axis,python subplot second y axis,python subplot second y axis row column parameter data integer,2,d5390,0.8881819248199463
q20227,python subplot second y axis,python subplot second y axis,python subplot second y axis row column parameter data integer,3,d9972,0.8881819248199463
q20227,python subplot second y axis,python subplot second y axis,python subplot second y axis row column parameter data integer,4,d7929,0.8881819248199463
q20227,python subplot second y axis,python subplot second y axis,python subplot second y axis row column parameter data integer,5,d15410,0.8881819248199463
q20227,python subplot second y axis,python subplot second y axis,python subplot second y axis row column parameter data integer,6,d7194,0.8881819248199463
q20227,python subplot second y axis,python subplot second y axis,python subplot second y axis row column parameter data integer,7,d3227,0.8881819248199463
q20227,python subplot second y axis,python subplot second y axis,python subplot second y axis row column parameter data integer,8,d13491,0.8881819248199463
q20227,python subplot second y axis,python subplot second y axis,python subplot second y axis row column parameter data integer,9,d10190,0.8877737522125244
q20227,python subplot second y axis,python subplot second y axis,python subplot second y axis row column parameter data integer,10,d6425,0.8771084547042847
q20228,python function to detect first element of list,python function to detect first element of list,python function to detect first element of list list function integer error condition,1,d18225,0.8925455808639526
q20228,python function to detect first element of list,python function to detect first element of list,python function to detect first element of list list function integer error condition,2,d18320,0.8925455808639526
q20228,python function to detect first element of list,python function to detect first element of list,python function to detect first element of list list function integer error condition,3,d19268,0.8925455808639526
q20228,python function to detect first element of list,python function to detect first element of list,python function to detect first element of list list function integer error condition,4,d16792,0.8925455808639526
q20228,python function to detect first element of list,python function to detect first element of list,python function to detect first element of list list function integer error condition,5,d19367,0.8925455808639526
q20228,python function to detect first element of list,python function to detect first element of list,python function to detect first element of list list function integer error condition,6,d17680,0.8925455808639526
q20228,python function to detect first element of list,python function to detect first element of list,python function to detect first element of list list function integer error condition,7,d17856,0.8925455808639526
q20228,python function to detect first element of list,python function to detect first element of list,python function to detect first element of list list function integer error condition,8,d17780,0.8925455808639526
q20228,python function to detect first element of list,python function to detect first element of list,python function to detect first element of list list function integer error condition,9,d20228,0.8925455808639526
q20228,python function to detect first element of list,python function to detect first element of list,python function to detect first element of list list function integer error condition,10,d17223,0.8925455808639526
q20229,how to flip a matrix in python,how to flip a matrix in python,how to flip a matrix in python filter row method integer file,1,d995,0.8544386029243469
q20229,how to flip a matrix in python,how to flip a matrix in python,how to flip a matrix in python filter row method integer file,2,d14710,0.8544386029243469
q20229,how to flip a matrix in python,how to flip a matrix in python,how to flip a matrix in python filter row method integer file,3,d1933,0.8544386029243469
q20229,how to flip a matrix in python,how to flip a matrix in python,how to flip a matrix in python filter row method integer file,4,d13306,0.852817177772522
q20229,how to flip a matrix in python,how to flip a matrix in python,how to flip a matrix in python filter row method integer file,5,d7399,0.851099967956543
q20229,how to flip a matrix in python,how to flip a matrix in python,how to flip a matrix in python filter row method integer file,6,d2863,0.851099967956543
q20229,how to flip a matrix in python,how to flip a matrix in python,how to flip a matrix in python filter row method integer file,7,d16552,0.851099967956543
q20229,how to flip a matrix in python,how to flip a matrix in python,how to flip a matrix in python filter row method integer file,8,d6023,0.851099967956543
q20229,how to flip a matrix in python,how to flip a matrix in python,how to flip a matrix in python filter row method integer file,9,d14135,0.851099967956543
q20229,how to flip a matrix in python,how to flip a matrix in python,how to flip a matrix in python filter row method integer file,10,d12178,0.8504663705825806
q20230,python full name of object from global,python full name of object from global,python full name of object from global variable string database integer column,1,d13744,0.8641059398651123
q20230,python full name of object from global,python full name of object from global,python full name of object from global variable string database integer column,2,d8937,0.8641059398651123
q20230,python full name of object from global,python full name of object from global,python full name of object from global variable string database integer column,3,d19955,0.8641059398651123
q20230,python full name of object from global,python full name of object from global,python full name of object from global variable string database integer column,4,d12249,0.8570237159729004
q20230,python full name of object from global,python full name of object from global,python full name of object from global variable string database integer column,5,d9762,0.8570237159729004
q20230,python full name of object from global,python full name of object from global,python full name of object from global variable string database integer column,6,d6559,0.8570237159729004
q20230,python full name of object from global,python full name of object from global,python full name of object from global variable string database integer column,7,d1309,0.8570237159729004
q20230,python full name of object from global,python full name of object from global,python full name of object from global variable string database integer column,8,d20257,0.8561065196990967
q20230,python full name of object from global,python full name of object from global,python full name of object from global variable string database integer column,9,d3911,0.8561065196990967
q20230,python full name of object from global,python full name of object from global,python full name of object from global variable string database integer column,10,d383,0.8528745770454407
q20231,check if input is an integer or boolean python,check if input is an integer or boolean python,check if input is an integer or boolean python integer boolean error condition search,1,d7535,0.9030051231384277
q20231,check if input is an integer or boolean python,check if input is an integer or boolean python,check if input is an integer or boolean python integer boolean error condition search,2,d3635,0.9030051231384277
q20231,check if input is an integer or boolean python,check if input is an integer or boolean python,check if input is an integer or boolean python integer boolean error condition search,3,d15225,0.9030051231384277
q20231,check if input is an integer or boolean python,check if input is an integer or boolean python,check if input is an integer or boolean python integer boolean error condition search,4,d2200,0.8985527753829956
q20231,check if input is an integer or boolean python,check if input is an integer or boolean python,check if input is an integer or boolean python integer boolean error condition search,5,d19707,0.8985527753829956
q20231,check if input is an integer or boolean python,check if input is an integer or boolean python,check if input is an integer or boolean python integer boolean error condition search,6,d10220,0.8985527753829956
q20231,check if input is an integer or boolean python,check if input is an integer or boolean python,check if input is an integer or boolean python integer boolean error condition search,7,d2235,0.8985527753829956
q20231,check if input is an integer or boolean python,check if input is an integer or boolean python,check if input is an integer or boolean python integer boolean error condition search,8,d722,0.8985527753829956
q20231,check if input is an integer or boolean python,check if input is an integer or boolean python,check if input is an integer or boolean python integer boolean error condition search,9,d13604,0.8985527753829956
q20231,check if input is an integer or boolean python,check if input is an integer or boolean python,check if input is an integer or boolean python integer boolean error condition search,10,d14483,0.8985527753829956
q20232,storing columns as array python,storing columns as array python,storing columns as array python column array row database sort,1,d19889,0.8765506744384766
q20232,storing columns as array python,storing columns as array python,storing columns as array python column array row database sort,2,d5617,0.8765506744384766
q20232,storing columns as array python,storing columns as array python,storing columns as array python column array row database sort,3,d4078,0.8765506148338318
q20232,storing columns as array python,storing columns as array python,storing columns as array python column array row database sort,4,d6209,0.8765506148338318
q20232,storing columns as array python,storing columns as array python,storing columns as array python column array row database sort,5,d15935,0.8765506148338318
q20232,storing columns as array python,storing columns as array python,storing columns as array python column array row database sort,6,d8555,0.8765506148338318
q20232,storing columns as array python,storing columns as array python,storing columns as array python column array row database sort,7,d11697,0.8765506148338318
q20232,storing columns as array python,storing columns as array python,storing columns as array python column array row database sort,8,d11793,0.8765506148338318
q20232,storing columns as array python,storing columns as array python,storing columns as array python column array row database sort,9,d20232,0.8706272840499878
q20232,storing columns as array python,storing columns as array python,storing columns as array python column array row database sort,10,d13775,0.8697984218597412
q20233,create column in python by joining columns,create column in python by joining columns,create column in python by joining columns column write row database query,1,d7746,0.8882124423980713
q20233,create column in python by joining columns,create column in python by joining columns,create column in python by joining columns column write row database query,2,d7744,0.8882124423980713
q20233,create column in python by joining columns,create column in python by joining columns,create column in python by joining columns column write row database query,3,d6443,0.8882124423980713
q20233,create column in python by joining columns,create column in python by joining columns,create column in python by joining columns column write row database query,4,d3333,0.8882124423980713
q20233,create column in python by joining columns,create column in python by joining columns,create column in python by joining columns column write row database query,5,d8774,0.8882124423980713
q20233,create column in python by joining columns,create column in python by joining columns,create column in python by joining columns column write row database query,6,d20233,0.8882124423980713
q20233,create column in python by joining columns,create column in python by joining columns,create column in python by joining columns column write row database query,7,d327,0.8882124423980713
q20233,create column in python by joining columns,create column in python by joining columns,create column in python by joining columns column write row database query,8,d19925,0.8747334480285645
q20233,create column in python by joining columns,create column in python by joining columns,create column in python by joining columns column write row database query,9,d11497,0.8687009215354919
q20233,create column in python by joining columns,create column in python by joining columns,create column in python by joining columns column write row database query,10,d8103,0.8687009215354919
q20234,how to remove blank lines in python file,how to remove blank lines in python file,how to remove blank lines in python file file error delete write method,1,d17536,0.8751311302185059
q20234,how to remove blank lines in python file,how to remove blank lines in python file,how to remove blank lines in python file file error delete write method,2,d16864,0.8751311302185059
q20234,how to remove blank lines in python file,how to remove blank lines in python file,how to remove blank lines in python file file error delete write method,3,d20473,0.8751311302185059
q20234,how to remove blank lines in python file,how to remove blank lines in python file,how to remove blank lines in python file file error delete write method,4,d17210,0.8751311302185059
q20234,how to remove blank lines in python file,how to remove blank lines in python file,how to remove blank lines in python file file error delete write method,5,d17721,0.8751311302185059
q20234,how to remove blank lines in python file,how to remove blank lines in python file,how to remove blank lines in python file file error delete write method,6,d18522,0.8751311302185059
q20234,how to remove blank lines in python file,how to remove blank lines in python file,how to remove blank lines in python file file error delete write method,7,d18316,0.8751311302185059
q20234,how to remove blank lines in python file,how to remove blank lines in python file,how to remove blank lines in python file file error delete write method,8,d18249,0.8751311302185059
q20234,how to remove blank lines in python file,how to remove blank lines in python file,how to remove blank lines in python file file error delete write method,9,d18238,0.8751311302185059
q20234,how to remove blank lines in python file,how to remove blank lines in python file,how to remove blank lines in python file file error delete write method,10,d18617,0.8751311302185059
q20235,how to know size of queue in python,how to know size of queue in python,how to know size of queue in python integer method row function update,1,d16133,0.8593782186508179
q20235,how to know size of queue in python,how to know size of queue in python,how to know size of queue in python integer method row function update,2,d16129,0.8593782186508179
q20235,how to know size of queue in python,how to know size of queue in python,how to know size of queue in python integer method row function update,3,d6843,0.8593782186508179
q20235,how to know size of queue in python,how to know size of queue in python,how to know size of queue in python integer method row function update,4,d20387,0.8593782186508179
q20235,how to know size of queue in python,how to know size of queue in python,how to know size of queue in python integer method row function update,5,d457,0.8593782186508179
q20235,how to know size of queue in python,how to know size of queue in python,how to know size of queue in python integer method row function update,6,d20235,0.8593782186508179
q20235,how to know size of queue in python,how to know size of queue in python,how to know size of queue in python integer method row function update,7,d2794,0.8593782186508179
q20235,how to know size of queue in python,how to know size of queue in python,how to know size of queue in python integer method row function update,8,d18472,0.8519272804260254
q20235,how to know size of queue in python,how to know size of queue in python,how to know size of queue in python integer method row function update,9,d18154,0.8519272804260254
q20235,how to know size of queue in python,how to know size of queue in python,how to know size of queue in python integer method row function update,10,d6762,0.8508447408676147
q20236,python substring index of,python substring index of,python substring index of string integer parameter error function,1,d13259,0.8947228193283081
q20236,python substring index of,python substring index of,python substring index of string integer parameter error function,2,d15748,0.8947228193283081
q20236,python substring index of,python substring index of,python substring index of string integer parameter error function,3,d3747,0.8947228193283081
q20236,python substring index of,python substring index of,python substring index of string integer parameter error function,4,d7604,0.8947228193283081
q20236,python substring index of,python substring index of,python substring index of string integer parameter error function,5,d20236,0.8930505514144897
q20236,python substring index of,python substring index of,python substring index of string integer parameter error function,6,d15153,0.8930505514144897
q20236,python substring index of,python substring index of,python substring index of string integer parameter error function,7,d9934,0.8930505514144897
q20236,python substring index of,python substring index of,python substring index of string integer parameter error function,8,d14975,0.8930505514144897
q20236,python substring index of,python substring index of,python substring index of string integer parameter error function,9,d14389,0.8930505514144897
q20236,python substring index of,python substring index of,python substring index of string integer parameter error function,10,d9641,0.8930505514144897
q20237,comparing int to none python,comparing int to none python,comparing int to none python integer error query variable parameter,1,d17356,0.8750861287117004
q20237,comparing int to none python,comparing int to none python,comparing int to none python integer error query variable parameter,2,d18659,0.8750861287117004
q20237,comparing int to none python,comparing int to none python,comparing int to none python integer error query variable parameter,3,d19279,0.8750861287117004
q20237,comparing int to none python,comparing int to none python,comparing int to none python integer error query variable parameter,4,d16903,0.8750861287117004
q20237,comparing int to none python,comparing int to none python,comparing int to none python integer error query variable parameter,5,d16622,0.8750861287117004
q20237,comparing int to none python,comparing int to none python,comparing int to none python integer error query variable parameter,6,d19105,0.8750861287117004
q20237,comparing int to none python,comparing int to none python,comparing int to none python integer error query variable parameter,7,d16641,0.8750861287117004
q20237,comparing int to none python,comparing int to none python,comparing int to none python integer error query variable parameter,8,d17245,0.8750861287117004
q20237,comparing int to none python,comparing int to none python,comparing int to none python integer error query variable parameter,9,d20237,0.8750861287117004
q20237,comparing int to none python,comparing int to none python,comparing int to none python integer error query variable parameter,10,d18813,0.8750861287117004
q20238,json to protobuf python,json to protobuf python,json to protobuf python parameter update database error query,1,d16361,0.8782167434692383
q20238,json to protobuf python,json to protobuf python,json to protobuf python parameter update database error query,2,d14150,0.8782167434692383
q20238,json to protobuf python,json to protobuf python,json to protobuf python parameter update database error query,3,d3703,0.8782167434692383
q20238,json to protobuf python,json to protobuf python,json to protobuf python parameter update database error query,4,d3927,0.8782167434692383
q20238,json to protobuf python,json to protobuf python,json to protobuf python parameter update database error query,5,d8111,0.8782167434692383
q20238,json to protobuf python,json to protobuf python,json to protobuf python parameter update database error query,6,d20238,0.8782167434692383
q20238,json to protobuf python,json to protobuf python,json to protobuf python parameter update database error query,7,d12124,0.8782167434692383
q20238,json to protobuf python,json to protobuf python,json to protobuf python parameter update database error query,8,d16357,0.867943525314331
q20238,json to protobuf python,json to protobuf python,json to protobuf python parameter update database error query,9,d19744,0.867943525314331
q20238,json to protobuf python,json to protobuf python,json to protobuf python parameter update database error query,10,d1246,0.8657104969024658
q20239,how to join 2 data frames in python,how to join 2 data frames in python,how to join 2 data frames in python database data row error column,1,d16217,0.8985012173652649
q20239,how to join 2 data frames in python,how to join 2 data frames in python,how to join 2 data frames in python database data row error column,2,d902,0.8985012173652649
q20239,how to join 2 data frames in python,how to join 2 data frames in python,how to join 2 data frames in python database data row error column,3,d9174,0.8985012173652649
q20239,how to join 2 data frames in python,how to join 2 data frames in python,how to join 2 data frames in python database data row error column,4,d20366,0.8985012173652649
q20239,how to join 2 data frames in python,how to join 2 data frames in python,how to join 2 data frames in python database data row error column,5,d19622,0.8985012173652649
q20239,how to join 2 data frames in python,how to join 2 data frames in python,how to join 2 data frames in python database data row error column,6,d2677,0.8985012173652649
q20239,how to join 2 data frames in python,how to join 2 data frames in python,how to join 2 data frames in python database data row error column,7,d2911,0.8985012173652649
q20239,how to join 2 data frames in python,how to join 2 data frames in python,how to join 2 data frames in python database data row error column,8,d20239,0.8985012173652649
q20239,how to join 2 data frames in python,how to join 2 data frames in python,how to join 2 data frames in python database data row error column,9,d3282,0.8985012173652649
q20239,how to join 2 data frames in python,how to join 2 data frames in python,how to join 2 data frames in python database data row error column,10,d14580,0.8633501529693604
q20240,how to product of a list in python,how to product of a list in python,how to product of a list in python list method integer function write,1,d7527,0.8698438405990601
q20240,how to product of a list in python,how to product of a list in python,how to product of a list in python list method integer function write,2,d13668,0.8698438405990601
q20240,how to product of a list in python,how to product of a list in python,how to product of a list in python list method integer function write,3,d2839,0.8698438405990601
q20240,how to product of a list in python,how to product of a list in python,how to product of a list in python list method integer function write,4,d16353,0.8698438405990601
q20240,how to product of a list in python,how to product of a list in python,how to product of a list in python list method integer function write,5,d7783,0.8643481135368347
q20240,how to product of a list in python,how to product of a list in python,how to product of a list in python list method integer function write,6,d5271,0.8643481135368347
q20240,how to product of a list in python,how to product of a list in python,how to product of a list in python list method integer function write,7,d11137,0.8643481135368347
q20240,how to product of a list in python,how to product of a list in python,how to product of a list in python list method integer function write,8,d12775,0.8643481135368347
q20240,how to product of a list in python,how to product of a list in python,how to product of a list in python list method integer function write,9,d14093,0.8643481135368347
q20240,how to product of a list in python,how to product of a list in python,how to product of a list in python list method integer function write,10,d5082,0.8643481135368347
q20241,get all dates between range datetime python,get all dates between range datetime python,get all dates between range datetime python integer data search get update,1,d2755,0.8882297277450562
q20241,get all dates between range datetime python,get all dates between range datetime python,get all dates between range datetime python integer data search get update,2,d6775,0.8882297277450562
q20241,get all dates between range datetime python,get all dates between range datetime python,get all dates between range datetime python integer data search get update,3,d644,0.8882297277450562
q20241,get all dates between range datetime python,get all dates between range datetime python,get all dates between range datetime python integer data search get update,4,d20241,0.8882297277450562
q20241,get all dates between range datetime python,get all dates between range datetime python,get all dates between range datetime python integer data search get update,5,d13455,0.8882297277450562
q20241,get all dates between range datetime python,get all dates between range datetime python,get all dates between range datetime python integer data search get update,6,d7396,0.8882297277450562
q20241,get all dates between range datetime python,get all dates between range datetime python,get all dates between range datetime python integer data search get update,7,d117,0.8717215061187744
q20241,get all dates between range datetime python,get all dates between range datetime python,get all dates between range datetime python integer data search get update,8,d9416,0.8711630702018738
q20241,get all dates between range datetime python,get all dates between range datetime python,get all dates between range datetime python integer data search get update,9,d13038,0.8711630702018738
q20241,get all dates between range datetime python,get all dates between range datetime python,get all dates between range datetime python integer data search get update,10,d2439,0.8711630702018738
q20242,python access file on remote,python access file on remote,python access file on remote file error open update database,1,d11823,0.8545231819152832
q20242,python access file on remote,python access file on remote,python access file on remote file error open update database,2,d2002,0.8518663644790649
q20242,python access file on remote,python access file on remote,python access file on remote file error open update database,3,d5294,0.8518663644790649
q20242,python access file on remote,python access file on remote,python access file on remote file error open update database,4,d1837,0.8518663644790649
q20242,python access file on remote,python access file on remote,python access file on remote file error open update database,5,d13704,0.8518663644790649
q20242,python access file on remote,python access file on remote,python access file on remote file error open update database,6,d4886,0.8518663644790649
q20242,python access file on remote,python access file on remote,python access file on remote file error open update database,7,d9544,0.8518663644790649
q20242,python access file on remote,python access file on remote,python access file on remote file error open update database,8,d9058,0.8518663644790649
q20242,python access file on remote,python access file on remote,python access file on remote file error open update database,9,d19694,0.8518663644790649
q20242,python access file on remote,python access file on remote,python access file on remote file error open update database,10,d14246,0.8516713380813599
q20243,how to download txt file from internet in python,how to download txt file from internet in python,how to download txt file from internet in python file update search error database,1,d1215,0.8555865287780762
q20243,how to download txt file from internet in python,how to download txt file from internet in python,how to download txt file from internet in python file update search error database,2,d1588,0.8555865287780762
q20243,how to download txt file from internet in python,how to download txt file from internet in python,how to download txt file from internet in python file update search error database,3,d1004,0.8537176251411438
q20243,how to download txt file from internet in python,how to download txt file from internet in python,how to download txt file from internet in python file update search error database,4,d15558,0.8475295305252075
q20243,how to download txt file from internet in python,how to download txt file from internet in python,how to download txt file from internet in python file update search error database,5,d4621,0.8466771841049194
q20243,how to download txt file from internet in python,how to download txt file from internet in python,how to download txt file from internet in python file update search error database,6,d13748,0.845433235168457
q20243,how to download txt file from internet in python,how to download txt file from internet in python,how to download txt file from internet in python file update search error database,7,d2661,0.8425754308700562
q20243,how to download txt file from internet in python,how to download txt file from internet in python,how to download txt file from internet in python file update search error database,8,d14190,0.8425754308700562
q20243,how to download txt file from internet in python,how to download txt file from internet in python,how to download txt file from internet in python file update search error database,9,d13696,0.8425754308700562
q20243,how to download txt file from internet in python,how to download txt file from internet in python,how to download txt file from internet in python file update search error database,10,d15609,0.8425754308700562
q20244,stopwords list remove python,stopwords list remove python,stopwords list remove python delete list dictionary error row,1,d1369,0.8938120007514954
q20244,stopwords list remove python,stopwords list remove python,stopwords list remove python delete list dictionary error row,2,d20244,0.8938120007514954
q20244,stopwords list remove python,stopwords list remove python,stopwords list remove python delete list dictionary error row,3,d12144,0.8938120007514954
q20244,stopwords list remove python,stopwords list remove python,stopwords list remove python delete list dictionary error row,4,d7617,0.8938120007514954
q20244,stopwords list remove python,stopwords list remove python,stopwords list remove python delete list dictionary error row,5,d6899,0.8938120007514954
q20244,stopwords list remove python,stopwords list remove python,stopwords list remove python delete list dictionary error row,6,d10726,0.8938120007514954
q20244,stopwords list remove python,stopwords list remove python,stopwords list remove python delete list dictionary error row,7,d11867,0.8665300607681274
q20244,stopwords list remove python,stopwords list remove python,stopwords list remove python delete list dictionary error row,8,d19838,0.8665300607681274
q20244,stopwords list remove python,stopwords list remove python,stopwords list remove python delete list dictionary error row,9,d18059,0.8650186061859131
q20244,stopwords list remove python,stopwords list remove python,stopwords list remove python delete list dictionary error row,10,d17950,0.8650186061859131
q20245,limit on open file handles in python,limit on open file handles in python,limit on open file handles in python open file error close integer,1,d20245,0.8983993530273438
q20245,limit on open file handles in python,limit on open file handles in python,limit on open file handles in python open file error close integer,2,d14025,0.8983993530273438
q20245,limit on open file handles in python,limit on open file handles in python,limit on open file handles in python open file error close integer,3,d4738,0.8983993530273438
q20245,limit on open file handles in python,limit on open file handles in python,limit on open file handles in python open file error close integer,4,d16126,0.8689291477203369
q20245,limit on open file handles in python,limit on open file handles in python,limit on open file handles in python open file error close integer,5,d15694,0.8689291477203369
q20245,limit on open file handles in python,limit on open file handles in python,limit on open file handles in python open file error close integer,6,d2866,0.8689291477203369
q20245,limit on open file handles in python,limit on open file handles in python,limit on open file handles in python open file error close integer,7,d13835,0.8614514470100403
q20245,limit on open file handles in python,limit on open file handles in python,limit on open file handles in python open file error close integer,8,d11724,0.8614514470100403
q20245,limit on open file handles in python,limit on open file handles in python,limit on open file handles in python open file error close integer,9,d15951,0.8614514470100403
q20245,limit on open file handles in python,limit on open file handles in python,limit on open file handles in python open file error close integer,10,d3306,0.8614514470100403
q20246,determine the longest sentence in corpus in nlp python ocde,determine the longest sentence in corpus in nlp python ocde,determine the longest sentence in corpus in nlp python ocde loop string error delete condition,1,d19241,0.8747814893722534
q20246,determine the longest sentence in corpus in nlp python ocde,determine the longest sentence in corpus in nlp python ocde,determine the longest sentence in corpus in nlp python ocde loop string error delete condition,2,d18875,0.8747814893722534
q20246,determine the longest sentence in corpus in nlp python ocde,determine the longest sentence in corpus in nlp python ocde,determine the longest sentence in corpus in nlp python ocde loop string error delete condition,3,d18052,0.8747814893722534
q20246,determine the longest sentence in corpus in nlp python ocde,determine the longest sentence in corpus in nlp python ocde,determine the longest sentence in corpus in nlp python ocde loop string error delete condition,4,d17731,0.8747814297676086
q20246,determine the longest sentence in corpus in nlp python ocde,determine the longest sentence in corpus in nlp python ocde,determine the longest sentence in corpus in nlp python ocde loop string error delete condition,5,d17057,0.8747814297676086
q20246,determine the longest sentence in corpus in nlp python ocde,determine the longest sentence in corpus in nlp python ocde,determine the longest sentence in corpus in nlp python ocde loop string error delete condition,6,d17499,0.8747814297676086
q20246,determine the longest sentence in corpus in nlp python ocde,determine the longest sentence in corpus in nlp python ocde,determine the longest sentence in corpus in nlp python ocde loop string error delete condition,7,d18803,0.8747814297676086
q20246,determine the longest sentence in corpus in nlp python ocde,determine the longest sentence in corpus in nlp python ocde,determine the longest sentence in corpus in nlp python ocde loop string error delete condition,8,d17789,0.8747814297676086
q20246,determine the longest sentence in corpus in nlp python ocde,determine the longest sentence in corpus in nlp python ocde,determine the longest sentence in corpus in nlp python ocde loop string error delete condition,9,d17735,0.8717978000640869
q20246,determine the longest sentence in corpus in nlp python ocde,determine the longest sentence in corpus in nlp python ocde,determine the longest sentence in corpus in nlp python ocde loop string error delete condition,10,d18589,0.8701703548431396
q20247,python deterministic dictionary printing,python deterministic dictionary printing,python deterministic dictionary printing dictionary error query integer parameter,1,d17108,0.8700578212738037
q20247,python deterministic dictionary printing,python deterministic dictionary printing,python deterministic dictionary printing dictionary error query integer parameter,2,d18646,0.8700578212738037
q20247,python deterministic dictionary printing,python deterministic dictionary printing,python deterministic dictionary printing dictionary error query integer parameter,3,d19081,0.8700578212738037
q20247,python deterministic dictionary printing,python deterministic dictionary printing,python deterministic dictionary printing dictionary error query integer parameter,4,d19626,0.8700578212738037
q20247,python deterministic dictionary printing,python deterministic dictionary printing,python deterministic dictionary printing dictionary error query integer parameter,5,d19169,0.8700578212738037
q20247,python deterministic dictionary printing,python deterministic dictionary printing,python deterministic dictionary printing dictionary error query integer parameter,6,d5502,0.8669753074645996
q20247,python deterministic dictionary printing,python deterministic dictionary printing,python deterministic dictionary printing dictionary error query integer parameter,7,d13660,0.8669753074645996
q20247,python deterministic dictionary printing,python deterministic dictionary printing,python deterministic dictionary printing dictionary error query integer parameter,8,d10019,0.8626071214675903
q20247,python deterministic dictionary printing,python deterministic dictionary printing,python deterministic dictionary printing dictionary error query integer parameter,9,d3416,0.8565376996994019
q20247,python deterministic dictionary printing,python deterministic dictionary printing,python deterministic dictionary printing dictionary error query integer parameter,10,d2927,0.8565376996994019
q20248,remove namespace from xml tag python,remove namespace from xml tag python,remove namespace from xml tag python error delete query close update,1,d18156,0.8990192413330078
q20248,remove namespace from xml tag python,remove namespace from xml tag python,remove namespace from xml tag python error delete query close update,2,d11658,0.8841065168380737
q20248,remove namespace from xml tag python,remove namespace from xml tag python,remove namespace from xml tag python error delete query close update,3,d20248,0.8783462047576904
q20248,remove namespace from xml tag python,remove namespace from xml tag python,remove namespace from xml tag python error delete query close update,4,d12162,0.8783462047576904
q20248,remove namespace from xml tag python,remove namespace from xml tag python,remove namespace from xml tag python error delete query close update,5,d3934,0.8783462047576904
q20248,remove namespace from xml tag python,remove namespace from xml tag python,remove namespace from xml tag python error delete query close update,6,d155,0.8754156827926636
q20248,remove namespace from xml tag python,remove namespace from xml tag python,remove namespace from xml tag python error delete query close update,7,d7425,0.8741189241409302
q20248,remove namespace from xml tag python,remove namespace from xml tag python,remove namespace from xml tag python error delete query close update,8,d10854,0.8667834401130676
q20248,remove namespace from xml tag python,remove namespace from xml tag python,remove namespace from xml tag python error delete query close update,9,d11276,0.8632251024246216
q20248,remove namespace from xml tag python,remove namespace from xml tag python,remove namespace from xml tag python error delete query close update,10,d6062,0.8632251024246216
q20249,fill is null with other columns python,fill is null with other columns python,fill is null with other columns python column error filter file row,1,d7793,0.9001739025115967
q20249,fill is null with other columns python,fill is null with other columns python,fill is null with other columns python column error filter file row,2,d8958,0.9001739025115967
q20249,fill is null with other columns python,fill is null with other columns python,fill is null with other columns python column error filter file row,3,d2666,0.9001739025115967
q20249,fill is null with other columns python,fill is null with other columns python,fill is null with other columns python column error filter file row,4,d2364,0.9001739025115967
q20249,fill is null with other columns python,fill is null with other columns python,fill is null with other columns python column error filter file row,5,d4876,0.9001739025115967
q20249,fill is null with other columns python,fill is null with other columns python,fill is null with other columns python column error filter file row,6,d13719,0.8669559955596924
q20249,fill is null with other columns python,fill is null with other columns python,fill is null with other columns python column error filter file row,7,d11631,0.8669559955596924
q20249,fill is null with other columns python,fill is null with other columns python,fill is null with other columns python column error filter file row,8,d14173,0.8669559955596924
q20249,fill is null with other columns python,fill is null with other columns python,fill is null with other columns python column error filter file row,9,d6874,0.8669559955596924
q20249,fill is null with other columns python,fill is null with other columns python,fill is null with other columns python column error filter file row,10,d20025,0.8669559955596924
q20250,python async input from gui,python async input from gui,python async input from gui error file loop update return,1,d20250,0.8853169679641724
q20250,python async input from gui,python async input from gui,python async input from gui error file loop update return,2,d16258,0.8853169679641724
q20250,python async input from gui,python async input from gui,python async input from gui error file loop update return,3,d4944,0.8853169679641724
q20250,python async input from gui,python async input from gui,python async input from gui error file loop update return,4,d2946,0.8853169679641724
q20250,python async input from gui,python async input from gui,python async input from gui error file loop update return,5,d1140,0.8853169679641724
q20250,python async input from gui,python async input from gui,python async input from gui error file loop update return,6,d9133,0.8853169679641724
q20250,python async input from gui,python async input from gui,python async input from gui error file loop update return,7,d9137,0.8853169679641724
q20250,python async input from gui,python async input from gui,python async input from gui error file loop update return,8,d2781,0.8853169679641724
q20250,python async input from gui,python async input from gui,python async input from gui error file loop update return,9,d16413,0.8853169679641724
q20250,python async input from gui,python async input from gui,python async input from gui error file loop update return,10,d6511,0.8650994300842285
q20251,how to identify the index of an element of a set in python,how to identify the index of an element of a set in python,how to identify the index of an element of a set in python integer parameter error method function,1,d15021,0.8808519244194031
q20251,how to identify the index of an element of a set in python,how to identify the index of an element of a set in python,how to identify the index of an element of a set in python integer parameter error method function,2,d8862,0.8808519244194031
q20251,how to identify the index of an element of a set in python,how to identify the index of an element of a set in python,how to identify the index of an element of a set in python integer parameter error method function,3,d9167,0.8808519244194031
q20251,how to identify the index of an element of a set in python,how to identify the index of an element of a set in python,how to identify the index of an element of a set in python integer parameter error method function,4,d7018,0.8808519244194031
q20251,how to identify the index of an element of a set in python,how to identify the index of an element of a set in python,how to identify the index of an element of a set in python integer parameter error method function,5,d2782,0.8808519244194031
q20251,how to identify the index of an element of a set in python,how to identify the index of an element of a set in python,how to identify the index of an element of a set in python integer parameter error method function,6,d4986,0.8808519244194031
q20251,how to identify the index of an element of a set in python,how to identify the index of an element of a set in python,how to identify the index of an element of a set in python integer parameter error method function,7,d11048,0.8808519244194031
q20251,how to identify the index of an element of a set in python,how to identify the index of an element of a set in python,how to identify the index of an element of a set in python integer parameter error method function,8,d3391,0.8808519244194031
q20251,how to identify the index of an element of a set in python,how to identify the index of an element of a set in python,how to identify the index of an element of a set in python integer parameter error method function,9,d4702,0.8808519244194031
q20251,how to identify the index of an element of a set in python,how to identify the index of an element of a set in python,how to identify the index of an element of a set in python integer parameter error method function,10,d15194,0.8753570914268494
q20252,python 3 print object string,python 3 print object string,python 3 print object string string parameter integer row variable,1,d3182,0.8817565441131592
q20252,python 3 print object string,python 3 print object string,python 3 print object string string parameter integer row variable,2,d5352,0.8817565441131592
q20252,python 3 print object string,python 3 print object string,python 3 print object string string parameter integer row variable,3,d12101,0.8817565441131592
q20252,python 3 print object string,python 3 print object string,python 3 print object string string parameter integer row variable,4,d9470,0.8817565441131592
q20252,python 3 print object string,python 3 print object string,python 3 print object string string parameter integer row variable,5,d14275,0.8751707673072815
q20252,python 3 print object string,python 3 print object string,python 3 print object string string parameter integer row variable,6,d7550,0.8702043294906616
q20252,python 3 print object string,python 3 print object string,python 3 print object string string parameter integer row variable,7,d15433,0.8702043294906616
q20252,python 3 print object string,python 3 print object string,python 3 print object string string parameter integer row variable,8,d11775,0.8702043294906616
q20252,python 3 print object string,python 3 print object string,python 3 print object string string parameter integer row variable,9,d20556,0.8702043294906616
q20252,python 3 print object string,python 3 print object string,python 3 print object string string parameter integer row variable,10,d16377,0.8702043294906616
q20253,python get most recent file containing string,python get most recent file containing string,python get most recent file containing string file string search update database,1,d12431,0.8639631271362305
q20253,python get most recent file containing string,python get most recent file containing string,python get most recent file containing string file string search update database,2,d8883,0.8639631271362305
q20253,python get most recent file containing string,python get most recent file containing string,python get most recent file containing string file string search update database,3,d20253,0.8639631271362305
q20253,python get most recent file containing string,python get most recent file containing string,python get most recent file containing string file string search update database,4,d4691,0.8639631271362305
q20253,python get most recent file containing string,python get most recent file containing string,python get most recent file containing string file string search update database,5,d1119,0.8639631271362305
q20253,python get most recent file containing string,python get most recent file containing string,python get most recent file containing string file string search update database,6,d16363,0.8639631271362305
q20253,python get most recent file containing string,python get most recent file containing string,python get most recent file containing string file string search update database,7,d15059,0.8639631271362305
q20253,python get most recent file containing string,python get most recent file containing string,python get most recent file containing string file string search update database,8,d10061,0.8639631271362305
q20253,python get most recent file containing string,python get most recent file containing string,python get most recent file containing string file string search update database,9,d4030,0.8639631271362305
q20253,python get most recent file containing string,python get most recent file containing string,python get most recent file containing string file string search update database,10,d11166,0.8617631196975708
q20254,python sqlite3 delete doesn't delete records,python sqlite3 delete doesn't delete records,python sqlite3 delete doesn't delete records delete error database row file,1,d13396,0.8854978680610657
q20254,python sqlite3 delete doesn't delete records,python sqlite3 delete doesn't delete records,python sqlite3 delete doesn't delete records delete error database row file,2,d1397,0.869120717048645
q20254,python sqlite3 delete doesn't delete records,python sqlite3 delete doesn't delete records,python sqlite3 delete doesn't delete records delete error database row file,3,d6567,0.8635592460632324
q20254,python sqlite3 delete doesn't delete records,python sqlite3 delete doesn't delete records,python sqlite3 delete doesn't delete records delete error database row file,4,d14749,0.8635592460632324
q20254,python sqlite3 delete doesn't delete records,python sqlite3 delete doesn't delete records,python sqlite3 delete doesn't delete records delete error database row file,5,d10996,0.8635592460632324
q20254,python sqlite3 delete doesn't delete records,python sqlite3 delete doesn't delete records,python sqlite3 delete doesn't delete records delete error database row file,6,d3107,0.8635592460632324
q20254,python sqlite3 delete doesn't delete records,python sqlite3 delete doesn't delete records,python sqlite3 delete doesn't delete records delete error database row file,7,d14929,0.8635592460632324
q20254,python sqlite3 delete doesn't delete records,python sqlite3 delete doesn't delete records,python sqlite3 delete doesn't delete records delete error database row file,8,d14924,0.8635592460632324
q20254,python sqlite3 delete doesn't delete records,python sqlite3 delete doesn't delete records,python sqlite3 delete doesn't delete records delete error database row file,9,d8595,0.8635592460632324
q20254,python sqlite3 delete doesn't delete records,python sqlite3 delete doesn't delete records,python sqlite3 delete doesn't delete records delete error database row file,10,d16412,0.8632820844650269
q20255,python apply function to iterator,python apply function to iterator,python apply function to iterator function integer error add loop,1,d7241,0.8676515817642212
q20255,python apply function to iterator,python apply function to iterator,python apply function to iterator function integer error add loop,2,d17107,0.8663600087165833
q20255,python apply function to iterator,python apply function to iterator,python apply function to iterator function integer error add loop,3,d19786,0.865391731262207
q20255,python apply function to iterator,python apply function to iterator,python apply function to iterator function integer error add loop,4,d10361,0.865391731262207
q20255,python apply function to iterator,python apply function to iterator,python apply function to iterator function integer error add loop,5,d10364,0.865391731262207
q20255,python apply function to iterator,python apply function to iterator,python apply function to iterator function integer error add loop,6,d10148,0.865391731262207
q20255,python apply function to iterator,python apply function to iterator,python apply function to iterator function integer error add loop,7,d20508,0.865391731262207
q20255,python apply function to iterator,python apply function to iterator,python apply function to iterator function integer error add loop,8,d4242,0.865391731262207
q20255,python apply function to iterator,python apply function to iterator,python apply function to iterator function integer error add loop,9,d4133,0.865391731262207
q20255,python apply function to iterator,python apply function to iterator,python apply function to iterator function integer error add loop,10,d13171,0.8649027347564697
q20256,use python next to iterate through,use python next to iterate through,use python next to iterate through write integer close loop query,1,d15708,0.884082555770874
q20256,use python next to iterate through,use python next to iterate through,use python next to iterate through write integer close loop query,2,d13167,0.884082555770874
q20256,use python next to iterate through,use python next to iterate through,use python next to iterate through write integer close loop query,3,d4115,0.874477744102478
q20256,use python next to iterate through,use python next to iterate through,use python next to iterate through write integer close loop query,4,d1966,0.874477744102478
q20256,use python next to iterate through,use python next to iterate through,use python next to iterate through write integer close loop query,5,d15279,0.874477744102478
q20256,use python next to iterate through,use python next to iterate through,use python next to iterate through write integer close loop query,6,d7786,0.874477744102478
q20256,use python next to iterate through,use python next to iterate through,use python next to iterate through write integer close loop query,7,d15240,0.874477744102478
q20256,use python next to iterate through,use python next to iterate through,use python next to iterate through write integer close loop query,8,d650,0.874477744102478
q20256,use python next to iterate through,use python next to iterate through,use python next to iterate through write integer close loop query,9,d752,0.874477744102478
q20256,use python next to iterate through,use python next to iterate through,use python next to iterate through write integer close loop query,10,d14778,0.874477744102478
q20257,how to print all the variables in an object python,how to print all the variables in an object python,how to print all the variables in an object python variable integer parameter row method,1,d9470,0.8957891464233398
q20257,how to print all the variables in an object python,how to print all the variables in an object python,how to print all the variables in an object python variable integer parameter row method,2,d5352,0.8957891464233398
q20257,how to print all the variables in an object python,how to print all the variables in an object python,how to print all the variables in an object python variable integer parameter row method,3,d12101,0.8957891464233398
q20257,how to print all the variables in an object python,how to print all the variables in an object python,how to print all the variables in an object python variable integer parameter row method,4,d3182,0.8957891464233398
q20257,how to print all the variables in an object python,how to print all the variables in an object python,how to print all the variables in an object python variable integer parameter row method,5,d3812,0.864072322845459
q20257,how to print all the variables in an object python,how to print all the variables in an object python,how to print all the variables in an object python variable integer parameter row method,6,d2179,0.864072322845459
q20257,how to print all the variables in an object python,how to print all the variables in an object python,how to print all the variables in an object python variable integer parameter row method,7,d16458,0.8616653084754944
q20257,how to print all the variables in an object python,how to print all the variables in an object python,how to print all the variables in an object python variable integer parameter row method,8,d3911,0.8601479530334473
q20257,how to print all the variables in an object python,how to print all the variables in an object python,how to print all the variables in an object python variable integer parameter row method,9,d20257,0.8601479530334473
q20257,how to print all the variables in an object python,how to print all the variables in an object python,how to print all the variables in an object python variable integer parameter row method,10,d13506,0.8589532375335693
q20258,how to determine the index interval for given range of array python,how to determine the index interval for given range of array python,how to determine the index interval for given range of array python integer array error parameter condition,1,d6235,0.8754547834396362
q20258,how to determine the index interval for given range of array python,how to determine the index interval for given range of array python,how to determine the index interval for given range of array python integer array error parameter condition,2,d11083,0.8728853464126587
q20258,how to determine the index interval for given range of array python,how to determine the index interval for given range of array python,how to determine the index interval for given range of array python integer array error parameter condition,3,d15194,0.8728853464126587
q20258,how to determine the index interval for given range of array python,how to determine the index interval for given range of array python,how to determine the index interval for given range of array python integer array error parameter condition,4,d4815,0.8695014715194702
q20258,how to determine the index interval for given range of array python,how to determine the index interval for given range of array python,how to determine the index interval for given range of array python integer array error parameter condition,5,d8189,0.8695014715194702
q20258,how to determine the index interval for given range of array python,how to determine the index interval for given range of array python,how to determine the index interval for given range of array python integer array error parameter condition,6,d16271,0.8695014715194702
q20258,how to determine the index interval for given range of array python,how to determine the index interval for given range of array python,how to determine the index interval for given range of array python integer array error parameter condition,7,d964,0.8695014715194702
q20258,how to determine the index interval for given range of array python,how to determine the index interval for given range of array python,how to determine the index interval for given range of array python integer array error parameter condition,8,d16251,0.8695014715194702
q20258,how to determine the index interval for given range of array python,how to determine the index interval for given range of array python,how to determine the index interval for given range of array python integer array error parameter condition,9,d9216,0.8695014715194702
q20258,how to determine the index interval for given range of array python,how to determine the index interval for given range of array python,how to determine the index interval for given range of array python integer array error parameter condition,10,d8753,0.8695014715194702
q20259,python print numpy array with string,python print numpy array with string,python print numpy array with string string array integer loop parameter,1,d2293,0.8753812313079834
q20259,python print numpy array with string,python print numpy array with string,python print numpy array with string string array integer loop parameter,2,d8363,0.8753812313079834
q20259,python print numpy array with string,python print numpy array with string,python print numpy array with string string array integer loop parameter,3,d13674,0.8753812313079834
q20259,python print numpy array with string,python print numpy array with string,python print numpy array with string string array integer loop parameter,4,d864,0.8753812313079834
q20259,python print numpy array with string,python print numpy array with string,python print numpy array with string string array integer loop parameter,5,d624,0.8753812313079834
q20259,python print numpy array with string,python print numpy array with string,python print numpy array with string string array integer loop parameter,6,d6593,0.8753812313079834
q20259,python print numpy array with string,python print numpy array with string,python print numpy array with string string array integer loop parameter,7,d12577,0.8753812313079834
q20259,python print numpy array with string,python print numpy array with string,python print numpy array with string string array integer loop parameter,8,d5108,0.8753811717033386
q20259,python print numpy array with string,python print numpy array with string,python print numpy array with string string array integer loop parameter,9,d12330,0.8753811717033386
q20259,python print numpy array with string,python print numpy array with string,python print numpy array with string string array integer loop parameter,10,d7292,0.8718019723892212
q20260,python assert value is of type,python assert value is of type,python assert value is of type error variable condition integer method,1,d15252,0.8881991505622864
q20260,python assert value is of type,python assert value is of type,python assert value is of type error variable condition integer method,2,d6292,0.8881991505622864
q20260,python assert value is of type,python assert value is of type,python assert value is of type error variable condition integer method,3,d13977,0.8881991505622864
q20260,python assert value is of type,python assert value is of type,python assert value is of type error variable condition integer method,4,d19773,0.8881991505622864
q20260,python assert value is of type,python assert value is of type,python assert value is of type error variable condition integer method,5,d3650,0.8881991505622864
q20260,python assert value is of type,python assert value is of type,python assert value is of type error variable condition integer method,6,d1887,0.8881991505622864
q20260,python assert value is of type,python assert value is of type,python assert value is of type error variable condition integer method,7,d8228,0.8881991505622864
q20260,python assert value is of type,python assert value is of type,python assert value is of type error variable condition integer method,8,d20260,0.8881991505622864
q20260,python assert value is of type,python assert value is of type,python assert value is of type error variable condition integer method,9,d16474,0.8881991505622864
q20260,python assert value is of type,python assert value is of type,python assert value is of type error variable condition integer method,10,d8238,0.8825912475585938
q20261,python multiproccessing map with multiple inputs,python multiproccessing map with multiple inputs,python multiproccessing map with multiple inputs integer parameter function update loop,1,d7243,0.875460684299469
q20261,python multiproccessing map with multiple inputs,python multiproccessing map with multiple inputs,python multiproccessing map with multiple inputs integer parameter function update loop,2,d18455,0.8683981895446777
q20261,python multiproccessing map with multiple inputs,python multiproccessing map with multiple inputs,python multiproccessing map with multiple inputs integer parameter function update loop,3,d9331,0.8664432168006897
q20261,python multiproccessing map with multiple inputs,python multiproccessing map with multiple inputs,python multiproccessing map with multiple inputs integer parameter function update loop,4,d3965,0.8664432168006897
q20261,python multiproccessing map with multiple inputs,python multiproccessing map with multiple inputs,python multiproccessing map with multiple inputs integer parameter function update loop,5,d948,0.8664432168006897
q20261,python multiproccessing map with multiple inputs,python multiproccessing map with multiple inputs,python multiproccessing map with multiple inputs integer parameter function update loop,6,d13364,0.8664432168006897
q20261,python multiproccessing map with multiple inputs,python multiproccessing map with multiple inputs,python multiproccessing map with multiple inputs integer parameter function update loop,7,d3019,0.8664432168006897
q20261,python multiproccessing map with multiple inputs,python multiproccessing map with multiple inputs,python multiproccessing map with multiple inputs integer parameter function update loop,8,d7247,0.8664432168006897
q20261,python multiproccessing map with multiple inputs,python multiproccessing map with multiple inputs,python multiproccessing map with multiple inputs integer parameter function update loop,9,d4445,0.8664016723632812
q20261,python multiproccessing map with multiple inputs,python multiproccessing map with multiple inputs,python multiproccessing map with multiple inputs integer parameter function update loop,10,d9952,0.8664016723632812
q20262,python add suffix to filename,python add suffix to filename,python add suffix to filename add file error update string,1,d20131,0.9123196601867676
q20262,python add suffix to filename,python add suffix to filename,python add suffix to filename add file error update string,2,d2931,0.9123196601867676
q20262,python add suffix to filename,python add suffix to filename,python add suffix to filename add file error update string,3,d13839,0.9123196601867676
q20262,python add suffix to filename,python add suffix to filename,python add suffix to filename add file error update string,4,d14555,0.9123196601867676
q20262,python add suffix to filename,python add suffix to filename,python add suffix to filename add file error update string,5,d8305,0.9123196601867676
q20262,python add suffix to filename,python add suffix to filename,python add suffix to filename add file error update string,6,d9193,0.9123196601867676
q20262,python add suffix to filename,python add suffix to filename,python add suffix to filename add file error update string,7,d9397,0.9123196601867676
q20262,python add suffix to filename,python add suffix to filename,python add suffix to filename add file error update string,8,d20262,0.9123196601867676
q20262,python add suffix to filename,python add suffix to filename,python add suffix to filename add file error update string,9,d801,0.8993142247200012
q20262,python add suffix to filename,python add suffix to filename,python add suffix to filename add file error update string,10,d13426,0.8785909414291382
q20263,best way to deal with pagination in python,best way to deal with pagination in python,best way to deal with pagination in python query update method database sort,1,d11027,0.8597011566162109
q20263,best way to deal with pagination in python,best way to deal with pagination in python,best way to deal with pagination in python query update method database sort,2,d20263,0.8597011566162109
q20263,best way to deal with pagination in python,best way to deal with pagination in python,best way to deal with pagination in python query update method database sort,3,d9524,0.8597011566162109
q20263,best way to deal with pagination in python,best way to deal with pagination in python,best way to deal with pagination in python query update method database sort,4,d8272,0.8549370765686035
q20263,best way to deal with pagination in python,best way to deal with pagination in python,best way to deal with pagination in python query update method database sort,5,d11823,0.8461565971374512
q20263,best way to deal with pagination in python,best way to deal with pagination in python,best way to deal with pagination in python query update method database sort,6,d8934,0.8460179567337036
q20263,best way to deal with pagination in python,best way to deal with pagination in python,best way to deal with pagination in python query update method database sort,7,d2618,0.8460179567337036
q20263,best way to deal with pagination in python,best way to deal with pagination in python,best way to deal with pagination in python query update method database sort,8,d12662,0.8460179567337036
q20263,best way to deal with pagination in python,best way to deal with pagination in python,best way to deal with pagination in python query update method database sort,9,d4776,0.8460179567337036
q20263,best way to deal with pagination in python,best way to deal with pagination in python,best way to deal with pagination in python query update method database sort,10,d6635,0.8460179567337036
q20264,finding factors in python and return list,finding factors in python and return list,finding factors in python and return list return list search function condition,1,d532,0.8820264339447021
q20264,finding factors in python and return list,finding factors in python and return list,finding factors in python and return list return list search function condition,2,d10965,0.8820264339447021
q20264,finding factors in python and return list,finding factors in python and return list,finding factors in python and return list return list search function condition,3,d1052,0.8820264339447021
q20264,finding factors in python and return list,finding factors in python and return list,finding factors in python and return list return list search function condition,4,d11420,0.8820264339447021
q20264,finding factors in python and return list,finding factors in python and return list,finding factors in python and return list return list search function condition,5,d16172,0.8820264339447021
q20264,finding factors in python and return list,finding factors in python and return list,finding factors in python and return list return list search function condition,6,d20015,0.8811383247375488
q20264,finding factors in python and return list,finding factors in python and return list,finding factors in python and return list return list search function condition,7,d5546,0.8811383247375488
q20264,finding factors in python and return list,finding factors in python and return list,finding factors in python and return list return list search function condition,8,d6941,0.8811383247375488
q20264,finding factors in python and return list,finding factors in python and return list,finding factors in python and return list return list search function condition,9,d13115,0.8811383247375488
q20264,finding factors in python and return list,finding factors in python and return list,finding factors in python and return list return list search function condition,10,d20412,0.8811383247375488
q20265,best way to read xml in python,best way to read xml in python,best way to read xml in python read query row error method,1,d3476,0.8564199805259705
q20265,best way to read xml in python,best way to read xml in python,best way to read xml in python read query row error method,2,d11614,0.849591851234436
q20265,best way to read xml in python,best way to read xml in python,best way to read xml in python read query row error method,3,d20265,0.849591851234436
q20265,best way to read xml in python,best way to read xml in python,best way to read xml in python read query row error method,4,d6531,0.849591851234436
q20265,best way to read xml in python,best way to read xml in python,best way to read xml in python read query row error method,5,d4884,0.849591851234436
q20265,best way to read xml in python,best way to read xml in python,best way to read xml in python read query row error method,6,d16495,0.849591851234436
q20265,best way to read xml in python,best way to read xml in python,best way to read xml in python read query row error method,7,d10442,0.849591851234436
q20265,best way to read xml in python,best way to read xml in python,best way to read xml in python read query row error method,8,d12640,0.849591851234436
q20265,best way to read xml in python,best way to read xml in python,best way to read xml in python read query row error method,9,d94,0.849591851234436
q20265,best way to read xml in python,best way to read xml in python,best way to read xml in python read query row error method,10,d10127,0.8461979627609253
q20266,how to put a string in a yaml file python,how to put a string in a yaml file python,how to put a string in a yaml file python string file error row method,1,d11454,0.8706636428833008
q20266,how to put a string in a yaml file python,how to put a string in a yaml file python,how to put a string in a yaml file python string file error row method,2,d16336,0.8672075867652893
q20266,how to put a string in a yaml file python,how to put a string in a yaml file python,how to put a string in a yaml file python string file error row method,3,d3193,0.8672075867652893
q20266,how to put a string in a yaml file python,how to put a string in a yaml file python,how to put a string in a yaml file python string file error row method,4,d1489,0.8672075867652893
q20266,how to put a string in a yaml file python,how to put a string in a yaml file python,how to put a string in a yaml file python string file error row method,5,d11434,0.8672075867652893
q20266,how to put a string in a yaml file python,how to put a string in a yaml file python,how to put a string in a yaml file python string file error row method,6,d8476,0.865932047367096
q20266,how to put a string in a yaml file python,how to put a string in a yaml file python,how to put a string in a yaml file python string file error row method,7,d5974,0.865932047367096
q20266,how to put a string in a yaml file python,how to put a string in a yaml file python,how to put a string in a yaml file python string file error row method,8,d10232,0.865932047367096
q20266,how to put a string in a yaml file python,how to put a string in a yaml file python,how to put a string in a yaml file python string file error row method,9,d11546,0.8653051853179932
q20266,how to put a string in a yaml file python,how to put a string in a yaml file python,how to put a string in a yaml file python string file error row method,10,d13568,0.8653051853179932
q20267,python move cursor to secific line,python move cursor to secific line,python move cursor to secific line error loop row integer string,1,d14059,0.8783905506134033
q20267,python move cursor to secific line,python move cursor to secific line,python move cursor to secific line error loop row integer string,2,d14057,0.8783905506134033
q20267,python move cursor to secific line,python move cursor to secific line,python move cursor to secific line error loop row integer string,3,d2993,0.8783905506134033
q20267,python move cursor to secific line,python move cursor to secific line,python move cursor to secific line error loop row integer string,4,d7238,0.8783905506134033
q20267,python move cursor to secific line,python move cursor to secific line,python move cursor to secific line error loop row integer string,5,d19916,0.8783905506134033
q20267,python move cursor to secific line,python move cursor to secific line,python move cursor to secific line error loop row integer string,6,d5162,0.8783905506134033
q20267,python move cursor to secific line,python move cursor to secific line,python move cursor to secific line error loop row integer string,7,d3537,0.8681461811065674
q20267,python move cursor to secific line,python move cursor to secific line,python move cursor to secific line error loop row integer string,8,d11487,0.8681461811065674
q20267,python move cursor to secific line,python move cursor to secific line,python move cursor to secific line error loop row integer string,9,d934,0.8681461811065674
q20267,python move cursor to secific line,python move cursor to secific line,python move cursor to secific line error loop row integer string,10,d13354,0.8681461811065674
q20268,token to id python,token to id python,token to id python add integer error update query,1,d11054,0.8771421313285828
q20268,token to id python,token to id python,token to id python add integer error update query,2,d14785,0.8706923723220825
q20268,token to id python,token to id python,token to id python add integer error update query,3,d16043,0.8651137351989746
q20268,token to id python,token to id python,token to id python add integer error update query,4,d11823,0.8642162680625916
q20268,token to id python,token to id python,token to id python add integer error update query,5,d1133,0.8564134836196899
q20268,token to id python,token to id python,token to id python add integer error update query,6,d10990,0.856094479560852
q20268,token to id python,token to id python,token to id python add integer error update query,7,d13659,0.8528710603713989
q20268,token to id python,token to id python,token to id python add integer error update query,8,d2322,0.8528710603713989
q20268,token to id python,token to id python,token to id python add integer error update query,9,d7616,0.8528710603713989
q20268,token to id python,token to id python,token to id python add integer error update query,10,d16042,0.8528710603713989
q20269,python urlparse get domain,python urlparse get domain,python urlparse get domain parameter error search variable string,1,d17419,0.8939389586448669
q20269,python urlparse get domain,python urlparse get domain,python urlparse get domain parameter error search variable string,2,d17294,0.8939389586448669
q20269,python urlparse get domain,python urlparse get domain,python urlparse get domain parameter error search variable string,3,d18739,0.8939389586448669
q20269,python urlparse get domain,python urlparse get domain,python urlparse get domain parameter error search variable string,4,d20269,0.8939389586448669
q20269,python urlparse get domain,python urlparse get domain,python urlparse get domain parameter error search variable string,5,d19277,0.8939389586448669
q20269,python urlparse get domain,python urlparse get domain,python urlparse get domain parameter error search variable string,6,d17243,0.8939389586448669
q20269,python urlparse get domain,python urlparse get domain,python urlparse get domain parameter error search variable string,7,d17027,0.8939389586448669
q20269,python urlparse get domain,python urlparse get domain,python urlparse get domain parameter error search variable string,8,d18560,0.8939389586448669
q20269,python urlparse get domain,python urlparse get domain,python urlparse get domain parameter error search variable string,9,d17788,0.8939389586448669
q20269,python urlparse get domain,python urlparse get domain,python urlparse get domain parameter error search variable string,10,d18206,0.8939389586448669
q20270,python turn a string into a number,python turn a string into a number,python turn a string into a number string integer return loop function,1,d12273,0.8938729763031006
q20270,python turn a string into a number,python turn a string into a number,python turn a string into a number string integer return loop function,2,d12321,0.8938729763031006
q20270,python turn a string into a number,python turn a string into a number,python turn a string into a number string integer return loop function,3,d2028,0.8938729763031006
q20270,python turn a string into a number,python turn a string into a number,python turn a string into a number string integer return loop function,4,d12323,0.8938729763031006
q20270,python turn a string into a number,python turn a string into a number,python turn a string into a number string integer return loop function,5,d4381,0.8938729763031006
q20270,python turn a string into a number,python turn a string into a number,python turn a string into a number string integer return loop function,6,d9736,0.8938729763031006
q20270,python turn a string into a number,python turn a string into a number,python turn a string into a number string integer return loop function,7,d14977,0.8938729763031006
q20270,python turn a string into a number,python turn a string into a number,python turn a string into a number string integer return loop function,8,d4311,0.8938729763031006
q20270,python turn a string into a number,python turn a string into a number,python turn a string into a number string integer return loop function,9,d10531,0.8904402852058411
q20270,python turn a string into a number,python turn a string into a number,python turn a string into a number string integer return loop function,10,d14822,0.8904402852058411
q20271,python check if all are type string in a column,python check if all are type string in a column,python check if all are type string in a column column string integer error row,1,d2347,0.8863198757171631
q20271,python check if all are type string in a column,python check if all are type string in a column,python check if all are type string in a column column string integer error row,2,d5015,0.8863198757171631
q20271,python check if all are type string in a column,python check if all are type string in a column,python check if all are type string in a column column string integer error row,3,d8762,0.8863198757171631
q20271,python check if all are type string in a column,python check if all are type string in a column,python check if all are type string in a column column string integer error row,4,d4605,0.8863198757171631
q20271,python check if all are type string in a column,python check if all are type string in a column,python check if all are type string in a column column string integer error row,5,d11293,0.8863198757171631
q20271,python check if all are type string in a column,python check if all are type string in a column,python check if all are type string in a column column string integer error row,6,d10761,0.8863198757171631
q20271,python check if all are type string in a column,python check if all are type string in a column,python check if all are type string in a column column string integer error row,7,d14801,0.8863198757171631
q20271,python check if all are type string in a column,python check if all are type string in a column,python check if all are type string in a column column string integer error row,8,d6659,0.8819963932037354
q20271,python check if all are type string in a column,python check if all are type string in a column,python check if all are type string in a column column string integer error row,9,d8373,0.8819963932037354
q20271,python check if all are type string in a column,python check if all are type string in a column,python check if all are type string in a column column string integer error row,10,d7938,0.8819963932037354
q20272,bin means python numpy,bin means python numpy,bin means python numpy integer error string function array,1,d19635,0.8893662691116333
q20272,bin means python numpy,bin means python numpy,bin means python numpy integer error string function array,2,d624,0.8748844265937805
q20272,bin means python numpy,bin means python numpy,bin means python numpy integer error string function array,3,d13674,0.8748844265937805
q20272,bin means python numpy,bin means python numpy,bin means python numpy integer error string function array,4,d12577,0.8748844265937805
q20272,bin means python numpy,bin means python numpy,bin means python numpy integer error string function array,5,d8363,0.8748844265937805
q20272,bin means python numpy,bin means python numpy,bin means python numpy integer error string function array,6,d2293,0.8748844265937805
q20272,bin means python numpy,bin means python numpy,bin means python numpy integer error string function array,7,d864,0.8748844265937805
q20272,bin means python numpy,bin means python numpy,bin means python numpy integer error string function array,8,d6593,0.8748844265937805
q20272,bin means python numpy,bin means python numpy,bin means python numpy integer error string function array,9,d12330,0.8748843669891357
q20272,bin means python numpy,bin means python numpy,bin means python numpy integer error string function array,10,d5108,0.8748843669891357
q20273,python boto3 delete key from s3,python boto3 delete key from s3,python boto3 delete key from s3 delete error update row query,1,d9690,0.885786235332489
q20273,python boto3 delete key from s3,python boto3 delete key from s3,python boto3 delete key from s3 delete error update row query,2,d14154,0.8718487620353699
q20273,python boto3 delete key from s3,python boto3 delete key from s3,python boto3 delete key from s3 delete error update row query,3,d14927,0.8718487620353699
q20273,python boto3 delete key from s3,python boto3 delete key from s3,python boto3 delete key from s3 delete error update row query,4,d8266,0.8718487620353699
q20273,python boto3 delete key from s3,python boto3 delete key from s3,python boto3 delete key from s3 delete error update row query,5,d15771,0.8718487620353699
q20273,python boto3 delete key from s3,python boto3 delete key from s3,python boto3 delete key from s3 delete error update row query,6,d10861,0.8718487620353699
q20273,python boto3 delete key from s3,python boto3 delete key from s3,python boto3 delete key from s3 delete error update row query,7,d16503,0.8718487024307251
q20273,python boto3 delete key from s3,python boto3 delete key from s3,python boto3 delete key from s3 delete error update row query,8,d20273,0.8718487024307251
q20273,python boto3 delete key from s3,python boto3 delete key from s3,python boto3 delete key from s3 delete error update row query,9,d5475,0.8718487024307251
q20273,python boto3 delete key from s3,python boto3 delete key from s3,python boto3 delete key from s3 delete error update row query,10,d1788,0.8718487024307251
q20274,random walk steps python,random walk steps python,random walk steps python error function save loop query,1,d18462,0.8817017078399658
q20274,random walk steps python,random walk steps python,random walk steps python error function save loop query,2,d18362,0.8817017078399658
q20274,random walk steps python,random walk steps python,random walk steps python error function save loop query,3,d18264,0.8817017078399658
q20274,random walk steps python,random walk steps python,random walk steps python error function save loop query,4,d18239,0.8817017078399658
q20274,random walk steps python,random walk steps python,random walk steps python error function save loop query,5,d17416,0.8817017078399658
q20274,random walk steps python,random walk steps python,random walk steps python error function save loop query,6,d17821,0.8817017078399658
q20274,random walk steps python,random walk steps python,random walk steps python error function save loop query,7,d20274,0.8817017078399658
q20274,random walk steps python,random walk steps python,random walk steps python error function save loop query,8,d19240,0.8817017078399658
q20274,random walk steps python,random walk steps python,random walk steps python error function save loop query,9,d2322,0.854867160320282
q20274,random walk steps python,random walk steps python,random walk steps python error function save loop query,10,d13659,0.854867160320282
q20275,python delete objects inside of objects,python delete objects inside of objects,python delete objects inside of objects delete integer row method error,1,d9393,0.878140926361084
q20275,python delete objects inside of objects,python delete objects inside of objects,python delete objects inside of objects delete integer row method error,2,d5229,0.8739169836044312
q20275,python delete objects inside of objects,python delete objects inside of objects,python delete objects inside of objects delete integer row method error,3,d9880,0.8738121390342712
q20275,python delete objects inside of objects,python delete objects inside of objects,python delete objects inside of objects delete integer row method error,4,d5324,0.868136465549469
q20275,python delete objects inside of objects,python delete objects inside of objects,python delete objects inside of objects delete integer row method error,5,d12123,0.868136465549469
q20275,python delete objects inside of objects,python delete objects inside of objects,python delete objects inside of objects delete integer row method error,6,d3424,0.868136465549469
q20275,python delete objects inside of objects,python delete objects inside of objects,python delete objects inside of objects delete integer row method error,7,d10146,0.868136465549469
q20275,python delete objects inside of objects,python delete objects inside of objects,python delete objects inside of objects delete integer row method error,8,d11626,0.8670517802238464
q20275,python delete objects inside of objects,python delete objects inside of objects,python delete objects inside of objects delete integer row method error,9,d10144,0.8670517802238464
q20275,python delete objects inside of objects,python delete objects inside of objects,python delete objects inside of objects delete integer row method error,10,d13618,0.8655990362167358
q20276,truncate seconds from a timestamp in python code,truncate seconds from a timestamp in python code,truncate seconds from a timestamp in python code string error loop integer update,1,d14615,0.8829185366630554
q20276,truncate seconds from a timestamp in python code,truncate seconds from a timestamp in python code,truncate seconds from a timestamp in python code string error loop integer update,2,d20121,0.8829185366630554
q20276,truncate seconds from a timestamp in python code,truncate seconds from a timestamp in python code,truncate seconds from a timestamp in python code string error loop integer update,3,d9697,0.8829184770584106
q20276,truncate seconds from a timestamp in python code,truncate seconds from a timestamp in python code,truncate seconds from a timestamp in python code string error loop integer update,4,d7327,0.8829184770584106
q20276,truncate seconds from a timestamp in python code,truncate seconds from a timestamp in python code,truncate seconds from a timestamp in python code string error loop integer update,5,d16514,0.8829184770584106
q20276,truncate seconds from a timestamp in python code,truncate seconds from a timestamp in python code,truncate seconds from a timestamp in python code string error loop integer update,6,d7871,0.8829184770584106
q20276,truncate seconds from a timestamp in python code,truncate seconds from a timestamp in python code,truncate seconds from a timestamp in python code string error loop integer update,7,d15790,0.8829184770584106
q20276,truncate seconds from a timestamp in python code,truncate seconds from a timestamp in python code,truncate seconds from a timestamp in python code string error loop integer update,8,d9089,0.8764196634292603
q20276,truncate seconds from a timestamp in python code,truncate seconds from a timestamp in python code,truncate seconds from a timestamp in python code string error loop integer update,9,d5736,0.8764196634292603
q20276,truncate seconds from a timestamp in python code,truncate seconds from a timestamp in python code,truncate seconds from a timestamp in python code string error loop integer update,10,d1084,0.8764196634292603
q20277,python json load unorde,python json load unorde,python json load unorde update error file integer database,1,d7947,0.8623247146606445
q20277,python json load unorde,python json load unorde,python json load unorde update error file integer database,2,d11721,0.8623247146606445
q20277,python json load unorde,python json load unorde,python json load unorde update error file integer database,3,d5154,0.8600146174430847
q20277,python json load unorde,python json load unorde,python json load unorde update error file integer database,4,d5796,0.8597927689552307
q20277,python json load unorde,python json load unorde,python json load unorde update error file integer database,5,d1571,0.8597927689552307
q20277,python json load unorde,python json load unorde,python json load unorde update error file integer database,6,d20277,0.8597927689552307
q20277,python json load unorde,python json load unorde,python json load unorde update error file integer database,7,d7070,0.8597927689552307
q20277,python json load unorde,python json load unorde,python json load unorde update error file integer database,8,d12058,0.8594648838043213
q20277,python json load unorde,python json load unorde,python json load unorde update error file integer database,9,d2824,0.8594648838043213
q20277,python json load unorde,python json load unorde,python json load unorde update error file integer database,10,d18007,0.8585971593856812
q20278,python yaml expected single document,python yaml expected single document,python yaml expected single document error database update file row,1,d10059,0.8611218929290771
q20278,python yaml expected single document,python yaml expected single document,python yaml expected single document error database update file row,2,d11823,0.8579062223434448
q20278,python yaml expected single document,python yaml expected single document,python yaml expected single document error database update file row,3,d15422,0.8577038049697876
q20278,python yaml expected single document,python yaml expected single document,python yaml expected single document error database update file row,4,d11519,0.8577038049697876
q20278,python yaml expected single document,python yaml expected single document,python yaml expected single document error database update file row,5,d15610,0.8577038049697876
q20278,python yaml expected single document,python yaml expected single document,python yaml expected single document error database update file row,6,d5654,0.8577038049697876
q20278,python yaml expected single document,python yaml expected single document,python yaml expected single document error database update file row,7,d6350,0.8577038049697876
q20278,python yaml expected single document,python yaml expected single document,python yaml expected single document error database update file row,8,d7230,0.8577038049697876
q20278,python yaml expected single document,python yaml expected single document,python yaml expected single document error database update file row,9,d5974,0.8543630838394165
q20278,python yaml expected single document,python yaml expected single document,python yaml expected single document error database update file row,10,d8476,0.8543630838394165
q20279,python filter object at,python filter object at,python filter object at filter function method condition file,1,d5664,0.8900017738342285
q20279,python filter object at,python filter object at,python filter object at filter function method condition file,2,d2214,0.8900017142295837
q20279,python filter object at,python filter object at,python filter object at filter function method condition file,3,d10386,0.8831558227539062
q20279,python filter object at,python filter object at,python filter object at filter function method condition file,4,d2391,0.8774703741073608
q20279,python filter object at,python filter object at,python filter object at filter function method condition file,5,d8768,0.8746100664138794
q20279,python filter object at,python filter object at,python filter object at filter function method condition file,6,d3935,0.8685901165008545
q20279,python filter object at,python filter object at,python filter object at filter function method condition file,7,d314,0.8685901165008545
q20279,python filter object at,python filter object at,python filter object at filter function method condition file,8,d1674,0.8685901165008545
q20279,python filter object at,python filter object at,python filter object at filter function method condition file,9,d14180,0.8685901165008545
q20279,python filter object at,python filter object at,python filter object at filter function method condition file,10,d18196,0.8661739826202393
q20280,python nonetype object has no attributte,python nonetype object has no attributte,python nonetype object has no attributte integer error variable update delete,1,d5922,0.8695001602172852
q20280,python nonetype object has no attributte,python nonetype object has no attributte,python nonetype object has no attributte integer error variable update delete,2,d13287,0.8695001602172852
q20280,python nonetype object has no attributte,python nonetype object has no attributte,python nonetype object has no attributte integer error variable update delete,3,d7865,0.8695001602172852
q20280,python nonetype object has no attributte,python nonetype object has no attributte,python nonetype object has no attributte integer error variable update delete,4,d6151,0.8582737445831299
q20280,python nonetype object has no attributte,python nonetype object has no attributte,python nonetype object has no attributte integer error variable update delete,5,d3625,0.8517888784408569
q20280,python nonetype object has no attributte,python nonetype object has no attributte,python nonetype object has no attributte integer error variable update delete,6,d8978,0.8515877723693848
q20280,python nonetype object has no attributte,python nonetype object has no attributte,python nonetype object has no attributte integer error variable update delete,7,d8250,0.8508497476577759
q20280,python nonetype object has no attributte,python nonetype object has no attributte,python nonetype object has no attributte integer error variable update delete,8,d3097,0.8508497476577759
q20280,python nonetype object has no attributte,python nonetype object has no attributte,python nonetype object has no attributte integer error variable update delete,9,d6175,0.8508497476577759
q20280,python nonetype object has no attributte,python nonetype object has no attributte,python nonetype object has no attributte integer error variable update delete,10,d14654,0.8508497476577759
q20281,python tkinter how to create scrollable canvas,python tkinter how to create scrollable canvas,python tkinter how to create scrollable canvas column row error update integer,1,d11823,0.8675189018249512
q20281,python tkinter how to create scrollable canvas,python tkinter how to create scrollable canvas,python tkinter how to create scrollable canvas column row error update integer,2,d5878,0.8626804351806641
q20281,python tkinter how to create scrollable canvas,python tkinter how to create scrollable canvas,python tkinter how to create scrollable canvas column row error update integer,3,d16083,0.8623663187026978
q20281,python tkinter how to create scrollable canvas,python tkinter how to create scrollable canvas,python tkinter how to create scrollable canvas column row error update integer,4,d14198,0.8623663187026978
q20281,python tkinter how to create scrollable canvas,python tkinter how to create scrollable canvas,python tkinter how to create scrollable canvas column row error update integer,5,d7887,0.8623663187026978
q20281,python tkinter how to create scrollable canvas,python tkinter how to create scrollable canvas,python tkinter how to create scrollable canvas column row error update integer,6,d9891,0.8623663187026978
q20281,python tkinter how to create scrollable canvas,python tkinter how to create scrollable canvas,python tkinter how to create scrollable canvas column row error update integer,7,d15718,0.8623663187026978
q20281,python tkinter how to create scrollable canvas,python tkinter how to create scrollable canvas,python tkinter how to create scrollable canvas column row error update integer,8,d8142,0.8623663187026978
q20281,python tkinter how to create scrollable canvas,python tkinter how to create scrollable canvas,python tkinter how to create scrollable canvas column row error update integer,9,d6985,0.8623663187026978
q20281,python tkinter how to create scrollable canvas,python tkinter how to create scrollable canvas,python tkinter how to create scrollable canvas column row error update integer,10,d3951,0.8611875772476196
q20282,geojson to topojson python,geojson to topojson python,geojson to topojson python open update query save error,1,d20282,0.8615812063217163
q20282,geojson to topojson python,geojson to topojson python,geojson to topojson python open update query save error,2,d10134,0.8513153791427612
q20282,geojson to topojson python,geojson to topojson python,geojson to topojson python open update query save error,3,d8453,0.8513153791427612
q20282,geojson to topojson python,geojson to topojson python,geojson to topojson python open update query save error,4,d1723,0.8513153791427612
q20282,geojson to topojson python,geojson to topojson python,geojson to topojson python open update query save error,5,d11544,0.8513153791427612
q20282,geojson to topojson python,geojson to topojson python,geojson to topojson python open update query save error,6,d11054,0.8456152081489563
q20282,geojson to topojson python,geojson to topojson python,geojson to topojson python open update query save error,7,d6350,0.8452621102333069
q20282,geojson to topojson python,geojson to topojson python,geojson to topojson python open update query save error,8,d11519,0.8452621102333069
q20282,geojson to topojson python,geojson to topojson python,geojson to topojson python open update query save error,9,d15610,0.8452621102333069
q20282,geojson to topojson python,geojson to topojson python,geojson to topojson python open update query save error,10,d15422,0.8452621102333069
q20283,python get png image dimensions,python get png image dimensions,python get png image dimensions integer parameter error column file,1,d20283,0.8646968603134155
q20283,python get png image dimensions,python get png image dimensions,python get png image dimensions integer parameter error column file,2,d12007,0.8646479845046997
q20283,python get png image dimensions,python get png image dimensions,python get png image dimensions integer parameter error column file,3,d12705,0.8610734939575195
q20283,python get png image dimensions,python get png image dimensions,python get png image dimensions integer parameter error column file,4,d12969,0.8610734939575195
q20283,python get png image dimensions,python get png image dimensions,python get png image dimensions integer parameter error column file,5,d7056,0.8610734939575195
q20283,python get png image dimensions,python get png image dimensions,python get png image dimensions integer parameter error column file,6,d10855,0.8610734939575195
q20283,python get png image dimensions,python get png image dimensions,python get png image dimensions integer parameter error column file,7,d10907,0.8610734939575195
q20283,python get png image dimensions,python get png image dimensions,python get png image dimensions integer parameter error column file,8,d2698,0.8610734939575195
q20283,python get png image dimensions,python get png image dimensions,python get png image dimensions integer parameter error column file,9,d2469,0.8610734939575195
q20283,python get png image dimensions,python get png image dimensions,python get png image dimensions integer parameter error column file,10,d7019,0.8610734939575195
q20284,python flask separate functions get and post,python flask separate functions get and post,python flask separate functions get and post function get search integer filter,1,d10741,0.8614241480827332
q20284,python flask separate functions get and post,python flask separate functions get and post,python flask separate functions get and post function get search integer filter,2,d14882,0.8614241480827332
q20284,python flask separate functions get and post,python flask separate functions get and post,python flask separate functions get and post function get search integer filter,3,d8783,0.8614241480827332
q20284,python flask separate functions get and post,python flask separate functions get and post,python flask separate functions get and post function get search integer filter,4,d332,0.8614241480827332
q20284,python flask separate functions get and post,python flask separate functions get and post,python flask separate functions get and post function get search integer filter,5,d7838,0.8614241480827332
q20284,python flask separate functions get and post,python flask separate functions get and post,python flask separate functions get and post function get search integer filter,6,d20284,0.8614241480827332
q20284,python flask separate functions get and post,python flask separate functions get and post,python flask separate functions get and post function get search integer filter,7,d20279,0.8542059659957886
q20284,python flask separate functions get and post,python flask separate functions get and post,python flask separate functions get and post function get search integer filter,8,d12724,0.8542059659957886
q20284,python flask separate functions get and post,python flask separate functions get and post,python flask separate functions get and post function get search integer filter,9,d8770,0.8542059659957886
q20284,python flask separate functions get and post,python flask separate functions get and post,python flask separate functions get and post function get search integer filter,10,d19607,0.8530638217926025
q20285,return year from date python,return year from date python,return year from date python return error integer data update,1,d4769,0.8807331919670105
q20285,return year from date python,return year from date python,return year from date python return error integer data update,2,d8847,0.8807331919670105
q20285,return year from date python,return year from date python,return year from date python return error integer data update,3,d184,0.8807331919670105
q20285,return year from date python,return year from date python,return year from date python return error integer data update,4,d7299,0.8807331919670105
q20285,return year from date python,return year from date python,return year from date python return error integer data update,5,d3665,0.8807331919670105
q20285,return year from date python,return year from date python,return year from date python return error integer data update,6,d12396,0.8807331919670105
q20285,return year from date python,return year from date python,return year from date python return error integer data update,7,d724,0.8807331919670105
q20285,return year from date python,return year from date python,return year from date python return error integer data update,8,d6424,0.8807331919670105
q20285,return year from date python,return year from date python,return year from date python return error integer data update,9,d2806,0.8805885910987854
q20285,return year from date python,return year from date python,return year from date python return error integer data update,10,d11429,0.8805885910987854
q20286,how to get all modes python,how to get all modes python,how to get all modes python method update get search error,1,d11392,0.8537054061889648
q20286,how to get all modes python,how to get all modes python,how to get all modes python method update get search error,2,d6239,0.852971613407135
q20286,how to get all modes python,how to get all modes python,how to get all modes python method update get search error,3,d1410,0.852971613407135
q20286,how to get all modes python,how to get all modes python,how to get all modes python method update get search error,4,d8296,0.852971613407135
q20286,how to get all modes python,how to get all modes python,how to get all modes python method update get search error,5,d3578,0.852971613407135
q20286,how to get all modes python,how to get all modes python,how to get all modes python method update get search error,6,d3580,0.852971613407135
q20286,how to get all modes python,how to get all modes python,how to get all modes python method update get search error,7,d4881,0.8466566205024719
q20286,how to get all modes python,how to get all modes python,how to get all modes python method update get search error,8,d414,0.8466566205024719
q20286,how to get all modes python,how to get all modes python,how to get all modes python method update get search error,9,d19844,0.8466566205024719
q20286,how to get all modes python,how to get all modes python,how to get all modes python method update get search error,10,d5037,0.8466566205024719
q20287,integer and returns a random bitstring of size python,integer and returns a random bitstring of size python,integer and returns a random bitstring of size python integer return string error function,1,d3237,0.91090989112854
q20287,integer and returns a random bitstring of size python,integer and returns a random bitstring of size python,integer and returns a random bitstring of size python integer return string error function,2,d20498,0.8999466896057129
q20287,integer and returns a random bitstring of size python,integer and returns a random bitstring of size python,integer and returns a random bitstring of size python integer return string error function,3,d7104,0.8999466896057129
q20287,integer and returns a random bitstring of size python,integer and returns a random bitstring of size python,integer and returns a random bitstring of size python integer return string error function,4,d294,0.8999466896057129
q20287,integer and returns a random bitstring of size python,integer and returns a random bitstring of size python,integer and returns a random bitstring of size python integer return string error function,5,d7004,0.8982657790184021
q20287,integer and returns a random bitstring of size python,integer and returns a random bitstring of size python,integer and returns a random bitstring of size python integer return string error function,6,d4605,0.8918164372444153
q20287,integer and returns a random bitstring of size python,integer and returns a random bitstring of size python,integer and returns a random bitstring of size python integer return string error function,7,d10761,0.8918164372444153
q20287,integer and returns a random bitstring of size python,integer and returns a random bitstring of size python,integer and returns a random bitstring of size python integer return string error function,8,d11293,0.8918164372444153
q20287,integer and returns a random bitstring of size python,integer and returns a random bitstring of size python,integer and returns a random bitstring of size python integer return string error function,9,d8762,0.8918164372444153
q20287,integer and returns a random bitstring of size python,integer and returns a random bitstring of size python,integer and returns a random bitstring of size python integer return string error function,10,d2347,0.8918164372444153
q20288,how to get the encoding of a file python,how to get the encoding of a file python,how to get the encoding of a file python file integer string error search,1,d3451,0.8897953033447266
q20288,how to get the encoding of a file python,how to get the encoding of a file python,how to get the encoding of a file python file integer string error search,2,d7769,0.8897953033447266
q20288,how to get the encoding of a file python,how to get the encoding of a file python,how to get the encoding of a file python file integer string error search,3,d12547,0.8897953033447266
q20288,how to get the encoding of a file python,how to get the encoding of a file python,how to get the encoding of a file python file integer string error search,4,d15011,0.8897953033447266
q20288,how to get the encoding of a file python,how to get the encoding of a file python,how to get the encoding of a file python file integer string error search,5,d1362,0.8897953033447266
q20288,how to get the encoding of a file python,how to get the encoding of a file python,how to get the encoding of a file python file integer string error search,6,d4831,0.8897953033447266
q20288,how to get the encoding of a file python,how to get the encoding of a file python,how to get the encoding of a file python file integer string error search,7,d3206,0.8809912204742432
q20288,how to get the encoding of a file python,how to get the encoding of a file python,how to get the encoding of a file python file integer string error search,8,d15249,0.8809912204742432
q20288,how to get the encoding of a file python,how to get the encoding of a file python,how to get the encoding of a file python file integer string error search,9,d7336,0.8809912204742432
q20288,how to get the encoding of a file python,how to get the encoding of a file python,how to get the encoding of a file python file integer string error search,10,d14956,0.8809912204742432
q20289,python connect to aws rds,python connect to aws rds,python connect to aws rds query database error update search,1,d20289,0.8908345699310303
q20289,python connect to aws rds,python connect to aws rds,python connect to aws rds query database error update search,2,d11823,0.8512812256813049
q20289,python connect to aws rds,python connect to aws rds,python connect to aws rds query database error update search,3,d14591,0.8502851724624634
q20289,python connect to aws rds,python connect to aws rds,python connect to aws rds query database error update search,4,d8256,0.8502851724624634
q20289,python connect to aws rds,python connect to aws rds,python connect to aws rds query database error update search,5,d12264,0.8502851724624634
q20289,python connect to aws rds,python connect to aws rds,python connect to aws rds query database error update search,6,d13249,0.8459710478782654
q20289,python connect to aws rds,python connect to aws rds,python connect to aws rds query database error update search,7,d20076,0.8457909822463989
q20289,python connect to aws rds,python connect to aws rds,python connect to aws rds query database error update search,8,d1935,0.8453027009963989
q20289,python connect to aws rds,python connect to aws rds,python connect to aws rds query database error update search,9,d8060,0.84229975938797
q20289,python connect to aws rds,python connect to aws rds,python connect to aws rds query database error update search,10,d11531,0.84229975938797
q20290,python cv2 check if image is empty,python cv2 check if image is empty,python cv2 check if image is empty error file update row close,1,d20290,0.8770831823348999
q20290,python cv2 check if image is empty,python cv2 check if image is empty,python cv2 check if image is empty error file update row close,2,d4859,0.8770831823348999
q20290,python cv2 check if image is empty,python cv2 check if image is empty,python cv2 check if image is empty error file update row close,3,d16570,0.8600325584411621
q20290,python cv2 check if image is empty,python cv2 check if image is empty,python cv2 check if image is empty error file update row close,4,d8392,0.8600325584411621
q20290,python cv2 check if image is empty,python cv2 check if image is empty,python cv2 check if image is empty error file update row close,5,d196,0.8600325584411621
q20290,python cv2 check if image is empty,python cv2 check if image is empty,python cv2 check if image is empty error file update row close,6,d3539,0.8600325584411621
q20290,python cv2 check if image is empty,python cv2 check if image is empty,python cv2 check if image is empty error file update row close,7,d8335,0.8600325584411621
q20290,python cv2 check if image is empty,python cv2 check if image is empty,python cv2 check if image is empty error file update row close,8,d6295,0.8600325584411621
q20290,python cv2 check if image is empty,python cv2 check if image is empty,python cv2 check if image is empty error file update row close,9,d3125,0.853790819644928
q20290,python cv2 check if image is empty,python cv2 check if image is empty,python cv2 check if image is empty error file update row close,10,d8127,0.853790819644928
q20291,how to hide a window using a button in python,how to hide a window using a button in python,how to hide a window using a button in python method delete open row update,1,d5810,0.8750558495521545
q20291,how to hide a window using a button in python,how to hide a window using a button in python,how to hide a window using a button in python method delete open row update,2,d15969,0.8750558495521545
q20291,how to hide a window using a button in python,how to hide a window using a button in python,how to hide a window using a button in python method delete open row update,3,d11111,0.8750558495521545
q20291,how to hide a window using a button in python,how to hide a window using a button in python,how to hide a window using a button in python method delete open row update,4,d15054,0.8750558495521545
q20291,how to hide a window using a button in python,how to hide a window using a button in python,how to hide a window using a button in python method delete open row update,5,d13918,0.8750558495521545
q20291,how to hide a window using a button in python,how to hide a window using a button in python,how to hide a window using a button in python method delete open row update,6,d12754,0.8725818395614624
q20291,how to hide a window using a button in python,how to hide a window using a button in python,how to hide a window using a button in python method delete open row update,7,d15680,0.8725818395614624
q20291,how to hide a window using a button in python,how to hide a window using a button in python,how to hide a window using a button in python method delete open row update,8,d5389,0.8725818395614624
q20291,how to hide a window using a button in python,how to hide a window using a button in python,how to hide a window using a button in python method delete open row update,9,d20291,0.8725818395614624
q20291,how to hide a window using a button in python,how to hide a window using a button in python,how to hide a window using a button in python method delete open row update,10,d4454,0.8512935638427734
q20292,python marshmallow validation schema from parent,python marshmallow validation schema from parent,python marshmallow validation schema from parent parameter error database variable integer,1,d2088,0.8804408311843872
q20292,python marshmallow validation schema from parent,python marshmallow validation schema from parent,python marshmallow validation schema from parent parameter error database variable integer,2,d15284,0.8765281438827515
q20292,python marshmallow validation schema from parent,python marshmallow validation schema from parent,python marshmallow validation schema from parent parameter error database variable integer,3,d11580,0.8645651936531067
q20292,python marshmallow validation schema from parent,python marshmallow validation schema from parent,python marshmallow validation schema from parent parameter error database variable integer,4,d20292,0.8645651936531067
q20292,python marshmallow validation schema from parent,python marshmallow validation schema from parent,python marshmallow validation schema from parent parameter error database variable integer,5,d446,0.8636870384216309
q20292,python marshmallow validation schema from parent,python marshmallow validation schema from parent,python marshmallow validation schema from parent parameter error database variable integer,6,d8781,0.8629010319709778
q20292,python marshmallow validation schema from parent,python marshmallow validation schema from parent,python marshmallow validation schema from parent parameter error database variable integer,7,d12742,0.8629010319709778
q20292,python marshmallow validation schema from parent,python marshmallow validation schema from parent,python marshmallow validation schema from parent parameter error database variable integer,8,d5920,0.8618717193603516
q20292,python marshmallow validation schema from parent,python marshmallow validation schema from parent,python marshmallow validation schema from parent parameter error database variable integer,9,d10034,0.8618717193603516
q20292,python marshmallow validation schema from parent,python marshmallow validation schema from parent,python marshmallow validation schema from parent parameter error database variable integer,10,d20141,0.860819399356842
q20293,fillna with string for specific columnin python,fillna with string for specific columnin python,fillna with string for specific columnin python column string row database error,1,d2666,0.8778076767921448
q20293,fillna with string for specific columnin python,fillna with string for specific columnin python,fillna with string for specific columnin python column string row database error,2,d4876,0.8778076767921448
q20293,fillna with string for specific columnin python,fillna with string for specific columnin python,fillna with string for specific columnin python column string row database error,3,d2364,0.8778076767921448
q20293,fillna with string for specific columnin python,fillna with string for specific columnin python,fillna with string for specific columnin python column string row database error,4,d7793,0.8778076767921448
q20293,fillna with string for specific columnin python,fillna with string for specific columnin python,fillna with string for specific columnin python column string row database error,5,d8958,0.8778076767921448
q20293,fillna with string for specific columnin python,fillna with string for specific columnin python,fillna with string for specific columnin python column string row database error,6,d8814,0.8753470182418823
q20293,fillna with string for specific columnin python,fillna with string for specific columnin python,fillna with string for specific columnin python column string row database error,7,d9603,0.8753470182418823
q20293,fillna with string for specific columnin python,fillna with string for specific columnin python,fillna with string for specific columnin python column string row database error,8,d20293,0.8753470182418823
q20293,fillna with string for specific columnin python,fillna with string for specific columnin python,fillna with string for specific columnin python column string row database error,9,d1798,0.8753470182418823
q20293,fillna with string for specific columnin python,fillna with string for specific columnin python,fillna with string for specific columnin python column string row database error,10,d11650,0.873979926109314
q20294,how to separate list elements by white space python,how to separate list elements by white space python,how to separate list elements by white space python list integer column loop error,1,d9707,0.8825092911720276
q20294,how to separate list elements by white space python,how to separate list elements by white space python,how to separate list elements by white space python list integer column loop error,2,d3735,0.8825092911720276
q20294,how to separate list elements by white space python,how to separate list elements by white space python,how to separate list elements by white space python list integer column loop error,3,d11759,0.8825092911720276
q20294,how to separate list elements by white space python,how to separate list elements by white space python,how to separate list elements by white space python list integer column loop error,4,d10414,0.8825092911720276
q20294,how to separate list elements by white space python,how to separate list elements by white space python,how to separate list elements by white space python list integer column loop error,5,d10418,0.8825092911720276
q20294,how to separate list elements by white space python,how to separate list elements by white space python,how to separate list elements by white space python list integer column loop error,6,d10356,0.8825092911720276
q20294,how to separate list elements by white space python,how to separate list elements by white space python,how to separate list elements by white space python list integer column loop error,7,d9252,0.8825092911720276
q20294,how to separate list elements by white space python,how to separate list elements by white space python,how to separate list elements by white space python list integer column loop error,8,d6495,0.8825092911720276
q20294,how to separate list elements by white space python,how to separate list elements by white space python,how to separate list elements by white space python list integer column loop error,9,d18678,0.8693238496780396
q20294,how to separate list elements by white space python,how to separate list elements by white space python,how to separate list elements by white space python list integer column loop error,10,d17839,0.8693238496780396
q20295,how to default value in python,how to default value in python,how to default value in python error variable integer parameter method,1,d19863,0.8712948560714722
q20295,how to default value in python,how to default value in python,how to default value in python error variable integer parameter method,2,d20295,0.8712948560714722
q20295,how to default value in python,how to default value in python,how to default value in python error variable integer parameter method,3,d9145,0.8712948560714722
q20295,how to default value in python,how to default value in python,how to default value in python error variable integer parameter method,4,d3752,0.8712948560714722
q20295,how to default value in python,how to default value in python,how to default value in python error variable integer parameter method,5,d11130,0.8712948560714722
q20295,how to default value in python,how to default value in python,how to default value in python error variable integer parameter method,6,d18973,0.863359808921814
q20295,how to default value in python,how to default value in python,how to default value in python error variable integer parameter method,7,d6799,0.8630256652832031
q20295,how to default value in python,how to default value in python,how to default value in python error variable integer parameter method,8,d12091,0.8630256652832031
q20295,how to default value in python,how to default value in python,how to default value in python error variable integer parameter method,9,d6555,0.8630256652832031
q20295,how to default value in python,how to default value in python,how to default value in python error variable integer parameter method,10,d13915,0.8630256652832031
q20296,python dict keys lowercase,python dict keys lowercase,python dict keys lowercase dictionary error loop delete query,1,d11831,0.877152681350708
q20296,python dict keys lowercase,python dict keys lowercase,python dict keys lowercase dictionary error loop delete query,2,d5545,0.8721977472305298
q20296,python dict keys lowercase,python dict keys lowercase,python dict keys lowercase dictionary error loop delete query,3,d19984,0.8721976280212402
q20296,python dict keys lowercase,python dict keys lowercase,python dict keys lowercase dictionary error loop delete query,4,d12560,0.8721976280212402
q20296,python dict keys lowercase,python dict keys lowercase,python dict keys lowercase dictionary error loop delete query,5,d12642,0.8721976280212402
q20296,python dict keys lowercase,python dict keys lowercase,python dict keys lowercase dictionary error loop delete query,6,d12554,0.8705339431762695
q20296,python dict keys lowercase,python dict keys lowercase,python dict keys lowercase dictionary error loop delete query,7,d8601,0.8703618049621582
q20296,python dict keys lowercase,python dict keys lowercase,python dict keys lowercase dictionary error loop delete query,8,d9578,0.8692586421966553
q20296,python dict keys lowercase,python dict keys lowercase,python dict keys lowercase dictionary error loop delete query,9,d6571,0.8692586421966553
q20296,python dict keys lowercase,python dict keys lowercase,python dict keys lowercase dictionary error loop delete query,10,d14187,0.8692586421966553
q20297,python get index of list values that equal,python get index of list values that equal,python get index of list values that equal list integer search parameter error,1,d7031,0.8859758377075195
q20297,python get index of list values that equal,python get index of list values that equal,python get index of list values that equal list integer search parameter error,2,d3653,0.8859758377075195
q20297,python get index of list values that equal,python get index of list values that equal,python get index of list values that equal list integer search parameter error,3,d6941,0.8859758377075195
q20297,python get index of list values that equal,python get index of list values that equal,python get index of list values that equal list integer search parameter error,4,d20412,0.8859758377075195
q20297,python get index of list values that equal,python get index of list values that equal,python get index of list values that equal list integer search parameter error,5,d13115,0.8859758377075195
q20297,python get index of list values that equal,python get index of list values that equal,python get index of list values that equal list integer search parameter error,6,d5546,0.8859758377075195
q20297,python get index of list values that equal,python get index of list values that equal,python get index of list values that equal list integer search parameter error,7,d15053,0.8859758377075195
q20297,python get index of list values that equal,python get index of list values that equal,python get index of list values that equal list integer search parameter error,8,d20015,0.8859758377075195
q20297,python get index of list values that equal,python get index of list values that equal,python get index of list values that equal list integer search parameter error,9,d5737,0.8859758377075195
q20297,python get index of list values that equal,python get index of list values that equal,python get index of list values that equal list integer search parameter error,10,d11678,0.880526065826416
q20298,python requests logging not work,python requests logging not work,python requests logging not work error search update loop integer,1,d15431,0.8720335960388184
q20298,python requests logging not work,python requests logging not work,python requests logging not work error search update loop integer,2,d13302,0.8720335960388184
q20298,python requests logging not work,python requests logging not work,python requests logging not work error search update loop integer,3,d17825,0.8618323802947998
q20298,python requests logging not work,python requests logging not work,python requests logging not work error search update loop integer,4,d8290,0.8592923879623413
q20298,python requests logging not work,python requests logging not work,python requests logging not work error search update loop integer,5,d589,0.8572543859481812
q20298,python requests logging not work,python requests logging not work,python requests logging not work error search update loop integer,6,d4162,0.8572543859481812
q20298,python requests logging not work,python requests logging not work,python requests logging not work error search update loop integer,7,d15995,0.8572543859481812
q20298,python requests logging not work,python requests logging not work,python requests logging not work error search update loop integer,8,d9992,0.8572543859481812
q20298,python requests logging not work,python requests logging not work,python requests logging not work error search update loop integer,9,d12882,0.8572543859481812
q20298,python requests logging not work,python requests logging not work,python requests logging not work error search update loop integer,10,d5769,0.856796145439148
q20299,python static files flask,python static files flask,python static files flask file database error integer column,1,d16042,0.8685522675514221
q20299,python static files flask,python static files flask,python static files flask file database error integer column,2,d8797,0.8685522675514221
q20299,python static files flask,python static files flask,python static files flask file database error integer column,3,d13659,0.8685522675514221
q20299,python static files flask,python static files flask,python static files flask file database error integer column,4,d7616,0.8685522675514221
q20299,python static files flask,python static files flask,python static files flask file database error integer column,5,d2322,0.8685522675514221
q20299,python static files flask,python static files flask,python static files flask file database error integer column,6,d8787,0.8654831647872925
q20299,python static files flask,python static files flask,python static files flask file database error integer column,7,d5878,0.8630598783493042
q20299,python static files flask,python static files flask,python static files flask file database error integer column,8,d8781,0.8627533316612244
q20299,python static files flask,python static files flask,python static files flask file database error integer column,9,d12742,0.8627533316612244
q20299,python static files flask,python static files flask,python static files flask file database error integer column,10,d19996,0.8573741316795349
q20300,rest json schema validation python,rest json schema validation python,rest json schema validation python error return database update integer,1,d15284,0.8850909471511841
q20300,rest json schema validation python,rest json schema validation python,rest json schema validation python error return database update integer,2,d20141,0.8815076351165771
q20300,rest json schema validation python,rest json schema validation python,rest json schema validation python error return database update integer,3,d2088,0.8805516958236694
q20300,rest json schema validation python,rest json schema validation python,rest json schema validation python error return database update integer,4,d12742,0.8760789036750793
q20300,rest json schema validation python,rest json schema validation python,rest json schema validation python error return database update integer,5,d8781,0.8760789036750793
q20300,rest json schema validation python,rest json schema validation python,rest json schema validation python error return database update integer,6,d18750,0.8740687370300293
q20300,rest json schema validation python,rest json schema validation python,rest json schema validation python error return database update integer,7,d20300,0.8740687370300293
q20300,rest json schema validation python,rest json schema validation python,rest json schema validation python error return database update integer,8,d18646,0.8723465204238892
q20300,rest json schema validation python,rest json schema validation python,rest json schema validation python error return database update integer,9,d19626,0.8723465204238892
q20300,rest json schema validation python,rest json schema validation python,rest json schema validation python error return database update integer,10,d17108,0.8723465204238892
q20301,write in bold and read in color of the print mesaage in python,write in bold and read in color of the print mesaage in python,write in bold and read in color of the print mesaage in python write read query row column,1,d2185,0.8646637201309204
q20301,write in bold and read in color of the print mesaage in python,write in bold and read in color of the print mesaage in python,write in bold and read in color of the print mesaage in python write read query row column,2,d858,0.8625168800354004
q20301,write in bold and read in color of the print mesaage in python,write in bold and read in color of the print mesaage in python,write in bold and read in color of the print mesaage in python write read query row column,3,d11585,0.8623479604721069
q20301,write in bold and read in color of the print mesaage in python,write in bold and read in color of the print mesaage in python,write in bold and read in color of the print mesaage in python write read query row column,4,d3917,0.8623479604721069
q20301,write in bold and read in color of the print mesaage in python,write in bold and read in color of the print mesaage in python,write in bold and read in color of the print mesaage in python write read query row column,5,d8113,0.8623479604721069
q20301,write in bold and read in color of the print mesaage in python,write in bold and read in color of the print mesaage in python,write in bold and read in color of the print mesaage in python write read query row column,6,d13267,0.8623479604721069
q20301,write in bold and read in color of the print mesaage in python,write in bold and read in color of the print mesaage in python,write in bold and read in color of the print mesaage in python write read query row column,7,d291,0.8623479604721069
q20301,write in bold and read in color of the print mesaage in python,write in bold and read in color of the print mesaage in python,write in bold and read in color of the print mesaage in python write read query row column,8,d15789,0.8623479604721069
q20301,write in bold and read in color of the print mesaage in python,write in bold and read in color of the print mesaage in python,write in bold and read in color of the print mesaage in python write read query row column,9,d3396,0.8623479604721069
q20301,write in bold and read in color of the print mesaage in python,write in bold and read in color of the print mesaage in python,write in bold and read in color of the print mesaage in python write read query row column,10,d13170,0.8623479604721069
q20302,python type cast to bigint,python type cast to bigint,python type cast to bigint integer variable class error string,1,d7533,0.8898622989654541
q20302,python type cast to bigint,python type cast to bigint,python type cast to bigint integer variable class error string,2,d19420,0.8707944750785828
q20302,python type cast to bigint,python type cast to bigint,python type cast to bigint integer variable class error string,3,d20499,0.8707944750785828
q20302,python type cast to bigint,python type cast to bigint,python type cast to bigint integer variable class error string,4,d17899,0.8707944750785828
q20302,python type cast to bigint,python type cast to bigint,python type cast to bigint integer variable class error string,5,d18876,0.8707944750785828
q20302,python type cast to bigint,python type cast to bigint,python type cast to bigint integer variable class error string,6,d18506,0.8707944750785828
q20302,python type cast to bigint,python type cast to bigint,python type cast to bigint integer variable class error string,7,d17132,0.8707944750785828
q20302,python type cast to bigint,python type cast to bigint,python type cast to bigint integer variable class error string,8,d17426,0.8707944750785828
q20302,python type cast to bigint,python type cast to bigint,python type cast to bigint integer variable class error string,9,d19295,0.8707944750785828
q20302,python type cast to bigint,python type cast to bigint,python type cast to bigint integer variable class error string,10,d18155,0.8707944750785828
q20303,converts matrix to pictures by python,converts matrix to pictures by python,converts matrix to pictures by python parameter row integer array column,1,d2231,0.869514524936676
q20303,converts matrix to pictures by python,converts matrix to pictures by python,converts matrix to pictures by python parameter row integer array column,2,d5224,0.869514524936676
q20303,converts matrix to pictures by python,converts matrix to pictures by python,converts matrix to pictures by python parameter row integer array column,3,d2512,0.8687529563903809
q20303,converts matrix to pictures by python,converts matrix to pictures by python,converts matrix to pictures by python parameter row integer array column,4,d2776,0.8687529563903809
q20303,converts matrix to pictures by python,converts matrix to pictures by python,converts matrix to pictures by python parameter row integer array column,5,d15866,0.8677273392677307
q20303,converts matrix to pictures by python,converts matrix to pictures by python,converts matrix to pictures by python parameter row integer array column,6,d15864,0.8677273392677307
q20303,converts matrix to pictures by python,converts matrix to pictures by python,converts matrix to pictures by python parameter row integer array column,7,d1808,0.8677273392677307
q20303,converts matrix to pictures by python,converts matrix to pictures by python,converts matrix to pictures by python parameter row integer array column,8,d12523,0.8677273392677307
q20303,converts matrix to pictures by python,converts matrix to pictures by python,converts matrix to pictures by python parameter row integer array column,9,d3529,0.8677273392677307
q20303,converts matrix to pictures by python,converts matrix to pictures by python,converts matrix to pictures by python parameter row integer array column,10,d13181,0.8677273392677307
q20304,python random selection from function,python random selection from function,python random selection from function function error parameter condition return,1,d10011,0.8704125881195068
q20304,python random selection from function,python random selection from function,python random selection from function function error parameter condition return,2,d4579,0.8646561503410339
q20304,python random selection from function,python random selection from function,python random selection from function function error parameter condition return,3,d11731,0.8646561503410339
q20304,python random selection from function,python random selection from function,python random selection from function function error parameter condition return,4,d1757,0.8646561503410339
q20304,python random selection from function,python random selection from function,python random selection from function function error parameter condition return,5,d3859,0.8646561503410339
q20304,python random selection from function,python random selection from function,python random selection from function function error parameter condition return,6,d15447,0.8646561503410339
q20304,python random selection from function,python random selection from function,python random selection from function function error parameter condition return,7,d5490,0.8646561503410339
q20304,python random selection from function,python random selection from function,python random selection from function function error parameter condition return,8,d3168,0.8646561503410339
q20304,python random selection from function,python random selection from function,python random selection from function function error parameter condition return,9,d8084,0.8646561503410339
q20304,python random selection from function,python random selection from function,python random selection from function function error parameter condition return,10,d8214,0.8638410568237305
q20305,python keep processpool open until tasks complete,python keep processpool open until tasks complete,python keep processpool open until tasks complete loop open error file delete,1,d10346,0.8663323521614075
q20305,python keep processpool open until tasks complete,python keep processpool open until tasks complete,python keep processpool open until tasks complete loop open error file delete,2,d6127,0.8663323521614075
q20305,python keep processpool open until tasks complete,python keep processpool open until tasks complete,python keep processpool open until tasks complete loop open error file delete,3,d4041,0.8663323521614075
q20305,python keep processpool open until tasks complete,python keep processpool open until tasks complete,python keep processpool open until tasks complete loop open error file delete,4,d12581,0.8663323521614075
q20305,python keep processpool open until tasks complete,python keep processpool open until tasks complete,python keep processpool open until tasks complete loop open error file delete,5,d8248,0.8663323521614075
q20305,python keep processpool open until tasks complete,python keep processpool open until tasks complete,python keep processpool open until tasks complete loop open error file delete,6,d10312,0.8663323521614075
q20305,python keep processpool open until tasks complete,python keep processpool open until tasks complete,python keep processpool open until tasks complete loop open error file delete,7,d6281,0.8663323521614075
q20305,python keep processpool open until tasks complete,python keep processpool open until tasks complete,python keep processpool open until tasks complete loop open error file delete,8,d14249,0.8663323521614075
q20305,python keep processpool open until tasks complete,python keep processpool open until tasks complete,python keep processpool open until tasks complete loop open error file delete,9,d13896,0.8649530410766602
q20305,python keep processpool open until tasks complete,python keep processpool open until tasks complete,python keep processpool open until tasks complete loop open error file delete,10,d20305,0.8621784448623657
q20306,running a def a specified amount of time python 3,running a def a specified amount of time python 3,running a def a specified amount of time python 3 integer function loop method parameter,1,d817,0.884814441204071
q20306,running a def a specified amount of time python 3,running a def a specified amount of time python 3,running a def a specified amount of time python 3 integer function loop method parameter,2,d7902,0.879938542842865
q20306,running a def a specified amount of time python 3,running a def a specified amount of time python 3,running a def a specified amount of time python 3 integer function loop method parameter,3,d8620,0.879938542842865
q20306,running a def a specified amount of time python 3,running a def a specified amount of time python 3,running a def a specified amount of time python 3 integer function loop method parameter,4,d15977,0.879938542842865
q20306,running a def a specified amount of time python 3,running a def a specified amount of time python 3,running a def a specified amount of time python 3 integer function loop method parameter,5,d5648,0.879938542842865
q20306,running a def a specified amount of time python 3,running a def a specified amount of time python 3,running a def a specified amount of time python 3 integer function loop method parameter,6,d12384,0.879938542842865
q20306,running a def a specified amount of time python 3,running a def a specified amount of time python 3,running a def a specified amount of time python 3 integer function loop method parameter,7,d13319,0.8770993947982788
q20306,running a def a specified amount of time python 3,running a def a specified amount of time python 3,running a def a specified amount of time python 3 integer function loop method parameter,8,d9959,0.8770993947982788
q20306,running a def a specified amount of time python 3,running a def a specified amount of time python 3,running a def a specified amount of time python 3 integer function loop method parameter,9,d15747,0.87209153175354
q20306,running a def a specified amount of time python 3,running a def a specified amount of time python 3,running a def a specified amount of time python 3 integer function loop method parameter,10,d6921,0.8720189929008484
q20307,python str to dateal time,python str to dateal time,python str to dateal time string dictionary database data integer,1,d16547,0.8958786725997925
q20307,python str to dateal time,python str to dateal time,python str to dateal time string dictionary database data integer,2,d6611,0.8958786725997925
q20307,python str to dateal time,python str to dateal time,python str to dateal time string dictionary database data integer,3,d10406,0.8958786725997925
q20307,python str to dateal time,python str to dateal time,python str to dateal time string dictionary database data integer,4,d12316,0.8958786725997925
q20307,python str to dateal time,python str to dateal time,python str to dateal time string dictionary database data integer,5,d7557,0.8958786129951477
q20307,python str to dateal time,python str to dateal time,python str to dateal time string dictionary database data integer,6,d17861,0.8907426595687866
q20307,python str to dateal time,python str to dateal time,python str to dateal time string dictionary database data integer,7,d8319,0.8820267915725708
q20307,python str to dateal time,python str to dateal time,python str to dateal time string dictionary database data integer,8,d1918,0.8820267915725708
q20307,python str to dateal time,python str to dateal time,python str to dateal time string dictionary database data integer,9,d2299,0.8820267915725708
q20307,python str to dateal time,python str to dateal time,python str to dateal time string dictionary database data integer,10,d3421,0.8820267915725708
q20308,python check if file is executable,python check if file is executable,python check if file is executable file error update condition string,1,d6327,0.8887240886688232
q20308,python check if file is executable,python check if file is executable,python check if file is executable file error update condition string,2,d20308,0.8887240886688232
q20308,python check if file is executable,python check if file is executable,python check if file is executable file error update condition string,3,d13875,0.8887240886688232
q20308,python check if file is executable,python check if file is executable,python check if file is executable file error update condition string,4,d14367,0.8887240886688232
q20308,python check if file is executable,python check if file is executable,python check if file is executable file error update condition string,5,d12582,0.8887240886688232
q20308,python check if file is executable,python check if file is executable,python check if file is executable file error update condition string,6,d4841,0.8887240886688232
q20308,python check if file is executable,python check if file is executable,python check if file is executable file error update condition string,7,d2875,0.8811407685279846
q20308,python check if file is executable,python check if file is executable,python check if file is executable file error update condition string,8,d15581,0.8811407685279846
q20308,python check if file is executable,python check if file is executable,python check if file is executable file error update condition string,9,d16571,0.8800333738327026
q20308,python check if file is executable,python check if file is executable,python check if file is executable file error update condition string,10,d10691,0.8758313059806824
q20309,python how to check the queue lenght,python how to check the queue lenght,python how to check the queue lenght loop update row error integer,1,d9979,0.8641949892044067
q20309,python how to check the queue lenght,python how to check the queue lenght,python how to check the queue lenght loop update row error integer,2,d13302,0.8620861768722534
q20309,python how to check the queue lenght,python how to check the queue lenght,python how to check the queue lenght loop update row error integer,3,d15431,0.8620861768722534
q20309,python how to check the queue lenght,python how to check the queue lenght,python how to check the queue lenght loop update row error integer,4,d11823,0.8601886034011841
q20309,python how to check the queue lenght,python how to check the queue lenght,python how to check the queue lenght loop update row error integer,5,d18007,0.8567360639572144
q20309,python how to check the queue lenght,python how to check the queue lenght,python how to check the queue lenght loop update row error integer,6,d6762,0.8511562347412109
q20309,python how to check the queue lenght,python how to check the queue lenght,python how to check the queue lenght loop update row error integer,7,d10205,0.8511562347412109
q20309,python how to check the queue lenght,python how to check the queue lenght,python how to check the queue lenght loop update row error integer,8,d3476,0.8510081768035889
q20309,python how to check the queue lenght,python how to check the queue lenght,python how to check the queue lenght loop update row error integer,9,d11231,0.8482198715209961
q20309,python how to check the queue lenght,python how to check the queue lenght,python how to check the queue lenght loop update row error integer,10,d7170,0.8482198715209961
q20310,query server objects ldap in python,query server objects ldap in python,query server objects ldap in python query database parameter update integer data,1,d11823,0.8720292448997498
q20310,query server objects ldap in python,query server objects ldap in python,query server objects ldap in python query database parameter update integer data,2,d1475,0.8628579378128052
q20310,query server objects ldap in python,query server objects ldap in python,query server objects ldap in python query database parameter update integer data,3,d1935,0.8597630262374878
q20310,query server objects ldap in python,query server objects ldap in python,query server objects ldap in python query database parameter update integer data,4,d16043,0.8592336177825928
q20310,query server objects ldap in python,query server objects ldap in python,query server objects ldap in python query database parameter update integer data,5,d11519,0.8588110208511353
q20310,query server objects ldap in python,query server objects ldap in python,query server objects ldap in python query database parameter update integer data,6,d15610,0.8588110208511353
q20310,query server objects ldap in python,query server objects ldap in python,query server objects ldap in python query database parameter update integer data,7,d7230,0.8588110208511353
q20310,query server objects ldap in python,query server objects ldap in python,query server objects ldap in python query database parameter update integer data,8,d5654,0.8588110208511353
q20310,query server objects ldap in python,query server objects ldap in python,query server objects ldap in python query database parameter update integer data,9,d15422,0.8588110208511353
q20310,query server objects ldap in python,query server objects ldap in python,query server objects ldap in python query database parameter update integer data,10,d6350,0.8588110208511353
q20311,python docx document section different page,python docx document section different page,python docx document section different page update error search dictionary file,1,d252,0.8696401119232178
q20311,python docx document section different page,python docx document section different page,python docx document section different page update error search dictionary file,2,d15052,0.8696401119232178
q20311,python docx document section different page,python docx document section different page,python docx document section different page update error search dictionary file,3,d8277,0.8696401119232178
q20311,python docx document section different page,python docx document section different page,python docx document section different page update error search dictionary file,4,d10436,0.8696401119232178
q20311,python docx document section different page,python docx document section different page,python docx document section different page update error search dictionary file,5,d8708,0.8696401119232178
q20311,python docx document section different page,python docx document section different page,python docx document section different page update error search dictionary file,6,d12661,0.8696401119232178
q20311,python docx document section different page,python docx document section different page,python docx document section different page update error search dictionary file,7,d2292,0.8696401119232178
q20311,python docx document section different page,python docx document section different page,python docx document section different page update error search dictionary file,8,d12659,0.8696401119232178
q20311,python docx document section different page,python docx document section different page,python docx document section different page update error search dictionary file,9,d5654,0.8672503232955933
q20311,python docx document section different page,python docx document section different page,python docx document section different page update error search dictionary file,10,d6350,0.8672503232955933
q20312,write a json object to file python,write a json object to file python,write a json object to file python write file update database add,1,d17934,0.8844669461250305
q20312,write a json object to file python,write a json object to file python,write a json object to file python write file update database add,2,d16608,0.8817574977874756
q20312,write a json object to file python,write a json object to file python,write a json object to file python write file update database add,3,d6411,0.8817574381828308
q20312,write a json object to file python,write a json object to file python,write a json object to file python write file update database add,4,d11818,0.8817574381828308
q20312,write a json object to file python,write a json object to file python,write a json object to file python write file update database add,5,d14344,0.8817574381828308
q20312,write a json object to file python,write a json object to file python,write a json object to file python write file update database add,6,d1638,0.8817574381828308
q20312,write a json object to file python,write a json object to file python,write a json object to file python write file update database add,7,d6991,0.8817574381828308
q20312,write a json object to file python,write a json object to file python,write a json object to file python write file update database add,8,d7494,0.8817574381828308
q20312,write a json object to file python,write a json object to file python,write a json object to file python write file update database add,9,d7987,0.8817574381828308
q20312,write a json object to file python,write a json object to file python,write a json object to file python write file update database add,10,d5061,0.8814417719841003
q20313,how to compute the minimum value of a tensor in python,how to compute the minimum value of a tensor in python,how to compute the minimum value of a tensor in python integer parameter error function update,1,d8988,0.8710644245147705
q20313,how to compute the minimum value of a tensor in python,how to compute the minimum value of a tensor in python,how to compute the minimum value of a tensor in python integer parameter error function update,2,d16005,0.8710644245147705
q20313,how to compute the minimum value of a tensor in python,how to compute the minimum value of a tensor in python,how to compute the minimum value of a tensor in python integer parameter error function update,3,d12519,0.8710644245147705
q20313,how to compute the minimum value of a tensor in python,how to compute the minimum value of a tensor in python,how to compute the minimum value of a tensor in python integer parameter error function update,4,d5457,0.8710644245147705
q20313,how to compute the minimum value of a tensor in python,how to compute the minimum value of a tensor in python,how to compute the minimum value of a tensor in python integer parameter error function update,5,d1016,0.8710644245147705
q20313,how to compute the minimum value of a tensor in python,how to compute the minimum value of a tensor in python,how to compute the minimum value of a tensor in python integer parameter error function update,6,d3239,0.8710644245147705
q20313,how to compute the minimum value of a tensor in python,how to compute the minimum value of a tensor in python,how to compute the minimum value of a tensor in python integer parameter error function update,7,d920,0.8710644245147705
q20313,how to compute the minimum value of a tensor in python,how to compute the minimum value of a tensor in python,how to compute the minimum value of a tensor in python integer parameter error function update,8,d2970,0.8710644245147705
q20313,how to compute the minimum value of a tensor in python,how to compute the minimum value of a tensor in python,how to compute the minimum value of a tensor in python integer parameter error function update,9,d10731,0.866919755935669
q20313,how to compute the minimum value of a tensor in python,how to compute the minimum value of a tensor in python,how to compute the minimum value of a tensor in python integer parameter error function update,10,d15055,0.866919755935669
q20314,python unittest how to assert 2 lists are almost equal,python unittest how to assert 2 lists are almost equal,python unittest how to assert 2 lists are almost equal list error parameter integer sort,1,d10425,0.8752285242080688
q20314,python unittest how to assert 2 lists are almost equal,python unittest how to assert 2 lists are almost equal,python unittest how to assert 2 lists are almost equal list error parameter integer sort,2,d15975,0.8752285242080688
q20314,python unittest how to assert 2 lists are almost equal,python unittest how to assert 2 lists are almost equal,python unittest how to assert 2 lists are almost equal list error parameter integer sort,3,d1885,0.8752285242080688
q20314,python unittest how to assert 2 lists are almost equal,python unittest how to assert 2 lists are almost equal,python unittest how to assert 2 lists are almost equal list error parameter integer sort,4,d8362,0.8752285242080688
q20314,python unittest how to assert 2 lists are almost equal,python unittest how to assert 2 lists are almost equal,python unittest how to assert 2 lists are almost equal list error parameter integer sort,5,d12702,0.8752285242080688
q20314,python unittest how to assert 2 lists are almost equal,python unittest how to assert 2 lists are almost equal,python unittest how to assert 2 lists are almost equal list error parameter integer sort,6,d6268,0.8752285242080688
q20314,python unittest how to assert 2 lists are almost equal,python unittest how to assert 2 lists are almost equal,python unittest how to assert 2 lists are almost equal list error parameter integer sort,7,d200,0.8752285242080688
q20314,python unittest how to assert 2 lists are almost equal,python unittest how to assert 2 lists are almost equal,python unittest how to assert 2 lists are almost equal list error parameter integer sort,8,d202,0.8752285242080688
q20314,python unittest how to assert 2 lists are almost equal,python unittest how to assert 2 lists are almost equal,python unittest how to assert 2 lists are almost equal list error parameter integer sort,9,d16582,0.8752285242080688
q20314,python unittest how to assert 2 lists are almost equal,python unittest how to assert 2 lists are almost equal,python unittest how to assert 2 lists are almost equal list error parameter integer sort,10,d9244,0.8752285242080688
q20315,how to check if 2 inputs are equal in python assert equal,how to check if 2 inputs are equal in python assert equal,how to check if 2 inputs are equal in python assert equal error integer condition boolean update,1,d17011,0.8826922178268433
q20315,how to check if 2 inputs are equal in python assert equal,how to check if 2 inputs are equal in python assert equal,how to check if 2 inputs are equal in python assert equal error integer condition boolean update,2,d17803,0.8826922178268433
q20315,how to check if 2 inputs are equal in python assert equal,how to check if 2 inputs are equal in python assert equal,how to check if 2 inputs are equal in python assert equal error integer condition boolean update,3,d19051,0.8826922178268433
q20315,how to check if 2 inputs are equal in python assert equal,how to check if 2 inputs are equal in python assert equal,how to check if 2 inputs are equal in python assert equal error integer condition boolean update,4,d11199,0.8808431625366211
q20315,how to check if 2 inputs are equal in python assert equal,how to check if 2 inputs are equal in python assert equal,how to check if 2 inputs are equal in python assert equal error integer condition boolean update,5,d524,0.8808431625366211
q20315,how to check if 2 inputs are equal in python assert equal,how to check if 2 inputs are equal in python assert equal,how to check if 2 inputs are equal in python assert equal error integer condition boolean update,6,d15051,0.8808431625366211
q20315,how to check if 2 inputs are equal in python assert equal,how to check if 2 inputs are equal in python assert equal,how to check if 2 inputs are equal in python assert equal error integer condition boolean update,7,d818,0.8808431625366211
q20315,how to check if 2 inputs are equal in python assert equal,how to check if 2 inputs are equal in python assert equal,how to check if 2 inputs are equal in python assert equal error integer condition boolean update,8,d11108,0.8808431625366211
q20315,how to check if 2 inputs are equal in python assert equal,how to check if 2 inputs are equal in python assert equal,how to check if 2 inputs are equal in python assert equal error integer condition boolean update,9,d20297,0.8808431625366211
q20315,how to check if 2 inputs are equal in python assert equal,how to check if 2 inputs are equal in python assert equal,how to check if 2 inputs are equal in python assert equal error integer condition boolean update,10,d18478,0.8785516023635864
q20316,python loop through proxies request,python loop through proxies request,python loop through proxies request loop row error search function,1,d4967,0.8708555698394775
q20316,python loop through proxies request,python loop through proxies request,python loop through proxies request loop row error search function,2,d12943,0.8708555698394775
q20316,python loop through proxies request,python loop through proxies request,python loop through proxies request loop row error search function,3,d19751,0.8683408498764038
q20316,python loop through proxies request,python loop through proxies request,python loop through proxies request loop row error search function,4,d16055,0.8602752685546875
q20316,python loop through proxies request,python loop through proxies request,python loop through proxies request loop row error search function,5,d9187,0.8602752685546875
q20316,python loop through proxies request,python loop through proxies request,python loop through proxies request loop row error search function,6,d19620,0.8602752685546875
q20316,python loop through proxies request,python loop through proxies request,python loop through proxies request loop row error search function,7,d916,0.8602752685546875
q20316,python loop through proxies request,python loop through proxies request,python loop through proxies request loop row error search function,8,d13927,0.8602752685546875
q20316,python loop through proxies request,python loop through proxies request,python loop through proxies request loop row error search function,9,d648,0.8602752685546875
q20316,python loop through proxies request,python loop through proxies request,python loop through proxies request loop row error search function,10,d3882,0.8602752685546875
q20317,python loess with gaussian kernel,python loess with gaussian kernel,python loess with gaussian kernel error loop integer variable update,1,d11379,0.8570811748504639
q20317,python loess with gaussian kernel,python loess with gaussian kernel,python loess with gaussian kernel error loop integer variable update,2,d19342,0.8559442758560181
q20317,python loess with gaussian kernel,python loess with gaussian kernel,python loess with gaussian kernel error loop integer variable update,3,d19034,0.8559442758560181
q20317,python loess with gaussian kernel,python loess with gaussian kernel,python loess with gaussian kernel error loop integer variable update,4,d10658,0.8551622033119202
q20317,python loess with gaussian kernel,python loess with gaussian kernel,python loess with gaussian kernel error loop integer variable update,5,d166,0.8551622033119202
q20317,python loess with gaussian kernel,python loess with gaussian kernel,python loess with gaussian kernel error loop integer variable update,6,d13029,0.8533422946929932
q20317,python loess with gaussian kernel,python loess with gaussian kernel,python loess with gaussian kernel error loop integer variable update,7,d7443,0.8518779277801514
q20317,python loess with gaussian kernel,python loess with gaussian kernel,python loess with gaussian kernel error loop integer variable update,8,d13593,0.8505038022994995
q20317,python loess with gaussian kernel,python loess with gaussian kernel,python loess with gaussian kernel error loop integer variable update,9,d7174,0.8494292497634888
q20317,python loess with gaussian kernel,python loess with gaussian kernel,python loess with gaussian kernel error loop integer variable update,10,d5276,0.8486760854721069
q20318,greatest common divisor function in python,greatest common divisor function in python,greatest common divisor function in python function variable integer dictionary error,1,d19915,0.8695889711380005
q20318,greatest common divisor function in python,greatest common divisor function in python,greatest common divisor function in python function variable integer dictionary error,2,d11418,0.8695889711380005
q20318,greatest common divisor function in python,greatest common divisor function in python,greatest common divisor function in python function variable integer dictionary error,3,d6439,0.8695889711380005
q20318,greatest common divisor function in python,greatest common divisor function in python,greatest common divisor function in python function variable integer dictionary error,4,d2696,0.8695889711380005
q20318,greatest common divisor function in python,greatest common divisor function in python,greatest common divisor function in python function variable integer dictionary error,5,d11255,0.8695889711380005
q20318,greatest common divisor function in python,greatest common divisor function in python,greatest common divisor function in python function variable integer dictionary error,6,d7087,0.8695889711380005
q20318,greatest common divisor function in python,greatest common divisor function in python,greatest common divisor function in python function variable integer dictionary error,7,d13173,0.8695889711380005
q20318,greatest common divisor function in python,greatest common divisor function in python,greatest common divisor function in python function variable integer dictionary error,8,d8179,0.8695889711380005
q20318,greatest common divisor function in python,greatest common divisor function in python,greatest common divisor function in python function variable integer dictionary error,9,d323,0.8695889711380005
q20318,greatest common divisor function in python,greatest common divisor function in python,greatest common divisor function in python function variable integer dictionary error,10,d18015,0.8677477836608887
q20319,how to clear up memory python,how to clear up memory python,how to clear up memory python error update delete query parameter,1,d17829,0.861630916595459
q20319,how to clear up memory python,how to clear up memory python,how to clear up memory python error update delete query parameter,2,d16930,0.861630916595459
q20319,how to clear up memory python,how to clear up memory python,how to clear up memory python error update delete query parameter,3,d18208,0.861630916595459
q20319,how to clear up memory python,how to clear up memory python,how to clear up memory python error update delete query parameter,4,d19352,0.861630916595459
q20319,how to clear up memory python,how to clear up memory python,how to clear up memory python error update delete query parameter,5,d3295,0.8563916683197021
q20319,how to clear up memory python,how to clear up memory python,how to clear up memory python error update delete query parameter,6,d13618,0.8544669151306152
q20319,how to clear up memory python,how to clear up memory python,how to clear up memory python error update delete query parameter,7,d9541,0.8544669151306152
q20319,how to clear up memory python,how to clear up memory python,how to clear up memory python error update delete query parameter,8,d7541,0.8544669151306152
q20319,how to clear up memory python,how to clear up memory python,how to clear up memory python error update delete query parameter,9,d427,0.8518792390823364
q20319,how to clear up memory python,how to clear up memory python,how to clear up memory python error update delete query parameter,10,d11831,0.8518726825714111
q20320,get eucliedan distance between two vectors python,get eucliedan distance between two vectors python,get eucliedan distance between two vectors python close get error row query,1,d10630,0.8985754251480103
q20320,get eucliedan distance between two vectors python,get eucliedan distance between two vectors python,get eucliedan distance between two vectors python close get error row query,2,d6398,0.8985754251480103
q20320,get eucliedan distance between two vectors python,get eucliedan distance between two vectors python,get eucliedan distance between two vectors python close get error row query,3,d4905,0.8985754251480103
q20320,get eucliedan distance between two vectors python,get eucliedan distance between two vectors python,get eucliedan distance between two vectors python close get error row query,4,d509,0.8985754251480103
q20320,get eucliedan distance between two vectors python,get eucliedan distance between two vectors python,get eucliedan distance between two vectors python close get error row query,5,d4748,0.8985754251480103
q20320,get eucliedan distance between two vectors python,get eucliedan distance between two vectors python,get eucliedan distance between two vectors python close get error row query,6,d12621,0.8985754251480103
q20320,get eucliedan distance between two vectors python,get eucliedan distance between two vectors python,get eucliedan distance between two vectors python close get error row query,7,d20320,0.8985754251480103
q20320,get eucliedan distance between two vectors python,get eucliedan distance between two vectors python,get eucliedan distance between two vectors python close get error row query,8,d14605,0.8985754251480103
q20320,get eucliedan distance between two vectors python,get eucliedan distance between two vectors python,get eucliedan distance between two vectors python close get error row query,9,d20453,0.8968756198883057
q20320,get eucliedan distance between two vectors python,get eucliedan distance between two vectors python,get eucliedan distance between two vectors python close get error row query,10,d10755,0.8938924074172974
q20321,python interactive shell color,python interactive shell color,python interactive shell color error integer string column file,1,d11530,0.8674494028091431
q20321,python interactive shell color,python interactive shell color,python interactive shell color error integer string column file,2,d13660,0.8667839765548706
q20321,python interactive shell color,python interactive shell color,python interactive shell color error integer string column file,3,d5502,0.8667839765548706
q20321,python interactive shell color,python interactive shell color,python interactive shell color error integer string column file,4,d14706,0.8611164093017578
q20321,python interactive shell color,python interactive shell color,python interactive shell color error integer string column file,5,d9720,0.8611164093017578
q20321,python interactive shell color,python interactive shell color,python interactive shell color error integer string column file,6,d6031,0.8611164093017578
q20321,python interactive shell color,python interactive shell color,python interactive shell color error integer string column file,7,d5092,0.8611164093017578
q20321,python interactive shell color,python interactive shell color,python interactive shell color error integer string column file,8,d8545,0.8611164093017578
q20321,python interactive shell color,python interactive shell color,python interactive shell color error integer string column file,9,d2974,0.8611164093017578
q20321,python interactive shell color,python interactive shell color,python interactive shell color error integer string column file,10,d1180,0.8611164093017578
q20322,passing a range of values python years,passing a range of values python years,passing a range of values python years integer variable parameter loop data,1,d5642,0.8737236261367798
q20322,passing a range of values python years,passing a range of values python years,passing a range of values python years integer variable parameter loop data,2,d20322,0.8737236261367798
q20322,passing a range of values python years,passing a range of values python years,passing a range of values python years integer variable parameter loop data,3,d6235,0.8634566068649292
q20322,passing a range of values python years,passing a range of values python years,passing a range of values python years integer variable parameter loop data,4,d117,0.8612661361694336
q20322,passing a range of values python years,passing a range of values python years,passing a range of values python years integer variable parameter loop data,5,d13535,0.8593635559082031
q20322,passing a range of values python years,passing a range of values python years,passing a range of values python years integer variable parameter loop data,6,d8939,0.8548882007598877
q20322,passing a range of values python years,passing a range of values python years,passing a range of values python years integer variable parameter loop data,7,d16523,0.8548882007598877
q20322,passing a range of values python years,passing a range of values python years,passing a range of values python years integer variable parameter loop data,8,d2257,0.8548882007598877
q20322,passing a range of values python years,passing a range of values python years,passing a range of values python years integer variable parameter loop data,9,d2179,0.8527371883392334
q20322,passing a range of values python years,passing a range of values python years,passing a range of values python years integer variable parameter loop data,10,d3812,0.8527371883392334
q20323,python yaml for each key value,python yaml for each key value,python yaml for each key value integer error row variable data,1,d16116,0.8561998009681702
q20323,python yaml for each key value,python yaml for each key value,python yaml for each key value integer error row variable data,2,d16110,0.8561998009681702
q20323,python yaml for each key value,python yaml for each key value,python yaml for each key value integer error row variable data,3,d20278,0.8561998009681702
q20323,python yaml for each key value,python yaml for each key value,python yaml for each key value integer error row variable data,4,d10360,0.8561998009681702
q20323,python yaml for each key value,python yaml for each key value,python yaml for each key value integer error row variable data,5,d10037,0.8561998009681702
q20323,python yaml for each key value,python yaml for each key value,python yaml for each key value integer error row variable data,6,d3712,0.8561998009681702
q20323,python yaml for each key value,python yaml for each key value,python yaml for each key value integer error row variable data,7,d1652,0.8561998009681702
q20323,python yaml for each key value,python yaml for each key value,python yaml for each key value integer error row variable data,8,d11168,0.8561998009681702
q20323,python yaml for each key value,python yaml for each key value,python yaml for each key value integer error row variable data,9,d8007,0.8561998009681702
q20323,python yaml for each key value,python yaml for each key value,python yaml for each key value integer error row variable data,10,d10620,0.8561998009681702
q20324,python test if value is ctypes array,python test if value is ctypes array,python test if value is ctypes array array variable error condition integer,1,d13884,0.894908607006073
q20324,python test if value is ctypes array,python test if value is ctypes array,python test if value is ctypes array array variable error condition integer,2,d8376,0.894908607006073
q20324,python test if value is ctypes array,python test if value is ctypes array,python test if value is ctypes array array variable error condition integer,3,d4164,0.894908607006073
q20324,python test if value is ctypes array,python test if value is ctypes array,python test if value is ctypes array array variable error condition integer,4,d4176,0.894908607006073
q20324,python test if value is ctypes array,python test if value is ctypes array,python test if value is ctypes array array variable error condition integer,5,d19611,0.894908607006073
q20324,python test if value is ctypes array,python test if value is ctypes array,python test if value is ctypes array array variable error condition integer,6,d12356,0.894908607006073
q20324,python test if value is ctypes array,python test if value is ctypes array,python test if value is ctypes array array variable error condition integer,7,d6279,0.894908607006073
q20324,python test if value is ctypes array,python test if value is ctypes array,python test if value is ctypes array array variable error condition integer,8,d19629,0.8844309449195862
q20324,python test if value is ctypes array,python test if value is ctypes array,python test if value is ctypes array array variable error condition integer,9,d3347,0.8787422180175781
q20324,python test if value is ctypes array,python test if value is ctypes array,python test if value is ctypes array array variable error condition integer,10,d4532,0.8787422180175781
q20325,function return apply async python,function return apply async python,function return apply async python return function error method add,1,d20325,0.8836111426353455
q20325,function return apply async python,function return apply async python,function return apply async python return function error method add,2,d8197,0.8715762495994568
q20325,function return apply async python,function return apply async python,function return apply async python return function error method add,3,d1507,0.8701488971710205
q20325,function return apply async python,function return apply async python,function return apply async python return function error method add,4,d15846,0.8701488971710205
q20325,function return apply async python,function return apply async python,function return apply async python return function error method add,5,d16042,0.870032787322998
q20325,function return apply async python,function return apply async python,function return apply async python return function error method add,6,d8797,0.870032787322998
q20325,function return apply async python,function return apply async python,function return apply async python return function error method add,7,d7616,0.870032787322998
q20325,function return apply async python,function return apply async python,function return apply async python return function error method add,8,d2322,0.870032787322998
q20325,function return apply async python,function return apply async python,function return apply async python return function error method add,9,d13659,0.870032787322998
q20325,function return apply async python,function return apply async python,function return apply async python return function error method add,10,d12742,0.8660579919815063
q20326,reload device program code in python,reload device program code in python,reload device program code in python update return condition delete file,1,d20326,0.8845850229263306
q20326,reload device program code in python,reload device program code in python,reload device program code in python update return condition delete file,2,d19139,0.8757858276367188
q20326,reload device program code in python,reload device program code in python,reload device program code in python update return condition delete file,3,d13732,0.8676353096961975
q20326,reload device program code in python,reload device program code in python,reload device program code in python update return condition delete file,4,d9024,0.8676352500915527
q20326,reload device program code in python,reload device program code in python,reload device program code in python update return condition delete file,5,d14641,0.8676352500915527
q20326,reload device program code in python,reload device program code in python,reload device program code in python update return condition delete file,6,d7675,0.8676352500915527
q20326,reload device program code in python,reload device program code in python,reload device program code in python update return condition delete file,7,d9710,0.8676352500915527
q20326,reload device program code in python,reload device program code in python,reload device program code in python update return condition delete file,8,d13633,0.8676352500915527
q20326,reload device program code in python,reload device program code in python,reload device program code in python update return condition delete file,9,d80,0.8675938844680786
q20326,reload device program code in python,reload device program code in python,reload device program code in python update return condition delete file,10,d15130,0.8629653453826904
q20327,split string into n parts python,split string into n parts python,split string into n parts python string integer loop file row,1,d456,0.8927596807479858
q20327,split string into n parts python,split string into n parts python,split string into n parts python string integer loop file row,2,d1381,0.8927596807479858
q20327,split string into n parts python,split string into n parts python,split string into n parts python string integer loop file row,3,d12286,0.8927596807479858
q20327,split string into n parts python,split string into n parts python,split string into n parts python string integer loop file row,4,d19832,0.8927596807479858
q20327,split string into n parts python,split string into n parts python,split string into n parts python string integer loop file row,5,d3511,0.8927596807479858
q20327,split string into n parts python,split string into n parts python,split string into n parts python string integer loop file row,6,d6848,0.8927596807479858
q20327,split string into n parts python,split string into n parts python,split string into n parts python string integer loop file row,7,d8280,0.8927596807479858
q20327,split string into n parts python,split string into n parts python,split string into n parts python string integer loop file row,8,d20327,0.8927596807479858
q20327,split string into n parts python,split string into n parts python,split string into n parts python string integer loop file row,9,d15875,0.8927596807479858
q20327,split string into n parts python,split string into n parts python,split string into n parts python string integer loop file row,10,d8282,0.8927596807479858
q20328,python get object as dict,python get object as dict,python get object as dict dictionary get search condition string,1,d15023,0.8895866274833679
q20328,python get object as dict,python get object as dict,python get object as dict dictionary get search condition string,2,d1243,0.8895866274833679
q20328,python get object as dict,python get object as dict,python get object as dict dictionary get search condition string,3,d19749,0.8895866274833679
q20328,python get object as dict,python get object as dict,python get object as dict dictionary get search condition string,4,d3782,0.8895866274833679
q20328,python get object as dict,python get object as dict,python get object as dict dictionary get search condition string,5,d9415,0.8895866274833679
q20328,python get object as dict,python get object as dict,python get object as dict dictionary get search condition string,6,d9428,0.8895866274833679
q20328,python get object as dict,python get object as dict,python get object as dict dictionary get search condition string,7,d15585,0.8895866274833679
q20328,python get object as dict,python get object as dict,python get object as dict dictionary get search condition string,8,d4862,0.8895866274833679
q20328,python get object as dict,python get object as dict,python get object as dict dictionary get search condition string,9,d5863,0.8895866274833679
q20328,python get object as dict,python get object as dict,python get object as dict dictionary get search condition string,10,d3145,0.8860967755317688
q20329,selecting a range of 2d elements from a numpy array gives empty array in python 3,selecting a range of 2d elements from a numpy array gives empty array in python 3,selecting a range of 2d elements from a numpy array gives empty array in python 3 array error integer row delete,1,d16845,0.8879228830337524
q20329,selecting a range of 2d elements from a numpy array gives empty array in python 3,selecting a range of 2d elements from a numpy array gives empty array in python 3,selecting a range of 2d elements from a numpy array gives empty array in python 3 array error integer row delete,2,d17884,0.887241005897522
q20329,selecting a range of 2d elements from a numpy array gives empty array in python 3,selecting a range of 2d elements from a numpy array gives empty array in python 3,selecting a range of 2d elements from a numpy array gives empty array in python 3 array error integer row delete,3,d17161,0.887241005897522
q20329,selecting a range of 2d elements from a numpy array gives empty array in python 3,selecting a range of 2d elements from a numpy array gives empty array in python 3,selecting a range of 2d elements from a numpy array gives empty array in python 3 array error integer row delete,4,d18762,0.887241005897522
q20329,selecting a range of 2d elements from a numpy array gives empty array in python 3,selecting a range of 2d elements from a numpy array gives empty array in python 3,selecting a range of 2d elements from a numpy array gives empty array in python 3 array error integer row delete,5,d18254,0.887241005897522
q20329,selecting a range of 2d elements from a numpy array gives empty array in python 3,selecting a range of 2d elements from a numpy array gives empty array in python 3,selecting a range of 2d elements from a numpy array gives empty array in python 3 array error integer row delete,6,d17860,0.887241005897522
q20329,selecting a range of 2d elements from a numpy array gives empty array in python 3,selecting a range of 2d elements from a numpy array gives empty array in python 3,selecting a range of 2d elements from a numpy array gives empty array in python 3 array error integer row delete,7,d14709,0.8793051242828369
q20329,selecting a range of 2d elements from a numpy array gives empty array in python 3,selecting a range of 2d elements from a numpy array gives empty array in python 3,selecting a range of 2d elements from a numpy array gives empty array in python 3 array error integer row delete,8,d5626,0.8793051242828369
q20329,selecting a range of 2d elements from a numpy array gives empty array in python 3,selecting a range of 2d elements from a numpy array gives empty array in python 3,selecting a range of 2d elements from a numpy array gives empty array in python 3 array error integer row delete,9,d13722,0.8793051242828369
q20329,selecting a range of 2d elements from a numpy array gives empty array in python 3,selecting a range of 2d elements from a numpy array gives empty array in python 3,selecting a range of 2d elements from a numpy array gives empty array in python 3 array error integer row delete,10,d7514,0.87677001953125
q20330,python read tokens from line,python read tokens from line,python read tokens from line read string row error loop,1,d19238,0.8762848377227783
q20330,python read tokens from line,python read tokens from line,python read tokens from line read string row error loop,2,d20330,0.8762848377227783
q20330,python read tokens from line,python read tokens from line,python read tokens from line read string row error loop,3,d18360,0.8762848377227783
q20330,python read tokens from line,python read tokens from line,python read tokens from line read string row error loop,4,d20567,0.8633175492286682
q20330,python read tokens from line,python read tokens from line,python read tokens from line read string row error loop,5,d20061,0.8633175492286682
q20330,python read tokens from line,python read tokens from line,python read tokens from line read string row error loop,6,d13556,0.8621559739112854
q20330,python read tokens from line,python read tokens from line,python read tokens from line read string row error loop,7,d13430,0.8621559739112854
q20330,python read tokens from line,python read tokens from line,python read tokens from line read string row error loop,8,d16532,0.8621559739112854
q20330,python read tokens from line,python read tokens from line,python read tokens from line read string row error loop,9,d2568,0.8621559739112854
q20330,python read tokens from line,python read tokens from line,python read tokens from line read string row error loop,10,d2905,0.8621559739112854
q20331,write data into fits file python,write data into fits file python,write data into fits file python write file data database function,1,d14035,0.9127662181854248
q20331,write data into fits file python,write data into fits file python,write data into fits file python write file data database function,2,d9869,0.9127662181854248
q20331,write data into fits file python,write data into fits file python,write data into fits file python write file data database function,3,d20110,0.902676522731781
q20331,write data into fits file python,write data into fits file python,write data into fits file python write file data database function,4,d10481,0.902676522731781
q20331,write data into fits file python,write data into fits file python,write data into fits file python write file data database function,5,d10028,0.902676522731781
q20331,write data into fits file python,write data into fits file python,write data into fits file python write file data database function,6,d20331,0.902676522731781
q20331,write data into fits file python,write data into fits file python,write data into fits file python write file data database function,7,d16089,0.902676522731781
q20331,write data into fits file python,write data into fits file python,write data into fits file python write file data database function,8,d322,0.8896941542625427
q20331,write data into fits file python,write data into fits file python,write data into fits file python write file data database function,9,d6145,0.8896941542625427
q20331,write data into fits file python,write data into fits file python,write data into fits file python write file data database function,10,d14037,0.8810698986053467
q20332,python print string with visible ansi codes,python print string with visible ansi codes,python print string with visible ansi codes string integer parameter condition file,1,d10268,0.8678808808326721
q20332,python print string with visible ansi codes,python print string with visible ansi codes,python print string with visible ansi codes string integer parameter condition file,2,d12579,0.8678808808326721
q20332,python print string with visible ansi codes,python print string with visible ansi codes,python print string with visible ansi codes string integer parameter condition file,3,d20332,0.8678808808326721
q20332,python print string with visible ansi codes,python print string with visible ansi codes,python print string with visible ansi codes string integer parameter condition file,4,d5099,0.8678808808326721
q20332,python print string with visible ansi codes,python print string with visible ansi codes,python print string with visible ansi codes string integer parameter condition file,5,d14563,0.8678808808326721
q20332,python print string with visible ansi codes,python print string with visible ansi codes,python print string with visible ansi codes string integer parameter condition file,6,d4366,0.8678808808326721
q20332,python print string with visible ansi codes,python print string with visible ansi codes,python print string with visible ansi codes string integer parameter condition file,7,d9470,0.8626867532730103
q20332,python print string with visible ansi codes,python print string with visible ansi codes,python print string with visible ansi codes string integer parameter condition file,8,d3182,0.8626867532730103
q20332,python print string with visible ansi codes,python print string with visible ansi codes,python print string with visible ansi codes string integer parameter condition file,9,d12101,0.8626867532730103
q20332,python print string with visible ansi codes,python print string with visible ansi codes,python print string with visible ansi codes string integer parameter condition file,10,d5352,0.8626867532730103
q20333,python check if value in enum,python check if value in enum,python check if value in enum integer condition error variable update,1,d8634,0.8984631896018982
q20333,python check if value in enum,python check if value in enum,python check if value in enum integer condition error variable update,2,d8733,0.8984631896018982
q20333,python check if value in enum,python check if value in enum,python check if value in enum integer condition error variable update,3,d5874,0.8984631896018982
q20333,python check if value in enum,python check if value in enum,python check if value in enum integer condition error variable update,4,d4128,0.8984631896018982
q20333,python check if value in enum,python check if value in enum,python check if value in enum integer condition error variable update,5,d4130,0.8984631896018982
q20333,python check if value in enum,python check if value in enum,python check if value in enum integer condition error variable update,6,d4415,0.8984631896018982
q20333,python check if value in enum,python check if value in enum,python check if value in enum integer condition error variable update,7,d14546,0.8984631896018982
q20333,python check if value in enum,python check if value in enum,python check if value in enum integer condition error variable update,8,d12364,0.8984631896018982
q20333,python check if value in enum,python check if value in enum,python check if value in enum integer condition error variable update,9,d2112,0.8984631896018982
q20333,python check if value in enum,python check if value in enum,python check if value in enum integer condition error variable update,10,d19602,0.8749853372573853
q20334,python sqlite table names in database,python sqlite table names in database,python sqlite table names in database data database table column row integer,1,d1080,0.8825218677520752
q20334,python sqlite table names in database,python sqlite table names in database,python sqlite table names in database data database table column row integer,2,d6781,0.8825218677520752
q20334,python sqlite table names in database,python sqlite table names in database,python sqlite table names in database data database table column row integer,3,d1814,0.8825218677520752
q20334,python sqlite table names in database,python sqlite table names in database,python sqlite table names in database data database table column row integer,4,d4591,0.8825218677520752
q20334,python sqlite table names in database,python sqlite table names in database,python sqlite table names in database data database table column row integer,5,d7398,0.8825218677520752
q20334,python sqlite table names in database,python sqlite table names in database,python sqlite table names in database data database table column row integer,6,d1173,0.8825218677520752
q20334,python sqlite table names in database,python sqlite table names in database,python sqlite table names in database data database table column row integer,7,d1060,0.8825218677520752
q20334,python sqlite table names in database,python sqlite table names in database,python sqlite table names in database data database table column row integer,8,d16299,0.8825218677520752
q20334,python sqlite table names in database,python sqlite table names in database,python sqlite table names in database data database table column row integer,9,d5286,0.8800884485244751
q20334,python sqlite table names in database,python sqlite table names in database,python sqlite table names in database data database table column row integer,10,d5297,0.8800884485244751
q20335,how to remove all element from a python dictionary,how to remove all element from a python dictionary,how to remove all element from a python dictionary dictionary delete error integer method,1,d1319,0.8855708241462708
q20335,how to remove all element from a python dictionary,how to remove all element from a python dictionary,how to remove all element from a python dictionary dictionary delete error integer method,2,d3455,0.8855708241462708
q20335,how to remove all element from a python dictionary,how to remove all element from a python dictionary,how to remove all element from a python dictionary dictionary delete error integer method,3,d3471,0.8855708241462708
q20335,how to remove all element from a python dictionary,how to remove all element from a python dictionary,how to remove all element from a python dictionary dictionary delete error integer method,4,d14164,0.8814284801483154
q20335,how to remove all element from a python dictionary,how to remove all element from a python dictionary,how to remove all element from a python dictionary dictionary delete error integer method,5,d18734,0.8802688121795654
q20335,how to remove all element from a python dictionary,how to remove all element from a python dictionary,how to remove all element from a python dictionary dictionary delete error integer method,6,d16914,0.8802688121795654
q20335,how to remove all element from a python dictionary,how to remove all element from a python dictionary,how to remove all element from a python dictionary dictionary delete error integer method,7,d17522,0.8802688121795654
q20335,how to remove all element from a python dictionary,how to remove all element from a python dictionary,how to remove all element from a python dictionary dictionary delete error integer method,8,d19992,0.8802688121795654
q20335,how to remove all element from a python dictionary,how to remove all element from a python dictionary,how to remove all element from a python dictionary dictionary delete error integer method,9,d16907,0.8802688121795654
q20335,how to remove all element from a python dictionary,how to remove all element from a python dictionary,how to remove all element from a python dictionary dictionary delete error integer method,10,d18412,0.8802688121795654
q20336,python parse query string from url,python parse query string from url,python parse query string from url query string parameter search row error,1,d6056,0.891606867313385
q20336,python parse query string from url,python parse query string from url,python parse query string from url query string parameter search row error,2,d3144,0.891606867313385
q20336,python parse query string from url,python parse query string from url,python parse query string from url query string parameter search row error,3,d5700,0.891606867313385
q20336,python parse query string from url,python parse query string from url,python parse query string from url query string parameter search row error,4,d20336,0.891606867313385
q20336,python parse query string from url,python parse query string from url,python parse query string from url query string parameter search row error,5,d2265,0.8906873464584351
q20336,python parse query string from url,python parse query string from url,python parse query string from url query string parameter search row error,6,d15868,0.8906873464584351
q20336,python parse query string from url,python parse query string from url,python parse query string from url query string parameter search row error,7,d1776,0.8881158828735352
q20336,python parse query string from url,python parse query string from url,python parse query string from url query string parameter search row error,8,d7653,0.8881158828735352
q20336,python parse query string from url,python parse query string from url,python parse query string from url query string parameter search row error,9,d9698,0.8881158828735352
q20336,python parse query string from url,python parse query string from url,python parse query string from url query string parameter search row error,10,d8054,0.8881158828735352
q20337,python remove element set,python remove element set,python remove element set delete error integer method row,1,d1319,0.8895041942596436
q20337,python remove element set,python remove element set,python remove element set delete error integer method row,2,d3471,0.8895041942596436
q20337,python remove element set,python remove element set,python remove element set delete error integer method row,3,d3455,0.8895041942596436
q20337,python remove element set,python remove element set,python remove element set delete error integer method row,4,d20220,0.8880183100700378
q20337,python remove element set,python remove element set,python remove element set delete error integer method row,5,d18734,0.8880183100700378
q20337,python remove element set,python remove element set,python remove element set delete error integer method row,6,d16914,0.8880183100700378
q20337,python remove element set,python remove element set,python remove element set delete error integer method row,7,d19992,0.8880183100700378
q20337,python remove element set,python remove element set,python remove element set delete error integer method row,8,d17522,0.8880183100700378
q20337,python remove element set,python remove element set,python remove element set delete error integer method row,9,d20354,0.8880183100700378
q20337,python remove element set,python remove element set,python remove element set delete error integer method row,10,d16907,0.8880183100700378
q20338,manhattan distance in python using longitude and latitude,manhattan distance in python using longitude and latitude,manhattan distance in python using longitude and latitude integer close query update column,1,d4620,0.8899607062339783
q20338,manhattan distance in python using longitude and latitude,manhattan distance in python using longitude and latitude,manhattan distance in python using longitude and latitude integer close query update column,2,d19632,0.8855193853378296
q20338,manhattan distance in python using longitude and latitude,manhattan distance in python using longitude and latitude,manhattan distance in python using longitude and latitude integer close query update column,3,d20338,0.8855193853378296
q20338,manhattan distance in python using longitude and latitude,manhattan distance in python using longitude and latitude,manhattan distance in python using longitude and latitude integer close query update column,4,d15067,0.8855193853378296
q20338,manhattan distance in python using longitude and latitude,manhattan distance in python using longitude and latitude,manhattan distance in python using longitude and latitude integer close query update column,5,d14926,0.8855193853378296
q20338,manhattan distance in python using longitude and latitude,manhattan distance in python using longitude and latitude,manhattan distance in python using longitude and latitude integer close query update column,6,d2413,0.8855193853378296
q20338,manhattan distance in python using longitude and latitude,manhattan distance in python using longitude and latitude,manhattan distance in python using longitude and latitude integer close query update column,7,d10022,0.8855193853378296
q20338,manhattan distance in python using longitude and latitude,manhattan distance in python using longitude and latitude,manhattan distance in python using longitude and latitude integer close query update column,8,d10748,0.8855193853378296
q20338,manhattan distance in python using longitude and latitude,manhattan distance in python using longitude and latitude,manhattan distance in python using longitude and latitude integer close query update column,9,d13919,0.8855193853378296
q20338,manhattan distance in python using longitude and latitude,manhattan distance in python using longitude and latitude,manhattan distance in python using longitude and latitude integer close query update column,10,d8615,0.8855193853378296
q20339,how to read from a file to a list python,how to read from a file to a list python,how to read from a file to a list python list read file loop error,1,d15496,0.8904412984848022
q20339,how to read from a file to a list python,how to read from a file to a list python,how to read from a file to a list python list read file loop error,2,d20339,0.8904412984848022
q20339,how to read from a file to a list python,how to read from a file to a list python,how to read from a file to a list python list read file loop error,3,d15811,0.8904412984848022
q20339,how to read from a file to a list python,how to read from a file to a list python,how to read from a file to a list python list read file loop error,4,d15809,0.8904412984848022
q20339,how to read from a file to a list python,how to read from a file to a list python,how to read from a file to a list python list read file loop error,5,d5422,0.8904412984848022
q20339,how to read from a file to a list python,how to read from a file to a list python,how to read from a file to a list python list read file loop error,6,d17758,0.8685644865036011
q20339,how to read from a file to a list python,how to read from a file to a list python,how to read from a file to a list python list read file loop error,7,d16878,0.8685644865036011
q20339,how to read from a file to a list python,how to read from a file to a list python,how to read from a file to a list python list read file loop error,8,d16700,0.8685644865036011
q20339,how to read from a file to a list python,how to read from a file to a list python,how to read from a file to a list python list read file loop error,9,d18419,0.8685644865036011
q20339,how to read from a file to a list python,how to read from a file to a list python,how to read from a file to a list python list read file loop error,10,d18246,0.8685644865036011
q20340,dynamically update value in dictionary python,dynamically update value in dictionary python,dynamically update value in dictionary python update dictionary add variable integer,1,d7229,0.8914889097213745
q20340,dynamically update value in dictionary python,dynamically update value in dictionary python,dynamically update value in dictionary python update dictionary add variable integer,2,d9952,0.8914305567741394
q20340,dynamically update value in dictionary python,dynamically update value in dictionary python,dynamically update value in dictionary python update dictionary add variable integer,3,d8653,0.8914305567741394
q20340,dynamically update value in dictionary python,dynamically update value in dictionary python,dynamically update value in dictionary python update dictionary add variable integer,4,d2238,0.8914305567741394
q20340,dynamically update value in dictionary python,dynamically update value in dictionary python,dynamically update value in dictionary python update dictionary add variable integer,5,d14829,0.8914305567741394
q20340,dynamically update value in dictionary python,dynamically update value in dictionary python,dynamically update value in dictionary python update dictionary add variable integer,6,d4429,0.8914305567741394
q20340,dynamically update value in dictionary python,dynamically update value in dictionary python,dynamically update value in dictionary python update dictionary add variable integer,7,d12436,0.8914305567741394
q20340,dynamically update value in dictionary python,dynamically update value in dictionary python,dynamically update value in dictionary python update dictionary add variable integer,8,d14831,0.8914305567741394
q20340,dynamically update value in dictionary python,dynamically update value in dictionary python,dynamically update value in dictionary python update dictionary add variable integer,9,d4445,0.8914305567741394
q20340,dynamically update value in dictionary python,dynamically update value in dictionary python,dynamically update value in dictionary python update dictionary add variable integer,10,d189,0.8914305567741394
q20341,python replace string from right,python replace string from right,python replace string from right string row error return sort,1,d18379,0.8838540315628052
q20341,python replace string from right,python replace string from right,python replace string from right string row error return sort,2,d20341,0.8838540315628052
q20341,python replace string from right,python replace string from right,python replace string from right string row error return sort,3,d18022,0.8838540315628052
q20341,python replace string from right,python replace string from right,python replace string from right string row error return sort,4,d18014,0.8838540315628052
q20341,python replace string from right,python replace string from right,python replace string from right string row error return sort,5,d16717,0.8838540315628052
q20341,python replace string from right,python replace string from right,python replace string from right string row error return sort,6,d13775,0.8746512532234192
q20341,python replace string from right,python replace string from right,python replace string from right string row error return sort,7,d3528,0.8680576086044312
q20341,python replace string from right,python replace string from right,python replace string from right string row error return sort,8,d1442,0.8680576086044312
q20341,python replace string from right,python replace string from right,python replace string from right string row error return sort,9,d13728,0.8626309633255005
q20341,python replace string from right,python replace string from right,python replace string from right string row error return sort,10,d11648,0.8626309633255005
q20342,how to check if a path is writeable python,how to check if a path is writeable python,how to check if a path is writeable python file write error method update,1,d10439,0.8786338567733765
q20342,how to check if a path is writeable python,how to check if a path is writeable python,how to check if a path is writeable python file write error method update,2,d6327,0.8729163408279419
q20342,how to check if a path is writeable python,how to check if a path is writeable python,how to check if a path is writeable python file write error method update,3,d13875,0.8729163408279419
q20342,how to check if a path is writeable python,how to check if a path is writeable python,how to check if a path is writeable python file write error method update,4,d4841,0.8729163408279419
q20342,how to check if a path is writeable python,how to check if a path is writeable python,how to check if a path is writeable python file write error method update,5,d12582,0.8729163408279419
q20342,how to check if a path is writeable python,how to check if a path is writeable python,how to check if a path is writeable python file write error method update,6,d14367,0.8729163408279419
q20342,how to check if a path is writeable python,how to check if a path is writeable python,how to check if a path is writeable python file write error method update,7,d20308,0.8729163408279419
q20342,how to check if a path is writeable python,how to check if a path is writeable python,how to check if a path is writeable python file write error method update,8,d17877,0.8728150129318237
q20342,how to check if a path is writeable python,how to check if a path is writeable python,how to check if a path is writeable python file write error method update,9,d17991,0.8728150129318237
q20342,how to check if a path is writeable python,how to check if a path is writeable python,how to check if a path is writeable python file write error method update,10,d19584,0.8728150129318237
q20343,get attribute type in python,get attribute type in python,get attribute type in python integer get method parameter search,1,d3981,0.8848408460617065
q20343,get attribute type in python,get attribute type in python,get attribute type in python integer get method parameter search,2,d12149,0.8848408460617065
q20343,get attribute type in python,get attribute type in python,get attribute type in python integer get method parameter search,3,d4159,0.8848408460617065
q20343,get attribute type in python,get attribute type in python,get attribute type in python integer get method parameter search,4,d11798,0.8848408460617065
q20343,get attribute type in python,get attribute type in python,get attribute type in python integer get method parameter search,5,d7014,0.8848408460617065
q20343,get attribute type in python,get attribute type in python,get attribute type in python integer get method parameter search,6,d15169,0.883038341999054
q20343,get attribute type in python,get attribute type in python,get attribute type in python integer get method parameter search,7,d172,0.8714562058448792
q20343,get attribute type in python,get attribute type in python,get attribute type in python integer get method parameter search,8,d9153,0.8714562058448792
q20343,get attribute type in python,get attribute type in python,get attribute type in python integer get method parameter search,9,d3637,0.8714562058448792
q20343,get attribute type in python,get attribute type in python,get attribute type in python integer get method parameter search,10,d6377,0.8710979223251343
q20344,get fields of object python,get fields of object python,get fields of object python get search file parameter column,1,d3210,0.8868991136550903
q20344,get fields of object python,get fields of object python,get fields of object python get search file parameter column,2,d16022,0.880362868309021
q20344,get fields of object python,get fields of object python,get fields of object python get search file parameter column,3,d13019,0.8800687789916992
q20344,get fields of object python,get fields of object python,get fields of object python get search file parameter column,4,d3304,0.8800687789916992
q20344,get fields of object python,get fields of object python,get fields of object python get search file parameter column,5,d3464,0.8800687789916992
q20344,get fields of object python,get fields of object python,get fields of object python get search file parameter column,6,d473,0.8800687789916992
q20344,get fields of object python,get fields of object python,get fields of object python get search file parameter column,7,d640,0.8800687789916992
q20344,get fields of object python,get fields of object python,get fields of object python get search file parameter column,8,d9049,0.8800687789916992
q20344,get fields of object python,get fields of object python,get fields of object python get search file parameter column,9,d11439,0.8800687789916992
q20344,get fields of object python,get fields of object python,get fields of object python get search file parameter column,10,d11433,0.8800687789916992
q20345,how to fetch one value from one row from mysql query in python,how to fetch one value from one row from mysql query in python,how to fetch one value from one row from mysql query in python query row database integer error search,1,d1543,0.8943444490432739
q20345,how to fetch one value from one row from mysql query in python,how to fetch one value from one row from mysql query in python,how to fetch one value from one row from mysql query in python query row database integer error search,2,d17620,0.8815778493881226
q20345,how to fetch one value from one row from mysql query in python,how to fetch one value from one row from mysql query in python,how to fetch one value from one row from mysql query in python query row database integer error search,3,d19390,0.8815778493881226
q20345,how to fetch one value from one row from mysql query in python,how to fetch one value from one row from mysql query in python,how to fetch one value from one row from mysql query in python query row database integer error search,4,d20345,0.8815778493881226
q20345,how to fetch one value from one row from mysql query in python,how to fetch one value from one row from mysql query in python,how to fetch one value from one row from mysql query in python query row database integer error search,5,d14993,0.8648961782455444
q20345,how to fetch one value from one row from mysql query in python,how to fetch one value from one row from mysql query in python,how to fetch one value from one row from mysql query in python query row database integer error search,6,d19296,0.8624809980392456
q20345,how to fetch one value from one row from mysql query in python,how to fetch one value from one row from mysql query in python,how to fetch one value from one row from mysql query in python query row database integer error search,7,d18539,0.8624809980392456
q20345,how to fetch one value from one row from mysql query in python,how to fetch one value from one row from mysql query in python,how to fetch one value from one row from mysql query in python query row database integer error search,8,d16830,0.8624809980392456
q20345,how to fetch one value from one row from mysql query in python,how to fetch one value from one row from mysql query in python,how to fetch one value from one row from mysql query in python query row database integer error search,9,d19475,0.8624809980392456
q20345,how to fetch one value from one row from mysql query in python,how to fetch one value from one row from mysql query in python,how to fetch one value from one row from mysql query in python query row database integer error search,10,d17137,0.8624809980392456
q20346,python flask routes add,python flask routes add,python flask routes add add update row query error,1,d20346,0.8851214647293091
q20346,python flask routes add,python flask routes add,python flask routes add add update row query error,2,d11823,0.871505618095398
q20346,python flask routes add,python flask routes add,python flask routes add add update row query error,3,d6142,0.8677076101303101
q20346,python flask routes add,python flask routes add,python flask routes add add update row query error,4,d10745,0.8612564206123352
q20346,python flask routes add,python flask routes add,python flask routes add add update row query error,5,d11054,0.8579827547073364
q20346,python flask routes add,python flask routes add,python flask routes add add update row query error,6,d16042,0.8578407168388367
q20346,python flask routes add,python flask routes add,python flask routes add add update row query error,7,d7616,0.8578407168388367
q20346,python flask routes add,python flask routes add,python flask routes add add update row query error,8,d8797,0.8578407168388367
q20346,python flask routes add,python flask routes add,python flask routes add add update row query error,9,d2322,0.8578407168388367
q20346,python flask routes add,python flask routes add,python flask routes add add update row query error,10,d13659,0.8578407168388367
q20347,define function arg type and default values python,define function arg type and default values python,define function arg type and default values python function parameter variable error integer,1,d11512,0.8931708335876465
q20347,define function arg type and default values python,define function arg type and default values python,define function arg type and default values python function parameter variable error integer,2,d20206,0.8931708335876465
q20347,define function arg type and default values python,define function arg type and default values python,define function arg type and default values python function parameter variable error integer,3,d3884,0.8931708335876465
q20347,define function arg type and default values python,define function arg type and default values python,define function arg type and default values python function parameter variable error integer,4,d12091,0.8931708335876465
q20347,define function arg type and default values python,define function arg type and default values python,define function arg type and default values python function parameter variable error integer,5,d6799,0.8931708335876465
q20347,define function arg type and default values python,define function arg type and default values python,define function arg type and default values python function parameter variable error integer,6,d1753,0.8931708335876465
q20347,define function arg type and default values python,define function arg type and default values python,define function arg type and default values python function parameter variable error integer,7,d6555,0.8931707143783569
q20347,define function arg type and default values python,define function arg type and default values python,define function arg type and default values python function parameter variable error integer,8,d13915,0.8931707143783569
q20347,define function arg type and default values python,define function arg type and default values python,define function arg type and default values python function parameter variable error integer,9,d10278,0.8931707143783569
q20347,define function arg type and default values python,define function arg type and default values python,define function arg type and default values python function parameter variable error integer,10,d20599,0.8793553113937378
q20348,python image shape detect,python image shape detect,python image shape detect parameter error row delete integer,1,d13867,0.8791942000389099
q20348,python image shape detect,python image shape detect,python image shape detect parameter error row delete integer,2,d9773,0.8791942000389099
q20348,python image shape detect,python image shape detect,python image shape detect parameter error row delete integer,3,d3614,0.8791942000389099
q20348,python image shape detect,python image shape detect,python image shape detect parameter error row delete integer,4,d20348,0.8791942000389099
q20348,python image shape detect,python image shape detect,python image shape detect parameter error row delete integer,5,d2766,0.8791942000389099
q20348,python image shape detect,python image shape detect,python image shape detect parameter error row delete integer,6,d19650,0.8791942000389099
q20348,python image shape detect,python image shape detect,python image shape detect parameter error row delete integer,7,d5224,0.8738031387329102
q20348,python image shape detect,python image shape detect,python image shape detect parameter error row delete integer,8,d2231,0.8738031387329102
q20348,python image shape detect,python image shape detect,python image shape detect parameter error row delete integer,9,d9880,0.8649622201919556
q20348,python image shape detect,python image shape detect,python image shape detect parameter error row delete integer,10,d11896,0.8572835922241211
q20349,what can iterators be iterated only once in python,what can iterators be iterated only once in python,what can iterators be iterated only once in python integer error dictionary query condition,1,d19897,0.8804490566253662
q20349,what can iterators be iterated only once in python,what can iterators be iterated only once in python,what can iterators be iterated only once in python integer error dictionary query condition,2,d4982,0.8804490566253662
q20349,what can iterators be iterated only once in python,what can iterators be iterated only once in python,what can iterators be iterated only once in python integer error dictionary query condition,3,d13958,0.8804490566253662
q20349,what can iterators be iterated only once in python,what can iterators be iterated only once in python,what can iterators be iterated only once in python integer error dictionary query condition,4,d16170,0.8804490566253662
q20349,what can iterators be iterated only once in python,what can iterators be iterated only once in python,what can iterators be iterated only once in python integer error dictionary query condition,5,d1553,0.8739825487136841
q20349,what can iterators be iterated only once in python,what can iterators be iterated only once in python,what can iterators be iterated only once in python integer error dictionary query condition,6,d5780,0.8739825487136841
q20349,what can iterators be iterated only once in python,what can iterators be iterated only once in python,what can iterators be iterated only once in python integer error dictionary query condition,7,d2240,0.8739825487136841
q20349,what can iterators be iterated only once in python,what can iterators be iterated only once in python,what can iterators be iterated only once in python integer error dictionary query condition,8,d19734,0.8739825487136841
q20349,what can iterators be iterated only once in python,what can iterators be iterated only once in python,what can iterators be iterated only once in python integer error dictionary query condition,9,d10618,0.8739825487136841
q20349,what can iterators be iterated only once in python,what can iterators be iterated only once in python,what can iterators be iterated only once in python integer error dictionary query condition,10,d2845,0.8739825487136841
q20350,remove all characters in string in python,remove all characters in string in python,remove all characters in string in python string delete error write function,1,d16214,0.8933694362640381
q20350,remove all characters in string in python,remove all characters in string in python,remove all characters in string in python string delete error write function,2,d16222,0.8933694362640381
q20350,remove all characters in string in python,remove all characters in string in python,remove all characters in string in python string delete error write function,3,d14998,0.8933694362640381
q20350,remove all characters in string in python,remove all characters in string in python,remove all characters in string in python string delete error write function,4,d6018,0.8933694362640381
q20350,remove all characters in string in python,remove all characters in string in python,remove all characters in string in python string delete error write function,5,d13168,0.8933694362640381
q20350,remove all characters in string in python,remove all characters in string in python,remove all characters in string in python string delete error write function,6,d13614,0.8933694362640381
q20350,remove all characters in string in python,remove all characters in string in python,remove all characters in string in python string delete error write function,7,d961,0.8933694362640381
q20350,remove all characters in string in python,remove all characters in string in python,remove all characters in string in python string delete error write function,8,d9597,0.8933694362640381
q20350,remove all characters in string in python,remove all characters in string in python,remove all characters in string in python string delete error write function,9,d10929,0.8914850950241089
q20350,remove all characters in string in python,remove all characters in string in python,remove all characters in string in python string delete error write function,10,d15711,0.8834841251373291
q20351,python circle in a square bitmap array,python circle in a square bitmap array,python circle in a square bitmap array array integer error loop row,1,d4868,0.8666979074478149
q20351,python circle in a square bitmap array,python circle in a square bitmap array,python circle in a square bitmap array array integer error loop row,2,d3527,0.8642754554748535
q20351,python circle in a square bitmap array,python circle in a square bitmap array,python circle in a square bitmap array array integer error loop row,3,d14942,0.8602051138877869
q20351,python circle in a square bitmap array,python circle in a square bitmap array,python circle in a square bitmap array array integer error loop row,4,d875,0.8602051138877869
q20351,python circle in a square bitmap array,python circle in a square bitmap array,python circle in a square bitmap array array integer error loop row,5,d3398,0.8567898273468018
q20351,python circle in a square bitmap array,python circle in a square bitmap array,python circle in a square bitmap array array integer error loop row,6,d824,0.8567898273468018
q20351,python circle in a square bitmap array,python circle in a square bitmap array,python circle in a square bitmap array array integer error loop row,7,d3416,0.8567898273468018
q20351,python circle in a square bitmap array,python circle in a square bitmap array,python circle in a square bitmap array array integer error loop row,8,d2927,0.8567898273468018
q20351,python circle in a square bitmap array,python circle in a square bitmap array,python circle in a square bitmap array array integer error loop row,9,d5267,0.8567898273468018
q20351,python circle in a square bitmap array,python circle in a square bitmap array,python circle in a square bitmap array array integer error loop row,10,d9612,0.8567898273468018
q20352,location of maya python exe,location of maya python exe,location of maya python exe query error database update open,1,d11823,0.8538821935653687
q20352,location of maya python exe,location of maya python exe,location of maya python exe query error database update open,2,d10079,0.8434716463088989
q20352,location of maya python exe,location of maya python exe,location of maya python exe query error database update open,3,d20352,0.8374301195144653
q20352,location of maya python exe,location of maya python exe,location of maya python exe query error database update open,4,d1935,0.8324037194252014
q20352,location of maya python exe,location of maya python exe,location of maya python exe query error database update open,5,d8941,0.8322796821594238
q20352,location of maya python exe,location of maya python exe,location of maya python exe query error database update open,6,d709,0.8322796821594238
q20352,location of maya python exe,location of maya python exe,location of maya python exe query error database update open,7,d11456,0.8322796821594238
q20352,location of maya python exe,location of maya python exe,location of maya python exe query error database update open,8,d4753,0.8322796821594238
q20352,location of maya python exe,location of maya python exe,location of maya python exe query error database update open,9,d6877,0.8322796821594238
q20352,location of maya python exe,location of maya python exe,location of maya python exe query error database update open,10,d506,0.8322796821594238
q20353,how to make letters uppercase in python skipping spaces,how to make letters uppercase in python skipping spaces,how to make letters uppercase in python skipping spaces error write update integer column,1,d19203,0.8750280141830444
q20353,how to make letters uppercase in python skipping spaces,how to make letters uppercase in python skipping spaces,how to make letters uppercase in python skipping spaces error write update integer column,2,d17427,0.8750280141830444
q20353,how to make letters uppercase in python skipping spaces,how to make letters uppercase in python skipping spaces,how to make letters uppercase in python skipping spaces error write update integer column,3,d17494,0.8750280141830444
q20353,how to make letters uppercase in python skipping spaces,how to make letters uppercase in python skipping spaces,how to make letters uppercase in python skipping spaces error write update integer column,4,d19906,0.8644964694976807
q20353,how to make letters uppercase in python skipping spaces,how to make letters uppercase in python skipping spaces,how to make letters uppercase in python skipping spaces error write update integer column,5,d11732,0.857394278049469
q20353,how to make letters uppercase in python skipping spaces,how to make letters uppercase in python skipping spaces,how to make letters uppercase in python skipping spaces error write update integer column,6,d11859,0.857394278049469
q20353,how to make letters uppercase in python skipping spaces,how to make letters uppercase in python skipping spaces,how to make letters uppercase in python skipping spaces error write update integer column,7,d3944,0.857394278049469
q20353,how to make letters uppercase in python skipping spaces,how to make letters uppercase in python skipping spaces,how to make letters uppercase in python skipping spaces error write update integer column,8,d11628,0.857394278049469
q20353,how to make letters uppercase in python skipping spaces,how to make letters uppercase in python skipping spaces,how to make letters uppercase in python skipping spaces error write update integer column,9,d1096,0.857394278049469
q20353,how to make letters uppercase in python skipping spaces,how to make letters uppercase in python skipping spaces,how to make letters uppercase in python skipping spaces error write update integer column,10,d1782,0.857394278049469
q20354,python delete element from set,python delete element from set,python delete element from set delete error integer row string,1,d1319,0.8808120489120483
q20354,python delete element from set,python delete element from set,python delete element from set delete error integer row string,2,d3455,0.8808120489120483
q20354,python delete element from set,python delete element from set,python delete element from set delete error integer row string,3,d3471,0.8808120489120483
q20354,python delete element from set,python delete element from set,python delete element from set delete error integer row string,4,d5229,0.8728934526443481
q20354,python delete element from set,python delete element from set,python delete element from set delete error integer row string,5,d18412,0.8721593618392944
q20354,python delete element from set,python delete element from set,python delete element from set delete error integer row string,6,d16914,0.8721593618392944
q20354,python delete element from set,python delete element from set,python delete element from set delete error integer row string,7,d16907,0.8721593618392944
q20354,python delete element from set,python delete element from set,python delete element from set delete error integer row string,8,d19992,0.8721593618392944
q20354,python delete element from set,python delete element from set,python delete element from set delete error integer row string,9,d18647,0.8721593618392944
q20354,python delete element from set,python delete element from set,python delete element from set delete error integer row string,10,d17522,0.8721593618392944
q20355,python get current git branch,python get current git branch,python get current git branch get update search string row,1,d12843,0.9075308442115784
q20355,python get current git branch,python get current git branch,python get current git branch get update search string row,2,d4677,0.9075308442115784
q20355,python get current git branch,python get current git branch,python get current git branch get update search string row,3,d19702,0.8894431591033936
q20355,python get current git branch,python get current git branch,python get current git branch get update search string row,4,d18067,0.8690056800842285
q20355,python get current git branch,python get current git branch,python get current git branch get update search string row,5,d18975,0.8690056800842285
q20355,python get current git branch,python get current git branch,python get current git branch get update search string row,6,d18791,0.8690056800842285
q20355,python get current git branch,python get current git branch,python get current git branch get update search string row,7,d2989,0.8676156401634216
q20355,python get current git branch,python get current git branch,python get current git branch get update search string row,8,d2550,0.8651225566864014
q20355,python get current git branch,python get current git branch,python get current git branch get update search string row,9,d9071,0.8651225566864014
q20355,python get current git branch,python get current git branch,python get current git branch get update search string row,10,d12863,0.8651225566864014
q20356,how to make a restart button using python,how to make a restart button using python,how to make a restart button using python return update error save method,1,d9024,0.8769056797027588
q20356,how to make a restart button using python,how to make a restart button using python,how to make a restart button using python return update error save method,2,d14641,0.8769056797027588
q20356,how to make a restart button using python,how to make a restart button using python,how to make a restart button using python return update error save method,3,d9710,0.8769056797027588
q20356,how to make a restart button using python,how to make a restart button using python,how to make a restart button using python return update error save method,4,d13633,0.8769056797027588
q20356,how to make a restart button using python,how to make a restart button using python,how to make a restart button using python return update error save method,5,d7675,0.8769056797027588
q20356,how to make a restart button using python,how to make a restart button using python,how to make a restart button using python return update error save method,6,d13732,0.8769056797027588
q20356,how to make a restart button using python,how to make a restart button using python,how to make a restart button using python return update error save method,7,d16291,0.8645541667938232
q20356,how to make a restart button using python,how to make a restart button using python,how to make a restart button using python return update error save method,8,d13640,0.8645541667938232
q20356,how to make a restart button using python,how to make a restart button using python,how to make a restart button using python return update error save method,9,d1328,0.8595848083496094
q20356,how to make a restart button using python,how to make a restart button using python,how to make a restart button using python return update error save method,10,d13282,0.8595848083496094
q20357,tracing python code execution,tracing python code execution,tracing python code execution error update method return condition,1,d11956,0.8764067888259888
q20357,tracing python code execution,tracing python code execution,tracing python code execution error update method return condition,2,d9903,0.8764067888259888
q20357,tracing python code execution,tracing python code execution,tracing python code execution error update method return condition,3,d3788,0.8663206100463867
q20357,tracing python code execution,tracing python code execution,tracing python code execution error update method return condition,4,d14056,0.8648442029953003
q20357,tracing python code execution,tracing python code execution,tracing python code execution error update method return condition,5,d11443,0.8648442029953003
q20357,tracing python code execution,tracing python code execution,tracing python code execution error update method return condition,6,d4054,0.8648442029953003
q20357,tracing python code execution,tracing python code execution,tracing python code execution error update method return condition,7,d3162,0.8648442029953003
q20357,tracing python code execution,tracing python code execution,tracing python code execution error update method return condition,8,d14957,0.8645472526550293
q20357,tracing python code execution,tracing python code execution,tracing python code execution error update method return condition,9,d9105,0.8645472526550293
q20357,tracing python code execution,tracing python code execution,tracing python code execution error update method return condition,10,d15983,0.8645472526550293
q20358,delete pyc files from python script,delete pyc files from python script,delete pyc files from python script delete file error write update,1,d5332,0.8570298552513123
q20358,delete pyc files from python script,delete pyc files from python script,delete pyc files from python script delete file error write update,2,d8056,0.8570298552513123
q20358,delete pyc files from python script,delete pyc files from python script,delete pyc files from python script delete file error write update,3,d14117,0.8570298552513123
q20358,delete pyc files from python script,delete pyc files from python script,delete pyc files from python script delete file error write update,4,d18007,0.8544893264770508
q20358,delete pyc files from python script,delete pyc files from python script,delete pyc files from python script delete file error write update,5,d1747,0.8542910218238831
q20358,delete pyc files from python script,delete pyc files from python script,delete pyc files from python script delete file error write update,6,d9612,0.852975606918335
q20358,delete pyc files from python script,delete pyc files from python script,delete pyc files from python script delete file error write update,7,d5267,0.852975606918335
q20358,delete pyc files from python script,delete pyc files from python script,delete pyc files from python script delete file error write update,8,d3416,0.852975606918335
q20358,delete pyc files from python script,delete pyc files from python script,delete pyc files from python script delete file error write update,9,d3398,0.852975606918335
q20358,delete pyc files from python script,delete pyc files from python script,delete pyc files from python script delete file error write update,10,d824,0.852975606918335
q20359,sleep holding up python,sleep holding up python,sleep holding up python update close query save warning,1,d613,0.8566018342971802
q20359,sleep holding up python,sleep holding up python,sleep holding up python update close query save warning,2,d9335,0.8566018342971802
q20359,sleep holding up python,sleep holding up python,sleep holding up python update close query save warning,3,d9305,0.8566018342971802
q20359,sleep holding up python,sleep holding up python,sleep holding up python update close query save warning,4,d7841,0.8566018342971802
q20359,sleep holding up python,sleep holding up python,sleep holding up python update close query save warning,5,d12026,0.8566018342971802
q20359,sleep holding up python,sleep holding up python,sleep holding up python update close query save warning,6,d2679,0.8566018342971802
q20359,sleep holding up python,sleep holding up python,sleep holding up python update close query save warning,7,d1935,0.8552078008651733
q20359,sleep holding up python,sleep holding up python,sleep holding up python update close query save warning,8,d11823,0.854387640953064
q20359,sleep holding up python,sleep holding up python,sleep holding up python update close query save warning,9,d6960,0.8536264300346375
q20359,sleep holding up python,sleep holding up python,sleep holding up python update close query save warning,10,d15879,0.8536264300346375
q20360,traversal in tree in python,traversal in tree in python,traversal in tree in python loop table error string file,1,d9903,0.8634419441223145
q20360,traversal in tree in python,traversal in tree in python,traversal in tree in python loop table error string file,2,d11956,0.8634419441223145
q20360,traversal in tree in python,traversal in tree in python,traversal in tree in python loop table error string file,3,d16118,0.8501631021499634
q20360,traversal in tree in python,traversal in tree in python,traversal in tree in python loop table error string file,4,d1039,0.8491296768188477
q20360,traversal in tree in python,traversal in tree in python,traversal in tree in python loop table error string file,5,d11441,0.8491296768188477
q20360,traversal in tree in python,traversal in tree in python,traversal in tree in python loop table error string file,6,d7367,0.8491296768188477
q20360,traversal in tree in python,traversal in tree in python,traversal in tree in python loop table error string file,7,d11091,0.8491296768188477
q20360,traversal in tree in python,traversal in tree in python,traversal in tree in python loop table error string file,8,d13499,0.8491296768188477
q20360,traversal in tree in python,traversal in tree in python,traversal in tree in python loop table error string file,9,d3146,0.848697304725647
q20360,traversal in tree in python,traversal in tree in python,traversal in tree in python loop table error string file,10,d4300,0.8479650020599365
q20361,timing a function call python,timing a function call python,timing a function call python function error column parameter loop,1,d7902,0.8864094018936157
q20361,timing a function call python,timing a function call python,timing a function call python function error column parameter loop,2,d5648,0.8864094018936157
q20361,timing a function call python,timing a function call python,timing a function call python function error column parameter loop,3,d8620,0.8864094018936157
q20361,timing a function call python,timing a function call python,timing a function call python function error column parameter loop,4,d12384,0.8864094018936157
q20361,timing a function call python,timing a function call python,timing a function call python function error column parameter loop,5,d15977,0.8864094018936157
q20361,timing a function call python,timing a function call python,timing a function call python function error column parameter loop,6,d11552,0.8662332892417908
q20361,timing a function call python,timing a function call python,timing a function call python function error column parameter loop,7,d2324,0.8662332892417908
q20361,timing a function call python,timing a function call python,timing a function call python function error column parameter loop,8,d9424,0.8662332892417908
q20361,timing a function call python,timing a function call python,timing a function call python function error column parameter loop,9,d817,0.8646047711372375
q20361,timing a function call python,timing a function call python,timing a function call python function error column parameter loop,10,d11918,0.8634128570556641
q20362,python how to stop playsound,python how to stop playsound,python how to stop playsound delete warning error loop string,1,d9870,0.866850733757019
q20362,python how to stop playsound,python how to stop playsound,python how to stop playsound delete warning error loop string,2,d20362,0.8639734387397766
q20362,python how to stop playsound,python how to stop playsound,python how to stop playsound delete warning error loop string,3,d8298,0.85929274559021
q20362,python how to stop playsound,python how to stop playsound,python how to stop playsound delete warning error loop string,4,d3017,0.8507956266403198
q20362,python how to stop playsound,python how to stop playsound,python how to stop playsound delete warning error loop string,5,d3416,0.8498156070709229
q20362,python how to stop playsound,python how to stop playsound,python how to stop playsound delete warning error loop string,6,d824,0.8498156070709229
q20362,python how to stop playsound,python how to stop playsound,python how to stop playsound delete warning error loop string,7,d2927,0.8498156070709229
q20362,python how to stop playsound,python how to stop playsound,python how to stop playsound delete warning error loop string,8,d9612,0.8498156070709229
q20362,python how to stop playsound,python how to stop playsound,python how to stop playsound delete warning error loop string,9,d5267,0.8498156070709229
q20362,python how to stop playsound,python how to stop playsound,python how to stop playsound delete warning error loop string,10,d3398,0.8498156070709229
q20363,python change dictioinary values in place,python change dictioinary values in place,python change dictioinary values in place dictionary integer variable update error,1,d7229,0.8807787895202637
q20363,python change dictioinary values in place,python change dictioinary values in place,python change dictioinary values in place dictionary integer variable update error,2,d15354,0.8750633597373962
q20363,python change dictioinary values in place,python change dictioinary values in place,python change dictioinary values in place dictionary integer variable update error,3,d8041,0.8750633597373962
q20363,python change dictioinary values in place,python change dictioinary values in place,python change dictioinary values in place dictionary integer variable update error,4,d2194,0.8750633597373962
q20363,python change dictioinary values in place,python change dictioinary values in place,python change dictioinary values in place dictionary integer variable update error,5,d3979,0.8750633597373962
q20363,python change dictioinary values in place,python change dictioinary values in place,python change dictioinary values in place dictionary integer variable update error,6,d12427,0.8750633597373962
q20363,python change dictioinary values in place,python change dictioinary values in place,python change dictioinary values in place dictionary integer variable update error,7,d14147,0.8750633597373962
q20363,python change dictioinary values in place,python change dictioinary values in place,python change dictioinary values in place dictionary integer variable update error,8,d1457,0.8744698762893677
q20363,python change dictioinary values in place,python change dictioinary values in place,python change dictioinary values in place dictionary integer variable update error,9,d14829,0.8710100054740906
q20363,python change dictioinary values in place,python change dictioinary values in place,python change dictioinary values in place dictionary integer variable update error,10,d14831,0.8710100054740906
q20364,can i pass instance method as variable python,can i pass instance method as variable python,can i pass instance method as variable python variable method parameter condition error,1,d19985,0.8688901662826538
q20364,can i pass instance method as variable python,can i pass instance method as variable python,can i pass instance method as variable python variable method parameter condition error,2,d2933,0.8688901662826538
q20364,can i pass instance method as variable python,can i pass instance method as variable python,can i pass instance method as variable python variable method parameter condition error,3,d7414,0.8688901662826538
q20364,can i pass instance method as variable python,can i pass instance method as variable python,can i pass instance method as variable python variable method parameter condition error,4,d13300,0.8578638434410095
q20364,can i pass instance method as variable python,can i pass instance method as variable python,can i pass instance method as variable python variable method parameter condition error,5,d11066,0.8532546758651733
q20364,can i pass instance method as variable python,can i pass instance method as variable python,can i pass instance method as variable python variable method parameter condition error,6,d8238,0.8524371981620789
q20364,can i pass instance method as variable python,can i pass instance method as variable python,can i pass instance method as variable python variable method parameter condition error,7,d15525,0.8498733639717102
q20364,can i pass instance method as variable python,can i pass instance method as variable python,can i pass instance method as variable python variable method parameter condition error,8,d12486,0.8490450382232666
q20364,can i pass instance method as variable python,can i pass instance method as variable python,can i pass instance method as variable python variable method parameter condition error,9,d2105,0.8476578593254089
q20364,can i pass instance method as variable python,can i pass instance method as variable python,can i pass instance method as variable python variable method parameter condition error,10,d4559,0.8476578593254089
q20365,pickle python read entiere file,pickle python read entiere file,pickle python read entiere file file read integer error row,1,d15347,0.8898622989654541
q20365,pickle python read entiere file,pickle python read entiere file,pickle python read entiere file file read integer error row,2,d20365,0.8898622989654541
q20365,pickle python read entiere file,pickle python read entiere file,pickle python read entiere file file read integer error row,3,d13578,0.8898622989654541
q20365,pickle python read entiere file,pickle python read entiere file,pickle python read entiere file file read integer error row,4,d11608,0.8898622989654541
q20365,pickle python read entiere file,pickle python read entiere file,pickle python read entiere file file read integer error row,5,d1242,0.8831014633178711
q20365,pickle python read entiere file,pickle python read entiere file,pickle python read entiere file file read integer error row,6,d11548,0.8810818195343018
q20365,pickle python read entiere file,pickle python read entiere file,pickle python read entiere file file read integer error row,7,d5430,0.8810818195343018
q20365,pickle python read entiere file,pickle python read entiere file,pickle python read entiere file file read integer error row,8,d5332,0.880536675453186
q20365,pickle python read entiere file,pickle python read entiere file,pickle python read entiere file file read integer error row,9,d14117,0.880536675453186
q20365,pickle python read entiere file,pickle python read entiere file,pickle python read entiere file file read integer error row,10,d8056,0.880536675453186
q20366,should there be equal no of columns to concanate two df python,should there be equal no of columns to concanate two df python,should there be equal no of columns to concanate two df python column error database row integer,1,d17654,0.8795088529586792
q20366,should there be equal no of columns to concanate two df python,should there be equal no of columns to concanate two df python,should there be equal no of columns to concanate two df python column error database row integer,2,d16759,0.8795088529586792
q20366,should there be equal no of columns to concanate two df python,should there be equal no of columns to concanate two df python,should there be equal no of columns to concanate two df python column error database row integer,3,d17069,0.8795088529586792
q20366,should there be equal no of columns to concanate two df python,should there be equal no of columns to concanate two df python,should there be equal no of columns to concanate two df python column error database row integer,4,d17776,0.8795088529586792
q20366,should there be equal no of columns to concanate two df python,should there be equal no of columns to concanate two df python,should there be equal no of columns to concanate two df python column error database row integer,5,d18211,0.8795088529586792
q20366,should there be equal no of columns to concanate two df python,should there be equal no of columns to concanate two df python,should there be equal no of columns to concanate two df python column error database row integer,6,d17992,0.8795088529586792
q20366,should there be equal no of columns to concanate two df python,should there be equal no of columns to concanate two df python,should there be equal no of columns to concanate two df python column error database row integer,7,d17887,0.8795088529586792
q20366,should there be equal no of columns to concanate two df python,should there be equal no of columns to concanate two df python,should there be equal no of columns to concanate two df python column error database row integer,8,d18685,0.8795088529586792
q20366,should there be equal no of columns to concanate two df python,should there be equal no of columns to concanate two df python,should there be equal no of columns to concanate two df python column error database row integer,9,d19774,0.8795088529586792
q20366,should there be equal no of columns to concanate two df python,should there be equal no of columns to concanate two df python,should there be equal no of columns to concanate two df python column error database row integer,10,d19351,0.8795088529586792
q20367,python flatten deep nested list,python flatten deep nested list,python flatten deep nested list list loop row error sort,1,d12637,0.8794594407081604
q20367,python flatten deep nested list,python flatten deep nested list,python flatten deep nested list list loop row error sort,2,d1190,0.8745172023773193
q20367,python flatten deep nested list,python flatten deep nested list,python flatten deep nested list list loop row error sort,3,d7214,0.8745172023773193
q20367,python flatten deep nested list,python flatten deep nested list,python flatten deep nested list list loop row error sort,4,d14789,0.8745172023773193
q20367,python flatten deep nested list,python flatten deep nested list,python flatten deep nested list list loop row error sort,5,d2709,0.8745172023773193
q20367,python flatten deep nested list,python flatten deep nested list,python flatten deep nested list list loop row error sort,6,d8018,0.8745172023773193
q20367,python flatten deep nested list,python flatten deep nested list,python flatten deep nested list list loop row error sort,7,d2402,0.8745172023773193
q20367,python flatten deep nested list,python flatten deep nested list,python flatten deep nested list list loop row error sort,8,d1680,0.8745172023773193
q20367,python flatten deep nested list,python flatten deep nested list,python flatten deep nested list list loop row error sort,9,d13020,0.8745172023773193
q20367,python flatten deep nested list,python flatten deep nested list,python flatten deep nested list list loop row error sort,10,d11528,0.8745172023773193
q20368,how to show a variable amount of precision in python string format,how to show a variable amount of precision in python string format,how to show a variable amount of precision in python string format variable string integer parameter error,1,d878,0.8860190510749817
q20368,how to show a variable amount of precision in python string format,how to show a variable amount of precision in python string format,how to show a variable amount of precision in python string format variable string integer parameter error,2,d3596,0.8860190510749817
q20368,how to show a variable amount of precision in python string format,how to show a variable amount of precision in python string format,how to show a variable amount of precision in python string format variable string integer parameter error,3,d12317,0.8860190510749817
q20368,how to show a variable amount of precision in python string format,how to show a variable amount of precision in python string format,how to show a variable amount of precision in python string format variable string integer parameter error,4,d18973,0.882731556892395
q20368,how to show a variable amount of precision in python string format,how to show a variable amount of precision in python string format,how to show a variable amount of precision in python string format variable string integer parameter error,5,d19542,0.8792746067047119
q20368,how to show a variable amount of precision in python string format,how to show a variable amount of precision in python string format,how to show a variable amount of precision in python string format variable string integer parameter error,6,d1838,0.8764317035675049
q20368,how to show a variable amount of precision in python string format,how to show a variable amount of precision in python string format,how to show a variable amount of precision in python string format variable string integer parameter error,7,d6232,0.8764317035675049
q20368,how to show a variable amount of precision in python string format,how to show a variable amount of precision in python string format,how to show a variable amount of precision in python string format variable string integer parameter error,8,d12680,0.8764317035675049
q20368,how to show a variable amount of precision in python string format,how to show a variable amount of precision in python string format,how to show a variable amount of precision in python string format variable string integer parameter error,9,d3482,0.8764317035675049
q20368,how to show a variable amount of precision in python string format,how to show a variable amount of precision in python string format,how to show a variable amount of precision in python string format variable string integer parameter error,10,d20202,0.8764317035675049
q20369,python array get element by index with default,python array get element by index with default,python array get element by index with default array search integer get error,1,d15194,0.8810360431671143
q20369,python array get element by index with default,python array get element by index with default,python array get element by index with default array search integer get error,2,d11083,0.8810360431671143
q20369,python array get element by index with default,python array get element by index with default,python array get element by index with default array search integer get error,3,d9167,0.8783786296844482
q20369,python array get element by index with default,python array get element by index with default,python array get element by index with default array search integer get error,4,d7018,0.8783786296844482
q20369,python array get element by index with default,python array get element by index with default,python array get element by index with default array search integer get error,5,d8862,0.8783786296844482
q20369,python array get element by index with default,python array get element by index with default,python array get element by index with default array search integer get error,6,d11048,0.8783786296844482
q20369,python array get element by index with default,python array get element by index with default,python array get element by index with default array search integer get error,7,d15021,0.8783786296844482
q20369,python array get element by index with default,python array get element by index with default,python array get element by index with default array search integer get error,8,d3391,0.8783786296844482
q20369,python array get element by index with default,python array get element by index with default,python array get element by index with default array search integer get error,9,d4702,0.8783786296844482
q20369,python array get element by index with default,python array get element by index with default,python array get element by index with default array search integer get error,10,d4986,0.8783786296844482
q20370,check if string is int in python,check if string is int in python,check if string is int in python string integer error condition update,1,d11293,0.9157072305679321
q20370,check if string is int in python,check if string is int in python,check if string is int in python string integer error condition update,2,d4605,0.9157072305679321
q20370,check if string is int in python,check if string is int in python,check if string is int in python string integer error condition update,3,d14801,0.9157072305679321
q20370,check if string is int in python,check if string is int in python,check if string is int in python string integer error condition update,4,d8762,0.9157072305679321
q20370,check if string is int in python,check if string is int in python,check if string is int in python string integer error condition update,5,d2347,0.9157072305679321
q20370,check if string is int in python,check if string is int in python,check if string is int in python string integer error condition update,6,d5015,0.9157072305679321
q20370,check if string is int in python,check if string is int in python,check if string is int in python string integer error condition update,7,d10761,0.9157072305679321
q20370,check if string is int in python,check if string is int in python,check if string is int in python string integer error condition update,8,d7535,0.9094836711883545
q20370,check if string is int in python,check if string is int in python,check if string is int in python string integer error condition update,9,d3635,0.9094836711883545
q20370,check if string is int in python,check if string is int in python,check if string is int in python string integer error condition update,10,d15225,0.9094836711883545
q20371,how to change numpy array to list in python,how to change numpy array to list in python,how to change numpy array to list in python list array update error integer,1,d10097,0.8552365899085999
q20371,how to change numpy array to list in python,how to change numpy array to list in python,how to change numpy array to list in python list array update error integer,2,d14078,0.8552365899085999
q20371,how to change numpy array to list in python,how to change numpy array to list in python,how to change numpy array to list in python list array update error integer,3,d16508,0.8552365899085999
q20371,how to change numpy array to list in python,how to change numpy array to list in python,how to change numpy array to list in python list array update error integer,4,d12388,0.8552365899085999
q20371,how to change numpy array to list in python,how to change numpy array to list in python,how to change numpy array to list in python list array update error integer,5,d13952,0.8552365899085999
q20371,how to change numpy array to list in python,how to change numpy array to list in python,how to change numpy array to list in python list array update error integer,6,d7314,0.8552365899085999
q20371,how to change numpy array to list in python,how to change numpy array to list in python,how to change numpy array to list in python list array update error integer,7,d2484,0.8552365899085999
q20371,how to change numpy array to list in python,how to change numpy array to list in python,how to change numpy array to list in python list array update error integer,8,d13941,0.8540388345718384
q20371,how to change numpy array to list in python,how to change numpy array to list in python,how to change numpy array to list in python list array update error integer,9,d15196,0.8540388345718384
q20371,how to change numpy array to list in python,how to change numpy array to list in python,how to change numpy array to list in python list array update error integer,10,d6924,0.8540388345718384
q20372,read a file into a set python,read a file into a set python,read a file into a set python read file loop write error,1,d18923,0.8886475563049316
q20372,read a file into a set python,read a file into a set python,read a file into a set python read file loop write error,2,d18419,0.8886475563049316
q20372,read a file into a set python,read a file into a set python,read a file into a set python read file loop write error,3,d17961,0.8886475563049316
q20372,read a file into a set python,read a file into a set python,read a file into a set python read file loop write error,4,d18246,0.8886475563049316
q20372,read a file into a set python,read a file into a set python,read a file into a set python read file loop write error,5,d18435,0.8886475563049316
q20372,read a file into a set python,read a file into a set python,read a file into a set python read file loop write error,6,d17959,0.8886475563049316
q20372,read a file into a set python,read a file into a set python,read a file into a set python read file loop write error,7,d17299,0.8886475563049316
q20372,read a file into a set python,read a file into a set python,read a file into a set python read file loop write error,8,d17662,0.8886475563049316
q20372,read a file into a set python,read a file into a set python,read a file into a set python read file loop write error,9,d17758,0.8886475563049316
q20372,read a file into a set python,read a file into a set python,read a file into a set python read file loop write error,10,d19090,0.8886475563049316
q20373,python round float to int,python round float to int,python round float to int integer loop function row error,1,d19488,0.888785719871521
q20373,python round float to int,python round float to int,python round float to int integer loop function row error,2,d18381,0.888785719871521
q20373,python round float to int,python round float to int,python round float to int integer loop function row error,3,d17562,0.888785719871521
q20373,python round float to int,python round float to int,python round float to int integer loop function row error,4,d18801,0.888785719871521
q20373,python round float to int,python round float to int,python round float to int integer loop function row error,5,d18964,0.888785719871521
q20373,python round float to int,python round float to int,python round float to int integer loop function row error,6,d17247,0.888785719871521
q20373,python round float to int,python round float to int,python round float to int integer loop function row error,7,d18967,0.888785719871521
q20373,python round float to int,python round float to int,python round float to int integer loop function row error,8,d19060,0.888785719871521
q20373,python round float to int,python round float to int,python round float to int integer loop function row error,9,d19024,0.888785719871521
q20373,python round float to int,python round float to int,python round float to int integer loop function row error,10,d17437,0.888785719871521
q20374,how to write a parser on python,how to write a parser on python,how to write a parser on python write parameter integer error variable,1,d14275,0.8635196685791016
q20374,how to write a parser on python,how to write a parser on python,how to write a parser on python write parameter integer error variable,2,d18646,0.8609727025032043
q20374,how to write a parser on python,how to write a parser on python,how to write a parser on python write parameter integer error variable,3,d17108,0.8609727025032043
q20374,how to write a parser on python,how to write a parser on python,how to write a parser on python write parameter integer error variable,4,d19081,0.8609727025032043
q20374,how to write a parser on python,how to write a parser on python,how to write a parser on python write parameter integer error variable,5,d19169,0.8609727025032043
q20374,how to write a parser on python,how to write a parser on python,how to write a parser on python write parameter integer error variable,6,d19626,0.8609727025032043
q20374,how to write a parser on python,how to write a parser on python,how to write a parser on python write parameter integer error variable,7,d13835,0.8592438697814941
q20374,how to write a parser on python,how to write a parser on python,how to write a parser on python write parameter integer error variable,8,d3306,0.8592438697814941
q20374,how to write a parser on python,how to write a parser on python,how to write a parser on python write parameter integer error variable,9,d11724,0.8592438697814941
q20374,how to write a parser on python,how to write a parser on python,how to write a parser on python write parameter integer error variable,10,d15951,0.8592438697814941
q20375,python dict with keys no value,python dict with keys no value,python dict with keys no value dictionary error integer delete update,1,d187,0.8938546776771545
q20375,python dict with keys no value,python dict with keys no value,python dict with keys no value dictionary error integer delete update,2,d6250,0.8938546776771545
q20375,python dict with keys no value,python dict with keys no value,python dict with keys no value dictionary error integer delete update,3,d999,0.8938546776771545
q20375,python dict with keys no value,python dict with keys no value,python dict with keys no value dictionary error integer delete update,4,d3732,0.8938546776771545
q20375,python dict with keys no value,python dict with keys no value,python dict with keys no value dictionary error integer delete update,5,d4441,0.8938546776771545
q20375,python dict with keys no value,python dict with keys no value,python dict with keys no value dictionary error integer delete update,6,d18174,0.8918709754943848
q20375,python dict with keys no value,python dict with keys no value,python dict with keys no value dictionary error integer delete update,7,d7229,0.8908573985099792
q20375,python dict with keys no value,python dict with keys no value,python dict with keys no value dictionary error integer delete update,8,d1182,0.887266993522644
q20375,python dict with keys no value,python dict with keys no value,python dict with keys no value dictionary error integer delete update,9,d6658,0.887266993522644
q20375,python dict with keys no value,python dict with keys no value,python dict with keys no value dictionary error integer delete update,10,d12595,0.887266993522644
q20376,how to remove blank lines from a text file in python,how to remove blank lines from a text file in python,how to remove blank lines from a text file in python file error delete write column,1,d19382,0.8850928544998169
q20376,how to remove blank lines from a text file in python,how to remove blank lines from a text file in python,how to remove blank lines from a text file in python file error delete write column,2,d20473,0.8850928544998169
q20376,how to remove blank lines from a text file in python,how to remove blank lines from a text file in python,how to remove blank lines from a text file in python file error delete write column,3,d19512,0.8850928544998169
q20376,how to remove blank lines from a text file in python,how to remove blank lines from a text file in python,how to remove blank lines from a text file in python file error delete write column,4,d19536,0.8850928544998169
q20376,how to remove blank lines from a text file in python,how to remove blank lines from a text file in python,how to remove blank lines from a text file in python file error delete write column,5,d17210,0.8850928544998169
q20376,how to remove blank lines from a text file in python,how to remove blank lines from a text file in python,how to remove blank lines from a text file in python file error delete write column,6,d18735,0.8850928544998169
q20376,how to remove blank lines from a text file in python,how to remove blank lines from a text file in python,how to remove blank lines from a text file in python file error delete write column,7,d17447,0.8850928544998169
q20376,how to remove blank lines from a text file in python,how to remove blank lines from a text file in python,how to remove blank lines from a text file in python file error delete write column,8,d17536,0.8850928544998169
q20376,how to remove blank lines from a text file in python,how to remove blank lines from a text file in python,how to remove blank lines from a text file in python file error delete write column,9,d17721,0.8850928544998169
q20376,how to remove blank lines from a text file in python,how to remove blank lines from a text file in python,how to remove blank lines from a text file in python file error delete write column,10,d18157,0.8850928544998169
q20377,how to hash a binary file in python,how to hash a binary file in python,how to hash a binary file in python file integer string database variable,1,d5781,0.8678761124610901
q20377,how to hash a binary file in python,how to hash a binary file in python,how to hash a binary file in python file integer string database variable,2,d198,0.8678761124610901
q20377,how to hash a binary file in python,how to hash a binary file in python,how to hash a binary file in python file integer string database variable,3,d4907,0.8678761124610901
q20377,how to hash a binary file in python,how to hash a binary file in python,how to hash a binary file in python file integer string database variable,4,d6289,0.8678761124610901
q20377,how to hash a binary file in python,how to hash a binary file in python,how to hash a binary file in python file integer string database variable,5,d6291,0.8678761124610901
q20377,how to hash a binary file in python,how to hash a binary file in python,how to hash a binary file in python file integer string database variable,6,d8364,0.8678761124610901
q20377,how to hash a binary file in python,how to hash a binary file in python,how to hash a binary file in python file integer string database variable,7,d2789,0.8636292219161987
q20377,how to hash a binary file in python,how to hash a binary file in python,how to hash a binary file in python file integer string database variable,8,d16511,0.8636292219161987
q20377,how to hash a binary file in python,how to hash a binary file in python,how to hash a binary file in python file integer string database variable,9,d10060,0.8636292219161987
q20377,how to hash a binary file in python,how to hash a binary file in python,how to hash a binary file in python file integer string database variable,10,d11770,0.8636292219161987
q20378,python get function keyword names,python get function keyword names,python get function keyword names function search parameter method get,1,d5581,0.8991315364837646
q20378,python get function keyword names,python get function keyword names,python get function keyword names function search parameter method get,2,d714,0.8991315364837646
q20378,python get function keyword names,python get function keyword names,python get function keyword names function search parameter method get,3,d6773,0.8864445686340332
q20378,python get function keyword names,python get function keyword names,python get function keyword names function search parameter method get,4,d8154,0.8820626735687256
q20378,python get function keyword names,python get function keyword names,python get function keyword names function search parameter method get,5,d147,0.8739838600158691
q20378,python get function keyword names,python get function keyword names,python get function keyword names function search parameter method get,6,d20347,0.8739838600158691
q20378,python get function keyword names,python get function keyword names,python get function keyword names function search parameter method get,7,d20599,0.8739838600158691
q20378,python get function keyword names,python get function keyword names,python get function keyword names function search parameter method get,8,d8863,0.8739838600158691
q20378,python get function keyword names,python get function keyword names,python get function keyword names function search parameter method get,9,d411,0.8739838600158691
q20378,python get function keyword names,python get function keyword names,python get function keyword names function search parameter method get,10,d12580,0.8734824061393738
q20379,iterate through words in text file python,iterate through words in text file python,iterate through words in text file python file integer loop write row,1,d6698,0.86623215675354
q20379,iterate through words in text file python,iterate through words in text file python,iterate through words in text file python file integer loop write row,2,d13169,0.86623215675354
q20379,iterate through words in text file python,iterate through words in text file python,iterate through words in text file python file integer loop write row,3,d1551,0.86623215675354
q20379,iterate through words in text file python,iterate through words in text file python,iterate through words in text file python file integer loop write row,4,d2041,0.86623215675354
q20379,iterate through words in text file python,iterate through words in text file python,iterate through words in text file python file integer loop write row,5,d9171,0.86623215675354
q20379,iterate through words in text file python,iterate through words in text file python,iterate through words in text file python file integer loop write row,6,d812,0.86623215675354
q20379,iterate through words in text file python,iterate through words in text file python,iterate through words in text file python file integer loop write row,7,d3725,0.86623215675354
q20379,iterate through words in text file python,iterate through words in text file python,iterate through words in text file python file integer loop write row,8,d1486,0.86623215675354
q20379,iterate through words in text file python,iterate through words in text file python,iterate through words in text file python file integer loop write row,9,d10123,0.863131046295166
q20379,iterate through words in text file python,iterate through words in text file python,iterate through words in text file python file integer loop write row,10,d14403,0.863131046295166
q20380,python make a put request to restful endpoint,python make a put request to restful endpoint,python make a put request to restful endpoint return error update search parameter,1,d18911,0.899588942527771
q20380,python make a put request to restful endpoint,python make a put request to restful endpoint,python make a put request to restful endpoint return error update search parameter,2,d20380,0.899588942527771
q20380,python make a put request to restful endpoint,python make a put request to restful endpoint,python make a put request to restful endpoint return error update search parameter,3,d6017,0.8762208223342896
q20380,python make a put request to restful endpoint,python make a put request to restful endpoint,python make a put request to restful endpoint return error update search parameter,4,d14437,0.8699290752410889
q20380,python make a put request to restful endpoint,python make a put request to restful endpoint,python make a put request to restful endpoint return error update search parameter,5,d7578,0.8699290752410889
q20380,python make a put request to restful endpoint,python make a put request to restful endpoint,python make a put request to restful endpoint return error update search parameter,6,d7580,0.8699290752410889
q20380,python make a put request to restful endpoint,python make a put request to restful endpoint,python make a put request to restful endpoint return error update search parameter,7,d17825,0.863560676574707
q20380,python make a put request to restful endpoint,python make a put request to restful endpoint,python make a put request to restful endpoint return error update search parameter,8,d8290,0.8634262084960938
q20380,python make a put request to restful endpoint,python make a put request to restful endpoint,python make a put request to restful endpoint return error update search parameter,9,d8781,0.8628503084182739
q20380,python make a put request to restful endpoint,python make a put request to restful endpoint,python make a put request to restful endpoint return error update search parameter,10,d12742,0.8628503084182739
q20381,python get the id of the current thread,python get the id of the current thread,python get the id of the current thread update add row string integer,1,d3811,0.8868619203567505
q20381,python get the id of the current thread,python get the id of the current thread,python get the id of the current thread update add row string integer,2,d3827,0.8868619203567505
q20381,python get the id of the current thread,python get the id of the current thread,python get the id of the current thread update add row string integer,3,d20381,0.8868619203567505
q20381,python get the id of the current thread,python get the id of the current thread,python get the id of the current thread update add row string integer,4,d5709,0.863122820854187
q20381,python get the id of the current thread,python get the id of the current thread,python get the id of the current thread update add row string integer,5,d7040,0.863122820854187
q20381,python get the id of the current thread,python get the id of the current thread,python get the id of the current thread update add row string integer,6,d9116,0.863122820854187
q20381,python get the id of the current thread,python get the id of the current thread,python get the id of the current thread update add row string integer,7,d15155,0.863122820854187
q20381,python get the id of the current thread,python get the id of the current thread,python get the id of the current thread update add row string integer,8,d5720,0.863122820854187
q20381,python get the id of the current thread,python get the id of the current thread,python get the id of the current thread update add row string integer,9,d13371,0.863122820854187
q20381,python get the id of the current thread,python get the id of the current thread,python get the id of the current thread update add row string integer,10,d8885,0.863122820854187
q20382,python function returning a list of all entities is called,python function returning a list of all entities is called,python function returning a list of all entities is called return function list integer error,1,d20119,0.8806332349777222
q20382,python function returning a list of all entities is called,python function returning a list of all entities is called,python function returning a list of all entities is called return function list integer error,2,d18646,0.8749373555183411
q20382,python function returning a list of all entities is called,python function returning a list of all entities is called,python function returning a list of all entities is called return function list integer error,3,d19626,0.8749373555183411
q20382,python function returning a list of all entities is called,python function returning a list of all entities is called,python function returning a list of all entities is called return function list integer error,4,d19081,0.8749373555183411
q20382,python function returning a list of all entities is called,python function returning a list of all entities is called,python function returning a list of all entities is called return function list integer error,5,d19169,0.8749373555183411
q20382,python function returning a list of all entities is called,python function returning a list of all entities is called,python function returning a list of all entities is called return function list integer error,6,d17108,0.8749373555183411
q20382,python function returning a list of all entities is called,python function returning a list of all entities is called,python function returning a list of all entities is called return function list integer error,7,d3262,0.8740983605384827
q20382,python function returning a list of all entities is called,python function returning a list of all entities is called,python function returning a list of all entities is called return function list integer error,8,d9915,0.8666175603866577
q20382,python function returning a list of all entities is called,python function returning a list of all entities is called,python function returning a list of all entities is called return function list integer error,9,d1550,0.8666175603866577
q20382,python function returning a list of all entities is called,python function returning a list of all entities is called,python function returning a list of all entities is called return function list integer error,10,d14820,0.8666175603866577
q20383,how to flat a list of list python,how to flat a list of list python,how to flat a list of list python list sort loop column integer,1,d4508,0.8753091096878052
q20383,how to flat a list of list python,how to flat a list of list python,how to flat a list of list python list sort loop column integer,2,d13638,0.8753091096878052
q20383,how to flat a list of list python,how to flat a list of list python,how to flat a list of list python list sort loop column integer,3,d11209,0.8753091096878052
q20383,how to flat a list of list python,how to flat a list of list python,how to flat a list of list python list sort loop column integer,4,d19028,0.8720002770423889
q20383,how to flat a list of list python,how to flat a list of list python,how to flat a list of list python list sort loop column integer,5,d19188,0.8720002770423889
q20383,how to flat a list of list python,how to flat a list of list python,how to flat a list of list python list sort loop column integer,6,d18938,0.8720002770423889
q20383,how to flat a list of list python,how to flat a list of list python,how to flat a list of list python list sort loop column integer,7,d19485,0.8720002770423889
q20383,how to flat a list of list python,how to flat a list of list python,how to flat a list of list python list sort loop column integer,8,d17376,0.8720002770423889
q20383,how to flat a list of list python,how to flat a list of list python,how to flat a list of list python list sort loop column integer,9,d17480,0.8720002770423889
q20383,how to flat a list of list python,how to flat a list of list python,how to flat a list of list python list sort loop column integer,10,d17411,0.8720002770423889
q20384,python read yaml to numpy,python read yaml to numpy,python read yaml to numpy read error row query integer,1,d18896,0.8697859048843384
q20384,python read yaml to numpy,python read yaml to numpy,python read yaml to numpy read error row query integer,2,d20384,0.8697859048843384
q20384,python read yaml to numpy,python read yaml to numpy,python read yaml to numpy read error row query integer,3,d18434,0.8697859048843384
q20384,python read yaml to numpy,python read yaml to numpy,python read yaml to numpy read error row query integer,4,d1654,0.8637549877166748
q20384,python read yaml to numpy,python read yaml to numpy,python read yaml to numpy read error row query integer,5,d10360,0.8628270030021667
q20384,python read yaml to numpy,python read yaml to numpy,python read yaml to numpy read error row query integer,6,d11168,0.8628270030021667
q20384,python read yaml to numpy,python read yaml to numpy,python read yaml to numpy read error row query integer,7,d3712,0.8628270030021667
q20384,python read yaml to numpy,python read yaml to numpy,python read yaml to numpy read error row query integer,8,d10037,0.8628270030021667
q20384,python read yaml to numpy,python read yaml to numpy,python read yaml to numpy read error row query integer,9,d16110,0.8628270030021667
q20384,python read yaml to numpy,python read yaml to numpy,python read yaml to numpy read error row query integer,10,d8007,0.8628270030021667
q20385,discord python get user from id string,discord python get user from id string,discord python get user from id string string search database integer error,1,d41,0.8547777533531189
q20385,discord python get user from id string,discord python get user from id string,discord python get user from id string string search database integer error,2,d19945,0.8547777533531189
q20385,discord python get user from id string,discord python get user from id string,discord python get user from id string string search database integer error,3,d9219,0.8547777533531189
q20385,discord python get user from id string,discord python get user from id string,discord python get user from id string string search database integer error,4,d8664,0.8547777533531189
q20385,discord python get user from id string,discord python get user from id string,discord python get user from id string string search database integer error,5,d20270,0.8547777533531189
q20385,discord python get user from id string,discord python get user from id string,discord python get user from id string string search database integer error,6,d10531,0.8547777533531189
q20385,discord python get user from id string,discord python get user from id string,discord python get user from id string string search database integer error,7,d14822,0.8547777533531189
q20385,discord python get user from id string,discord python get user from id string,discord python get user from id string string search database integer error,8,d11069,0.8547777533531189
q20385,discord python get user from id string,discord python get user from id string,discord python get user from id string string search database integer error,9,d19116,0.8521170616149902
q20385,discord python get user from id string,discord python get user from id string,discord python get user from id string string search database integer error,10,d20385,0.8518095016479492
q20386,list of arbitrary objects to counts in python,list of arbitrary objects to counts in python,list of arbitrary objects to counts in python list integer condition error array,1,d19053,0.8923858404159546
q20386,list of arbitrary objects to counts in python,list of arbitrary objects to counts in python,list of arbitrary objects to counts in python list integer condition error array,2,d19232,0.8923858404159546
q20386,list of arbitrary objects to counts in python,list of arbitrary objects to counts in python,list of arbitrary objects to counts in python list integer condition error array,3,d19276,0.8923858404159546
q20386,list of arbitrary objects to counts in python,list of arbitrary objects to counts in python,list of arbitrary objects to counts in python list integer condition error array,4,d16962,0.8923858404159546
q20386,list of arbitrary objects to counts in python,list of arbitrary objects to counts in python,list of arbitrary objects to counts in python list integer condition error array,5,d17637,0.8923858404159546
q20386,list of arbitrary objects to counts in python,list of arbitrary objects to counts in python,list of arbitrary objects to counts in python list integer condition error array,6,d20386,0.8923858404159546
q20386,list of arbitrary objects to counts in python,list of arbitrary objects to counts in python,list of arbitrary objects to counts in python list integer condition error array,7,d18877,0.8923858404159546
q20386,list of arbitrary objects to counts in python,list of arbitrary objects to counts in python,list of arbitrary objects to counts in python list integer condition error array,8,d18460,0.8923858404159546
q20386,list of arbitrary objects to counts in python,list of arbitrary objects to counts in python,list of arbitrary objects to counts in python list integer condition error array,9,d17249,0.8923858404159546
q20386,list of arbitrary objects to counts in python,list of arbitrary objects to counts in python,list of arbitrary objects to counts in python list integer condition error array,10,d18636,0.8923858404159546
q20387,how to know queue size in python,how to know queue size in python,how to know queue size in python integer update parameter method query,1,d2794,0.8645852208137512
q20387,how to know queue size in python,how to know queue size in python,how to know queue size in python integer update parameter method query,2,d457,0.8645852208137512
q20387,how to know queue size in python,how to know queue size in python,how to know queue size in python integer update parameter method query,3,d16129,0.8645852208137512
q20387,how to know queue size in python,how to know queue size in python,how to know queue size in python integer update parameter method query,4,d20235,0.8645852208137512
q20387,how to know queue size in python,how to know queue size in python,how to know queue size in python integer update parameter method query,5,d16133,0.8645852208137512
q20387,how to know queue size in python,how to know queue size in python,how to know queue size in python integer update parameter method query,6,d6843,0.8645852208137512
q20387,how to know queue size in python,how to know queue size in python,how to know queue size in python integer update parameter method query,7,d20387,0.8645852208137512
q20387,how to know queue size in python,how to know queue size in python,how to know queue size in python integer update parameter method query,8,d5659,0.857905387878418
q20387,how to know queue size in python,how to know queue size in python,how to know queue size in python integer update parameter method query,9,d6762,0.8540445566177368
q20387,how to know queue size in python,how to know queue size in python,how to know queue size in python integer update parameter method query,10,d10205,0.8540445566177368
q20388,impute missing values in python,impute missing values in python,impute missing values in python integer error parameter update variable,1,d13125,0.8676837682723999
q20388,impute missing values in python,impute missing values in python,impute missing values in python integer error parameter update variable,2,d13123,0.8676837682723999
q20388,impute missing values in python,impute missing values in python,impute missing values in python integer error parameter update variable,3,d7709,0.8676837682723999
q20388,impute missing values in python,impute missing values in python,impute missing values in python integer error parameter update variable,4,d10400,0.8676837682723999
q20388,impute missing values in python,impute missing values in python,impute missing values in python integer error parameter update variable,5,d13541,0.8676837682723999
q20388,impute missing values in python,impute missing values in python,impute missing values in python integer error parameter update variable,6,d13543,0.8676837682723999
q20388,impute missing values in python,impute missing values in python,impute missing values in python integer error parameter update variable,7,d11471,0.8676837682723999
q20388,impute missing values in python,impute missing values in python,impute missing values in python integer error parameter update variable,8,d20388,0.8676837682723999
q20388,impute missing values in python,impute missing values in python,impute missing values in python integer error parameter update variable,9,d11650,0.859277606010437
q20388,impute missing values in python,impute missing values in python,impute missing values in python integer error parameter update variable,10,d20101,0.859277606010437
q20389,python dict rank by value,python dict rank by value,python dict rank by value dictionary integer variable row parameter,1,d623,0.8689103126525879
q20389,python dict rank by value,python dict rank by value,python dict rank by value dictionary integer variable row parameter,2,d452,0.8689103126525879
q20389,python dict rank by value,python dict rank by value,python dict rank by value dictionary integer variable row parameter,3,d5447,0.8689103126525879
q20389,python dict rank by value,python dict rank by value,python dict rank by value dictionary integer variable row parameter,4,d8,0.862126350402832
q20389,python dict rank by value,python dict rank by value,python dict rank by value dictionary integer variable row parameter,5,d5252,0.8614073991775513
q20389,python dict rank by value,python dict rank by value,python dict rank by value dictionary integer variable row parameter,6,d3092,0.8614073991775513
q20389,python dict rank by value,python dict rank by value,python dict rank by value dictionary integer variable row parameter,7,d4164,0.8574700355529785
q20389,python dict rank by value,python dict rank by value,python dict rank by value dictionary integer variable row parameter,8,d4176,0.8574700355529785
q20389,python dict rank by value,python dict rank by value,python dict rank by value dictionary integer variable row parameter,9,d12356,0.8574700355529785
q20389,python dict rank by value,python dict rank by value,python dict rank by value dictionary integer variable row parameter,10,d6279,0.8574700355529785
q20390,generate short unique id python,generate short unique id python,generate short unique id python integer database error update row,1,d3459,0.8880876898765564
q20390,generate short unique id python,generate short unique id python,generate short unique id python integer database error update row,2,d5872,0.8880876898765564
q20390,generate short unique id python,generate short unique id python,generate short unique id python integer database error update row,3,d3718,0.8880876898765564
q20390,generate short unique id python,generate short unique id python,generate short unique id python integer database error update row,4,d15601,0.8844746351242065
q20390,generate short unique id python,generate short unique id python,generate short unique id python integer database error update row,5,d9330,0.8844746351242065
q20390,generate short unique id python,generate short unique id python,generate short unique id python integer database error update row,6,d15117,0.8803920745849609
q20390,generate short unique id python,generate short unique id python,generate short unique id python integer database error update row,7,d9412,0.8803920745849609
q20390,generate short unique id python,generate short unique id python,generate short unique id python integer database error update row,8,d628,0.8803920745849609
q20390,generate short unique id python,generate short unique id python,generate short unique id python integer database error update row,9,d6771,0.8803920745849609
q20390,generate short unique id python,generate short unique id python,generate short unique id python integer database error update row,10,d616,0.8803920745849609
q20391,python numpy inverse of the matrix,python numpy inverse of the matrix,python numpy inverse of the matrix error integer variable parameter row,1,d14625,0.8793039917945862
q20391,python numpy inverse of the matrix,python numpy inverse of the matrix,python numpy inverse of the matrix error integer variable parameter row,2,d11101,0.8793039917945862
q20391,python numpy inverse of the matrix,python numpy inverse of the matrix,python numpy inverse of the matrix error integer variable parameter row,3,d20391,0.8738201856613159
q20391,python numpy inverse of the matrix,python numpy inverse of the matrix,python numpy inverse of the matrix error integer variable parameter row,4,d13953,0.8738201856613159
q20391,python numpy inverse of the matrix,python numpy inverse of the matrix,python numpy inverse of the matrix error integer variable parameter row,5,d13348,0.8738201856613159
q20391,python numpy inverse of the matrix,python numpy inverse of the matrix,python numpy inverse of the matrix error integer variable parameter row,6,d3784,0.8738201856613159
q20391,python numpy inverse of the matrix,python numpy inverse of the matrix,python numpy inverse of the matrix error integer variable parameter row,7,d13949,0.8738201856613159
q20391,python numpy inverse of the matrix,python numpy inverse of the matrix,python numpy inverse of the matrix error integer variable parameter row,8,d15217,0.8738201856613159
q20391,python numpy inverse of the matrix,python numpy inverse of the matrix,python numpy inverse of the matrix error integer variable parameter row,9,d2733,0.8629317283630371
q20391,python numpy inverse of the matrix,python numpy inverse of the matrix,python numpy inverse of the matrix error integer variable parameter row,10,d13763,0.8626689910888672
q20392,python how to mix backslash and forward slashes in path,python how to mix backslash and forward slashes in path,python how to mix backslash and forward slashes in path string parameter function variable method,1,d1554,0.8641188740730286
q20392,python how to mix backslash and forward slashes in path,python how to mix backslash and forward slashes in path,python how to mix backslash and forward slashes in path string parameter function variable method,2,d4775,0.8641188740730286
q20392,python how to mix backslash and forward slashes in path,python how to mix backslash and forward slashes in path,python how to mix backslash and forward slashes in path string parameter function variable method,3,d10390,0.8641188740730286
q20392,python how to mix backslash and forward slashes in path,python how to mix backslash and forward slashes in path,python how to mix backslash and forward slashes in path string parameter function variable method,4,d20392,0.8641188740730286
q20392,python how to mix backslash and forward slashes in path,python how to mix backslash and forward slashes in path,python how to mix backslash and forward slashes in path string parameter function variable method,5,d14332,0.8641188740730286
q20392,python how to mix backslash and forward slashes in path,python how to mix backslash and forward slashes in path,python how to mix backslash and forward slashes in path string parameter function variable method,6,d19019,0.8625065088272095
q20392,python how to mix backslash and forward slashes in path,python how to mix backslash and forward slashes in path,python how to mix backslash and forward slashes in path string parameter function variable method,7,d15611,0.8579620718955994
q20392,python how to mix backslash and forward slashes in path,python how to mix backslash and forward slashes in path,python how to mix backslash and forward slashes in path string parameter function variable method,8,d7437,0.8562437891960144
q20392,python how to mix backslash and forward slashes in path,python how to mix backslash and forward slashes in path,python how to mix backslash and forward slashes in path string parameter function variable method,9,d8065,0.8562437891960144
q20392,python how to mix backslash and forward slashes in path,python how to mix backslash and forward slashes in path,python how to mix backslash and forward slashes in path string parameter function variable method,10,d15600,0.8562437891960144
q20393,reduce functon not defined in python,reduce functon not defined in python,reduce functon not defined in python function error delete method integer,1,d17293,0.8869860768318176
q20393,reduce functon not defined in python,reduce functon not defined in python,reduce functon not defined in python function error delete method integer,2,d10212,0.8665778636932373
q20393,reduce functon not defined in python,reduce functon not defined in python,reduce functon not defined in python function error delete method integer,3,d703,0.8665778636932373
q20393,reduce functon not defined in python,reduce functon not defined in python,reduce functon not defined in python function error delete method integer,4,d3104,0.8665778636932373
q20393,reduce functon not defined in python,reduce functon not defined in python,reduce functon not defined in python function error delete method integer,5,d19954,0.8665778636932373
q20393,reduce functon not defined in python,reduce functon not defined in python,reduce functon not defined in python function error delete method integer,6,d7611,0.8665778636932373
q20393,reduce functon not defined in python,reduce functon not defined in python,reduce functon not defined in python function error delete method integer,7,d20579,0.8665778636932373
q20393,reduce functon not defined in python,reduce functon not defined in python,reduce functon not defined in python function error delete method integer,8,d20209,0.8665778636932373
q20393,reduce functon not defined in python,reduce functon not defined in python,reduce functon not defined in python function error delete method integer,9,d9711,0.8649277687072754
q20393,reduce functon not defined in python,reduce functon not defined in python,reduce functon not defined in python function error delete method integer,10,d4254,0.8637950420379639
q20394,python detect key press linux,python detect key press linux,python detect key press linux file error delete update query,1,d11831,0.8672888278961182
q20394,python detect key press linux,python detect key press linux,python detect key press linux file error delete update query,2,d18007,0.8615193963050842
q20394,python detect key press linux,python detect key press linux,python detect key press linux file error delete update query,3,d5324,0.8608919978141785
q20394,python detect key press linux,python detect key press linux,python detect key press linux file error delete update query,4,d12123,0.8608919978141785
q20394,python detect key press linux,python detect key press linux,python detect key press linux file error delete update query,5,d10146,0.8608919978141785
q20394,python detect key press linux,python detect key press linux,python detect key press linux file error delete update query,6,d3424,0.8608919978141785
q20394,python detect key press linux,python detect key press linux,python detect key press linux file error delete update query,7,d5545,0.8575459718704224
q20394,python detect key press linux,python detect key press linux,python detect key press linux file error delete update query,8,d19984,0.8575459122657776
q20394,python detect key press linux,python detect key press linux,python detect key press linux file error delete update query,9,d12642,0.8575459122657776
q20394,python detect key press linux,python detect key press linux,python detect key press linux file error delete update query,10,d12560,0.8575459122657776
q20395,how to generate random binary tree in python,how to generate random binary tree in python,how to generate random binary tree in python integer error string update row,1,d20395,0.8739049434661865
q20395,how to generate random binary tree in python,how to generate random binary tree in python,how to generate random binary tree in python integer error string update row,2,d4871,0.8632336258888245
q20395,how to generate random binary tree in python,how to generate random binary tree in python,how to generate random binary tree in python integer error string update row,3,d4631,0.8632336258888245
q20395,how to generate random binary tree in python,how to generate random binary tree in python,how to generate random binary tree in python integer error string update row,4,d14578,0.8632336258888245
q20395,how to generate random binary tree in python,how to generate random binary tree in python,how to generate random binary tree in python integer error string update row,5,d2714,0.8625808954238892
q20395,how to generate random binary tree in python,how to generate random binary tree in python,how to generate random binary tree in python integer error string update row,6,d20205,0.8625808954238892
q20395,how to generate random binary tree in python,how to generate random binary tree in python,how to generate random binary tree in python integer error string update row,7,d10105,0.8619629144668579
q20395,how to generate random binary tree in python,how to generate random binary tree in python,how to generate random binary tree in python integer error string update row,8,d10107,0.8619629144668579
q20395,how to generate random binary tree in python,how to generate random binary tree in python,how to generate random binary tree in python integer error string update row,9,d7459,0.8619629144668579
q20395,how to generate random binary tree in python,how to generate random binary tree in python,how to generate random binary tree in python integer error string update row,10,d16061,0.8594387173652649
q20396,python get epoch milis from datetime,python get epoch milis from datetime,python get epoch milis from datetime update string error data integer,1,d4373,0.8826104998588562
q20396,python get epoch milis from datetime,python get epoch milis from datetime,python get epoch milis from datetime update string error data integer,2,d12537,0.8826104998588562
q20396,python get epoch milis from datetime,python get epoch milis from datetime,python get epoch milis from datetime update string error data integer,3,d8575,0.8826104998588562
q20396,python get epoch milis from datetime,python get epoch milis from datetime,python get epoch milis from datetime update string error data integer,4,d2521,0.8826104402542114
q20396,python get epoch milis from datetime,python get epoch milis from datetime,python get epoch milis from datetime update string error data integer,5,d19750,0.8826104402542114
q20396,python get epoch milis from datetime,python get epoch milis from datetime,python get epoch milis from datetime update string error data integer,6,d12841,0.8826104402542114
q20396,python get epoch milis from datetime,python get epoch milis from datetime,python get epoch milis from datetime update string error data integer,7,d8871,0.8826104402542114
q20396,python get epoch milis from datetime,python get epoch milis from datetime,python get epoch milis from datetime update string error data integer,8,d2190,0.8826104402542114
q20396,python get epoch milis from datetime,python get epoch milis from datetime,python get epoch milis from datetime update string error data integer,9,d14394,0.8765178918838501
q20396,python get epoch milis from datetime,python get epoch milis from datetime,python get epoch milis from datetime update string error data integer,10,d15025,0.8765178918838501
q20397,python get environ user windows,python get environ user windows,python get environ user windows error update search database parameter,1,d12742,0.8540462255477905
q20397,python get environ user windows,python get environ user windows,python get environ user windows error update search database parameter,2,d8781,0.8540462255477905
q20397,python get environ user windows,python get environ user windows,python get environ user windows error update search database parameter,3,d10079,0.853576123714447
q20397,python get environ user windows,python get environ user windows,python get environ user windows error update search database parameter,4,d11823,0.848494827747345
q20397,python get environ user windows,python get environ user windows,python get environ user windows error update search database parameter,5,d11724,0.8455801010131836
q20397,python get environ user windows,python get environ user windows,python get environ user windows error update search database parameter,6,d15951,0.8455801010131836
q20397,python get environ user windows,python get environ user windows,python get environ user windows error update search database parameter,7,d13835,0.8455801010131836
q20397,python get environ user windows,python get environ user windows,python get environ user windows error update search database parameter,8,d3306,0.8455801010131836
q20397,python get environ user windows,python get environ user windows,python get environ user windows error update search database parameter,9,d6635,0.8438965678215027
q20397,python get environ user windows,python get environ user windows,python get environ user windows error update search database parameter,10,d2618,0.8438965678215027
q20398,iterator is past the end python,iterator is past the end python,iterator is past the end python integer error loop close query,1,d15708,0.8774034976959229
q20398,iterator is past the end python,iterator is past the end python,iterator is past the end python integer error loop close query,2,d13167,0.8774034976959229
q20398,iterator is past the end python,iterator is past the end python,iterator is past the end python integer error loop close query,3,d2654,0.8762412667274475
q20398,iterator is past the end python,iterator is past the end python,iterator is past the end python integer error loop close query,4,d7903,0.8731251358985901
q20398,iterator is past the end python,iterator is past the end python,iterator is past the end python integer error loop close query,5,d15250,0.8731251358985901
q20398,iterator is past the end python,iterator is past the end python,iterator is past the end python integer error loop close query,6,d798,0.8731251358985901
q20398,iterator is past the end python,iterator is past the end python,iterator is past the end python integer error loop close query,7,d6299,0.8731251358985901
q20398,iterator is past the end python,iterator is past the end python,iterator is past the end python integer error loop close query,8,d9098,0.8731251358985901
q20398,iterator is past the end python,iterator is past the end python,iterator is past the end python integer error loop close query,9,d7923,0.8731251358985901
q20398,iterator is past the end python,iterator is past the end python,iterator is past the end python integer error loop close query,10,d20193,0.8706325888633728
q20399,python if file not exist then creat,python if file not exist then creat,python if file not exist then creat file error write query update,1,d16571,0.8853887915611267
q20399,python if file not exist then creat,python if file not exist then creat,python if file not exist then creat file error write query update,2,d12963,0.881575345993042
q20399,python if file not exist then creat,python if file not exist then creat,python if file not exist then creat file error write query update,3,d18127,0.8772602081298828
q20399,python if file not exist then creat,python if file not exist then creat,python if file not exist then creat file error write query update,4,d17226,0.8772602081298828
q20399,python if file not exist then creat,python if file not exist then creat,python if file not exist then creat file error write query update,5,d18892,0.8772602081298828
q20399,python if file not exist then creat,python if file not exist then creat,python if file not exist then creat file error write query update,6,d17962,0.8772602081298828
q20399,python if file not exist then creat,python if file not exist then creat,python if file not exist then creat file error write query update,7,d18982,0.8772602081298828
q20399,python if file not exist then creat,python if file not exist then creat,python if file not exist then creat file error write query update,8,d17358,0.8772602081298828
q20399,python if file not exist then creat,python if file not exist then creat,python if file not exist then creat file error write query update,9,d19455,0.8772602081298828
q20399,python if file not exist then creat,python if file not exist then creat,python if file not exist then creat file error write query update,10,d18885,0.8772602081298828
q20400,python howe to tell if path passed in is absolute or relative,python howe to tell if path passed in is absolute or relative,python howe to tell if path passed in is absolute or relative file error open close integer,1,d18038,0.8841187953948975
q20400,python howe to tell if path passed in is absolute or relative,python howe to tell if path passed in is absolute or relative,python howe to tell if path passed in is absolute or relative file error open close integer,2,d18980,0.8841187953948975
q20400,python howe to tell if path passed in is absolute or relative,python howe to tell if path passed in is absolute or relative,python howe to tell if path passed in is absolute or relative file error open close integer,3,d17617,0.8841187953948975
q20400,python howe to tell if path passed in is absolute or relative,python howe to tell if path passed in is absolute or relative,python howe to tell if path passed in is absolute or relative file error open close integer,4,d92,0.8838692903518677
q20400,python howe to tell if path passed in is absolute or relative,python howe to tell if path passed in is absolute or relative,python howe to tell if path passed in is absolute or relative file error open close integer,5,d2915,0.8838692903518677
q20400,python howe to tell if path passed in is absolute or relative,python howe to tell if path passed in is absolute or relative,python howe to tell if path passed in is absolute or relative file error open close integer,6,d15927,0.8838692903518677
q20400,python howe to tell if path passed in is absolute or relative,python howe to tell if path passed in is absolute or relative,python howe to tell if path passed in is absolute or relative file error open close integer,7,d1135,0.8838692903518677
q20400,python howe to tell if path passed in is absolute or relative,python howe to tell if path passed in is absolute or relative,python howe to tell if path passed in is absolute or relative file error open close integer,8,d2640,0.8838692903518677
q20400,python howe to tell if path passed in is absolute or relative,python howe to tell if path passed in is absolute or relative,python howe to tell if path passed in is absolute or relative file error open close integer,9,d15255,0.879043698310852
q20400,python howe to tell if path passed in is absolute or relative,python howe to tell if path passed in is absolute or relative,python howe to tell if path passed in is absolute or relative file error open close integer,10,d789,0.879043698310852
q20401,maker a string lowercase pythong,maker a string lowercase pythong,maker a string lowercase pythong string loop write error update,1,d7511,0.8641710877418518
q20401,maker a string lowercase pythong,maker a string lowercase pythong,maker a string lowercase pythong string loop write error update,2,d3306,0.8612203598022461
q20401,maker a string lowercase pythong,maker a string lowercase pythong,maker a string lowercase pythong string loop write error update,3,d15951,0.8612203598022461
q20401,maker a string lowercase pythong,maker a string lowercase pythong,maker a string lowercase pythong string loop write error update,4,d13835,0.8612203598022461
q20401,maker a string lowercase pythong,maker a string lowercase pythong,maker a string lowercase pythong string loop write error update,5,d11724,0.8612203598022461
q20401,maker a string lowercase pythong,maker a string lowercase pythong,maker a string lowercase pythong string loop write error update,6,d16529,0.8594117164611816
q20401,maker a string lowercase pythong,maker a string lowercase pythong,maker a string lowercase pythong string loop write error update,7,d16706,0.8577736020088196
q20401,maker a string lowercase pythong,maker a string lowercase pythong,maker a string lowercase pythong string loop write error update,8,d834,0.8574672937393188
q20401,maker a string lowercase pythong,maker a string lowercase pythong,maker a string lowercase pythong string loop write error update,9,d14817,0.8574672937393188
q20401,maker a string lowercase pythong,maker a string lowercase pythong,maker a string lowercase pythong string loop write error update,10,d8062,0.8574672937393188
q20402,python sys stdout write new line,python sys stdout write new line,python sys stdout write new line write update file string error,1,d1208,0.8773877024650574
q20402,python sys stdout write new line,python sys stdout write new line,python sys stdout write new line write update file string error,2,d13516,0.8773877024650574
q20402,python sys stdout write new line,python sys stdout write new line,python sys stdout write new line write update file string error,3,d11822,0.8773877024650574
q20402,python sys stdout write new line,python sys stdout write new line,python sys stdout write new line write update file string error,4,d11242,0.8773877024650574
q20402,python sys stdout write new line,python sys stdout write new line,python sys stdout write new line write update file string error,5,d5628,0.8764361143112183
q20402,python sys stdout write new line,python sys stdout write new line,python sys stdout write new line write update file string error,6,d10476,0.8722896575927734
q20402,python sys stdout write new line,python sys stdout write new line,python sys stdout write new line write update file string error,7,d7603,0.8695863485336304
q20402,python sys stdout write new line,python sys stdout write new line,python sys stdout write new line write update file string error,8,d7458,0.8695863485336304
q20402,python sys stdout write new line,python sys stdout write new line,python sys stdout write new line write update file string error,9,d7537,0.8695863485336304
q20402,python sys stdout write new line,python sys stdout write new line,python sys stdout write new line write update file string error,10,d12507,0.8695863485336304
q20403,python how to create a iterable,python how to create a iterable,python how to create a iterable integer error write function method,1,d9262,0.8718776702880859
q20403,python how to create a iterable,python how to create a iterable,python how to create a iterable integer error write function method,2,d16456,0.8718776702880859
q20403,python how to create a iterable,python how to create a iterable,python how to create a iterable integer error write function method,3,d11211,0.8718776702880859
q20403,python how to create a iterable,python how to create a iterable,python how to create a iterable integer error write function method,4,d17107,0.8718167543411255
q20403,python how to create a iterable,python how to create a iterable,python how to create a iterable integer error write function method,5,d11536,0.8708724975585938
q20403,python how to create a iterable,python how to create a iterable,python how to create a iterable integer error write function method,6,d14705,0.8708724975585938
q20403,python how to create a iterable,python how to create a iterable,python how to create a iterable integer error write function method,7,d8581,0.8708724975585938
q20403,python how to create a iterable,python how to create a iterable,python how to create a iterable integer error write function method,8,d10796,0.8708724975585938
q20403,python how to create a iterable,python how to create a iterable,python how to create a iterable integer error write function method,9,d10591,0.8708724975585938
q20403,python how to create a iterable,python how to create a iterable,python how to create a iterable integer error write function method,10,d641,0.8678942918777466
q20404,how to use python function in tensorflow,how to use python function in tensorflow,how to use python function in tensorflow function parameter method update error,1,d14446,0.8586195707321167
q20404,how to use python function in tensorflow,how to use python function in tensorflow,how to use python function in tensorflow function parameter method update error,2,d9840,0.8586195707321167
q20404,how to use python function in tensorflow,how to use python function in tensorflow,how to use python function in tensorflow function parameter method update error,3,d2929,0.8586195707321167
q20404,how to use python function in tensorflow,how to use python function in tensorflow,how to use python function in tensorflow function parameter method update error,4,d15942,0.8586195707321167
q20404,how to use python function in tensorflow,how to use python function in tensorflow,how to use python function in tensorflow function parameter method update error,5,d12363,0.8586195707321167
q20404,how to use python function in tensorflow,how to use python function in tensorflow,how to use python function in tensorflow function parameter method update error,6,d14567,0.8561246991157532
q20404,how to use python function in tensorflow,how to use python function in tensorflow,how to use python function in tensorflow function parameter method update error,7,d10397,0.8526033759117126
q20404,how to use python function in tensorflow,how to use python function in tensorflow,how to use python function in tensorflow function parameter method update error,8,d4638,0.8488303422927856
q20404,how to use python function in tensorflow,how to use python function in tensorflow,how to use python function in tensorflow function parameter method update error,9,d10378,0.8479397296905518
q20404,how to use python function in tensorflow,how to use python function in tensorflow,how to use python function in tensorflow function parameter method update error,10,d493,0.8479397296905518
q20405,python how to get range of array with positive values numpy,python how to get range of array with positive values numpy,python how to get range of array with positive values numpy array integer variable parameter function,1,d19611,0.8844790458679199
q20405,python how to get range of array with positive values numpy,python how to get range of array with positive values numpy,python how to get range of array with positive values numpy array integer variable parameter function,2,d8376,0.8844790458679199
q20405,python how to get range of array with positive values numpy,python how to get range of array with positive values numpy,python how to get range of array with positive values numpy array integer variable parameter function,3,d6279,0.8844790458679199
q20405,python how to get range of array with positive values numpy,python how to get range of array with positive values numpy,python how to get range of array with positive values numpy array integer variable parameter function,4,d12356,0.8844790458679199
q20405,python how to get range of array with positive values numpy,python how to get range of array with positive values numpy,python how to get range of array with positive values numpy array integer variable parameter function,5,d4176,0.8844790458679199
q20405,python how to get range of array with positive values numpy,python how to get range of array with positive values numpy,python how to get range of array with positive values numpy array integer variable parameter function,6,d13884,0.8844790458679199
q20405,python how to get range of array with positive values numpy,python how to get range of array with positive values numpy,python how to get range of array with positive values numpy array integer variable parameter function,7,d4164,0.8844790458679199
q20405,python how to get range of array with positive values numpy,python how to get range of array with positive values numpy,python how to get range of array with positive values numpy array integer variable parameter function,8,d6235,0.8760324120521545
q20405,python how to get range of array with positive values numpy,python how to get range of array with positive values numpy,python how to get range of array with positive values numpy array integer variable parameter function,9,d11018,0.8685164451599121
q20405,python how to get range of array with positive values numpy,python how to get range of array with positive values numpy,python how to get range of array with positive values numpy array integer variable parameter function,10,d15743,0.8685164451599121
q20406,python 3 a build string from iterable,python 3 a build string from iterable,python 3 a build string from iterable string integer error array file,1,d14817,0.8750187158584595
q20406,python 3 a build string from iterable,python 3 a build string from iterable,python 3 a build string from iterable string integer error array file,2,d15097,0.8750187158584595
q20406,python 3 a build string from iterable,python 3 a build string from iterable,python 3 a build string from iterable string integer error array file,3,d834,0.8750187158584595
q20406,python 3 a build string from iterable,python 3 a build string from iterable,python 3 a build string from iterable string integer error array file,4,d8062,0.8750187158584595
q20406,python 3 a build string from iterable,python 3 a build string from iterable,python 3 a build string from iterable string integer error array file,5,d3416,0.8686415553092957
q20406,python 3 a build string from iterable,python 3 a build string from iterable,python 3 a build string from iterable string integer error array file,6,d2927,0.8686415553092957
q20406,python 3 a build string from iterable,python 3 a build string from iterable,python 3 a build string from iterable string integer error array file,7,d824,0.8686415553092957
q20406,python 3 a build string from iterable,python 3 a build string from iterable,python 3 a build string from iterable string integer error array file,8,d3398,0.8686415553092957
q20406,python 3 a build string from iterable,python 3 a build string from iterable,python 3 a build string from iterable string integer error array file,9,d5267,0.8686415553092957
q20406,python 3 a build string from iterable,python 3 a build string from iterable,python 3 a build string from iterable string integer error array file,10,d9612,0.8686415553092957
q20407,unchecking a radio button python,unchecking a radio button python,unchecking a radio button python error update delete warning row,1,d18007,0.859099268913269
q20407,unchecking a radio button python,unchecking a radio button python,unchecking a radio button python error update delete warning row,2,d13302,0.8558839559555054
q20407,unchecking a radio button python,unchecking a radio button python,unchecking a radio button python error update delete warning row,3,d15431,0.8558839559555054
q20407,unchecking a radio button python,unchecking a radio button python,unchecking a radio button python error update delete warning row,4,d5229,0.8517059087753296
q20407,unchecking a radio button python,unchecking a radio button python,unchecking a radio button python error update delete warning row,5,d20005,0.8491208553314209
q20407,unchecking a radio button python,unchecking a radio button python,unchecking a radio button python error update delete warning row,6,d20407,0.8491208553314209
q20407,unchecking a radio button python,unchecking a radio button python,unchecking a radio button python error update delete warning row,7,d1997,0.8491208553314209
q20407,unchecking a radio button python,unchecking a radio button python,unchecking a radio button python error update delete warning row,8,d5802,0.8491208553314209
q20407,unchecking a radio button python,unchecking a radio button python,unchecking a radio button python error update delete warning row,9,d14425,0.8491208553314209
q20407,unchecking a radio button python,unchecking a radio button python,unchecking a radio button python error update delete warning row,10,d11941,0.8491208553314209
q20408,python expected type sized,python expected type sized,python expected type sized integer error variable update parameter,1,d10397,0.8623270988464355
q20408,python expected type sized,python expected type sized,python expected type sized integer error variable update parameter,2,d12360,0.858601450920105
q20408,python expected type sized,python expected type sized,python expected type sized integer error variable update parameter,3,d3345,0.858601450920105
q20408,python expected type sized,python expected type sized,python expected type sized integer error variable update parameter,4,d18007,0.8569120168685913
q20408,python expected type sized,python expected type sized,python expected type sized integer error variable update parameter,5,d10283,0.8566431999206543
q20408,python expected type sized,python expected type sized,python expected type sized integer error variable update parameter,6,d19169,0.855615496635437
q20408,python expected type sized,python expected type sized,python expected type sized integer error variable update parameter,7,d19081,0.855615496635437
q20408,python expected type sized,python expected type sized,python expected type sized integer error variable update parameter,8,d19626,0.855615496635437
q20408,python expected type sized,python expected type sized,python expected type sized integer error variable update parameter,9,d18646,0.855615496635437
q20408,python expected type sized,python expected type sized,python expected type sized integer error variable update parameter,10,d17108,0.855615496635437
q20409,python load csv to numpy array,python load csv to numpy array,python load csv to numpy array array error integer loop database,1,d8558,0.8677852749824524
q20409,python load csv to numpy array,python load csv to numpy array,python load csv to numpy array array error integer loop database,2,d15802,0.8677852749824524
q20409,python load csv to numpy array,python load csv to numpy array,python load csv to numpy array array error integer loop database,3,d4020,0.8677852749824524
q20409,python load csv to numpy array,python load csv to numpy array,python load csv to numpy array array error integer loop database,4,d9675,0.8677852749824524
q20409,python load csv to numpy array,python load csv to numpy array,python load csv to numpy array array error integer loop database,5,d9082,0.8677852749824524
q20409,python load csv to numpy array,python load csv to numpy array,python load csv to numpy array array error integer loop database,6,d9677,0.8677852749824524
q20409,python load csv to numpy array,python load csv to numpy array,python load csv to numpy array array error integer loop database,7,d11847,0.8677852749824524
q20409,python load csv to numpy array,python load csv to numpy array,python load csv to numpy array array error integer loop database,8,d11849,0.8677852749824524
q20409,python load csv to numpy array,python load csv to numpy array,python load csv to numpy array array error integer loop database,9,d15813,0.867554783821106
q20409,python load csv to numpy array,python load csv to numpy array,python load csv to numpy array array error integer loop database,10,d1718,0.867554783821106
q20410,python remove element from list time complexity,python remove element from list time complexity,python remove element from list time complexity list delete error integer row,1,d6008,0.8808248043060303
q20410,python remove element from list time complexity,python remove element from list time complexity,python remove element from list time complexity list delete error integer row,2,d3687,0.8808248043060303
q20410,python remove element from list time complexity,python remove element from list time complexity,python remove element from list time complexity list delete error integer row,3,d1752,0.8808248043060303
q20410,python remove element from list time complexity,python remove element from list time complexity,python remove element from list time complexity list delete error integer row,4,d14197,0.8808247447013855
q20410,python remove element from list time complexity,python remove element from list time complexity,python remove element from list time complexity list delete error integer row,5,d13242,0.8808247447013855
q20410,python remove element from list time complexity,python remove element from list time complexity,python remove element from list time complexity list delete error integer row,6,d2541,0.8808247447013855
q20410,python remove element from list time complexity,python remove element from list time complexity,python remove element from list time complexity list delete error integer row,7,d7644,0.8808247447013855
q20410,python remove element from list time complexity,python remove element from list time complexity,python remove element from list time complexity list delete error integer row,8,d959,0.8796623945236206
q20410,python remove element from list time complexity,python remove element from list time complexity,python remove element from list time complexity list delete error integer row,9,d20488,0.8796623945236206
q20410,python remove element from list time complexity,python remove element from list time complexity,python remove element from list time complexity list delete error integer row,10,d9580,0.8796623945236206
q20411,python property by string name,python property by string name,python property by string name string function integer parameter variable,1,d14275,0.8764052391052246
q20411,python property by string name,python property by string name,python property by string name string function integer parameter variable,2,d14240,0.8687609434127808
q20411,python property by string name,python property by string name,python property by string name string function integer parameter variable,3,d9925,0.8687609434127808
q20411,python property by string name,python property by string name,python property by string name string function integer parameter variable,4,d8762,0.8655782341957092
q20411,python property by string name,python property by string name,python property by string name string function integer parameter variable,5,d4605,0.8655782341957092
q20411,python property by string name,python property by string name,python property by string name string function integer parameter variable,6,d11293,0.8655782341957092
q20411,python property by string name,python property by string name,python property by string name string function integer parameter variable,7,d14801,0.8655782341957092
q20411,python property by string name,python property by string name,python property by string name string function integer parameter variable,8,d2347,0.8655782341957092
q20411,python property by string name,python property by string name,python property by string name string function integer parameter variable,9,d10761,0.8655782341957092
q20411,python property by string name,python property by string name,python property by string name string function integer parameter variable,10,d5015,0.8655782341957092
q20412,index of an entry in a list python,index of an entry in a list python,index of an entry in a list python list integer error database search,1,d6941,0.8842243552207947
q20412,index of an entry in a list python,index of an entry in a list python,index of an entry in a list python list integer error database search,2,d7031,0.8842243552207947
q20412,index of an entry in a list python,index of an entry in a list python,index of an entry in a list python list integer error database search,3,d20015,0.8842243552207947
q20412,index of an entry in a list python,index of an entry in a list python,index of an entry in a list python list integer error database search,4,d3653,0.8842243552207947
q20412,index of an entry in a list python,index of an entry in a list python,index of an entry in a list python list integer error database search,5,d13115,0.8842243552207947
q20412,index of an entry in a list python,index of an entry in a list python,index of an entry in a list python list integer error database search,6,d5546,0.8842243552207947
q20412,index of an entry in a list python,index of an entry in a list python,index of an entry in a list python list integer error database search,7,d20412,0.8842243552207947
q20412,index of an entry in a list python,index of an entry in a list python,index of an entry in a list python list integer error database search,8,d5737,0.8842243552207947
q20412,index of an entry in a list python,index of an entry in a list python,index of an entry in a list python list integer error database search,9,d15053,0.8842243552207947
q20412,index of an entry in a list python,index of an entry in a list python,index of an entry in a list python list integer error database search,10,d20417,0.8808507919311523
q20413,python how to determine if an iterable is iterable,python how to determine if an iterable is iterable,python how to determine if an iterable is iterable integer error condition method function,1,d16140,0.9025895595550537
q20413,python how to determine if an iterable is iterable,python how to determine if an iterable is iterable,python how to determine if an iterable is iterable integer error condition method function,2,d6329,0.9025895595550537
q20413,python how to determine if an iterable is iterable,python how to determine if an iterable is iterable,python how to determine if an iterable is iterable integer error condition method function,3,d13110,0.9025895595550537
q20413,python how to determine if an iterable is iterable,python how to determine if an iterable is iterable,python how to determine if an iterable is iterable integer error condition method function,4,d10231,0.9025895595550537
q20413,python how to determine if an iterable is iterable,python how to determine if an iterable is iterable,python how to determine if an iterable is iterable integer error condition method function,5,d4933,0.9025895595550537
q20413,python how to determine if an iterable is iterable,python how to determine if an iterable is iterable,python how to determine if an iterable is iterable integer error condition method function,6,d11080,0.9025895595550537
q20413,python how to determine if an iterable is iterable,python how to determine if an iterable is iterable,python how to determine if an iterable is iterable integer error condition method function,7,d10571,0.9025895595550537
q20413,python how to determine if an iterable is iterable,python how to determine if an iterable is iterable,python how to determine if an iterable is iterable integer error condition method function,8,d12432,0.9025895595550537
q20413,python how to determine if an iterable is iterable,python how to determine if an iterable is iterable,python how to determine if an iterable is iterable integer error condition method function,9,d7872,0.8987307548522949
q20413,python how to determine if an iterable is iterable,python how to determine if an iterable is iterable,python how to determine if an iterable is iterable integer error condition method function,10,d4160,0.8987307548522949
q20414,python how to create date from string,python how to create date from string,python how to create date from string string database data integer write,1,d17861,0.878459095954895
q20414,python how to create date from string,python how to create date from string,python how to create date from string string database data integer write,2,d7355,0.8779987096786499
q20414,python how to create date from string,python how to create date from string,python how to create date from string string database data integer write,3,d11605,0.8779987096786499
q20414,python how to create date from string,python how to create date from string,python how to create date from string string database data integer write,4,d4681,0.8779985904693604
q20414,python how to create date from string,python how to create date from string,python how to create date from string string database data integer write,5,d7492,0.8779985904693604
q20414,python how to create date from string,python how to create date from string,python how to create date from string string database data integer write,6,d13566,0.8779985904693604
q20414,python how to create date from string,python how to create date from string,python how to create date from string string database data integer write,7,d19704,0.8779985904693604
q20414,python how to create date from string,python how to create date from string,python how to create date from string string database data integer write,8,d642,0.8779985904693604
q20414,python how to create date from string,python how to create date from string,python how to create date from string string database data integer write,9,d11079,0.8779985904693604
q20414,python how to create date from string,python how to create date from string,python how to create date from string string database data integer write,10,d2443,0.8779985904693604
q20415,how to append a line in a file in the middle of file in python,how to append a line in a file in the middle of file in python,how to append a line in a file in the middle of file in python file add row loop column,1,d15299,0.8775099515914917
q20415,how to append a line in a file in the middle of file in python,how to append a line in a file in the middle of file in python,how to append a line in a file in the middle of file in python file add row loop column,2,d14870,0.8673964738845825
q20415,how to append a line in a file in the middle of file in python,how to append a line in a file in the middle of file in python,how to append a line in a file in the middle of file in python file add row loop column,3,d16765,0.8669075965881348
q20415,how to append a line in a file in the middle of file in python,how to append a line in a file in the middle of file in python,how to append a line in a file in the middle of file in python file add row loop column,4,d2208,0.8661208152770996
q20415,how to append a line in a file in the middle of file in python,how to append a line in a file in the middle of file in python,how to append a line in a file in the middle of file in python file add row loop column,5,d1856,0.8661208152770996
q20415,how to append a line in a file in the middle of file in python,how to append a line in a file in the middle of file in python,how to append a line in a file in the middle of file in python file add row loop column,6,d4800,0.8661208152770996
q20415,how to append a line in a file in the middle of file in python,how to append a line in a file in the middle of file in python,how to append a line in a file in the middle of file in python file add row loop column,7,d712,0.8661208152770996
q20415,how to append a line in a file in the middle of file in python,how to append a line in a file in the middle of file in python,how to append a line in a file in the middle of file in python file add row loop column,8,d6499,0.8661208152770996
q20415,how to append a line in a file in the middle of file in python,how to append a line in a file in the middle of file in python,how to append a line in a file in the middle of file in python file add row loop column,9,d20415,0.8661208152770996
q20415,how to append a line in a file in the middle of file in python,how to append a line in a file in the middle of file in python,how to append a line in a file in the middle of file in python file add row loop column,10,d15201,0.8661208152770996
q20416,how to split a string by every character in python,how to split a string by every character in python,how to split a string by every character in python string integer file row function,1,d14318,0.889164388179779
q20416,how to split a string by every character in python,how to split a string by every character in python,how to split a string by every character in python string integer file row function,2,d6570,0.889164388179779
q20416,how to split a string by every character in python,how to split a string by every character in python,how to split a string by every character in python string integer file row function,3,d6568,0.889164388179779
q20416,how to split a string by every character in python,how to split a string by every character in python,how to split a string by every character in python string integer file row function,4,d1929,0.889164388179779
q20416,how to split a string by every character in python,how to split a string by every character in python,how to split a string by every character in python string integer file row function,5,d20416,0.889164388179779
q20416,how to split a string by every character in python,how to split a string by every character in python,how to split a string by every character in python string integer file row function,6,d16400,0.889164388179779
q20416,how to split a string by every character in python,how to split a string by every character in python,how to split a string by every character in python string integer file row function,7,d16402,0.889164388179779
q20416,how to split a string by every character in python,how to split a string by every character in python,how to split a string by every character in python string integer file row function,8,d14320,0.8827407956123352
q20416,how to split a string by every character in python,how to split a string by every character in python,how to split a string by every character in python string integer file row function,9,d19832,0.8787328004837036
q20416,how to split a string by every character in python,how to split a string by every character in python,how to split a string by every character in python string integer file row function,10,d12286,0.8787328004837036
q20417,python get index of element each time it appears in list,python get index of element each time it appears in list,python get index of element each time it appears in list list search integer sort row,1,d20417,0.8965486288070679
q20417,python get index of element each time it appears in list,python get index of element each time it appears in list,python get index of element each time it appears in list list search integer sort row,2,d18823,0.8964589834213257
q20417,python get index of element each time it appears in list,python get index of element each time it appears in list,python get index of element each time it appears in list list search integer sort row,3,d18718,0.8964589834213257
q20417,python get index of element each time it appears in list,python get index of element each time it appears in list,python get index of element each time it appears in list list search integer sort row,4,d19484,0.8964589834213257
q20417,python get index of element each time it appears in list,python get index of element each time it appears in list,python get index of element each time it appears in list list search integer sort row,5,d17080,0.8964589834213257
q20417,python get index of element each time it appears in list,python get index of element each time it appears in list,python get index of element each time it appears in list list search integer sort row,6,d18883,0.8964589834213257
q20417,python get index of element each time it appears in list,python get index of element each time it appears in list,python get index of element each time it appears in list list search integer sort row,7,d17354,0.8964589834213257
q20417,python get index of element each time it appears in list,python get index of element each time it appears in list,python get index of element each time it appears in list list search integer sort row,8,d18112,0.8964589834213257
q20417,python get index of element each time it appears in list,python get index of element each time it appears in list,python get index of element each time it appears in list list search integer sort row,9,d17941,0.8964589834213257
q20417,python get index of element each time it appears in list,python get index of element each time it appears in list,python get index of element each time it appears in list list search integer sort row,10,d18114,0.8964589834213257
q20418,python how to make dot character,python how to make dot character,python how to make dot character method write dictionary string parameter,1,d8921,0.8717665672302246
q20418,python how to make dot character,python how to make dot character,python how to make dot character method write dictionary string parameter,2,d10410,0.8717665076255798
q20418,python how to make dot character,python how to make dot character,python how to make dot character method write dictionary string parameter,3,d3348,0.8717665076255798
q20418,python how to make dot character,python how to make dot character,python how to make dot character method write dictionary string parameter,4,d199,0.8717665076255798
q20418,python how to make dot character,python how to make dot character,python how to make dot character method write dictionary string parameter,5,d8651,0.8717665076255798
q20418,python how to make dot character,python how to make dot character,python how to make dot character method write dictionary string parameter,6,d4433,0.8717665076255798
q20418,python how to make dot character,python how to make dot character,python how to make dot character method write dictionary string parameter,7,d201,0.8717665076255798
q20418,python how to make dot character,python how to make dot character,python how to make dot character method write dictionary string parameter,8,d5396,0.8717665076255798
q20418,python how to make dot character,python how to make dot character,python how to make dot character method write dictionary string parameter,9,d3448,0.8684918880462646
q20418,python how to make dot character,python how to make dot character,python how to make dot character method write dictionary string parameter,10,d6259,0.8684918880462646
q20419,python heap top element,python heap top element,python heap top element row integer column list parameter,1,d6304,0.8650761246681213
q20419,python heap top element,python heap top element,python heap top element row integer column list parameter,2,d20042,0.8643280267715454
q20419,python heap top element,python heap top element,python heap top element row integer column list parameter,3,d9326,0.8643280267715454
q20419,python heap top element,python heap top element,python heap top element row integer column list parameter,4,d16416,0.8643280267715454
q20419,python heap top element,python heap top element,python heap top element row integer column list parameter,5,d2966,0.8643280267715454
q20419,python heap top element,python heap top element,python heap top element row integer column list parameter,6,d16420,0.8643280267715454
q20419,python heap top element,python heap top element,python heap top element row integer column list parameter,7,d562,0.8643280267715454
q20419,python heap top element,python heap top element,python heap top element row integer column list parameter,8,d560,0.8599936962127686
q20419,python heap top element,python heap top element,python heap top element row integer column list parameter,9,d15714,0.8599936962127686
q20419,python heap top element,python heap top element,python heap top element row integer column list parameter,10,d7098,0.8599936962127686
q20420,"in python, how to print strings in different colours","in python, how to print strings in different colours","in python, how to print strings in different colours string loop parameter integer row",1,d20420,0.8858624696731567
q20420,"in python, how to print strings in different colours","in python, how to print strings in different colours","in python, how to print strings in different colours string loop parameter integer row",2,d3915,0.8858624696731567
q20420,"in python, how to print strings in different colours","in python, how to print strings in different colours","in python, how to print strings in different colours string loop parameter integer row",3,d19689,0.8858624696731567
q20420,"in python, how to print strings in different colours","in python, how to print strings in different colours","in python, how to print strings in different colours string loop parameter integer row",4,d1206,0.8858624696731567
q20420,"in python, how to print strings in different colours","in python, how to print strings in different colours","in python, how to print strings in different colours string loop parameter integer row",5,d8113,0.8842853307723999
q20420,"in python, how to print strings in different colours","in python, how to print strings in different colours","in python, how to print strings in different colours string loop parameter integer row",6,d291,0.8842853307723999
q20420,"in python, how to print strings in different colours","in python, how to print strings in different colours","in python, how to print strings in different colours string loop parameter integer row",7,d13170,0.8842853307723999
q20420,"in python, how to print strings in different colours","in python, how to print strings in different colours","in python, how to print strings in different colours string loop parameter integer row",8,d15789,0.8842853307723999
q20420,"in python, how to print strings in different colours","in python, how to print strings in different colours","in python, how to print strings in different colours string loop parameter integer row",9,d13267,0.8842853307723999
q20420,"in python, how to print strings in different colours","in python, how to print strings in different colours","in python, how to print strings in different colours string loop parameter integer row",10,d3396,0.8842853307723999
q20421,python yield unsupported operand type(s),python yield unsupported operand type(s),python yield unsupported operand type(s) error method update function query,1,d4861,0.8682054281234741
q20421,python yield unsupported operand type(s),python yield unsupported operand type(s),python yield unsupported operand type(s) error method update function query,2,d18007,0.8678522109985352
q20421,python yield unsupported operand type(s),python yield unsupported operand type(s),python yield unsupported operand type(s) error method update function query,3,d11823,0.8628885746002197
q20421,python yield unsupported operand type(s),python yield unsupported operand type(s),python yield unsupported operand type(s) error method update function query,4,d2322,0.8617539405822754
q20421,python yield unsupported operand type(s),python yield unsupported operand type(s),python yield unsupported operand type(s) error method update function query,5,d8797,0.8617539405822754
q20421,python yield unsupported operand type(s),python yield unsupported operand type(s),python yield unsupported operand type(s) error method update function query,6,d13659,0.8617539405822754
q20421,python yield unsupported operand type(s),python yield unsupported operand type(s),python yield unsupported operand type(s) error method update function query,7,d16042,0.8617539405822754
q20421,python yield unsupported operand type(s),python yield unsupported operand type(s),python yield unsupported operand type(s) error method update function query,8,d7616,0.8617539405822754
q20421,python yield unsupported operand type(s),python yield unsupported operand type(s),python yield unsupported operand type(s) error method update function query,9,d15431,0.8615952730178833
q20421,python yield unsupported operand type(s),python yield unsupported operand type(s),python yield unsupported operand type(s) error method update function query,10,d13302,0.8615952730178833
q20422,how to sort files by filename python,how to sort files by filename python,how to sort files by filename python sort file search database error,1,d11789,0.8912610411643982
q20422,how to sort files by filename python,how to sort files by filename python,how to sort files by filename python sort file search database error,2,d1360,0.8912610411643982
q20422,how to sort files by filename python,how to sort files by filename python,how to sort files by filename python sort file search database error,3,d807,0.8912610411643982
q20422,how to sort files by filename python,how to sort files by filename python,how to sort files by filename python sort file search database error,4,d3522,0.8912610411643982
q20422,how to sort files by filename python,how to sort files by filename python,how to sort files by filename python sort file search database error,5,d3520,0.8912610411643982
q20422,how to sort files by filename python,how to sort files by filename python,how to sort files by filename python sort file search database error,6,d3500,0.8912610411643982
q20422,how to sort files by filename python,how to sort files by filename python,how to sort files by filename python sort file search database error,7,d3496,0.8912610411643982
q20422,how to sort files by filename python,how to sort files by filename python,how to sort files by filename python sort file search database error,8,d15859,0.8912610411643982
q20422,how to sort files by filename python,how to sort files by filename python,how to sort files by filename python sort file search database error,9,d11791,0.8912610411643982
q20422,how to sort files by filename python,how to sort files by filename python,how to sort files by filename python sort file search database error,10,d20422,0.8912610411643982
q20423,how to change the axis range in a plot in python for subplots,how to change the axis range in a plot in python for subplots,how to change the axis range in a plot in python for subplots update parameter method column row,1,d6425,0.883273720741272
q20423,how to change the axis range in a plot in python for subplots,how to change the axis range in a plot in python for subplots,how to change the axis range in a plot in python for subplots update parameter method column row,2,d20423,0.883273720741272
q20423,how to change the axis range in a plot in python for subplots,how to change the axis range in a plot in python for subplots,how to change the axis range in a plot in python for subplots update parameter method column row,3,d7211,0.883273720741272
q20423,how to change the axis range in a plot in python for subplots,how to change the axis range in a plot in python for subplots,how to change the axis range in a plot in python for subplots update parameter method column row,4,d19777,0.883273720741272
q20423,how to change the axis range in a plot in python for subplots,how to change the axis range in a plot in python for subplots,how to change the axis range in a plot in python for subplots update parameter method column row,5,d9822,0.883273720741272
q20423,how to change the axis range in a plot in python for subplots,how to change the axis range in a plot in python for subplots,how to change the axis range in a plot in python for subplots update parameter method column row,6,d899,0.8822183609008789
q20423,how to change the axis range in a plot in python for subplots,how to change the axis range in a plot in python for subplots,how to change the axis range in a plot in python for subplots update parameter method column row,7,d9972,0.8822183609008789
q20423,how to change the axis range in a plot in python for subplots,how to change the axis range in a plot in python for subplots,how to change the axis range in a plot in python for subplots update parameter method column row,8,d7929,0.8822183609008789
q20423,how to change the axis range in a plot in python for subplots,how to change the axis range in a plot in python for subplots,how to change the axis range in a plot in python for subplots update parameter method column row,9,d3227,0.8822183609008789
q20423,how to change the axis range in a plot in python for subplots,how to change the axis range in a plot in python for subplots,how to change the axis range in a plot in python for subplots update parameter method column row,10,d5390,0.8822183609008789
q20424,python view vector to asimuth elevation,python view vector to asimuth elevation,python view vector to asimuth elevation query update row error column,1,d6142,0.8666589260101318
q20424,python view vector to asimuth elevation,python view vector to asimuth elevation,python view vector to asimuth elevation query update row error column,2,d11823,0.8615347146987915
q20424,python view vector to asimuth elevation,python view vector to asimuth elevation,python view vector to asimuth elevation query update row error column,3,d1935,0.8521896600723267
q20424,python view vector to asimuth elevation,python view vector to asimuth elevation,python view vector to asimuth elevation query update row error column,4,d16616,0.8496823906898499
q20424,python view vector to asimuth elevation,python view vector to asimuth elevation,python view vector to asimuth elevation query update row error column,5,d3688,0.8440507650375366
q20424,python view vector to asimuth elevation,python view vector to asimuth elevation,python view vector to asimuth elevation query update row error column,6,d13910,0.8440507650375366
q20424,python view vector to asimuth elevation,python view vector to asimuth elevation,python view vector to asimuth elevation query update row error column,7,d16485,0.8440507650375366
q20424,python view vector to asimuth elevation,python view vector to asimuth elevation,python view vector to asimuth elevation query update row error column,8,d3710,0.8440507650375366
q20424,python view vector to asimuth elevation,python view vector to asimuth elevation,python view vector to asimuth elevation query update row error column,9,d1516,0.8440507650375366
q20424,python view vector to asimuth elevation,python view vector to asimuth elevation,python view vector to asimuth elevation query update row error column,10,d7916,0.8440507650375366
q20425,python sort data by variable,python sort data by variable,python sort data by variable sort variable data integer database,1,d19889,0.8731526136398315
q20425,python sort data by variable,python sort data by variable,python sort data by variable sort variable data integer database,2,d5617,0.8731526136398315
q20425,python sort data by variable,python sort data by variable,python sort data by variable sort variable data integer database,3,d4078,0.873152494430542
q20425,python sort data by variable,python sort data by variable,python sort data by variable sort variable data integer database,4,d11697,0.873152494430542
q20425,python sort data by variable,python sort data by variable,python sort data by variable sort variable data integer database,5,d8555,0.873152494430542
q20425,python sort data by variable,python sort data by variable,python sort data by variable sort variable data integer database,6,d6209,0.873152494430542
q20425,python sort data by variable,python sort data by variable,python sort data by variable sort variable data integer database,7,d11793,0.873152494430542
q20425,python sort data by variable,python sort data by variable,python sort data by variable sort variable data integer database,8,d15935,0.873152494430542
q20425,python sort data by variable,python sort data by variable,python sort data by variable sort variable data integer database,9,d14302,0.8669715523719788
q20425,python sort data by variable,python sort data by variable,python sort data by variable sort variable data integer database,10,d14308,0.8669715523719788
q20426,compute the middle index in list python,compute the middle index in list python,compute the middle index in list python list integer parameter search function,1,d10982,0.8783812522888184
q20426,compute the middle index in list python,compute the middle index in list python,compute the middle index in list python list integer parameter search function,2,d19364,0.8721896409988403
q20426,compute the middle index in list python,compute the middle index in list python,compute the middle index in list python list integer parameter search function,3,d18718,0.8721896409988403
q20426,compute the middle index in list python,compute the middle index in list python,compute the middle index in list python list integer parameter search function,4,d18883,0.8721896409988403
q20426,compute the middle index in list python,compute the middle index in list python,compute the middle index in list python list integer parameter search function,5,d19484,0.8721896409988403
q20426,compute the middle index in list python,compute the middle index in list python,compute the middle index in list python list integer parameter search function,6,d17941,0.8721896409988403
q20426,compute the middle index in list python,compute the middle index in list python,compute the middle index in list python list integer parameter search function,7,d18114,0.8721896409988403
q20426,compute the middle index in list python,compute the middle index in list python,compute the middle index in list python list integer parameter search function,8,d17354,0.8721896409988403
q20426,compute the middle index in list python,compute the middle index in list python,compute the middle index in list python list integer parameter search function,9,d17080,0.8721896409988403
q20426,compute the middle index in list python,compute the middle index in list python,compute the middle index in list python list integer parameter search function,10,d18112,0.8721896409988403
q20427,python josn dump to file,python josn dump to file,python josn dump to file file error search delete query,1,d16375,0.8710026741027832
q20427,python josn dump to file,python josn dump to file,python josn dump to file file error search delete query,2,d7068,0.8710026741027832
q20427,python josn dump to file,python josn dump to file,python josn dump to file file error search delete query,3,d2834,0.8710026741027832
q20427,python josn dump to file,python josn dump to file,python josn dump to file file error search delete query,4,d2832,0.8710026741027832
q20427,python josn dump to file,python josn dump to file,python josn dump to file file error search delete query,5,d11162,0.8710026741027832
q20427,python josn dump to file,python josn dump to file,python josn dump to file file error search delete query,6,d5788,0.8710026741027832
q20427,python josn dump to file,python josn dump to file,python josn dump to file file error search delete query,7,d778,0.8710026741027832
q20427,python josn dump to file,python josn dump to file,python josn dump to file file error search delete query,8,d11903,0.8710026741027832
q20427,python josn dump to file,python josn dump to file,python josn dump to file file error search delete query,9,d12067,0.8632836937904358
q20427,python josn dump to file,python josn dump to file,python josn dump to file file error search delete query,10,d8106,0.8611463308334351
q20428,python remove condition apply to dict,python remove condition apply to dict,python remove condition apply to dict condition dictionary delete error method,1,d2535,0.87825608253479
q20428,python remove condition apply to dict,python remove condition apply to dict,python remove condition apply to dict condition dictionary delete error method,2,d19807,0.8757245540618896
q20428,python remove condition apply to dict,python remove condition apply to dict,python remove condition apply to dict condition dictionary delete error method,3,d792,0.8757245540618896
q20428,python remove condition apply to dict,python remove condition apply to dict,python remove condition apply to dict condition dictionary delete error method,4,d13396,0.869717001914978
q20428,python remove condition apply to dict,python remove condition apply to dict,python remove condition apply to dict condition dictionary delete error method,5,d8601,0.8692500591278076
q20428,python remove condition apply to dict,python remove condition apply to dict,python remove condition apply to dict condition dictionary delete error method,6,d3299,0.8688759803771973
q20428,python remove condition apply to dict,python remove condition apply to dict,python remove condition apply to dict condition dictionary delete error method,7,d12554,0.8686498999595642
q20428,python remove condition apply to dict,python remove condition apply to dict,python remove condition apply to dict condition dictionary delete error method,8,d6040,0.8681397438049316
q20428,python remove condition apply to dict,python remove condition apply to dict,python remove condition apply to dict condition dictionary delete error method,9,d8874,0.8681397438049316
q20428,python remove condition apply to dict,python remove condition apply to dict,python remove condition apply to dict condition dictionary delete error method,10,d953,0.8681397438049316
q20429,python remove directory tree if no files,python remove directory tree if no files,python remove directory tree if no files file delete error close save,1,d5477,0.8979703783988953
q20429,python remove directory tree if no files,python remove directory tree if no files,python remove directory tree if no files file delete error close save,2,d3103,0.8979703783988953
q20429,python remove directory tree if no files,python remove directory tree if no files,python remove directory tree if no files file delete error close save,3,d8095,0.8979703783988953
q20429,python remove directory tree if no files,python remove directory tree if no files,python remove directory tree if no files file delete error close save,4,d10863,0.8892764449119568
q20429,python remove directory tree if no files,python remove directory tree if no files,python remove directory tree if no files file delete error close save,5,d15832,0.889276385307312
q20429,python remove directory tree if no files,python remove directory tree if no files,python remove directory tree if no files file delete error close save,6,d4709,0.889276385307312
q20429,python remove directory tree if no files,python remove directory tree if no files,python remove directory tree if no files file delete error close save,7,d14257,0.889276385307312
q20429,python remove directory tree if no files,python remove directory tree if no files,python remove directory tree if no files file delete error close save,8,d4790,0.889276385307312
q20429,python remove directory tree if no files,python remove directory tree if no files,python remove directory tree if no files file delete error close save,9,d6810,0.889276385307312
q20429,python remove directory tree if no files,python remove directory tree if no files,python remove directory tree if no files file delete error close save,10,d14720,0.889276385307312
q20430,how to pop a node off a stack python,how to pop a node off a stack python,how to pop a node off a stack python method delete error open loop,1,d10858,0.8984178900718689
q20430,how to pop a node off a stack python,how to pop a node off a stack python,how to pop a node off a stack python method delete error open loop,2,d802,0.8984178900718689
q20430,how to pop a node off a stack python,how to pop a node off a stack python,how to pop a node off a stack python method delete error open loop,3,d12372,0.8984178900718689
q20430,how to pop a node off a stack python,how to pop a node off a stack python,how to pop a node off a stack python method delete error open loop,4,d12443,0.8634039759635925
q20430,how to pop a node off a stack python,how to pop a node off a stack python,how to pop a node off a stack python method delete error open loop,5,d11320,0.8630515336990356
q20430,how to pop a node off a stack python,how to pop a node off a stack python,how to pop a node off a stack python method delete error open loop,6,d966,0.8630515336990356
q20430,how to pop a node off a stack python,how to pop a node off a stack python,how to pop a node off a stack python method delete error open loop,7,d5494,0.8587175011634827
q20430,how to pop a node off a stack python,how to pop a node off a stack python,how to pop a node off a stack python method delete error open loop,8,d10611,0.8587175011634827
q20430,how to pop a node off a stack python,how to pop a node off a stack python,how to pop a node off a stack python method delete error open loop,9,d3309,0.8549551963806152
q20430,how to pop a node off a stack python,how to pop a node off a stack python,how to pop a node off a stack python method delete error open loop,10,d6462,0.8549551963806152
q20431,python open file with exclusive access permissions,python open file with exclusive access permissions,python open file with exclusive access permissions open file error database write,1,d8592,0.8873873949050903
q20431,python open file with exclusive access permissions,python open file with exclusive access permissions,python open file with exclusive access permissions open file error database write,2,d15458,0.8873873949050903
q20431,python open file with exclusive access permissions,python open file with exclusive access permissions,python open file with exclusive access permissions open file error database write,3,d14851,0.8873873949050903
q20431,python open file with exclusive access permissions,python open file with exclusive access permissions,python open file with exclusive access permissions open file error database write,4,d6160,0.8873873949050903
q20431,python open file with exclusive access permissions,python open file with exclusive access permissions,python open file with exclusive access permissions open file error database write,5,d9576,0.8873873949050903
q20431,python open file with exclusive access permissions,python open file with exclusive access permissions,python open file with exclusive access permissions open file error database write,6,d629,0.8873873949050903
q20431,python open file with exclusive access permissions,python open file with exclusive access permissions,python open file with exclusive access permissions open file error database write,7,d1812,0.8873873949050903
q20431,python open file with exclusive access permissions,python open file with exclusive access permissions,python open file with exclusive access permissions open file error database write,8,d5580,0.862809419631958
q20431,python open file with exclusive access permissions,python open file with exclusive access permissions,python open file with exclusive access permissions open file error database write,9,d12968,0.8597067594528198
q20431,python open file with exclusive access permissions,python open file with exclusive access permissions,python open file with exclusive access permissions open file error database write,10,d6347,0.8597067594528198
q20432,python gevent combine multiprocessing,python gevent combine multiprocessing,python gevent combine multiprocessing get parameter update integer method,1,d8943,0.860733687877655
q20432,python gevent combine multiprocessing,python gevent combine multiprocessing,python gevent combine multiprocessing get parameter update integer method,2,d3965,0.8592780828475952
q20432,python gevent combine multiprocessing,python gevent combine multiprocessing,python gevent combine multiprocessing get parameter update integer method,3,d13364,0.8592780828475952
q20432,python gevent combine multiprocessing,python gevent combine multiprocessing,python gevent combine multiprocessing get parameter update integer method,4,d9331,0.8592780828475952
q20432,python gevent combine multiprocessing,python gevent combine multiprocessing,python gevent combine multiprocessing get parameter update integer method,5,d7247,0.8592780828475952
q20432,python gevent combine multiprocessing,python gevent combine multiprocessing,python gevent combine multiprocessing get parameter update integer method,6,d3019,0.8592780828475952
q20432,python gevent combine multiprocessing,python gevent combine multiprocessing,python gevent combine multiprocessing get parameter update integer method,7,d948,0.8592780828475952
q20432,python gevent combine multiprocessing,python gevent combine multiprocessing,python gevent combine multiprocessing get parameter update integer method,8,d18455,0.8532978296279907
q20432,python gevent combine multiprocessing,python gevent combine multiprocessing,python gevent combine multiprocessing get parameter update integer method,9,d14435,0.8453915119171143
q20432,python gevent combine multiprocessing,python gevent combine multiprocessing,python gevent combine multiprocessing get parameter update integer method,10,d9954,0.8453915119171143
q20433,create copy that doesn't alter original python,create copy that doesn't alter original python,create copy that doesn't alter original python error write file delete save,1,d631,0.8772323131561279
q20433,create copy that doesn't alter original python,create copy that doesn't alter original python,create copy that doesn't alter original python error write file delete save,2,d4435,0.8772323131561279
q20433,create copy that doesn't alter original python,create copy that doesn't alter original python,create copy that doesn't alter original python error write file delete save,3,d2752,0.8737465143203735
q20433,create copy that doesn't alter original python,create copy that doesn't alter original python,create copy that doesn't alter original python error write file delete save,4,d7834,0.8737465143203735
q20433,create copy that doesn't alter original python,create copy that doesn't alter original python,create copy that doesn't alter original python error write file delete save,5,d10723,0.8737465143203735
q20433,create copy that doesn't alter original python,create copy that doesn't alter original python,create copy that doesn't alter original python error write file delete save,6,d5264,0.8706107139587402
q20433,create copy that doesn't alter original python,create copy that doesn't alter original python,create copy that doesn't alter original python error write file delete save,7,d8347,0.8706107139587402
q20433,create copy that doesn't alter original python,create copy that doesn't alter original python,create copy that doesn't alter original python error write file delete save,8,d9255,0.8706107139587402
q20433,create copy that doesn't alter original python,create copy that doesn't alter original python,create copy that doesn't alter original python error write file delete save,9,d13423,0.8706107139587402
q20433,create copy that doesn't alter original python,create copy that doesn't alter original python,create copy that doesn't alter original python error write file delete save,10,d3619,0.8706107139587402
q20434,remove trailing whitespace in python,remove trailing whitespace in python,remove trailing whitespace in python delete error query string update,1,d2126,0.8882207870483398
q20434,remove trailing whitespace in python,remove trailing whitespace in python,remove trailing whitespace in python delete error query string update,2,d8927,0.8882207870483398
q20434,remove trailing whitespace in python,remove trailing whitespace in python,remove trailing whitespace in python delete error query string update,3,d3924,0.88509202003479
q20434,remove trailing whitespace in python,remove trailing whitespace in python,remove trailing whitespace in python delete error query string update,4,d17922,0.8843830227851868
q20434,remove trailing whitespace in python,remove trailing whitespace in python,remove trailing whitespace in python delete error query string update,5,d17914,0.8843830227851868
q20434,remove trailing whitespace in python,remove trailing whitespace in python,remove trailing whitespace in python delete error query string update,6,d19569,0.8843830227851868
q20434,remove trailing whitespace in python,remove trailing whitespace in python,remove trailing whitespace in python delete error query string update,7,d19152,0.8843830227851868
q20434,remove trailing whitespace in python,remove trailing whitespace in python,remove trailing whitespace in python delete error query string update,8,d19132,0.8843830227851868
q20434,remove trailing whitespace in python,remove trailing whitespace in python,remove trailing whitespace in python delete error query string update,9,d19258,0.8843830227851868
q20434,remove trailing whitespace in python,remove trailing whitespace in python,remove trailing whitespace in python delete error query string update,10,d19311,0.8843830227851868
q20435,python default menuitem select,python default menuitem select,python default menuitem select error column delete open row,1,d15974,0.8619492053985596
q20435,python default menuitem select,python default menuitem select,python default menuitem select error column delete open row,2,d13396,0.856683611869812
q20435,python default menuitem select,python default menuitem select,python default menuitem select error column delete open row,3,d953,0.8541842699050903
q20435,python default menuitem select,python default menuitem select,python default menuitem select error column delete open row,4,d6040,0.8541842699050903
q20435,python default menuitem select,python default menuitem select,python default menuitem select error column delete open row,5,d8874,0.8541842699050903
q20435,python default menuitem select,python default menuitem select,python default menuitem select error column delete open row,6,d5878,0.8531447649002075
q20435,python default menuitem select,python default menuitem select,python default menuitem select error column delete open row,7,d6926,0.8530333638191223
q20435,python default menuitem select,python default menuitem select,python default menuitem select error column delete open row,8,d1302,0.8530333638191223
q20435,python default menuitem select,python default menuitem select,python default menuitem select error column delete open row,9,d4768,0.8530333638191223
q20435,python default menuitem select,python default menuitem select,python default menuitem select error column delete open row,10,d4357,0.8530333638191223
q20436,get sort indexes in a list python,get sort indexes in a list python,get sort indexes in a list python sort list search get integer,1,d1114,0.9003210663795471
q20436,get sort indexes in a list python,get sort indexes in a list python,get sort indexes in a list python sort list search get integer,2,d1116,0.9003210663795471
q20436,get sort indexes in a list python,get sort indexes in a list python,get sort indexes in a list python sort list search get integer,3,d2374,0.9003210663795471
q20436,get sort indexes in a list python,get sort indexes in a list python,get sort indexes in a list python sort list search get integer,4,d7030,0.9003210663795471
q20436,get sort indexes in a list python,get sort indexes in a list python,get sort indexes in a list python sort list search get integer,5,d13937,0.9003210663795471
q20436,get sort indexes in a list python,get sort indexes in a list python,get sort indexes in a list python sort list search get integer,6,d11858,0.9003210663795471
q20436,get sort indexes in a list python,get sort indexes in a list python,get sort indexes in a list python sort list search get integer,7,d13754,0.8950963020324707
q20436,get sort indexes in a list python,get sort indexes in a list python,get sort indexes in a list python sort list search get integer,8,d9456,0.8950963020324707
q20436,get sort indexes in a list python,get sort indexes in a list python,get sort indexes in a list python sort list search get integer,9,d20087,0.8950963020324707
q20436,get sort indexes in a list python,get sort indexes in a list python,get sort indexes in a list python sort list search get integer,10,d3248,0.8950963020324707
q20437,how to start a new line in python gui,how to start a new line in python gui,how to start a new line in python gui update open error method column,1,d462,0.8607513904571533
q20437,how to start a new line in python gui,how to start a new line in python gui,how to start a new line in python gui update open error method column,2,d611,0.8607513904571533
q20437,how to start a new line in python gui,how to start a new line in python gui,how to start a new line in python gui update open error method column,3,d20437,0.8607513904571533
q20437,how to start a new line in python gui,how to start a new line in python gui,how to start a new line in python gui update open error method column,4,d15570,0.8607513904571533
q20437,how to start a new line in python gui,how to start a new line in python gui,how to start a new line in python gui update open error method column,5,d15572,0.8607513904571533
q20437,how to start a new line in python gui,how to start a new line in python gui,how to start a new line in python gui update open error method column,6,d5261,0.8607513904571533
q20437,how to start a new line in python gui,how to start a new line in python gui,how to start a new line in python gui update open error method column,7,d4664,0.8607513904571533
q20437,how to start a new line in python gui,how to start a new line in python gui,how to start a new line in python gui update open error method column,8,d2645,0.8607513904571533
q20437,how to start a new line in python gui,how to start a new line in python gui,how to start a new line in python gui update open error method column,9,d19608,0.8532968759536743
q20437,how to start a new line in python gui,how to start a new line in python gui,how to start a new line in python gui update open error method column,10,d10749,0.8499776124954224
q20438,how to get tuple of colors in image python,how to get tuple of colors in image python,how to get tuple of colors in image python row column integer error file,1,d2829,0.8775234222412109
q20438,how to get tuple of colors in image python,how to get tuple of colors in image python,how to get tuple of colors in image python row column integer error file,2,d2761,0.8775234222412109
q20438,how to get tuple of colors in image python,how to get tuple of colors in image python,how to get tuple of colors in image python row column integer error file,3,d10967,0.8775234222412109
q20438,how to get tuple of colors in image python,how to get tuple of colors in image python,how to get tuple of colors in image python row column integer error file,4,d11395,0.8775234222412109
q20438,how to get tuple of colors in image python,how to get tuple of colors in image python,how to get tuple of colors in image python row column integer error file,5,d19111,0.8755620718002319
q20438,how to get tuple of colors in image python,how to get tuple of colors in image python,how to get tuple of colors in image python row column integer error file,6,d17687,0.8755620718002319
q20438,how to get tuple of colors in image python,how to get tuple of colors in image python,how to get tuple of colors in image python row column integer error file,7,d5067,0.8746387362480164
q20438,how to get tuple of colors in image python,how to get tuple of colors in image python,how to get tuple of colors in image python row column integer error file,8,d4813,0.8746387362480164
q20438,how to get tuple of colors in image python,how to get tuple of colors in image python,how to get tuple of colors in image python row column integer error file,9,d9027,0.8746387362480164
q20438,how to get tuple of colors in image python,how to get tuple of colors in image python,how to get tuple of colors in image python row column integer error file,10,d14804,0.8746387362480164
q20439,make datetime aware python,make datetime aware python,make datetime aware python update database method query parameter,1,d11823,0.8855351805686951
q20439,make datetime aware python,make datetime aware python,make datetime aware python update database method query parameter,2,d12455,0.8843377232551575
q20439,make datetime aware python,make datetime aware python,make datetime aware python update database method query parameter,3,d14716,0.8714660406112671
q20439,make datetime aware python,make datetime aware python,make datetime aware python update database method query parameter,4,d18440,0.8680822253227234
q20439,make datetime aware python,make datetime aware python,make datetime aware python update database method query parameter,5,d17524,0.8680822253227234
q20439,make datetime aware python,make datetime aware python,make datetime aware python update database method query parameter,6,d17707,0.8680822253227234
q20439,make datetime aware python,make datetime aware python,make datetime aware python update database method query parameter,7,d18020,0.8680822253227234
q20439,make datetime aware python,make datetime aware python,make datetime aware python update database method query parameter,8,d13904,0.863966166973114
q20439,make datetime aware python,make datetime aware python,make datetime aware python update database method query parameter,9,d4502,0.8639661073684692
q20439,make datetime aware python,make datetime aware python,make datetime aware python update database method query parameter,10,d2299,0.8628117442131042
q20440,python dict drop empty,python dict drop empty,python dict drop empty delete dictionary error close row,1,d16248,0.883382260799408
q20440,python dict drop empty,python dict drop empty,python dict drop empty delete dictionary error close row,2,d10867,0.883382260799408
q20440,python dict drop empty,python dict drop empty,python dict drop empty delete dictionary error close row,3,d10937,0.883382260799408
q20440,python dict drop empty,python dict drop empty,python dict drop empty delete dictionary error close row,4,d10162,0.883382260799408
q20440,python dict drop empty,python dict drop empty,python dict drop empty delete dictionary error close row,5,d2736,0.883382260799408
q20440,python dict drop empty,python dict drop empty,python dict drop empty delete dictionary error close row,6,d4398,0.883382260799408
q20440,python dict drop empty,python dict drop empty,python dict drop empty delete dictionary error close row,7,d12641,0.883382260799408
q20440,python dict drop empty,python dict drop empty,python dict drop empty delete dictionary error close row,8,d12860,0.883382260799408
q20440,python dict drop empty,python dict drop empty,python dict drop empty delete dictionary error close row,9,d557,0.883382260799408
q20440,python dict drop empty,python dict drop empty,python dict drop empty delete dictionary error close row,10,d12148,0.883382260799408
q20441,python pretty print without sort,python pretty print without sort,python pretty print without sort sort integer string file close,1,d14481,0.876742422580719
q20441,python pretty print without sort,python pretty print without sort,python pretty print without sort sort integer string file close,2,d6021,0.876742422580719
q20441,python pretty print without sort,python pretty print without sort,python pretty print without sort sort integer string file close,3,d19776,0.876742422580719
q20441,python pretty print without sort,python pretty print without sort,python pretty print without sort sort integer string file close,4,d3386,0.876742422580719
q20441,python pretty print without sort,python pretty print without sort,python pretty print without sort sort integer string file close,5,d15126,0.876742422580719
q20441,python pretty print without sort,python pretty print without sort,python pretty print without sort sort integer string file close,6,d3192,0.876742422580719
q20441,python pretty print without sort,python pretty print without sort,python pretty print without sort sort integer string file close,7,d14291,0.876742422580719
q20441,python pretty print without sort,python pretty print without sort,python pretty print without sort sort integer string file close,8,d11159,0.8681848645210266
q20441,python pretty print without sort,python pretty print without sort,python pretty print without sort sort integer string file close,9,d1081,0.8633342981338501
q20441,python pretty print without sort,python pretty print without sort,python pretty print without sort sort integer string file close,10,d3610,0.8633342981338501
q20442,python check if interactive,python check if interactive,python check if interactive integer error condition close function,1,d7535,0.890376627445221
q20442,python check if interactive,python check if interactive,python check if interactive integer error condition close function,2,d15225,0.890376627445221
q20442,python check if interactive,python check if interactive,python check if interactive integer error condition close function,3,d3635,0.890376627445221
q20442,python check if interactive,python check if interactive,python check if interactive integer error condition close function,4,d141,0.8841574192047119
q20442,python check if interactive,python check if interactive,python check if interactive integer error condition close function,5,d13565,0.8841574192047119
q20442,python check if interactive,python check if interactive,python check if interactive integer error condition close function,6,d9365,0.8841574192047119
q20442,python check if interactive,python check if interactive,python check if interactive integer error condition close function,7,d3691,0.8841574192047119
q20442,python check if interactive,python check if interactive,python check if interactive integer error condition close function,8,d11794,0.8841574192047119
q20442,python check if interactive,python check if interactive,python check if interactive integer error condition close function,9,d13682,0.8841574192047119
q20442,python check if interactive,python check if interactive,python check if interactive integer error condition close function,10,d3575,0.8841574192047119
q20443,python pid determine existence,python pid determine existence,python pid determine existence query file error condition function,1,d4166,0.8989030122756958
q20443,python pid determine existence,python pid determine existence,python pid determine existence query file error condition function,2,d2036,0.8989030122756958
q20443,python pid determine existence,python pid determine existence,python pid determine existence query file error condition function,3,d14357,0.8989030122756958
q20443,python pid determine existence,python pid determine existence,python pid determine existence query file error condition function,4,d584,0.8989030122756958
q20443,python pid determine existence,python pid determine existence,python pid determine existence query file error condition function,5,d4409,0.8989030122756958
q20443,python pid determine existence,python pid determine existence,python pid determine existence query file error condition function,6,d12417,0.8989030122756958
q20443,python pid determine existence,python pid determine existence,python pid determine existence query file error condition function,7,d2093,0.8989030122756958
q20443,python pid determine existence,python pid determine existence,python pid determine existence query file error condition function,8,d14378,0.8989030122756958
q20443,python pid determine existence,python pid determine existence,python pid determine existence query file error condition function,9,d20443,0.8989030122756958
q20443,python pid determine existence,python pid determine existence,python pid determine existence query file error condition function,10,d20491,0.8989030122756958
q20444,python pymongo insert without duplicatte,python pymongo insert without duplicatte,python pymongo insert without duplicatte error integer update column file,1,d5154,0.8750065565109253
q20444,python pymongo insert without duplicatte,python pymongo insert without duplicatte,python pymongo insert without duplicatte error integer update column file,2,d20444,0.874774694442749
q20444,python pymongo insert without duplicatte,python pymongo insert without duplicatte,python pymongo insert without duplicatte error integer update column file,3,d15610,0.8696917295455933
q20444,python pymongo insert without duplicatte,python pymongo insert without duplicatte,python pymongo insert without duplicatte error integer update column file,4,d6350,0.8696917295455933
q20444,python pymongo insert without duplicatte,python pymongo insert without duplicatte,python pymongo insert without duplicatte error integer update column file,5,d15422,0.8696917295455933
q20444,python pymongo insert without duplicatte,python pymongo insert without duplicatte,python pymongo insert without duplicatte error integer update column file,6,d7230,0.8696917295455933
q20444,python pymongo insert without duplicatte,python pymongo insert without duplicatte,python pymongo insert without duplicatte error integer update column file,7,d5654,0.8696917295455933
q20444,python pymongo insert without duplicatte,python pymongo insert without duplicatte,python pymongo insert without duplicatte error integer update column file,8,d11519,0.8696917295455933
q20444,python pymongo insert without duplicatte,python pymongo insert without duplicatte,python pymongo insert without duplicatte error integer update column file,9,d18455,0.8659393191337585
q20444,python pymongo insert without duplicatte,python pymongo insert without duplicatte,python pymongo insert without duplicatte error integer update column file,10,d11294,0.8653502464294434
q20445,how to read json files with multiple object python,how to read json files with multiple object python,how to read json files with multiple object python file read database method array,1,d13934,0.8848834037780762
q20445,how to read json files with multiple object python,how to read json files with multiple object python,how to read json files with multiple object python file read database method array,2,d11559,0.8848834037780762
q20445,how to read json files with multiple object python,how to read json files with multiple object python,how to read json files with multiple object python file read database method array,3,d7480,0.8848834037780762
q20445,how to read json files with multiple object python,how to read json files with multiple object python,how to read json files with multiple object python file read database method array,4,d20445,0.8848834037780762
q20445,how to read json files with multiple object python,how to read json files with multiple object python,how to read json files with multiple object python file read database method array,5,d8077,0.8848834037780762
q20445,how to read json files with multiple object python,how to read json files with multiple object python,how to read json files with multiple object python file read database method array,6,d5987,0.8848834037780762
q20445,how to read json files with multiple object python,how to read json files with multiple object python,how to read json files with multiple object python file read database method array,7,d5420,0.8848834037780762
q20445,how to read json files with multiple object python,how to read json files with multiple object python,how to read json files with multiple object python file read database method array,8,d14478,0.874862790107727
q20445,how to read json files with multiple object python,how to read json files with multiple object python,how to read json files with multiple object python file read database method array,9,d7070,0.8635026812553406
q20445,how to read json files with multiple object python,how to read json files with multiple object python,how to read json files with multiple object python file read database method array,10,d20277,0.8635026812553406
q20446,python discord leave voice channel,python discord leave voice channel,python discord leave voice channel delete update error warning query,1,d8669,0.8627524971961975
q20446,python discord leave voice channel,python discord leave voice channel,python discord leave voice channel delete update error warning query,2,d2571,0.8541653156280518
q20446,python discord leave voice channel,python discord leave voice channel,python discord leave voice channel delete update error warning query,3,d2573,0.8541653156280518
q20446,python discord leave voice channel,python discord leave voice channel,python discord leave voice channel delete update error warning query,4,d15258,0.8541653156280518
q20446,python discord leave voice channel,python discord leave voice channel,python discord leave voice channel delete update error warning query,5,d12616,0.8541653156280518
q20446,python discord leave voice channel,python discord leave voice channel,python discord leave voice channel delete update error warning query,6,d8904,0.8541653156280518
q20446,python discord leave voice channel,python discord leave voice channel,python discord leave voice channel delete update error warning query,7,d20446,0.8541653156280518
q20446,python discord leave voice channel,python discord leave voice channel,python discord leave voice channel delete update error warning query,8,d8284,0.8460129499435425
q20446,python discord leave voice channel,python discord leave voice channel,python discord leave voice channel delete update error warning query,9,d12296,0.8460129499435425
q20446,python discord leave voice channel,python discord leave voice channel,python discord leave voice channel delete update error warning query,10,d9774,0.8460129499435425
q20447,python unittest make tests discoverable,python unittest make tests discoverable,python unittest make tests discoverable search update integer method query,1,d7230,0.8645006418228149
q20447,python unittest make tests discoverable,python unittest make tests discoverable,python unittest make tests discoverable search update integer method query,2,d5654,0.8645006418228149
q20447,python unittest make tests discoverable,python unittest make tests discoverable,python unittest make tests discoverable search update integer method query,3,d15422,0.8645006418228149
q20447,python unittest make tests discoverable,python unittest make tests discoverable,python unittest make tests discoverable search update integer method query,4,d15610,0.8645006418228149
q20447,python unittest make tests discoverable,python unittest make tests discoverable,python unittest make tests discoverable search update integer method query,5,d11519,0.8645006418228149
q20447,python unittest make tests discoverable,python unittest make tests discoverable,python unittest make tests discoverable search update integer method query,6,d6350,0.8645006418228149
q20447,python unittest make tests discoverable,python unittest make tests discoverable,python unittest make tests discoverable search update integer method query,7,d15134,0.8640307188034058
q20447,python unittest make tests discoverable,python unittest make tests discoverable,python unittest make tests discoverable search update integer method query,8,d9947,0.8640307188034058
q20447,python unittest make tests discoverable,python unittest make tests discoverable,python unittest make tests discoverable search update integer method query,9,d2712,0.8640307188034058
q20447,python unittest make tests discoverable,python unittest make tests discoverable,python unittest make tests discoverable search update integer method query,10,d1214,0.8640307188034058
q20448,multiline text send message python,multiline text send message python,multiline text send message python string update file error parameter,1,d9646,0.8689965009689331
q20448,multiline text send message python,multiline text send message python,multiline text send message python string update file error parameter,2,d7536,0.8637566566467285
q20448,multiline text send message python,multiline text send message python,multiline text send message python string update file error parameter,3,d16233,0.8637566566467285
q20448,multiline text send message python,multiline text send message python,multiline text send message python string update file error parameter,4,d7511,0.8612750768661499
q20448,multiline text send message python,multiline text send message python,multiline text send message python string update file error parameter,5,d13660,0.8566309213638306
q20448,multiline text send message python,multiline text send message python,multiline text send message python string update file error parameter,6,d5502,0.8566309213638306
q20448,multiline text send message python,multiline text send message python,multiline text send message python string update file error parameter,7,d9777,0.8523142337799072
q20448,multiline text send message python,multiline text send message python,multiline text send message python string update file error parameter,8,d801,0.8509519100189209
q20448,multiline text send message python,multiline text send message python,multiline text send message python string update file error parameter,9,d3276,0.8506287336349487
q20448,multiline text send message python,multiline text send message python,multiline text send message python string update file error parameter,10,d40,0.8506287336349487
q20449,extract integers from string in python,extract integers from string in python,extract integers from string in python integer string error parameter variable,1,d14275,0.8815093040466309
q20449,extract integers from string in python,extract integers from string in python,extract integers from string in python integer string error parameter variable,2,d14863,0.8792804479598999
q20449,extract integers from string in python,extract integers from string in python,extract integers from string in python integer string error parameter variable,3,d16015,0.8792804479598999
q20449,extract integers from string in python,extract integers from string in python,extract integers from string in python integer string error parameter variable,4,d5113,0.8792804479598999
q20449,extract integers from string in python,extract integers from string in python,extract integers from string in python integer string error parameter variable,5,d5125,0.8792804479598999
q20449,extract integers from string in python,extract integers from string in python,extract integers from string in python integer string error parameter variable,6,d3115,0.8792804479598999
q20449,extract integers from string in python,extract integers from string in python,extract integers from string in python integer string error parameter variable,7,d2467,0.8792804479598999
q20449,extract integers from string in python,extract integers from string in python,extract integers from string in python integer string error parameter variable,8,d3246,0.8792804479598999
q20449,extract integers from string in python,extract integers from string in python,extract integers from string in python integer string error parameter variable,9,d17108,0.8782447576522827
q20449,extract integers from string in python,extract integers from string in python,extract integers from string in python integer string error parameter variable,10,d19081,0.8782447576522827
q20450,python take a string after the title,python take a string after the title,python take a string after the title string loop error file dictionary,1,d13835,0.8678596019744873
q20450,python take a string after the title,python take a string after the title,python take a string after the title string loop error file dictionary,2,d3306,0.8678596019744873
q20450,python take a string after the title,python take a string after the title,python take a string after the title string loop error file dictionary,3,d15951,0.8678596019744873
q20450,python take a string after the title,python take a string after the title,python take a string after the title string loop error file dictionary,4,d11724,0.8678596019744873
q20450,python take a string after the title,python take a string after the title,python take a string after the title string loop error file dictionary,5,d19369,0.8639630079269409
q20450,python take a string after the title,python take a string after the title,python take a string after the title string loop error file dictionary,6,d12174,0.8617952466011047
q20450,python take a string after the title,python take a string after the title,python take a string after the title string loop error file dictionary,7,d4370,0.8617952466011047
q20450,python take a string after the title,python take a string after the title,python take a string after the title string loop error file dictionary,8,d6079,0.8617952466011047
q20450,python take a string after the title,python take a string after the title,python take a string after the title string loop error file dictionary,9,d10389,0.8617952466011047
q20450,python take a string after the title,python take a string after the title,python take a string after the title string loop error file dictionary,10,d5991,0.8617952466011047
q20451,how to randomly select rows in ndarray in python,how to randomly select rows in ndarray in python,how to randomly select rows in ndarray in python row array search error column,1,d10011,0.889886736869812
q20451,how to randomly select rows in ndarray in python,how to randomly select rows in ndarray in python,how to randomly select rows in ndarray in python row array search error column,2,d16346,0.8649675846099854
q20451,how to randomly select rows in ndarray in python,how to randomly select rows in ndarray in python,how to randomly select rows in ndarray in python row array search error column,3,d8954,0.8625162839889526
q20451,how to randomly select rows in ndarray in python,how to randomly select rows in ndarray in python,how to randomly select rows in ndarray in python row array search error column,4,d14206,0.8625162839889526
q20451,how to randomly select rows in ndarray in python,how to randomly select rows in ndarray in python,how to randomly select rows in ndarray in python row array search error column,5,d10827,0.8625162839889526
q20451,how to randomly select rows in ndarray in python,how to randomly select rows in ndarray in python,how to randomly select rows in ndarray in python row array search error column,6,d4338,0.8625162839889526
q20451,how to randomly select rows in ndarray in python,how to randomly select rows in ndarray in python,how to randomly select rows in ndarray in python row array search error column,7,d13407,0.8625162839889526
q20451,how to randomly select rows in ndarray in python,how to randomly select rows in ndarray in python,how to randomly select rows in ndarray in python row array search error column,8,d12838,0.8625162839889526
q20451,how to randomly select rows in ndarray in python,how to randomly select rows in ndarray in python,how to randomly select rows in ndarray in python row array search error column,9,d1100,0.8625162839889526
q20451,how to randomly select rows in ndarray in python,how to randomly select rows in ndarray in python,how to randomly select rows in ndarray in python row array search error column,10,d1870,0.8625162839889526
q20452,how to open a file with a path in python,how to open a file with a path in python,how to open a file with a path in python file open error loop write,1,d10487,0.87285977602005
q20452,how to open a file with a path in python,how to open a file with a path in python,how to open a file with a path in python file open error loop write,2,d10358,0.8643271923065186
q20452,how to open a file with a path in python,how to open a file with a path in python,how to open a file with a path in python file open error loop write,3,d14817,0.8638657331466675
q20452,how to open a file with a path in python,how to open a file with a path in python,how to open a file with a path in python file open error loop write,4,d15097,0.8638657331466675
q20452,how to open a file with a path in python,how to open a file with a path in python,how to open a file with a path in python file open error loop write,5,d834,0.8638657331466675
q20452,how to open a file with a path in python,how to open a file with a path in python,how to open a file with a path in python file open error loop write,6,d8062,0.8638657331466675
q20452,how to open a file with a path in python,how to open a file with a path in python,how to open a file with a path in python file open error loop write,7,d5580,0.8605333566665649
q20452,how to open a file with a path in python,how to open a file with a path in python,how to open a file with a path in python file open error loop write,8,d20555,0.8601642847061157
q20452,how to open a file with a path in python,how to open a file with a path in python,how to open a file with a path in python file open error loop write,9,d16288,0.8601642847061157
q20452,how to open a file with a path in python,how to open a file with a path in python,how to open a file with a path in python file open error loop write,10,d15040,0.8601642847061157
q20453,python count distance between two vectors,python count distance between two vectors,python count distance between two vectors integer close error row sort,1,d20453,0.8893380761146545
q20453,python count distance between two vectors,python count distance between two vectors,python count distance between two vectors integer close error row sort,2,d4748,0.8778548240661621
q20453,python count distance between two vectors,python count distance between two vectors,python count distance between two vectors integer close error row sort,3,d4905,0.8778548240661621
q20453,python count distance between two vectors,python count distance between two vectors,python count distance between two vectors integer close error row sort,4,d6398,0.8778548240661621
q20453,python count distance between two vectors,python count distance between two vectors,python count distance between two vectors integer close error row sort,5,d14605,0.8778548240661621
q20453,python count distance between two vectors,python count distance between two vectors,python count distance between two vectors integer close error row sort,6,d509,0.8778548240661621
q20453,python count distance between two vectors,python count distance between two vectors,python count distance between two vectors integer close error row sort,7,d10630,0.8778548240661621
q20453,python count distance between two vectors,python count distance between two vectors,python count distance between two vectors integer close error row sort,8,d12621,0.8778548240661621
q20453,python count distance between two vectors,python count distance between two vectors,python count distance between two vectors integer close error row sort,9,d20320,0.8778548240661621
q20453,python count distance between two vectors,python count distance between two vectors,python count distance between two vectors integer close error row sort,10,d10755,0.8765456080436707
q20454,python get dimensions of list,python get dimensions of list,python get dimensions of list list integer column row error,1,d12909,0.8831548690795898
q20454,python get dimensions of list,python get dimensions of list,python get dimensions of list list integer column row error,2,d11005,0.8831548690795898
q20454,python get dimensions of list,python get dimensions of list,python get dimensions of list list integer column row error,3,d2659,0.8831548690795898
q20454,python get dimensions of list,python get dimensions of list,python get dimensions of list list integer column row error,4,d4687,0.8831548690795898
q20454,python get dimensions of list,python get dimensions of list,python get dimensions of list list integer column row error,5,d1070,0.8831548690795898
q20454,python get dimensions of list,python get dimensions of list,python get dimensions of list list integer column row error,6,d5585,0.8831548690795898
q20454,python get dimensions of list,python get dimensions of list,python get dimensions of list list integer column row error,7,d8894,0.8831548690795898
q20454,python get dimensions of list,python get dimensions of list,python get dimensions of list list integer column row error,8,d806,0.8831548690795898
q20454,python get dimensions of list,python get dimensions of list,python get dimensions of list list integer column row error,9,d14369,0.881601870059967
q20454,python get dimensions of list,python get dimensions of list,python get dimensions of list list integer column row error,10,d11978,0.881601870059967
q20455,python filter lowpass minmum cutoff frequency,python filter lowpass minmum cutoff frequency,python filter lowpass minmum cutoff frequency filter error parameter row integer,1,d7828,0.8805845975875854
q20455,python filter lowpass minmum cutoff frequency,python filter lowpass minmum cutoff frequency,python filter lowpass minmum cutoff frequency filter error parameter row integer,2,d10602,0.8805845975875854
q20455,python filter lowpass minmum cutoff frequency,python filter lowpass minmum cutoff frequency,python filter lowpass minmum cutoff frequency filter error parameter row integer,3,d14869,0.8805845975875854
q20455,python filter lowpass minmum cutoff frequency,python filter lowpass minmum cutoff frequency,python filter lowpass minmum cutoff frequency filter error parameter row integer,4,d6692,0.8793375492095947
q20455,python filter lowpass minmum cutoff frequency,python filter lowpass minmum cutoff frequency,python filter lowpass minmum cutoff frequency filter error parameter row integer,5,d14739,0.8793375492095947
q20455,python filter lowpass minmum cutoff frequency,python filter lowpass minmum cutoff frequency,python filter lowpass minmum cutoff frequency filter error parameter row integer,6,d12709,0.8793375492095947
q20455,python filter lowpass minmum cutoff frequency,python filter lowpass minmum cutoff frequency,python filter lowpass minmum cutoff frequency filter error parameter row integer,7,d1940,0.8793375492095947
q20455,python filter lowpass minmum cutoff frequency,python filter lowpass minmum cutoff frequency,python filter lowpass minmum cutoff frequency filter error parameter row integer,8,d20455,0.8793375492095947
q20455,python filter lowpass minmum cutoff frequency,python filter lowpass minmum cutoff frequency,python filter lowpass minmum cutoff frequency filter error parameter row integer,9,d20034,0.8793375492095947
q20455,python filter lowpass minmum cutoff frequency,python filter lowpass minmum cutoff frequency,python filter lowpass minmum cutoff frequency filter error parameter row integer,10,d10873,0.8793375492095947
q20456,"python 3, seperate a string into a list at comma","python 3, seperate a string into a list at comma","python 3, seperate a string into a list at comma list string write integer loop",1,d4234,0.9085229635238647
q20456,"python 3, seperate a string into a list at comma","python 3, seperate a string into a list at comma","python 3, seperate a string into a list at comma list string write integer loop",2,d7657,0.9085229635238647
q20456,"python 3, seperate a string into a list at comma","python 3, seperate a string into a list at comma","python 3, seperate a string into a list at comma list string write integer loop",3,d13858,0.9085229635238647
q20456,"python 3, seperate a string into a list at comma","python 3, seperate a string into a list at comma","python 3, seperate a string into a list at comma list string write integer loop",4,d16261,0.9085229635238647
q20456,"python 3, seperate a string into a list at comma","python 3, seperate a string into a list at comma","python 3, seperate a string into a list at comma list string write integer loop",5,d12401,0.9085229635238647
q20456,"python 3, seperate a string into a list at comma","python 3, seperate a string into a list at comma","python 3, seperate a string into a list at comma list string write integer loop",6,d6326,0.9085229635238647
q20456,"python 3, seperate a string into a list at comma","python 3, seperate a string into a list at comma","python 3, seperate a string into a list at comma list string write integer loop",7,d12672,0.9085229635238647
q20456,"python 3, seperate a string into a list at comma","python 3, seperate a string into a list at comma","python 3, seperate a string into a list at comma list string write integer loop",8,d3604,0.9085229635238647
q20456,"python 3, seperate a string into a list at comma","python 3, seperate a string into a list at comma","python 3, seperate a string into a list at comma list string write integer loop",9,d15693,0.9085229635238647
q20456,"python 3, seperate a string into a list at comma","python 3, seperate a string into a list at comma","python 3, seperate a string into a list at comma list string write integer loop",10,d3565,0.9053369760513306
q20457,how to delete an element in a python dictionary,how to delete an element in a python dictionary,how to delete an element in a python dictionary delete dictionary error method row,1,d3455,0.8807319402694702
q20457,how to delete an element in a python dictionary,how to delete an element in a python dictionary,how to delete an element in a python dictionary delete dictionary error method row,2,d3471,0.8807319402694702
q20457,how to delete an element in a python dictionary,how to delete an element in a python dictionary,how to delete an element in a python dictionary delete dictionary error method row,3,d1319,0.8807319402694702
q20457,how to delete an element in a python dictionary,how to delete an element in a python dictionary,how to delete an element in a python dictionary delete dictionary error method row,4,d5229,0.8750808238983154
q20457,how to delete an element in a python dictionary,how to delete an element in a python dictionary,how to delete an element in a python dictionary delete dictionary error method row,5,d8601,0.8743326663970947
q20457,how to delete an element in a python dictionary,how to delete an element in a python dictionary,how to delete an element in a python dictionary delete dictionary error method row,6,d16914,0.8730505108833313
q20457,how to delete an element in a python dictionary,how to delete an element in a python dictionary,how to delete an element in a python dictionary delete dictionary error method row,7,d16907,0.8730505108833313
q20457,how to delete an element in a python dictionary,how to delete an element in a python dictionary,how to delete an element in a python dictionary delete dictionary error method row,8,d19992,0.8730505108833313
q20457,how to delete an element in a python dictionary,how to delete an element in a python dictionary,how to delete an element in a python dictionary delete dictionary error method row,9,d18647,0.8730505108833313
q20457,how to delete an element in a python dictionary,how to delete an element in a python dictionary,how to delete an element in a python dictionary delete dictionary error method row,10,d18734,0.8730505108833313
q20458,how know if the box was selected in checkbox in python,how know if the box was selected in checkbox in python,how know if the box was selected in checkbox in python error update condition search method,1,d15431,0.8681600093841553
q20458,how know if the box was selected in checkbox in python,how know if the box was selected in checkbox in python,how know if the box was selected in checkbox in python error update condition search method,2,d13302,0.8681600093841553
q20458,how know if the box was selected in checkbox in python,how know if the box was selected in checkbox in python,how know if the box was selected in checkbox in python error update condition search method,3,d11941,0.8641605973243713
q20458,how know if the box was selected in checkbox in python,how know if the box was selected in checkbox in python,how know if the box was selected in checkbox in python error update condition search method,4,d5802,0.8641605973243713
q20458,how know if the box was selected in checkbox in python,how know if the box was selected in checkbox in python,how know if the box was selected in checkbox in python error update condition search method,5,d14425,0.8641605973243713
q20458,how know if the box was selected in checkbox in python,how know if the box was selected in checkbox in python,how know if the box was selected in checkbox in python error update condition search method,6,d8785,0.8641605973243713
q20458,how know if the box was selected in checkbox in python,how know if the box was selected in checkbox in python,how know if the box was selected in checkbox in python error update condition search method,7,d1997,0.8641605973243713
q20458,how know if the box was selected in checkbox in python,how know if the box was selected in checkbox in python,how know if the box was selected in checkbox in python error update condition search method,8,d20005,0.8641605973243713
q20458,how know if the box was selected in checkbox in python,how know if the box was selected in checkbox in python,how know if the box was selected in checkbox in python error update condition search method,9,d20407,0.8641605973243713
q20458,how know if the box was selected in checkbox in python,how know if the box was selected in checkbox in python,how know if the box was selected in checkbox in python error update condition search method,10,d18007,0.8625720739364624
q20459,standard scalar function in python,standard scalar function in python,standard scalar function in python function parameter method integer string,1,d2028,0.8653538227081299
q20459,standard scalar function in python,standard scalar function in python,standard scalar function in python function parameter method integer string,2,d14977,0.8653538227081299
q20459,standard scalar function in python,standard scalar function in python,standard scalar function in python function parameter method integer string,3,d12323,0.8653538227081299
q20459,standard scalar function in python,standard scalar function in python,standard scalar function in python function parameter method integer string,4,d12321,0.8653538227081299
q20459,standard scalar function in python,standard scalar function in python,standard scalar function in python function parameter method integer string,5,d9736,0.8653538227081299
q20459,standard scalar function in python,standard scalar function in python,standard scalar function in python function parameter method integer string,6,d12273,0.8653538227081299
q20459,standard scalar function in python,standard scalar function in python,standard scalar function in python function parameter method integer string,7,d4381,0.8653538227081299
q20459,standard scalar function in python,standard scalar function in python,standard scalar function in python function parameter method integer string,8,d4311,0.8653538227081299
q20459,standard scalar function in python,standard scalar function in python,standard scalar function in python function parameter method integer string,9,d14801,0.8593889474868774
q20459,standard scalar function in python,standard scalar function in python,standard scalar function in python function parameter method integer string,10,d2347,0.8593889474868774
q20460,python random gaussian distribution noise,python random gaussian distribution noise,python random gaussian distribution noise error parameter variable condition integer,1,d18697,0.8749092817306519
q20460,python random gaussian distribution noise,python random gaussian distribution noise,python random gaussian distribution noise error parameter variable condition integer,2,d17153,0.8749092817306519
q20460,python random gaussian distribution noise,python random gaussian distribution noise,python random gaussian distribution noise error parameter variable condition integer,3,d17128,0.8749092817306519
q20460,python random gaussian distribution noise,python random gaussian distribution noise,python random gaussian distribution noise error parameter variable condition integer,4,d17136,0.8749092817306519
q20460,python random gaussian distribution noise,python random gaussian distribution noise,python random gaussian distribution noise error parameter variable condition integer,5,d17251,0.8749092817306519
q20460,python random gaussian distribution noise,python random gaussian distribution noise,python random gaussian distribution noise error parameter variable condition integer,6,d17415,0.8749092817306519
q20460,python random gaussian distribution noise,python random gaussian distribution noise,python random gaussian distribution noise error parameter variable condition integer,7,d17398,0.8749092817306519
q20460,python random gaussian distribution noise,python random gaussian distribution noise,python random gaussian distribution noise error parameter variable condition integer,8,d17372,0.8749092817306519
q20460,python random gaussian distribution noise,python random gaussian distribution noise,python random gaussian distribution noise error parameter variable condition integer,9,d17910,0.8749092817306519
q20460,python random gaussian distribution noise,python random gaussian distribution noise,python random gaussian distribution noise error parameter variable condition integer,10,d18082,0.8749092817306519
q20461,return the number of numeric attributes in python,return the number of numeric attributes in python,return the number of numeric attributes in python integer return parameter error method,1,d19081,0.8886897563934326
q20461,return the number of numeric attributes in python,return the number of numeric attributes in python,return the number of numeric attributes in python integer return parameter error method,2,d18646,0.8886897563934326
q20461,return the number of numeric attributes in python,return the number of numeric attributes in python,return the number of numeric attributes in python integer return parameter error method,3,d19626,0.8886897563934326
q20461,return the number of numeric attributes in python,return the number of numeric attributes in python,return the number of numeric attributes in python integer return parameter error method,4,d19169,0.8886897563934326
q20461,return the number of numeric attributes in python,return the number of numeric attributes in python,return the number of numeric attributes in python integer return parameter error method,5,d17108,0.8886897563934326
q20461,return the number of numeric attributes in python,return the number of numeric attributes in python,return the number of numeric attributes in python integer return parameter error method,6,d15593,0.8797317743301392
q20461,return the number of numeric attributes in python,return the number of numeric attributes in python,return the number of numeric attributes in python integer return parameter error method,7,d1032,0.8797317743301392
q20461,return the number of numeric attributes in python,return the number of numeric attributes in python,return the number of numeric attributes in python integer return parameter error method,8,d9217,0.8797317743301392
q20461,return the number of numeric attributes in python,return the number of numeric attributes in python,return the number of numeric attributes in python integer return parameter error method,9,d2408,0.8797317743301392
q20461,return the number of numeric attributes in python,return the number of numeric attributes in python,return the number of numeric attributes in python integer return parameter error method,10,d1034,0.8797317743301392
q20462,python pil camera capture,python pil camera capture,python pil camera capture query filter update file column,1,d20462,0.8550763130187988
q20462,python pil camera capture,python pil camera capture,python pil camera capture query filter update file column,2,d13647,0.8514270782470703
q20462,python pil camera capture,python pil camera capture,python pil camera capture query filter update file column,3,d8061,0.8514270782470703
q20462,python pil camera capture,python pil camera capture,python pil camera capture query filter update file column,4,d19815,0.8514270782470703
q20462,python pil camera capture,python pil camera capture,python pil camera capture query filter update file column,5,d3876,0.8514270782470703
q20462,python pil camera capture,python pil camera capture,python pil camera capture query filter update file column,6,d10925,0.8514270782470703
q20462,python pil camera capture,python pil camera capture,python pil camera capture query filter update file column,7,d15772,0.8514270782470703
q20462,python pil camera capture,python pil camera capture,python pil camera capture query filter update file column,8,d9445,0.8514270782470703
q20462,python pil camera capture,python pil camera capture,python pil camera capture query filter update file column,9,d16737,0.8481475114822388
q20462,python pil camera capture,python pil camera capture,python pil camera capture query filter update file column,10,d18007,0.8476508855819702
q20463,python flask create cookie expiration,python flask create cookie expiration,python flask create cookie expiration error update column return database,1,d8781,0.8753100633621216
q20463,python flask create cookie expiration,python flask create cookie expiration,python flask create cookie expiration error update column return database,2,d12742,0.8753100633621216
q20463,python flask create cookie expiration,python flask create cookie expiration,python flask create cookie expiration error update column return database,3,d16042,0.8738112449645996
q20463,python flask create cookie expiration,python flask create cookie expiration,python flask create cookie expiration error update column return database,4,d8797,0.8738112449645996
q20463,python flask create cookie expiration,python flask create cookie expiration,python flask create cookie expiration error update column return database,5,d13659,0.8738112449645996
q20463,python flask create cookie expiration,python flask create cookie expiration,python flask create cookie expiration error update column return database,6,d7616,0.8738112449645996
q20463,python flask create cookie expiration,python flask create cookie expiration,python flask create cookie expiration error update column return database,7,d2322,0.8738112449645996
q20463,python flask create cookie expiration,python flask create cookie expiration,python flask create cookie expiration error update column return database,8,d11823,0.8606193661689758
q20463,python flask create cookie expiration,python flask create cookie expiration,python flask create cookie expiration error update column return database,9,d14878,0.8590773344039917
q20463,python flask create cookie expiration,python flask create cookie expiration,python flask create cookie expiration error update column return database,10,d450,0.8555996417999268
q20464,python sqlalchemy model *,python sqlalchemy model *,python sqlalchemy model * database column parameter method error,1,d5878,0.8678968548774719
q20464,python sqlalchemy model *,python sqlalchemy model *,python sqlalchemy model * database column parameter method error,2,d13905,0.8657777309417725
q20464,python sqlalchemy model *,python sqlalchemy model *,python sqlalchemy model * database column parameter method error,3,d338,0.8640519976615906
q20464,python sqlalchemy model *,python sqlalchemy model *,python sqlalchemy model * database column parameter method error,4,d7753,0.8621770143508911
q20464,python sqlalchemy model *,python sqlalchemy model *,python sqlalchemy model * database column parameter method error,5,d11880,0.8621770143508911
q20464,python sqlalchemy model *,python sqlalchemy model *,python sqlalchemy model * database column parameter method error,6,d9772,0.8621770143508911
q20464,python sqlalchemy model *,python sqlalchemy model *,python sqlalchemy model * database column parameter method error,7,d14326,0.8621770143508911
q20464,python sqlalchemy model *,python sqlalchemy model *,python sqlalchemy model * database column parameter method error,8,d5705,0.8621770143508911
q20464,python sqlalchemy model *,python sqlalchemy model *,python sqlalchemy model * database column parameter method error,9,d1389,0.8621770143508911
q20464,python sqlalchemy model *,python sqlalchemy model *,python sqlalchemy model * database column parameter method error,10,d11830,0.8621770143508911
q20465,python how to move to next command in for loop,python how to move to next command in for loop,python how to move to next command in for loop loop row update column function,1,d15122,0.8719708323478699
q20465,python how to move to next command in for loop,python how to move to next command in for loop,python how to move to next command in for loop loop row update column function,2,d4339,0.8671585917472839
q20465,python how to move to next command in for loop,python how to move to next command in for loop,python how to move to next command in for loop loop row update column function,3,d4988,0.8671585917472839
q20465,python how to move to next command in for loop,python how to move to next command in for loop,python how to move to next command in for loop loop row update column function,4,d3643,0.863083004951477
q20465,python how to move to next command in for loop,python how to move to next command in for loop,python how to move to next command in for loop loop row update column function,5,d8784,0.863083004951477
q20465,python how to move to next command in for loop,python how to move to next command in for loop,python how to move to next command in for loop loop row update column function,6,d9315,0.863083004951477
q20465,python how to move to next command in for loop,python how to move to next command in for loop,python how to move to next command in for loop loop row update column function,7,d3707,0.863083004951477
q20465,python how to move to next command in for loop,python how to move to next command in for loop,python how to move to next command in for loop loop row update column function,8,d20465,0.863083004951477
q20465,python how to move to next command in for loop,python how to move to next command in for loop,python how to move to next command in for loop loop row update column function,9,d13030,0.863083004951477
q20465,python how to move to next command in for loop,python how to move to next command in for loop,python how to move to next command in for loop loop row update column function,10,d37,0.863083004951477
q20466,python check if object is a char,python check if object is a char,python check if object is a char string condition variable integer error,1,d4605,0.893222451210022
q20466,python check if object is a char,python check if object is a char,python check if object is a char string condition variable integer error,2,d8762,0.893222451210022
q20466,python check if object is a char,python check if object is a char,python check if object is a char string condition variable integer error,3,d14801,0.893222451210022
q20466,python check if object is a char,python check if object is a char,python check if object is a char string condition variable integer error,4,d5015,0.893222451210022
q20466,python check if object is a char,python check if object is a char,python check if object is a char string condition variable integer error,5,d10761,0.893222451210022
q20466,python check if object is a char,python check if object is a char,python check if object is a char string condition variable integer error,6,d11293,0.893222451210022
q20466,python check if object is a char,python check if object is a char,python check if object is a char string condition variable integer error,7,d2347,0.893222451210022
q20466,python check if object is a char,python check if object is a char,python check if object is a char string condition variable integer error,8,d6873,0.885652482509613
q20466,python check if object is a char,python check if object is a char,python check if object is a char string condition variable integer error,9,d1572,0.885652482509613
q20466,python check if object is a char,python check if object is a char,python check if object is a char string condition variable integer error,10,d10094,0.885652482509613
q20467,how to achieve logarithmic complexity in python,how to achieve logarithmic complexity in python,how to achieve logarithmic complexity in python integer method loop function error,1,d20173,0.8607854247093201
q20467,how to achieve logarithmic complexity in python,how to achieve logarithmic complexity in python,how to achieve logarithmic complexity in python integer method loop function error,2,d9858,0.8579162955284119
q20467,how to achieve logarithmic complexity in python,how to achieve logarithmic complexity in python,how to achieve logarithmic complexity in python integer method loop function error,3,d7125,0.8579162955284119
q20467,how to achieve logarithmic complexity in python,how to achieve logarithmic complexity in python,how to achieve logarithmic complexity in python integer method loop function error,4,d11785,0.8578336834907532
q20467,how to achieve logarithmic complexity in python,how to achieve logarithmic complexity in python,how to achieve logarithmic complexity in python integer method loop function error,5,d5827,0.8578336834907532
q20467,how to achieve logarithmic complexity in python,how to achieve logarithmic complexity in python,how to achieve logarithmic complexity in python integer method loop function error,6,d3749,0.8578336834907532
q20467,how to achieve logarithmic complexity in python,how to achieve logarithmic complexity in python,how to achieve logarithmic complexity in python integer method loop function error,7,d9990,0.8578336834907532
q20467,how to achieve logarithmic complexity in python,how to achieve logarithmic complexity in python,how to achieve logarithmic complexity in python integer method loop function error,8,d3729,0.8578336834907532
q20467,how to achieve logarithmic complexity in python,how to achieve logarithmic complexity in python,how to achieve logarithmic complexity in python integer method loop function error,9,d12611,0.8578336834907532
q20467,how to achieve logarithmic complexity in python,how to achieve logarithmic complexity in python,how to achieve logarithmic complexity in python integer method loop function error,10,d5644,0.8578336834907532
q20468,python listbox scrollbar not tk,python listbox scrollbar not tk,python listbox scrollbar not tk error list close row loop,1,d15973,0.8865737318992615
q20468,python listbox scrollbar not tk,python listbox scrollbar not tk,python listbox scrollbar not tk error list close row loop,2,d3951,0.8865737318992615
q20468,python listbox scrollbar not tk,python listbox scrollbar not tk,python listbox scrollbar not tk error list close row loop,3,d20468,0.8865737318992615
q20468,python listbox scrollbar not tk,python listbox scrollbar not tk,python listbox scrollbar not tk error list close row loop,4,d13912,0.8761394023895264
q20468,python listbox scrollbar not tk,python listbox scrollbar not tk,python listbox scrollbar not tk error list close row loop,5,d8375,0.855115532875061
q20468,python listbox scrollbar not tk,python listbox scrollbar not tk,python listbox scrollbar not tk error list close row loop,6,d16002,0.855115532875061
q20468,python listbox scrollbar not tk,python listbox scrollbar not tk,python listbox scrollbar not tk error list close row loop,7,d7887,0.852749228477478
q20468,python listbox scrollbar not tk,python listbox scrollbar not tk,python listbox scrollbar not tk error list close row loop,8,d16083,0.852749228477478
q20468,python listbox scrollbar not tk,python listbox scrollbar not tk,python listbox scrollbar not tk error list close row loop,9,d9891,0.852749228477478
q20468,python listbox scrollbar not tk,python listbox scrollbar not tk,python listbox scrollbar not tk error list close row loop,10,d14198,0.852749228477478
q20469,identify the most common number in an array python,identify the most common number in an array python,identify the most common number in an array python array integer column parameter query,1,d16119,0.8879575133323669
q20469,identify the most common number in an array python,identify the most common number in an array python,identify the most common number in an array python array integer column parameter query,2,d14052,0.8879575133323669
q20469,identify the most common number in an array python,identify the most common number in an array python,identify the most common number in an array python array integer column parameter query,3,d5158,0.8879575133323669
q20469,identify the most common number in an array python,identify the most common number in an array python,identify the most common number in an array python array integer column parameter query,4,d10780,0.8879575133323669
q20469,identify the most common number in an array python,identify the most common number in an array python,identify the most common number in an array python array integer column parameter query,5,d5930,0.8879575133323669
q20469,identify the most common number in an array python,identify the most common number in an array python,identify the most common number in an array python array integer column parameter query,6,d16470,0.8879575133323669
q20469,identify the most common number in an array python,identify the most common number in an array python,identify the most common number in an array python array integer column parameter query,7,d9314,0.8879575133323669
q20469,identify the most common number in an array python,identify the most common number in an array python,identify the most common number in an array python array integer column parameter query,8,d2735,0.8879575133323669
q20469,identify the most common number in an array python,identify the most common number in an array python,identify the most common number in an array python array integer column parameter query,9,d5772,0.8879575133323669
q20469,identify the most common number in an array python,identify the most common number in an array python,identify the most common number in an array python array integer column parameter query,10,d10935,0.886119544506073
q20470,pull multiple values to make table python,pull multiple values to make table python,pull multiple values to make table python table database integer variable row,1,d4316,0.860188901424408
q20470,pull multiple values to make table python,pull multiple values to make table python,pull multiple values to make table python table database integer variable row,2,d7716,0.8588435053825378
q20470,pull multiple values to make table python,pull multiple values to make table python,pull multiple values to make table python table database integer variable row,3,d1378,0.8588435053825378
q20470,pull multiple values to make table python,pull multiple values to make table python,pull multiple values to make table python table database integer variable row,4,d14671,0.8588435053825378
q20470,pull multiple values to make table python,pull multiple values to make table python,pull multiple values to make table python table database integer variable row,5,d6524,0.8588435053825378
q20470,pull multiple values to make table python,pull multiple values to make table python,pull multiple values to make table python table database integer variable row,6,d10271,0.8577463626861572
q20470,pull multiple values to make table python,pull multiple values to make table python,pull multiple values to make table python table database integer variable row,7,d11823,0.8564740419387817
q20470,pull multiple values to make table python,pull multiple values to make table python,pull multiple values to make table python table database integer variable row,8,d14604,0.8552576303482056
q20470,pull multiple values to make table python,pull multiple values to make table python,pull multiple values to make table python table database integer variable row,9,d876,0.8552576303482056
q20470,pull multiple values to make table python,pull multiple values to make table python,pull multiple values to make table python table database integer variable row,10,d12859,0.8552576303482056
q20471,python adjust data to normal distribution,python adjust data to normal distribution,python adjust data to normal distribution data update error parameter database,1,d11823,0.8627995252609253
q20471,python adjust data to normal distribution,python adjust data to normal distribution,python adjust data to normal distribution data update error parameter database,2,d3832,0.8623440265655518
q20471,python adjust data to normal distribution,python adjust data to normal distribution,python adjust data to normal distribution data update error parameter database,3,d10397,0.8602150678634644
q20471,python adjust data to normal distribution,python adjust data to normal distribution,python adjust data to normal distribution data update error parameter database,4,d10283,0.8586647510528564
q20471,python adjust data to normal distribution,python adjust data to normal distribution,python adjust data to normal distribution data update error parameter database,5,d14201,0.8543339967727661
q20471,python adjust data to normal distribution,python adjust data to normal distribution,python adjust data to normal distribution data update error parameter database,6,d10399,0.8543339967727661
q20471,python adjust data to normal distribution,python adjust data to normal distribution,python adjust data to normal distribution data update error parameter database,7,d8668,0.8543339967727661
q20471,python adjust data to normal distribution,python adjust data to normal distribution,python adjust data to normal distribution data update error parameter database,8,d13073,0.8543339967727661
q20471,python adjust data to normal distribution,python adjust data to normal distribution,python adjust data to normal distribution data update error parameter database,9,d2217,0.8543339967727661
q20471,python adjust data to normal distribution,python adjust data to normal distribution,python adjust data to normal distribution data update error parameter database,10,d13630,0.8525925874710083
q20472,python check if float has no floating points,python check if float has no floating points,python check if float has no floating points error integer function condition update,1,d16564,0.8898002505302429
q20472,python check if float has no floating points,python check if float has no floating points,python check if float has no floating points error integer function condition update,2,d5005,0.8898002505302429
q20472,python check if float has no floating points,python check if float has no floating points,python check if float has no floating points error integer function condition update,3,d11467,0.8874661922454834
q20472,python check if float has no floating points,python check if float has no floating points,python check if float has no floating points error integer function condition update,4,d10465,0.884262204170227
q20472,python check if float has no floating points,python check if float has no floating points,python check if float has no floating points error integer function condition update,5,d881,0.884262204170227
q20472,python check if float has no floating points,python check if float has no floating points,python check if float has no floating points error integer function condition update,6,d19621,0.884262204170227
q20472,python check if float has no floating points,python check if float has no floating points,python check if float has no floating points error integer function condition update,7,d20082,0.884262204170227
q20472,python check if float has no floating points,python check if float has no floating points,python check if float has no floating points error integer function condition update,8,d3623,0.884262204170227
q20472,python check if float has no floating points,python check if float has no floating points,python check if float has no floating points error integer function condition update,9,d20066,0.884262204170227
q20472,python check if float has no floating points,python check if float has no floating points,python check if float has no floating points error integer function condition update,10,d4605,0.8834865093231201
q20473,string remove the last blank python,string remove the last blank python,string remove the last blank python string delete error close loop,1,d18735,0.8911798000335693
q20473,string remove the last blank python,string remove the last blank python,string remove the last blank python string delete error close loop,2,d18617,0.8911798000335693
q20473,string remove the last blank python,string remove the last blank python,string remove the last blank python string delete error close loop,3,d18664,0.8911798000335693
q20473,string remove the last blank python,string remove the last blank python,string remove the last blank python string delete error close loop,4,d18238,0.8911798000335693
q20473,string remove the last blank python,string remove the last blank python,string remove the last blank python string delete error close loop,5,d18157,0.8911798000335693
q20473,string remove the last blank python,string remove the last blank python,string remove the last blank python string delete error close loop,6,d18316,0.8911798000335693
q20473,string remove the last blank python,string remove the last blank python,string remove the last blank python string delete error close loop,7,d18249,0.8911798000335693
q20473,string remove the last blank python,string remove the last blank python,string remove the last blank python string delete error close loop,8,d18522,0.8911798000335693
q20473,string remove the last blank python,string remove the last blank python,string remove the last blank python string delete error close loop,9,d17721,0.8911798000335693
q20473,string remove the last blank python,string remove the last blank python,string remove the last blank python string delete error close loop,10,d17447,0.8911798000335693
q20474,python how to display object attributes,python how to display object attributes,python how to display object attributes integer column method parameter row,1,d45,0.8651993274688721
q20474,python how to display object attributes,python how to display object attributes,python how to display object attributes integer column method parameter row,2,d11036,0.8651993274688721
q20474,python how to display object attributes,python how to display object attributes,python how to display object attributes integer column method parameter row,3,d8164,0.8651993274688721
q20474,python how to display object attributes,python how to display object attributes,python how to display object attributes integer column method parameter row,4,d4806,0.8651993274688721
q20474,python how to display object attributes,python how to display object attributes,python how to display object attributes integer column method parameter row,5,d4808,0.8651993274688721
q20474,python how to display object attributes,python how to display object attributes,python how to display object attributes integer column method parameter row,6,d14208,0.8651993274688721
q20474,python how to display object attributes,python how to display object attributes,python how to display object attributes integer column method parameter row,7,d8512,0.8651993274688721
q20474,python how to display object attributes,python how to display object attributes,python how to display object attributes integer column method parameter row,8,d1511,0.8651993274688721
q20474,python how to display object attributes,python how to display object attributes,python how to display object attributes integer column method parameter row,9,d7228,0.8651993274688721
q20474,python how to display object attributes,python how to display object attributes,python how to display object attributes integer column method parameter row,10,d5591,0.8651993274688721
q20475,determine if a list of numbers contains duplicates python,determine if a list of numbers contains duplicates python,determine if a list of numbers contains duplicates python list integer error condition search,1,d16910,0.90207439661026
q20475,determine if a list of numbers contains duplicates python,determine if a list of numbers contains duplicates python,determine if a list of numbers contains duplicates python list integer error condition search,2,d18536,0.90207439661026
q20475,determine if a list of numbers contains duplicates python,determine if a list of numbers contains duplicates python,determine if a list of numbers contains duplicates python list integer error condition search,3,d19564,0.90207439661026
q20475,determine if a list of numbers contains duplicates python,determine if a list of numbers contains duplicates python,determine if a list of numbers contains duplicates python list integer error condition search,4,d20475,0.90207439661026
q20475,determine if a list of numbers contains duplicates python,determine if a list of numbers contains duplicates python,determine if a list of numbers contains duplicates python list integer error condition search,5,d18882,0.90207439661026
q20475,determine if a list of numbers contains duplicates python,determine if a list of numbers contains duplicates python,determine if a list of numbers contains duplicates python list integer error condition search,6,d17653,0.90207439661026
q20475,determine if a list of numbers contains duplicates python,determine if a list of numbers contains duplicates python,determine if a list of numbers contains duplicates python list integer error condition search,7,d18952,0.90207439661026
q20475,determine if a list of numbers contains duplicates python,determine if a list of numbers contains duplicates python,determine if a list of numbers contains duplicates python list integer error condition search,8,d18598,0.90207439661026
q20475,determine if a list of numbers contains duplicates python,determine if a list of numbers contains duplicates python,determine if a list of numbers contains duplicates python list integer error condition search,9,d12985,0.8932258486747742
q20475,determine if a list of numbers contains duplicates python,determine if a list of numbers contains duplicates python,determine if a list of numbers contains duplicates python list integer error condition search,10,d18279,0.889822244644165
q20476,python figure add title label size,python figure add title label size,python figure add title label size add table column parameter integer,1,d12109,0.8724604845046997
q20476,python figure add title label size,python figure add title label size,python figure add title label size add table column parameter integer,2,d9638,0.8724604845046997
q20476,python figure add title label size,python figure add title label size,python figure add title label size add table column parameter integer,3,d4510,0.8693917989730835
q20476,python figure add title label size,python figure add title label size,python figure add title label size add table column parameter integer,4,d11852,0.8693917989730835
q20476,python figure add title label size,python figure add title label size,python figure add title label size add table column parameter integer,5,d9991,0.8676280975341797
q20476,python figure add title label size,python figure add title label size,python figure add title label size add table column parameter integer,6,d14870,0.8667048215866089
q20476,python figure add title label size,python figure add title label size,python figure add title label size add table column parameter integer,7,d19919,0.8631793260574341
q20476,python figure add title label size,python figure add title label size,python figure add title label size add table column parameter integer,8,d11020,0.8631793260574341
q20476,python figure add title label size,python figure add title label size,python figure add title label size add table column parameter integer,9,d6992,0.8631793260574341
q20476,python figure add title label size,python figure add title label size,python figure add title label size add table column parameter integer,10,d6759,0.8631793260574341
q20477,python networkx longest path directed acyclic graph,python networkx longest path directed acyclic graph,python networkx longest path directed acyclic graph query loop error file row,1,d20477,0.8708640336990356
q20477,python networkx longest path directed acyclic graph,python networkx longest path directed acyclic graph,python networkx longest path directed acyclic graph query loop error file row,2,d18283,0.8708640336990356
q20477,python networkx longest path directed acyclic graph,python networkx longest path directed acyclic graph,python networkx longest path directed acyclic graph query loop error file row,3,d17727,0.8708640336990356
q20477,python networkx longest path directed acyclic graph,python networkx longest path directed acyclic graph,python networkx longest path directed acyclic graph query loop error file row,4,d17385,0.8708640336990356
q20477,python networkx longest path directed acyclic graph,python networkx longest path directed acyclic graph,python networkx longest path directed acyclic graph query loop error file row,5,d17476,0.8708640336990356
q20477,python networkx longest path directed acyclic graph,python networkx longest path directed acyclic graph,python networkx longest path directed acyclic graph query loop error file row,6,d18424,0.8708640336990356
q20477,python networkx longest path directed acyclic graph,python networkx longest path directed acyclic graph,python networkx longest path directed acyclic graph query loop error file row,7,d19633,0.8708640336990356
q20477,python networkx longest path directed acyclic graph,python networkx longest path directed acyclic graph,python networkx longest path directed acyclic graph query loop error file row,8,d18908,0.8708640336990356
q20477,python networkx longest path directed acyclic graph,python networkx longest path directed acyclic graph,python networkx longest path directed acyclic graph query loop error file row,9,d19589,0.8708640336990356
q20477,python networkx longest path directed acyclic graph,python networkx longest path directed acyclic graph,python networkx longest path directed acyclic graph query loop error file row,10,d19045,0.8708640336990356
q20478,how to take list as input in python seperated with spaces,how to take list as input in python seperated with spaces,how to take list as input in python seperated with spaces list integer function loop parameter,1,d13941,0.8795574903488159
q20478,how to take list as input in python seperated with spaces,how to take list as input in python seperated with spaces,how to take list as input in python seperated with spaces list integer function loop parameter,2,d19648,0.8795574903488159
q20478,how to take list as input in python seperated with spaces,how to take list as input in python seperated with spaces,how to take list as input in python seperated with spaces list integer function loop parameter,3,d9208,0.8795574903488159
q20478,how to take list as input in python seperated with spaces,how to take list as input in python seperated with spaces,how to take list as input in python seperated with spaces list integer function loop parameter,4,d6924,0.8795574903488159
q20478,how to take list as input in python seperated with spaces,how to take list as input in python seperated with spaces,how to take list as input in python seperated with spaces list integer function loop parameter,5,d5745,0.8795574903488159
q20478,how to take list as input in python seperated with spaces,how to take list as input in python seperated with spaces,how to take list as input in python seperated with spaces list integer function loop parameter,6,d9344,0.8795574903488159
q20478,how to take list as input in python seperated with spaces,how to take list as input in python seperated with spaces,how to take list as input in python seperated with spaces list integer function loop parameter,7,d15196,0.8795574903488159
q20478,how to take list as input in python seperated with spaces,how to take list as input in python seperated with spaces,how to take list as input in python seperated with spaces list integer function loop parameter,8,d7866,0.8795574903488159
q20478,how to take list as input in python seperated with spaces,how to take list as input in python seperated with spaces,how to take list as input in python seperated with spaces list integer function loop parameter,9,d11476,0.8795574903488159
q20478,how to take list as input in python seperated with spaces,how to take list as input in python seperated with spaces,how to take list as input in python seperated with spaces list integer function loop parameter,10,d20478,0.8709756135940552
q20479,is a list in python an array,is a list in python an array,is a list in python an array list array integer error loop,1,d6924,0.8627192974090576
q20479,is a list in python an array,is a list in python an array,is a list in python an array list array integer error loop,2,d9344,0.8627192974090576
q20479,is a list in python an array,is a list in python an array,is a list in python an array list array integer error loop,3,d7866,0.8627192974090576
q20479,is a list in python an array,is a list in python an array,is a list in python an array list array integer error loop,4,d15196,0.8627192974090576
q20479,is a list in python an array,is a list in python an array,is a list in python an array list array integer error loop,5,d11476,0.8627192974090576
q20479,is a list in python an array,is a list in python an array,is a list in python an array list array integer error loop,6,d13941,0.8627192974090576
q20479,is a list in python an array,is a list in python an array,is a list in python an array list array integer error loop,7,d5745,0.8627192974090576
q20479,is a list in python an array,is a list in python an array,is a list in python an array list array integer error loop,8,d9208,0.8627192974090576
q20479,is a list in python an array,is a list in python an array,is a list in python an array list array integer error loop,9,d19648,0.8627192974090576
q20479,is a list in python an array,is a list in python an array,is a list in python an array list array integer error loop,10,d5737,0.8551759123802185
q20480,python cosine similarity of two vectors,python cosine similarity of two vectors,python cosine similarity of two vectors condition class integer column variable,1,d343,0.8825109004974365
q20480,python cosine similarity of two vectors,python cosine similarity of two vectors,python cosine similarity of two vectors condition class integer column variable,2,d2461,0.8825109004974365
q20480,python cosine similarity of two vectors,python cosine similarity of two vectors,python cosine similarity of two vectors condition class integer column variable,3,d2450,0.8825109004974365
q20480,python cosine similarity of two vectors,python cosine similarity of two vectors,python cosine similarity of two vectors condition class integer column variable,4,d106,0.8825109004974365
q20480,python cosine similarity of two vectors,python cosine similarity of two vectors,python cosine similarity of two vectors condition class integer column variable,5,d17611,0.8743476867675781
q20480,python cosine similarity of two vectors,python cosine similarity of two vectors,python cosine similarity of two vectors condition class integer column variable,6,d14837,0.8597974181175232
q20480,python cosine similarity of two vectors,python cosine similarity of two vectors,python cosine similarity of two vectors condition class integer column variable,7,d6206,0.8597974181175232
q20480,python cosine similarity of two vectors,python cosine similarity of two vectors,python cosine similarity of two vectors condition class integer column variable,8,d5716,0.8597974181175232
q20480,python cosine similarity of two vectors,python cosine similarity of two vectors,python cosine similarity of two vectors condition class integer column variable,9,d11141,0.8597974181175232
q20480,python cosine similarity of two vectors,python cosine similarity of two vectors,python cosine similarity of two vectors condition class integer column variable,10,d13962,0.8597974181175232
q20481,how to model a sphere python,how to model a sphere python,how to model a sphere python method error column update row,1,d5878,0.8619697093963623
q20481,how to model a sphere python,how to model a sphere python,how to model a sphere python method error column update row,2,d6142,0.8530493974685669
q20481,how to model a sphere python,how to model a sphere python,how to model a sphere python method error column update row,3,d3527,0.8476038575172424
q20481,how to model a sphere python,how to model a sphere python,how to model a sphere python method error column update row,4,d5177,0.8436393737792969
q20481,how to model a sphere python,how to model a sphere python,how to model a sphere python method error column update row,5,d11823,0.8404473662376404
q20481,how to model a sphere python,how to model a sphere python,how to model a sphere python method error column update row,6,d6231,0.8402919769287109
q20481,how to model a sphere python,how to model a sphere python,how to model a sphere python method error column update row,7,d14509,0.8402919769287109
q20481,how to model a sphere python,how to model a sphere python,how to model a sphere python method error column update row,8,d4627,0.8402919769287109
q20481,how to model a sphere python,how to model a sphere python,how to model a sphere python method error column update row,9,d10271,0.838739812374115
q20481,how to model a sphere python,how to model a sphere python,how to model a sphere python method error column update row,10,d14215,0.8381112813949585
q20482,how to check paths in python,how to check paths in python,how to check paths in python file search method error parameter,1,d11098,0.8691459894180298
q20482,how to check paths in python,how to check paths in python,how to check paths in python file search method error parameter,2,d9932,0.8691459894180298
q20482,how to check paths in python,how to check paths in python,how to check paths in python file search method error parameter,3,d15226,0.8691459894180298
q20482,how to check paths in python,how to check paths in python,how to check paths in python file search method error parameter,4,d5159,0.8663463592529297
q20482,how to check paths in python,how to check paths in python,how to check paths in python file search method error parameter,5,d10209,0.8663463592529297
q20482,how to check paths in python,how to check paths in python,how to check paths in python file search method error parameter,6,d7840,0.860548734664917
q20482,how to check paths in python,how to check paths in python,how to check paths in python file search method error parameter,7,d18139,0.8593320846557617
q20482,how to check paths in python,how to check paths in python,how to check paths in python file search method error parameter,8,d19030,0.8593320846557617
q20482,how to check paths in python,how to check paths in python,how to check paths in python file search method error parameter,9,d17050,0.8593320846557617
q20482,how to check paths in python,how to check paths in python,how to check paths in python file search method error parameter,10,d17748,0.8593320846557617
q20483,python test truth value of list,python test truth value of list,python test truth value of list list error method integer variable,1,d3417,0.8758304715156555
q20483,python test truth value of list,python test truth value of list,python test truth value of list list error method integer variable,2,d16241,0.8758304715156555
q20483,python test truth value of list,python test truth value of list,python test truth value of list list error method integer variable,3,d6552,0.8758304715156555
q20483,python test truth value of list,python test truth value of list,python test truth value of list list error method integer variable,4,d10660,0.873261570930481
q20483,python test truth value of list,python test truth value of list,python test truth value of list list error method integer variable,5,d15374,0.873261570930481
q20483,python test truth value of list,python test truth value of list,python test truth value of list list error method integer variable,6,d13862,0.873261570930481
q20483,python test truth value of list,python test truth value of list,python test truth value of list list error method integer variable,7,d2429,0.873261570930481
q20483,python test truth value of list,python test truth value of list,python test truth value of list list error method integer variable,8,d2261,0.8623160123825073
q20483,python test truth value of list,python test truth value of list,python test truth value of list list error method integer variable,9,d6233,0.8623160123825073
q20483,python test truth value of list,python test truth value of list,python test truth value of list list error method integer variable,10,d9286,0.8619730472564697
q20484,python string value of enum,python string value of enum,python string value of enum string integer variable function parameter,1,d20484,0.8987953662872314
q20484,python string value of enum,python string value of enum,python string value of enum string integer variable function parameter,2,d14811,0.8987953662872314
q20484,python string value of enum,python string value of enum,python string value of enum string integer variable function parameter,3,d10186,0.8987953662872314
q20484,python string value of enum,python string value of enum,python string value of enum string integer variable function parameter,4,d514,0.8987953662872314
q20484,python string value of enum,python string value of enum,python string value of enum string integer variable function parameter,5,d6650,0.8987953662872314
q20484,python string value of enum,python string value of enum,python string value of enum string integer variable function parameter,6,d2901,0.896102786064148
q20484,python string value of enum,python string value of enum,python string value of enum string integer variable function parameter,7,d639,0.896102786064148
q20484,python string value of enum,python string value of enum,python string value of enum string integer variable function parameter,8,d4480,0.8865220546722412
q20484,python string value of enum,python string value of enum,python string value of enum string integer variable function parameter,9,d15172,0.8865220546722412
q20484,python string value of enum,python string value of enum,python string value of enum string integer variable function parameter,10,d12364,0.8771520853042603
q20485,python create null pointer with ctypes,python create null pointer with ctypes,python create null pointer with ctypes integer error array loop query,1,d6130,0.8882380723953247
q20485,python create null pointer with ctypes,python create null pointer with ctypes,python create null pointer with ctypes integer error array loop query,2,d14659,0.8882380723953247
q20485,python create null pointer with ctypes,python create null pointer with ctypes,python create null pointer with ctypes integer error array loop query,3,d16141,0.8882380723953247
q20485,python create null pointer with ctypes,python create null pointer with ctypes,python create null pointer with ctypes integer error array loop query,4,d14515,0.8882380723953247
q20485,python create null pointer with ctypes,python create null pointer with ctypes,python create null pointer with ctypes integer error array loop query,5,d6518,0.8882380723953247
q20485,python create null pointer with ctypes,python create null pointer with ctypes,python create null pointer with ctypes integer error array loop query,6,d83,0.8882380723953247
q20485,python create null pointer with ctypes,python create null pointer with ctypes,python create null pointer with ctypes integer error array loop query,7,d4950,0.8882380723953247
q20485,python create null pointer with ctypes,python create null pointer with ctypes,python create null pointer with ctypes integer error array loop query,8,d4343,0.8880199193954468
q20485,python create null pointer with ctypes,python create null pointer with ctypes,python create null pointer with ctypes integer error array loop query,9,d2158,0.8880199193954468
q20485,python create null pointer with ctypes,python create null pointer with ctypes,python create null pointer with ctypes integer error array loop query,10,d4302,0.8880199193954468
q20486,python md5 hash string,python md5 hash string,python md5 hash string string integer variable database parameter,1,d15597,0.8921351432800293
q20486,python md5 hash string,python md5 hash string,python md5 hash string string integer variable database parameter,2,d20486,0.8921351432800293
q20486,python md5 hash string,python md5 hash string,python md5 hash string string integer variable database parameter,3,d5950,0.8921351432800293
q20486,python md5 hash string,python md5 hash string,python md5 hash string string integer variable database parameter,4,d15903,0.8921351432800293
q20486,python md5 hash string,python md5 hash string,python md5 hash string string integer variable database parameter,5,d10064,0.8921351432800293
q20486,python md5 hash string,python md5 hash string,python md5 hash string string integer variable database parameter,6,d14036,0.8921351432800293
q20486,python md5 hash string,python md5 hash string,python md5 hash string string integer variable database parameter,7,d7989,0.8921351432800293
q20486,python md5 hash string,python md5 hash string,python md5 hash string string integer variable database parameter,8,d1418,0.8921351432800293
q20486,python md5 hash string,python md5 hash string,python md5 hash string string integer variable database parameter,9,d14618,0.8921351432800293
q20486,python md5 hash string,python md5 hash string,python md5 hash string string integer variable database parameter,10,d13318,0.8726493120193481
q20487,python how to match dictionarys,python how to match dictionarys,python how to match dictionarys dictionary search integer error query,1,d3782,0.8766510486602783
q20487,python how to match dictionarys,python how to match dictionarys,python how to match dictionarys dictionary search integer error query,2,d5863,0.8766510486602783
q20487,python how to match dictionarys,python how to match dictionarys,python how to match dictionarys dictionary search integer error query,3,d4862,0.8766510486602783
q20487,python how to match dictionarys,python how to match dictionarys,python how to match dictionarys dictionary search integer error query,4,d15585,0.8766510486602783
q20487,python how to match dictionarys,python how to match dictionarys,python how to match dictionarys dictionary search integer error query,5,d1243,0.8766510486602783
q20487,python how to match dictionarys,python how to match dictionarys,python how to match dictionarys dictionary search integer error query,6,d9415,0.8766510486602783
q20487,python how to match dictionarys,python how to match dictionarys,python how to match dictionarys dictionary search integer error query,7,d9428,0.8766510486602783
q20487,python how to match dictionarys,python how to match dictionarys,python how to match dictionarys dictionary search integer error query,8,d19749,0.8766510486602783
q20487,python how to match dictionarys,python how to match dictionarys,python how to match dictionarys dictionary search integer error query,9,d15023,0.8766510486602783
q20487,python how to match dictionarys,python how to match dictionarys,python how to match dictionarys dictionary search integer error query,10,d11680,0.873881459236145
q20488,"select elements from a list, then delete these elements in the original list python","select elements from a list, then delete these elements in the original list python","select elements from a list, then delete these elements in the original list python delete list error loop write",1,d15591,0.9003816843032837
q20488,"select elements from a list, then delete these elements in the original list python","select elements from a list, then delete these elements in the original list python","select elements from a list, then delete these elements in the original list python delete list error loop write",2,d821,0.9003816843032837
q20488,"select elements from a list, then delete these elements in the original list python","select elements from a list, then delete these elements in the original list python","select elements from a list, then delete these elements in the original list python delete list error loop write",3,d9982,0.9003816843032837
q20488,"select elements from a list, then delete these elements in the original list python","select elements from a list, then delete these elements in the original list python","select elements from a list, then delete these elements in the original list python delete list error loop write",4,d9206,0.9003816843032837
q20488,"select elements from a list, then delete these elements in the original list python","select elements from a list, then delete these elements in the original list python","select elements from a list, then delete these elements in the original list python delete list error loop write",5,d19830,0.9003816843032837
q20488,"select elements from a list, then delete these elements in the original list python","select elements from a list, then delete these elements in the original list python","select elements from a list, then delete these elements in the original list python delete list error loop write",6,d3143,0.9003816843032837
q20488,"select elements from a list, then delete these elements in the original list python","select elements from a list, then delete these elements in the original list python","select elements from a list, then delete these elements in the original list python delete list error loop write",7,d5630,0.9003816843032837
q20488,"select elements from a list, then delete these elements in the original list python","select elements from a list, then delete these elements in the original list python","select elements from a list, then delete these elements in the original list python delete list error loop write",8,d16147,0.9003816843032837
q20488,"select elements from a list, then delete these elements in the original list python","select elements from a list, then delete these elements in the original list python","select elements from a list, then delete these elements in the original list python delete list error loop write",9,d2541,0.8975147008895874
q20488,"select elements from a list, then delete these elements in the original list python","select elements from a list, then delete these elements in the original list python","select elements from a list, then delete these elements in the original list python delete list error loop write",10,d7644,0.8975147008895874
q20489,pybool to c++ python 3,pybool to c++ python 3,pybool to c++ python 3 loop error query update boolean,1,d18007,0.861625075340271
q20489,pybool to c++ python 3,pybool to c++ python 3,pybool to c++ python 3 loop error query update boolean,2,d16785,0.860145628452301
q20489,pybool to c++ python 3,pybool to c++ python 3,pybool to c++ python 3 loop error query update boolean,3,d18843,0.860145628452301
q20489,pybool to c++ python 3,pybool to c++ python 3,pybool to c++ python 3 loop error query update boolean,4,d13302,0.8585696220397949
q20489,pybool to c++ python 3,pybool to c++ python 3,pybool to c++ python 3 loop error query update boolean,5,d15431,0.8585696220397949
q20489,pybool to c++ python 3,pybool to c++ python 3,pybool to c++ python 3 loop error query update boolean,6,d18072,0.8572207689285278
q20489,pybool to c++ python 3,pybool to c++ python 3,pybool to c++ python 3 loop error query update boolean,7,d18840,0.8565282821655273
q20489,pybool to c++ python 3,pybool to c++ python 3,pybool to c++ python 3 loop error query update boolean,8,d18079,0.8565282821655273
q20489,pybool to c++ python 3,pybool to c++ python 3,pybool to c++ python 3 loop error query update boolean,9,d19599,0.8563952445983887
q20489,pybool to c++ python 3,pybool to c++ python 3,pybool to c++ python 3 loop error query update boolean,10,d12258,0.8545382022857666
q20490,how to add a ? in python url,how to add a ? in python url,how to add a ? in python url add error update string integer,1,d91,0.8706212043762207
q20490,how to add a ? in python url,how to add a ? in python url,how to add a ? in python url add error update string integer,2,d9565,0.8706212043762207
q20490,how to add a ? in python url,how to add a ? in python url,how to add a ? in python url add error update string integer,3,d10566,0.8706212043762207
q20490,how to add a ? in python url,how to add a ? in python url,how to add a ? in python url add error update string integer,4,d10564,0.8706212043762207
q20490,how to add a ? in python url,how to add a ? in python url,how to add a ? in python url add error update string integer,5,d14785,0.8662649393081665
q20490,how to add a ? in python url,how to add a ? in python url,how to add a ? in python url add error update string integer,6,d20346,0.8657535314559937
q20490,how to add a ? in python url,how to add a ? in python url,how to add a ? in python url add error update string integer,7,d17911,0.8654769062995911
q20490,how to add a ? in python url,how to add a ? in python url,how to add a ? in python url add error update string integer,8,d8130,0.8624483346939087
q20490,how to add a ? in python url,how to add a ? in python url,how to add a ? in python url add error update string integer,9,d1799,0.8624483346939087
q20490,how to add a ? in python url,how to add a ? in python url,how to add a ? in python url add error update string integer,10,d6080,0.8624483346939087
q20491,python how to check whether the process with pid exist,python how to check whether the process with pid exist,python how to check whether the process with pid exist file error condition method search,1,d14378,0.914057731628418
q20491,python how to check whether the process with pid exist,python how to check whether the process with pid exist,python how to check whether the process with pid exist file error condition method search,2,d4409,0.914057731628418
q20491,python how to check whether the process with pid exist,python how to check whether the process with pid exist,python how to check whether the process with pid exist file error condition method search,3,d14357,0.914057731628418
q20491,python how to check whether the process with pid exist,python how to check whether the process with pid exist,python how to check whether the process with pid exist file error condition method search,4,d584,0.914057731628418
q20491,python how to check whether the process with pid exist,python how to check whether the process with pid exist,python how to check whether the process with pid exist file error condition method search,5,d20443,0.914057731628418
q20491,python how to check whether the process with pid exist,python how to check whether the process with pid exist,python how to check whether the process with pid exist file error condition method search,6,d2036,0.914057731628418
q20491,python how to check whether the process with pid exist,python how to check whether the process with pid exist,python how to check whether the process with pid exist file error condition method search,7,d2093,0.914057731628418
q20491,python how to check whether the process with pid exist,python how to check whether the process with pid exist,python how to check whether the process with pid exist file error condition method search,8,d20491,0.914057731628418
q20491,python how to check whether the process with pid exist,python how to check whether the process with pid exist,python how to check whether the process with pid exist file error condition method search,9,d12417,0.914057731628418
q20491,python how to check whether the process with pid exist,python how to check whether the process with pid exist,python how to check whether the process with pid exist file error condition method search,10,d4166,0.914057731628418
q20492,how to cehck if somethign is a constant python,how to cehck if somethign is a constant python,how to cehck if somethign is a constant python integer error update search condition,1,d3635,0.8612046837806702
q20492,how to cehck if somethign is a constant python,how to cehck if somethign is a constant python,how to cehck if somethign is a constant python integer error update search condition,2,d7535,0.8612046837806702
q20492,how to cehck if somethign is a constant python,how to cehck if somethign is a constant python,how to cehck if somethign is a constant python integer error update search condition,3,d15225,0.8612046837806702
q20492,how to cehck if somethign is a constant python,how to cehck if somethign is a constant python,how to cehck if somethign is a constant python integer error update search condition,4,d18007,0.8599270582199097
q20492,how to cehck if somethign is a constant python,how to cehck if somethign is a constant python,how to cehck if somethign is a constant python integer error update search condition,5,d161,0.8597726821899414
q20492,how to cehck if somethign is a constant python,how to cehck if somethign is a constant python,how to cehck if somethign is a constant python integer error update search condition,6,d1748,0.8597726821899414
q20492,how to cehck if somethign is a constant python,how to cehck if somethign is a constant python,how to cehck if somethign is a constant python integer error update search condition,7,d13969,0.8597726821899414
q20492,how to cehck if somethign is a constant python,how to cehck if somethign is a constant python,how to cehck if somethign is a constant python integer error update search condition,8,d3378,0.8567097187042236
q20492,how to cehck if somethign is a constant python,how to cehck if somethign is a constant python,how to cehck if somethign is a constant python integer error update search condition,9,d19657,0.8567097187042236
q20492,how to cehck if somethign is a constant python,how to cehck if somethign is a constant python,how to cehck if somethign is a constant python integer error update search condition,10,d18072,0.85500568151474
q20493,python check if variable exists in locals,python check if variable exists in locals,python check if variable exists in locals variable error integer file condition,1,d2750,0.8945068120956421
q20493,python check if variable exists in locals,python check if variable exists in locals,python check if variable exists in locals variable error integer file condition,2,d20544,0.8813203573226929
q20493,python check if variable exists in locals,python check if variable exists in locals,python check if variable exists in locals variable error integer file condition,3,d14434,0.8813203573226929
q20493,python check if variable exists in locals,python check if variable exists in locals,python check if variable exists in locals variable error integer file condition,4,d4814,0.8813203573226929
q20493,python check if variable exists in locals,python check if variable exists in locals,python check if variable exists in locals variable error integer file condition,5,d14475,0.8813203573226929
q20493,python check if variable exists in locals,python check if variable exists in locals,python check if variable exists in locals variable error integer file condition,6,d14370,0.8813203573226929
q20493,python check if variable exists in locals,python check if variable exists in locals,python check if variable exists in locals variable error integer file condition,7,d9251,0.8813203573226929
q20493,python check if variable exists in locals,python check if variable exists in locals,python check if variable exists in locals variable error integer file condition,8,d12435,0.8813203573226929
q20493,python check if variable exists in locals,python check if variable exists in locals,python check if variable exists in locals variable error integer file condition,9,d6382,0.8813203573226929
q20493,python check if variable exists in locals,python check if variable exists in locals,python check if variable exists in locals variable error integer file condition,10,d9033,0.876567542552948
q20494,python filter a dictionary by value,python filter a dictionary by value,python filter a dictionary by value dictionary filter variable error function,1,d16777,0.8781166076660156
q20494,python filter a dictionary by value,python filter a dictionary by value,python filter a dictionary by value dictionary filter variable error function,2,d6274,0.8741007447242737
q20494,python filter a dictionary by value,python filter a dictionary by value,python filter a dictionary by value dictionary filter variable error function,3,d19711,0.8741007447242737
q20494,python filter a dictionary by value,python filter a dictionary by value,python filter a dictionary by value dictionary filter variable error function,4,d2672,0.8741007447242737
q20494,python filter a dictionary by value,python filter a dictionary by value,python filter a dictionary by value dictionary filter variable error function,5,d3297,0.8741007447242737
q20494,python filter a dictionary by value,python filter a dictionary by value,python filter a dictionary by value dictionary filter variable error function,6,d9398,0.8741007447242737
q20494,python filter a dictionary by value,python filter a dictionary by value,python filter a dictionary by value dictionary filter variable error function,7,d3928,0.8741007447242737
q20494,python filter a dictionary by value,python filter a dictionary by value,python filter a dictionary by value dictionary filter variable error function,8,d16454,0.8741007447242737
q20494,python filter a dictionary by value,python filter a dictionary by value,python filter a dictionary by value dictionary filter variable error function,9,d12976,0.8741007447242737
q20494,python filter a dictionary by value,python filter a dictionary by value,python filter a dictionary by value dictionary filter variable error function,10,d14861,0.8741007447242737
q20495,read json file and turn into dictionary using python,read json file and turn into dictionary using python,read json file and turn into dictionary using python file dictionary read write query update,1,d7480,0.8980754613876343
q20495,read json file and turn into dictionary using python,read json file and turn into dictionary using python,read json file and turn into dictionary using python file dictionary read write query update,2,d13934,0.8980754613876343
q20495,read json file and turn into dictionary using python,read json file and turn into dictionary using python,read json file and turn into dictionary using python file dictionary read write query update,3,d5987,0.8980754613876343
q20495,read json file and turn into dictionary using python,read json file and turn into dictionary using python,read json file and turn into dictionary using python file dictionary read write query update,4,d11559,0.8980754613876343
q20495,read json file and turn into dictionary using python,read json file and turn into dictionary using python,read json file and turn into dictionary using python file dictionary read write query update,5,d5420,0.8980754613876343
q20495,read json file and turn into dictionary using python,read json file and turn into dictionary using python,read json file and turn into dictionary using python file dictionary read write query update,6,d8077,0.8980754613876343
q20495,read json file and turn into dictionary using python,read json file and turn into dictionary using python,read json file and turn into dictionary using python file dictionary read write query update,7,d20445,0.8980754613876343
q20495,read json file and turn into dictionary using python,read json file and turn into dictionary using python,read json file and turn into dictionary using python file dictionary read write query update,8,d7229,0.8956041932106018
q20495,read json file and turn into dictionary using python,read json file and turn into dictionary using python,read json file and turn into dictionary using python file dictionary read write query update,9,d1638,0.8924111723899841
q20495,read json file and turn into dictionary using python,read json file and turn into dictionary using python,read json file and turn into dictionary using python file dictionary read write query update,10,d7494,0.8924111723899841
q20496,python change the shape of list,python change the shape of list,python change the shape of list list row column update loop,1,d6607,0.8684288859367371
q20496,python change the shape of list,python change the shape of list,python change the shape of list list row column update loop,2,d16053,0.8684288859367371
q20496,python change the shape of list,python change the shape of list,python change the shape of list list row column update loop,3,d16283,0.8684288859367371
q20496,python change the shape of list,python change the shape of list,python change the shape of list list row column update loop,4,d16135,0.8684288859367371
q20496,python change the shape of list,python change the shape of list,python change the shape of list list row column update loop,5,d12684,0.8684288859367371
q20496,python change the shape of list,python change the shape of list,python change the shape of list list row column update loop,6,d20496,0.8684288859367371
q20496,python change the shape of list,python change the shape of list,python change the shape of list list row column update loop,7,d4498,0.8684288859367371
q20496,python change the shape of list,python change the shape of list,python change the shape of list list row column update loop,8,d10646,0.8684288859367371
q20496,python change the shape of list,python change the shape of list,python change the shape of list list row column update loop,9,d7115,0.8684288859367371
q20496,python change the shape of list,python change the shape of list,python change the shape of list list row column update loop,10,d14666,0.8684288859367371
q20497,how to get the datatypes in python,how to get the datatypes in python,how to get the datatypes in python data database method parameter dictionary,1,d17675,0.8914092779159546
q20497,how to get the datatypes in python,how to get the datatypes in python,how to get the datatypes in python data database method parameter dictionary,2,d19435,0.8914092779159546
q20497,how to get the datatypes in python,how to get the datatypes in python,how to get the datatypes in python data database method parameter dictionary,3,d17272,0.8914092779159546
q20497,how to get the datatypes in python,how to get the datatypes in python,how to get the datatypes in python data database method parameter dictionary,4,d19119,0.8914092779159546
q20497,how to get the datatypes in python,how to get the datatypes in python,how to get the datatypes in python data database method parameter dictionary,5,d13507,0.8903677463531494
q20497,how to get the datatypes in python,how to get the datatypes in python,how to get the datatypes in python data database method parameter dictionary,6,d13112,0.8903677463531494
q20497,how to get the datatypes in python,how to get the datatypes in python,how to get the datatypes in python data database method parameter dictionary,7,d693,0.8903677463531494
q20497,how to get the datatypes in python,how to get the datatypes in python,how to get the datatypes in python data database method parameter dictionary,8,d5339,0.8903677463531494
q20497,how to get the datatypes in python,how to get the datatypes in python,how to get the datatypes in python data database method parameter dictionary,9,d3533,0.8903677463531494
q20497,how to get the datatypes in python,how to get the datatypes in python,how to get the datatypes in python data database method parameter dictionary,10,d9118,0.8903677463531494
q20498,initializing an empty string with a size python,initializing an empty string with a size python,initializing an empty string with a size python string integer open file error,1,d17684,0.8827919960021973
q20498,initializing an empty string with a size python,initializing an empty string with a size python,initializing an empty string with a size python string integer open file error,2,d18518,0.8827919960021973
q20498,initializing an empty string with a size python,initializing an empty string with a size python,initializing an empty string with a size python string integer open file error,3,d18081,0.8827919960021973
q20498,initializing an empty string with a size python,initializing an empty string with a size python,initializing an empty string with a size python string integer open file error,4,d17105,0.8827919960021973
q20498,initializing an empty string with a size python,initializing an empty string with a size python,initializing an empty string with a size python string integer open file error,5,d19489,0.8827919960021973
q20498,initializing an empty string with a size python,initializing an empty string with a size python,initializing an empty string with a size python string integer open file error,6,d19594,0.8827919960021973
q20498,initializing an empty string with a size python,initializing an empty string with a size python,initializing an empty string with a size python string integer open file error,7,d14762,0.8741047382354736
q20498,initializing an empty string with a size python,initializing an empty string with a size python,initializing an empty string with a size python string integer open file error,8,d6646,0.8741047382354736
q20498,initializing an empty string with a size python,initializing an empty string with a size python,initializing an empty string with a size python string integer open file error,9,d6061,0.8741047382354736
q20498,initializing an empty string with a size python,initializing an empty string with a size python,initializing an empty string with a size python string integer open file error,10,d10688,0.8741047382354736
q20499,cast str as int in python,cast str as int in python,cast str as int in python string integer condition error loop,1,d20499,0.8942761421203613
q20499,cast str as int in python,cast str as int in python,cast str as int in python string integer condition error loop,2,d16855,0.8942761421203613
q20499,cast str as int in python,cast str as int in python,cast str as int in python string integer condition error loop,3,d18876,0.8942761421203613
q20499,cast str as int in python,cast str as int in python,cast str as int in python string integer condition error loop,4,d17899,0.8942761421203613
q20499,cast str as int in python,cast str as int in python,cast str as int in python string integer condition error loop,5,d16689,0.8942761421203613
q20499,cast str as int in python,cast str as int in python,cast str as int in python string integer condition error loop,6,d17207,0.8942761421203613
q20499,cast str as int in python,cast str as int in python,cast str as int in python string integer condition error loop,7,d18155,0.8942761421203613
q20499,cast str as int in python,cast str as int in python,cast str as int in python string integer condition error loop,8,d19133,0.8942761421203613
q20499,cast str as int in python,cast str as int in python,cast str as int in python string integer condition error loop,9,d18506,0.8942761421203613
q20499,cast str as int in python,cast str as int in python,cast str as int in python string integer condition error loop,10,d19420,0.8942761421203613
q20500,"python, sql table column details","python, sql table column details","python, sql table column details column table database row integer",1,d6781,0.8731693625450134
q20500,"python, sql table column details","python, sql table column details","python, sql table column details column table database row integer",2,d1814,0.8731693625450134
q20500,"python, sql table column details","python, sql table column details","python, sql table column details column table database row integer",3,d1080,0.8731693625450134
q20500,"python, sql table column details","python, sql table column details","python, sql table column details column table database row integer",4,d1173,0.8731693625450134
q20500,"python, sql table column details","python, sql table column details","python, sql table column details column table database row integer",5,d4591,0.8731693625450134
q20500,"python, sql table column details","python, sql table column details","python, sql table column details column table database row integer",6,d16299,0.8731693625450134
q20500,"python, sql table column details","python, sql table column details","python, sql table column details column table database row integer",7,d1060,0.8731693625450134
q20500,"python, sql table column details","python, sql table column details","python, sql table column details column table database row integer",8,d7398,0.8731693625450134
q20500,"python, sql table column details","python, sql table column details","python, sql table column details column table database row integer",9,d19941,0.869759202003479
q20500,"python, sql table column details","python, sql table column details","python, sql table column details column table database row integer",10,d9841,0.8681845664978027
q20501,python pathlib to traverse directories,python pathlib to traverse directories,python pathlib to traverse directories file database loop search error,1,d15171,0.870579719543457
q20501,python pathlib to traverse directories,python pathlib to traverse directories,python pathlib to traverse directories file database loop search error,2,d5870,0.870579719543457
q20501,python pathlib to traverse directories,python pathlib to traverse directories,python pathlib to traverse directories file database loop search error,3,d15929,0.8705796003341675
q20501,python pathlib to traverse directories,python pathlib to traverse directories,python pathlib to traverse directories file database loop search error,4,d15165,0.8705796003341675
q20501,python pathlib to traverse directories,python pathlib to traverse directories,python pathlib to traverse directories file database loop search error,5,d1370,0.8705796003341675
q20501,python pathlib to traverse directories,python pathlib to traverse directories,python pathlib to traverse directories file database loop search error,6,d15226,0.8695480823516846
q20501,python pathlib to traverse directories,python pathlib to traverse directories,python pathlib to traverse directories file database loop search error,7,d9932,0.8695480823516846
q20501,python pathlib to traverse directories,python pathlib to traverse directories,python pathlib to traverse directories file database loop search error,8,d11098,0.8695480823516846
q20501,python pathlib to traverse directories,python pathlib to traverse directories,python pathlib to traverse directories file database loop search error,9,d8021,0.8566397428512573
q20501,python pathlib to traverse directories,python pathlib to traverse directories,python pathlib to traverse directories file database loop search error,10,d7964,0.8566397428512573
q20502,python create list of columns with their dtype,python create list of columns with their dtype,python create list of columns with their dtype column list database row integer,1,d18721,0.8987372517585754
q20502,python create list of columns with their dtype,python create list of columns with their dtype,python create list of columns with their dtype column list database row integer,2,d19106,0.8987372517585754
q20502,python create list of columns with their dtype,python create list of columns with their dtype,python create list of columns with their dtype column list database row integer,3,d19102,0.8987372517585754
q20502,python create list of columns with their dtype,python create list of columns with their dtype,python create list of columns with their dtype column list database row integer,4,d19378,0.8987372517585754
q20502,python create list of columns with their dtype,python create list of columns with their dtype,python create list of columns with their dtype column list database row integer,5,d17360,0.8987372517585754
q20502,python create list of columns with their dtype,python create list of columns with their dtype,python create list of columns with their dtype column list database row integer,6,d19846,0.8987371921539307
q20502,python create list of columns with their dtype,python create list of columns with their dtype,python create list of columns with their dtype column list database row integer,7,d20497,0.8987371921539307
q20502,python create list of columns with their dtype,python create list of columns with their dtype,python create list of columns with their dtype column list database row integer,8,d17544,0.8987371921539307
q20502,python create list of columns with their dtype,python create list of columns with their dtype,python create list of columns with their dtype column list database row integer,9,d19176,0.8987371921539307
q20502,python create list of columns with their dtype,python create list of columns with their dtype,python create list of columns with their dtype column list database row integer,10,d17503,0.8987371921539307
q20503,python turn all nested object to dict,python turn all nested object to dict,python turn all nested object to dict dictionary return integer add string,1,d20503,0.8981616497039795
q20503,python turn all nested object to dict,python turn all nested object to dict,python turn all nested object to dict dictionary return integer add string,2,d7496,0.8981616497039795
q20503,python turn all nested object to dict,python turn all nested object to dict,python turn all nested object to dict dictionary return integer add string,3,d5100,0.8803243637084961
q20503,python turn all nested object to dict,python turn all nested object to dict,python turn all nested object to dict dictionary return integer add string,4,d14611,0.8803243637084961
q20503,python turn all nested object to dict,python turn all nested object to dict,python turn all nested object to dict dictionary return integer add string,5,d9848,0.8803243637084961
q20503,python turn all nested object to dict,python turn all nested object to dict,python turn all nested object to dict dictionary return integer add string,6,d11310,0.8803243637084961
q20503,python turn all nested object to dict,python turn all nested object to dict,python turn all nested object to dict dictionary return integer add string,7,d5732,0.8803243637084961
q20503,python turn all nested object to dict,python turn all nested object to dict,python turn all nested object to dict dictionary return integer add string,8,d10791,0.8803243637084961
q20503,python turn all nested object to dict,python turn all nested object to dict,python turn all nested object to dict dictionary return integer add string,9,d937,0.8803243637084961
q20503,python turn all nested object to dict,python turn all nested object to dict,python turn all nested object to dict dictionary return integer add string,10,d3767,0.8803243637084961
q20504,python read dicom images,python read dicom images,python read dicom images read dictionary column row integer,1,d11884,0.869921088218689
q20504,python read dicom images,python read dicom images,python read dicom images read dictionary column row integer,2,d6383,0.869921088218689
q20504,python read dicom images,python read dicom images,python read dicom images read dictionary column row integer,3,d1466,0.869921088218689
q20504,python read dicom images,python read dicom images,python read dicom images read dictionary column row integer,4,d9841,0.869921088218689
q20504,python read dicom images,python read dicom images,python read dicom images read dictionary column row integer,5,d1288,0.8692481517791748
q20504,python read dicom images,python read dicom images,python read dicom images read dictionary column row integer,6,d20504,0.8692481517791748
q20504,python read dicom images,python read dicom images,python read dicom images read dictionary column row integer,7,d15559,0.8619745373725891
q20504,python read dicom images,python read dicom images,python read dicom images read dictionary column row integer,8,d16445,0.8619745373725891
q20504,python read dicom images,python read dicom images,python read dicom images read dictionary column row integer,9,d93,0.8619745373725891
q20504,python read dicom images,python read dicom images,python read dicom images read dictionary column row integer,10,d11399,0.8619745373725891
q20505,python making string lower case,python making string lower case,python making string lower case string loop error condition row,1,d17351,0.8695554733276367
q20505,python making string lower case,python making string lower case,python making string lower case string loop error condition row,2,d19001,0.8695554733276367
q20505,python making string lower case,python making string lower case,python making string lower case string loop error condition row,3,d16900,0.8695554733276367
q20505,python making string lower case,python making string lower case,python making string lower case string loop error condition row,4,d18583,0.8695554733276367
q20505,python making string lower case,python making string lower case,python making string lower case string loop error condition row,5,d19428,0.8695554733276367
q20505,python making string lower case,python making string lower case,python making string lower case string loop error condition row,6,d17145,0.8695554733276367
q20505,python making string lower case,python making string lower case,python making string lower case string loop error condition row,7,d16681,0.8695554733276367
q20505,python making string lower case,python making string lower case,python making string lower case string loop error condition row,8,d16706,0.8676989674568176
q20505,python making string lower case,python making string lower case,python making string lower case string loop error condition row,9,d17427,0.8657535314559937
q20505,python making string lower case,python making string lower case,python making string lower case string loop error condition row,10,d17494,0.8657535314559937
q20506,how to implement a macro in python,how to implement a macro in python,how to implement a macro in python parameter function method integer error,1,d19626,0.855201244354248
q20506,how to implement a macro in python,how to implement a macro in python,how to implement a macro in python parameter function method integer error,2,d19081,0.855201244354248
q20506,how to implement a macro in python,how to implement a macro in python,how to implement a macro in python parameter function method integer error,3,d19169,0.855201244354248
q20506,how to implement a macro in python,how to implement a macro in python,how to implement a macro in python parameter function method integer error,4,d18646,0.855201244354248
q20506,how to implement a macro in python,how to implement a macro in python,how to implement a macro in python parameter function method integer error,5,d17108,0.855201244354248
q20506,how to implement a macro in python,how to implement a macro in python,how to implement a macro in python parameter function method integer error,6,d4052,0.8515473008155823
q20506,how to implement a macro in python,how to implement a macro in python,how to implement a macro in python parameter function method integer error,7,d5356,0.8470878601074219
q20506,how to implement a macro in python,how to implement a macro in python,how to implement a macro in python parameter function method integer error,8,d18973,0.8469049334526062
q20506,how to implement a macro in python,how to implement a macro in python,how to implement a macro in python parameter function method integer error,9,d20506,0.8463824987411499
q20506,how to implement a macro in python,how to implement a macro in python,how to implement a macro in python parameter function method integer error,10,d1298,0.844536542892456
q20507,python subprocess close stdin,python subprocess close stdin,python subprocess close stdin close string error file delete,1,d9612,0.8761443495750427
q20507,python subprocess close stdin,python subprocess close stdin,python subprocess close stdin close string error file delete,2,d5267,0.8761443495750427
q20507,python subprocess close stdin,python subprocess close stdin,python subprocess close stdin close string error file delete,3,d3416,0.8761443495750427
q20507,python subprocess close stdin,python subprocess close stdin,python subprocess close stdin close string error file delete,4,d824,0.8761443495750427
q20507,python subprocess close stdin,python subprocess close stdin,python subprocess close stdin close string error file delete,5,d2927,0.8761443495750427
q20507,python subprocess close stdin,python subprocess close stdin,python subprocess close stdin close string error file delete,6,d3398,0.8761443495750427
q20507,python subprocess close stdin,python subprocess close stdin,python subprocess close stdin close string error file delete,7,d15906,0.8722642064094543
q20507,python subprocess close stdin,python subprocess close stdin,python subprocess close stdin close string error file delete,8,d5409,0.8722642064094543
q20507,python subprocess close stdin,python subprocess close stdin,python subprocess close stdin close string error file delete,9,d1063,0.865506649017334
q20507,python subprocess close stdin,python subprocess close stdin,python subprocess close stdin close string error file delete,10,d3773,0.865506649017334
q20508,sum within a comprehension python,sum within a comprehension python,sum within a comprehension python integer function dictionary column error,1,d8543,0.8622802495956421
q20508,sum within a comprehension python,sum within a comprehension python,sum within a comprehension python integer function dictionary column error,2,d9249,0.8622802495956421
q20508,sum within a comprehension python,sum within a comprehension python,sum within a comprehension python integer function dictionary column error,3,d6780,0.8622802495956421
q20508,sum within a comprehension python,sum within a comprehension python,sum within a comprehension python integer function dictionary column error,4,d2164,0.8622802495956421
q20508,sum within a comprehension python,sum within a comprehension python,sum within a comprehension python integer function dictionary column error,5,d12504,0.8622802495956421
q20508,sum within a comprehension python,sum within a comprehension python,sum within a comprehension python integer function dictionary column error,6,d10816,0.8622802495956421
q20508,sum within a comprehension python,sum within a comprehension python,sum within a comprehension python integer function dictionary column error,7,d14881,0.8622802495956421
q20508,sum within a comprehension python,sum within a comprehension python,sum within a comprehension python integer function dictionary column error,8,d390,0.8622802495956421
q20508,sum within a comprehension python,sum within a comprehension python,sum within a comprehension python integer function dictionary column error,9,d13122,0.8622320890426636
q20508,sum within a comprehension python,sum within a comprehension python,sum within a comprehension python integer function dictionary column error,10,d12350,0.8622320890426636
q20509,python timedelta without microseconds,python timedelta without microseconds,python timedelta without microseconds delete error integer update parameter,1,d3636,0.8858487606048584
q20509,python timedelta without microseconds,python timedelta without microseconds,python timedelta without microseconds delete error integer update parameter,2,d4171,0.8858487606048584
q20509,python timedelta without microseconds,python timedelta without microseconds,python timedelta without microseconds delete error integer update parameter,3,d20509,0.873198390007019
q20509,python timedelta without microseconds,python timedelta without microseconds,python timedelta without microseconds delete error integer update parameter,4,d14096,0.873198390007019
q20509,python timedelta without microseconds,python timedelta without microseconds,python timedelta without microseconds delete error integer update parameter,5,d13333,0.8634693026542664
q20509,python timedelta without microseconds,python timedelta without microseconds,python timedelta without microseconds delete error integer update parameter,6,d4741,0.8634693026542664
q20509,python timedelta without microseconds,python timedelta without microseconds,python timedelta without microseconds delete error integer update parameter,7,d19716,0.8634693026542664
q20509,python timedelta without microseconds,python timedelta without microseconds,python timedelta without microseconds delete error integer update parameter,8,d10573,0.8634693026542664
q20509,python timedelta without microseconds,python timedelta without microseconds,python timedelta without microseconds delete error integer update parameter,9,d14615,0.8634206056594849
q20509,python timedelta without microseconds,python timedelta without microseconds,python timedelta without microseconds delete error integer update parameter,10,d20121,0.8634206056594849
q20510,change python object to string,change python object to string,change python object to string string update add variable error,1,d156,0.8723800182342529
q20510,change python object to string,change python object to string,change python object to string string update add variable error,2,d7229,0.8694424033164978
q20510,change python object to string,change python object to string,change python object to string string update add variable error,3,d9565,0.8693522214889526
q20510,change python object to string,change python object to string,change python object to string string update add variable error,4,d91,0.8693522214889526
q20510,change python object to string,change python object to string,change python object to string string update add variable error,5,d10566,0.8693522214889526
q20510,change python object to string,change python object to string,change python object to string string update add variable error,6,d10564,0.8693522214889526
q20510,change python object to string,change python object to string,change python object to string string update add variable error,7,d16364,0.8681374788284302
q20510,change python object to string,change python object to string,change python object to string string update add variable error,8,d10256,0.8681374788284302
q20510,change python object to string,change python object to string,change python object to string string update add variable error,9,d4606,0.8681374788284302
q20510,change python object to string,change python object to string,change python object to string string update add variable error,10,d17911,0.8675581812858582
q20511,eit request header in python flask,eit request header in python flask,eit request header in python flask error integer update search database,1,d8781,0.8661758303642273
q20511,eit request header in python flask,eit request header in python flask,eit request header in python flask error integer update search database,2,d12742,0.8661758303642273
q20511,eit request header in python flask,eit request header in python flask,eit request header in python flask error integer update search database,3,d8783,0.8519503474235535
q20511,eit request header in python flask,eit request header in python flask,eit request header in python flask error integer update search database,4,d7838,0.8519503474235535
q20511,eit request header in python flask,eit request header in python flask,eit request header in python flask error integer update search database,5,d10741,0.8519503474235535
q20511,eit request header in python flask,eit request header in python flask,eit request header in python flask error integer update search database,6,d20284,0.8519503474235535
q20511,eit request header in python flask,eit request header in python flask,eit request header in python flask error integer update search database,7,d14882,0.8519503474235535
q20511,eit request header in python flask,eit request header in python flask,eit request header in python flask error integer update search database,8,d332,0.8519503474235535
q20511,eit request header in python flask,eit request header in python flask,eit request header in python flask error integer update search database,9,d16042,0.8497806787490845
q20511,eit request header in python flask,eit request header in python flask,eit request header in python flask error integer update search database,10,d7616,0.8497806787490845
q20512,python lower all elements in list,python lower all elements in list,python lower all elements in list list loop error row integer,1,d9206,0.8644610643386841
q20512,python lower all elements in list,python lower all elements in list,python lower all elements in list list loop error row integer,2,d821,0.8644610643386841
q20512,python lower all elements in list,python lower all elements in list,python lower all elements in list list loop error row integer,3,d19830,0.8644610643386841
q20512,python lower all elements in list,python lower all elements in list,python lower all elements in list list loop error row integer,4,d9982,0.8644610643386841
q20512,python lower all elements in list,python lower all elements in list,python lower all elements in list list loop error row integer,5,d3143,0.8644610643386841
q20512,python lower all elements in list,python lower all elements in list,python lower all elements in list list loop error row integer,6,d5630,0.8644610643386841
q20512,python lower all elements in list,python lower all elements in list,python lower all elements in list list loop error row integer,7,d16147,0.8644610643386841
q20512,python lower all elements in list,python lower all elements in list,python lower all elements in list list loop error row integer,8,d15591,0.8644610643386841
q20512,python lower all elements in list,python lower all elements in list,python lower all elements in list list loop error row integer,9,d7644,0.8562919497489929
q20512,python lower all elements in list,python lower all elements in list,python lower all elements in list list loop error row integer,10,d2541,0.8562919497489929
q20513,using sort to move element in to new position in list python,using sort to move element in to new position in list python,using sort to move element in to new position in list python sort list update loop condition,1,d5755,0.8843483924865723
q20513,using sort to move element in to new position in list python,using sort to move element in to new position in list python,using sort to move element in to new position in list python sort list update loop condition,2,d15831,0.8843483924865723
q20513,using sort to move element in to new position in list python,using sort to move element in to new position in list python,using sort to move element in to new position in list python sort list update loop condition,3,d4424,0.8843483924865723
q20513,using sort to move element in to new position in list python,using sort to move element in to new position in list python,using sort to move element in to new position in list python sort list update loop condition,4,d15752,0.8843483924865723
q20513,using sort to move element in to new position in list python,using sort to move element in to new position in list python,using sort to move element in to new position in list python sort list update loop condition,5,d2995,0.8843483924865723
q20513,using sort to move element in to new position in list python,using sort to move element in to new position in list python,using sort to move element in to new position in list python sort list update loop condition,6,d1477,0.8843483924865723
q20513,using sort to move element in to new position in list python,using sort to move element in to new position in list python,using sort to move element in to new position in list python sort list update loop condition,7,d7571,0.8843483924865723
q20513,using sort to move element in to new position in list python,using sort to move element in to new position in list python,using sort to move element in to new position in list python sort list update loop condition,8,d20568,0.8843483924865723
q20513,using sort to move element in to new position in list python,using sort to move element in to new position in list python,using sort to move element in to new position in list python sort list update loop condition,9,d5589,0.8660865426063538
q20513,using sort to move element in to new position in list python,using sort to move element in to new position in list python,using sort to move element in to new position in list python sort list update loop condition,10,d8272,0.8622596263885498
q20514,remove special characters from column names in python,remove special characters from column names in python,remove special characters from column names in python column delete error row parameter,1,d955,0.8960192799568176
q20514,remove special characters from column names in python,remove special characters from column names in python,remove special characters from column names in python column delete error row parameter,2,d12853,0.8960192799568176
q20514,remove special characters from column names in python,remove special characters from column names in python,remove special characters from column names in python column delete error row parameter,3,d10995,0.8960192799568176
q20514,remove special characters from column names in python,remove special characters from column names in python,remove special characters from column names in python column delete error row parameter,4,d19345,0.8945579528808594
q20514,remove special characters from column names in python,remove special characters from column names in python,remove special characters from column names in python column delete error row parameter,5,d20601,0.8945579528808594
q20514,remove special characters from column names in python,remove special characters from column names in python,remove special characters from column names in python column delete error row parameter,6,d18223,0.8945579528808594
q20514,remove special characters from column names in python,remove special characters from column names in python,remove special characters from column names in python column delete error row parameter,7,d18796,0.8945579528808594
q20514,remove special characters from column names in python,remove special characters from column names in python,remove special characters from column names in python column delete error row parameter,8,d18678,0.8945579528808594
q20514,remove special characters from column names in python,remove special characters from column names in python,remove special characters from column names in python column delete error row parameter,9,d18484,0.8945579528808594
q20514,remove special characters from column names in python,remove special characters from column names in python,remove special characters from column names in python column delete error row parameter,10,d18430,0.8945579528808594
q20515,calculate the average of a given list in python,calculate the average of a given list in python,calculate the average of a given list in python list integer parameter function data,1,d4885,0.9099338054656982
q20515,calculate the average of a given list in python,calculate the average of a given list in python,calculate the average of a given list in python list integer parameter function data,2,d9039,0.9099338054656982
q20515,calculate the average of a given list in python,calculate the average of a given list in python,calculate the average of a given list in python list integer parameter function data,3,d20214,0.9099338054656982
q20515,calculate the average of a given list in python,calculate the average of a given list in python,calculate the average of a given list in python list integer parameter function data,4,d8754,0.9099338054656982
q20515,calculate the average of a given list in python,calculate the average of a given list in python,calculate the average of a given list in python list integer parameter function data,5,d6937,0.9099338054656982
q20515,calculate the average of a given list in python,calculate the average of a given list in python,calculate the average of a given list in python list integer parameter function data,6,d11033,0.9099338054656982
q20515,calculate the average of a given list in python,calculate the average of a given list in python,calculate the average of a given list in python list integer parameter function data,7,d11297,0.8843734264373779
q20515,calculate the average of a given list in python,calculate the average of a given list in python,calculate the average of a given list in python list integer parameter function data,8,d1673,0.8843734264373779
q20515,calculate the average of a given list in python,calculate the average of a given list in python,calculate the average of a given list in python list integer parameter function data,9,d11201,0.8843734264373779
q20515,calculate the average of a given list in python,calculate the average of a given list in python,calculate the average of a given list in python list integer parameter function data,10,d14426,0.8843734264373779
q20516,past python git clone,past python git clone,past python git clone update column close loop get,1,d6363,0.8605673313140869
q20516,past python git clone,past python git clone,past python git clone update column close loop get,2,d7701,0.8545156717300415
q20516,past python git clone,past python git clone,past python git clone update column close loop get,3,d14560,0.8538022041320801
q20516,past python git clone,past python git clone,past python git clone update column close loop get,4,d14965,0.8538021445274353
q20516,past python git clone,past python git clone,past python git clone update column close loop get,5,d6378,0.853394627571106
q20516,past python git clone,past python git clone,past python git clone update column close loop get,6,d7711,0.8533945679664612
q20516,past python git clone,past python git clone,past python git clone update column close loop get,7,d16384,0.8533945679664612
q20516,past python git clone,past python git clone,past python git clone update column close loop get,8,d7361,0.8533945679664612
q20516,past python git clone,past python git clone,past python git clone update column close loop get,9,d1921,0.8533945679664612
q20516,past python git clone,past python git clone,past python git clone update column close loop get,10,d9163,0.8533945679664612
q20517,python lambda function with 3 params,python lambda function with 3 params,python lambda function with 3 params parameter function error variable integer,1,d11176,0.8701932430267334
q20517,python lambda function with 3 params,python lambda function with 3 params,python lambda function with 3 params parameter function error variable integer,2,d7918,0.8701932430267334
q20517,python lambda function with 3 params,python lambda function with 3 params,python lambda function with 3 params parameter function error variable integer,3,d7920,0.8701932430267334
q20517,python lambda function with 3 params,python lambda function with 3 params,python lambda function with 3 params parameter function error variable integer,4,d11178,0.8701931238174438
q20517,python lambda function with 3 params,python lambda function with 3 params,python lambda function with 3 params parameter function error variable integer,5,d12289,0.8701931238174438
q20517,python lambda function with 3 params,python lambda function with 3 params,python lambda function with 3 params parameter function error variable integer,6,d13212,0.8701931238174438
q20517,python lambda function with 3 params,python lambda function with 3 params,python lambda function with 3 params parameter function error variable integer,7,d13551,0.8701931238174438
q20517,python lambda function with 3 params,python lambda function with 3 params,python lambda function with 3 params parameter function error variable integer,8,d7961,0.8701931238174438
q20517,python lambda function with 3 params,python lambda function with 3 params,python lambda function with 3 params parameter function error variable integer,9,d6070,0.8701931238174438
q20517,python lambda function with 3 params,python lambda function with 3 params,python lambda function with 3 params parameter function error variable integer,10,d10448,0.8701931238174438
q20518,check for punctuation python,check for punctuation python,check for punctuation python error dictionary search query write,1,d20518,0.8722736835479736
q20518,check for punctuation python,check for punctuation python,check for punctuation python error dictionary search query write,2,d14770,0.8722736835479736
q20518,check for punctuation python,check for punctuation python,check for punctuation python error dictionary search query write,3,d6919,0.8722736835479736
q20518,check for punctuation python,check for punctuation python,check for punctuation python error dictionary search query write,4,d6636,0.8722736835479736
q20518,check for punctuation python,check for punctuation python,check for punctuation python error dictionary search query write,5,d7270,0.8722736835479736
q20518,check for punctuation python,check for punctuation python,check for punctuation python error dictionary search query write,6,d10683,0.8722736835479736
q20518,check for punctuation python,check for punctuation python,check for punctuation python error dictionary search query write,7,d10966,0.870792031288147
q20518,check for punctuation python,check for punctuation python,check for punctuation python error dictionary search query write,8,d10739,0.870792031288147
q20518,check for punctuation python,check for punctuation python,check for punctuation python error dictionary search query write,9,d2355,0.870792031288147
q20518,check for punctuation python,check for punctuation python,check for punctuation python error dictionary search query write,10,d10709,0.870792031288147
q20519,unsupported media type json python,unsupported media type json python,unsupported media type json python error update file method array,1,d8398,0.8606356382369995
q20519,unsupported media type json python,unsupported media type json python,unsupported media type json python error update file method array,2,d5149,0.8606356382369995
q20519,unsupported media type json python,unsupported media type json python,unsupported media type json python error update file method array,3,d4543,0.8606356382369995
q20519,unsupported media type json python,unsupported media type json python,unsupported media type json python error update file method array,4,d2339,0.8606356382369995
q20519,unsupported media type json python,unsupported media type json python,unsupported media type json python error update file method array,5,d4150,0.8606356382369995
q20519,unsupported media type json python,unsupported media type json python,unsupported media type json python error update file method array,6,d192,0.8606356382369995
q20519,unsupported media type json python,unsupported media type json python,unsupported media type json python error update file method array,7,d10685,0.8606356382369995
q20519,unsupported media type json python,unsupported media type json python,unsupported media type json python error update file method array,8,d8731,0.8606356382369995
q20519,unsupported media type json python,unsupported media type json python,unsupported media type json python error update file method array,9,d12854,0.8561049699783325
q20519,unsupported media type json python,unsupported media type json python,unsupported media type json python error update file method array,10,d13268,0.856104850769043
q20520,python separate string to list,python separate string to list,python separate string to list list string loop integer row,1,d5082,0.8864493370056152
q20520,python separate string to list,python separate string to list,python separate string to list list string loop integer row,2,d5271,0.8864493370056152
q20520,python separate string to list,python separate string to list,python separate string to list list string loop integer row,3,d12775,0.8864493370056152
q20520,python separate string to list,python separate string to list,python separate string to list list string loop integer row,4,d11137,0.8864493370056152
q20520,python separate string to list,python separate string to list,python separate string to list list string loop integer row,5,d14093,0.8864493370056152
q20520,python separate string to list,python separate string to list,python separate string to list list string loop integer row,6,d7783,0.8864493370056152
q20520,python separate string to list,python separate string to list,python separate string to list list string loop integer row,7,d3547,0.8864493370056152
q20520,python separate string to list,python separate string to list,python separate string to list list string loop integer row,8,d3565,0.8864493370056152
q20520,python separate string to list,python separate string to list,python separate string to list list string loop integer row,9,d2691,0.8864493370056152
q20520,python separate string to list,python separate string to list,python separate string to list list string loop integer row,10,d16998,0.8843548893928528
q20521,python remove phrase from list of strings,python remove phrase from list of strings,python remove phrase from list of strings list string delete error file,1,d20521,0.8715270757675171
q20521,python remove phrase from list of strings,python remove phrase from list of strings,python remove phrase from list of strings list string delete error file,2,d18784,0.8715270757675171
q20521,python remove phrase from list of strings,python remove phrase from list of strings,python remove phrase from list of strings list string delete error file,3,d18542,0.8715270757675171
q20521,python remove phrase from list of strings,python remove phrase from list of strings,python remove phrase from list of strings list string delete error file,4,d16638,0.8715270757675171
q20521,python remove phrase from list of strings,python remove phrase from list of strings,python remove phrase from list of strings list string delete error file,5,d16841,0.8715270757675171
q20521,python remove phrase from list of strings,python remove phrase from list of strings,python remove phrase from list of strings list string delete error file,6,d18402,0.8715270757675171
q20521,python remove phrase from list of strings,python remove phrase from list of strings,python remove phrase from list of strings list string delete error file,7,d17757,0.8715270757675171
q20521,python remove phrase from list of strings,python remove phrase from list of strings,python remove phrase from list of strings list string delete error file,8,d17792,0.8715270757675171
q20521,python remove phrase from list of strings,python remove phrase from list of strings,python remove phrase from list of strings list string delete error file,9,d16891,0.8715270757675171
q20521,python remove phrase from list of strings,python remove phrase from list of strings,python remove phrase from list of strings list string delete error file,10,d17194,0.8715270757675171
q20522,python fastest way to load data,python fastest way to load data,python fastest way to load data database data file loop row,1,d12955,0.8555043935775757
q20522,python fastest way to load data,python fastest way to load data,python fastest way to load data database data file loop row,2,d11721,0.8496910333633423
q20522,python fastest way to load data,python fastest way to load data,python fastest way to load data database data file loop row,3,d7947,0.8496910333633423
q20522,python fastest way to load data,python fastest way to load data,python fastest way to load data database data file loop row,4,d12044,0.84885573387146
q20522,python fastest way to load data,python fastest way to load data,python fastest way to load data database data file loop row,5,d20583,0.8488556742668152
q20522,python fastest way to load data,python fastest way to load data,python fastest way to load data database data file loop row,6,d15345,0.8475195169448853
q20522,python fastest way to load data,python fastest way to load data,python fastest way to load data database data file loop row,7,d3743,0.8475195169448853
q20522,python fastest way to load data,python fastest way to load data,python fastest way to load data database data file loop row,8,d9529,0.8475195169448853
q20522,python fastest way to load data,python fastest way to load data,python fastest way to load data database data file loop row,9,d7631,0.8475195169448853
q20522,python fastest way to load data,python fastest way to load data,python fastest way to load data database data file loop row,10,d13255,0.8475195169448853
q20523,add noise to the audio python,add noise to the audio python,add noise to the audio python add update write warning query,1,d1861,0.8619015216827393
q20523,add noise to the audio python,add noise to the audio python,add noise to the audio python add update write warning query,2,d7891,0.8619015216827393
q20523,add noise to the audio python,add noise to the audio python,add noise to the audio python add update write warning query,3,d15205,0.8619015216827393
q20523,add noise to the audio python,add noise to the audio python,add noise to the audio python add update write warning query,4,d1645,0.8619015216827393
q20523,add noise to the audio python,add noise to the audio python,add noise to the audio python add update write warning query,5,d8525,0.8619015216827393
q20523,add noise to the audio python,add noise to the audio python,add noise to the audio python add update write warning query,6,d727,0.8619015216827393
q20523,add noise to the audio python,add noise to the audio python,add noise to the audio python add update write warning query,7,d8170,0.8619015216827393
q20523,add noise to the audio python,add noise to the audio python,add noise to the audio python add update write warning query,8,d11823,0.8547412157058716
q20523,add noise to the audio python,add noise to the audio python,add noise to the audio python add update write warning query,9,d7229,0.8534438610076904
q20523,add noise to the audio python,add noise to the audio python,add noise to the audio python add update write warning query,10,d18007,0.8512718677520752
q20524,object with commas turned into list python,object with commas turned into list python,object with commas turned into list python list column update return error,1,d20119,0.8764990568161011
q20524,object with commas turned into list python,object with commas turned into list python,object with commas turned into list python list column update return error,2,d10463,0.8656905293464661
q20524,object with commas turned into list python,object with commas turned into list python,object with commas turned into list python list column update return error,3,d16861,0.859309196472168
q20524,object with commas turned into list python,object with commas turned into list python,object with commas turned into list python list column update return error,4,d17335,0.859309196472168
q20524,object with commas turned into list python,object with commas turned into list python,object with commas turned into list python list column update return error,5,d19239,0.859309196472168
q20524,object with commas turned into list python,object with commas turned into list python,object with commas turned into list python list column update return error,6,d16684,0.859309196472168
q20524,object with commas turned into list python,object with commas turned into list python,object with commas turned into list python list column update return error,7,d17016,0.859309196472168
q20524,object with commas turned into list python,object with commas turned into list python,object with commas turned into list python list column update return error,8,d17838,0.859309196472168
q20524,object with commas turned into list python,object with commas turned into list python,object with commas turned into list python list column update return error,9,d17079,0.859309196472168
q20524,object with commas turned into list python,object with commas turned into list python,object with commas turned into list python list column update return error,10,d19558,0.859309196472168
q20525,python set limits on x axis,python set limits on x axis,python set limits on x axis error integer column parameter list,1,d10270,0.891616702079773
q20525,python set limits on x axis,python set limits on x axis,python set limits on x axis error integer column parameter list,2,d5090,0.891616702079773
q20525,python set limits on x axis,python set limits on x axis,python set limits on x axis error integer column parameter list,3,d8242,0.891616702079773
q20525,python set limits on x axis,python set limits on x axis,python set limits on x axis error integer column parameter list,4,d10286,0.891616702079773
q20525,python set limits on x axis,python set limits on x axis,python set limits on x axis error integer column parameter list,5,d15925,0.891616702079773
q20525,python set limits on x axis,python set limits on x axis,python set limits on x axis error integer column parameter list,6,d13796,0.891616702079773
q20525,python set limits on x axis,python set limits on x axis,python set limits on x axis error integer column parameter list,7,d14283,0.8914510011672974
q20525,python set limits on x axis,python set limits on x axis,python set limits on x axis error integer column parameter list,8,d13804,0.8914510011672974
q20525,python set limits on x axis,python set limits on x axis,python set limits on x axis error integer column parameter list,9,d7687,0.8914510011672974
q20525,python set limits on x axis,python set limits on x axis,python set limits on x axis error integer column parameter list,10,d20525,0.8914510011672974
q20526,is python ssl socket connection thread safe,is python ssl socket connection thread safe,is python ssl socket connection thread safe string error update close query,1,d3228,0.8617367148399353
q20526,is python ssl socket connection thread safe,is python ssl socket connection thread safe,is python ssl socket connection thread safe string error update close query,2,d1399,0.8617367148399353
q20526,is python ssl socket connection thread safe,is python ssl socket connection thread safe,is python ssl socket connection thread safe string error update close query,3,d15879,0.8617367148399353
q20526,is python ssl socket connection thread safe,is python ssl socket connection thread safe,is python ssl socket connection thread safe string error update close query,4,d8286,0.8617367148399353
q20526,is python ssl socket connection thread safe,is python ssl socket connection thread safe,is python ssl socket connection thread safe string error update close query,5,d6960,0.8617367148399353
q20526,is python ssl socket connection thread safe,is python ssl socket connection thread safe,is python ssl socket connection thread safe string error update close query,6,d13771,0.8574432134628296
q20526,is python ssl socket connection thread safe,is python ssl socket connection thread safe,is python ssl socket connection thread safe string error update close query,7,d12911,0.8574432134628296
q20526,is python ssl socket connection thread safe,is python ssl socket connection thread safe,is python ssl socket connection thread safe string error update close query,8,d4632,0.8574432134628296
q20526,is python ssl socket connection thread safe,is python ssl socket connection thread safe,is python ssl socket connection thread safe string error update close query,9,d20526,0.8574432134628296
q20526,is python ssl socket connection thread safe,is python ssl socket connection thread safe,is python ssl socket connection thread safe string error update close query,10,d13818,0.8574432134628296
q20527,python3 encode decode bytes,python3 encode decode bytes,python3 encode decode bytes integer error file string array,1,d1910,0.8931074738502502
q20527,python3 encode decode bytes,python3 encode decode bytes,python3 encode decode bytes integer error file string array,2,d12244,0.8931074738502502
q20527,python3 encode decode bytes,python3 encode decode bytes,python3 encode decode bytes integer error file string array,3,d6616,0.8931074738502502
q20527,python3 encode decode bytes,python3 encode decode bytes,python3 encode decode bytes integer error file string array,4,d1709,0.8931074738502502
q20527,python3 encode decode bytes,python3 encode decode bytes,python3 encode decode bytes integer error file string array,5,d18109,0.8880675435066223
q20527,python3 encode decode bytes,python3 encode decode bytes,python3 encode decode bytes integer error file string array,6,d18138,0.8880675435066223
q20527,python3 encode decode bytes,python3 encode decode bytes,python3 encode decode bytes integer error file string array,7,d17842,0.8880675435066223
q20527,python3 encode decode bytes,python3 encode decode bytes,python3 encode decode bytes integer error file string array,8,d20591,0.8880675435066223
q20527,python3 encode decode bytes,python3 encode decode bytes,python3 encode decode bytes integer error file string array,9,d17713,0.887556791305542
q20527,python3 encode decode bytes,python3 encode decode bytes,python3 encode decode bytes integer error file string array,10,d17695,0.887556791305542
q20528,xsd file to python object,xsd file to python object,xsd file to python object file error update string method,1,d4886,0.8590719103813171
q20528,xsd file to python object,xsd file to python object,xsd file to python object file error update string method,2,d5294,0.8590719103813171
q20528,xsd file to python object,xsd file to python object,xsd file to python object file error update string method,3,d13704,0.8590719103813171
q20528,xsd file to python object,xsd file to python object,xsd file to python object file error update string method,4,d2002,0.8590719103813171
q20528,xsd file to python object,xsd file to python object,xsd file to python object file error update string method,5,d9544,0.8590719103813171
q20528,xsd file to python object,xsd file to python object,xsd file to python object file error update string method,6,d1837,0.8590719103813171
q20528,xsd file to python object,xsd file to python object,xsd file to python object file error update string method,7,d19694,0.8590719103813171
q20528,xsd file to python object,xsd file to python object,xsd file to python object file error update string method,8,d9058,0.8590719103813171
q20528,xsd file to python object,xsd file to python object,xsd file to python object file error update string method,9,d20528,0.8575206398963928
q20528,xsd file to python object,xsd file to python object,xsd file to python object file error update string method,10,d11724,0.854219913482666
q20529,python expand a path,python expand a path,python expand a path open file loop function update,1,d13471,0.8869014382362366
q20529,python expand a path,python expand a path,python expand a path open file loop function update,2,d6660,0.875779926776886
q20529,python expand a path,python expand a path,python expand a path open file loop function update,3,d20529,0.875779926776886
q20529,python expand a path,python expand a path,python expand a path open file loop function update,4,d5264,0.8570616841316223
q20529,python expand a path,python expand a path,python expand a path open file loop function update,5,d3619,0.8570616841316223
q20529,python expand a path,python expand a path,python expand a path open file loop function update,6,d13423,0.8570616841316223
q20529,python expand a path,python expand a path,python expand a path open file loop function update,7,d9255,0.8570616841316223
q20529,python expand a path,python expand a path,python expand a path open file loop function update,8,d8347,0.8570616841316223
q20529,python expand a path,python expand a path,python expand a path open file loop function update,9,d4277,0.8570616841316223
q20529,python expand a path,python expand a path,python expand a path open file loop function update,10,d6511,0.8568969964981079
q20530,python flask template table example,python flask template table example,python flask template table example table column database row file,1,d450,0.8613427877426147
q20530,python flask template table example,python flask template table example,python flask template table example table column database row file,2,d6142,0.8564376831054688
q20530,python flask template table example,python flask template table example,python flask template table example table column database row file,3,d20178,0.8538708686828613
q20530,python flask template table example,python flask template table example,python flask template table example table column database row file,4,d6764,0.8538708686828613
q20530,python flask template table example,python flask template table example,python flask template table example table column database row file,5,d8839,0.8538708686828613
q20530,python flask template table example,python flask template table example,python flask template table example table column database row file,6,d5047,0.8511624932289124
q20530,python flask template table example,python flask template table example,python flask template table example table column database row file,7,d9183,0.8511624932289124
q20530,python flask template table example,python flask template table example,python flask template table example table column database row file,8,d659,0.8511624932289124
q20530,python flask template table example,python flask template table example,python flask template table example table column database row file,9,d9730,0.8511624932289124
q20530,python flask template table example,python flask template table example,python flask template table example table column database row file,10,d3195,0.8511624932289124
q20531,how to check if object defined python,how to check if object defined python,how to check if object defined python condition method error function integer,1,d9106,0.881488025188446
q20531,how to check if object defined python,how to check if object defined python,how to check if object defined python condition method error function integer,2,d20140,0.881488025188446
q20531,how to check if object defined python,how to check if object defined python,how to check if object defined python condition method error function integer,3,d12964,0.881488025188446
q20531,how to check if object defined python,how to check if object defined python,how to check if object defined python condition method error function integer,4,d6325,0.881488025188446
q20531,how to check if object defined python,how to check if object defined python,how to check if object defined python condition method error function integer,5,d19800,0.881488025188446
q20531,how to check if object defined python,how to check if object defined python,how to check if object defined python condition method error function integer,6,d15944,0.881488025188446
q20531,how to check if object defined python,how to check if object defined python,how to check if object defined python condition method error function integer,7,d2992,0.881488025188446
q20531,how to check if object defined python,how to check if object defined python,how to check if object defined python condition method error function integer,8,d9518,0.881488025188446
q20531,how to check if object defined python,how to check if object defined python,how to check if object defined python condition method error function integer,9,d3635,0.8755565881729126
q20531,how to check if object defined python,how to check if object defined python,how to check if object defined python condition method error function integer,10,d15225,0.8755565881729126
q20532,s3 sync between bucket python,s3 sync between bucket python,s3 sync between bucket python error update close string integer,1,d13926,0.8710840940475464
q20532,s3 sync between bucket python,s3 sync between bucket python,s3 sync between bucket python error update close string integer,2,d8419,0.8710840940475464
q20532,s3 sync between bucket python,s3 sync between bucket python,s3 sync between bucket python error update close string integer,3,d10349,0.8677489757537842
q20532,s3 sync between bucket python,s3 sync between bucket python,s3 sync between bucket python error update close string integer,4,d9690,0.858806312084198
q20532,s3 sync between bucket python,s3 sync between bucket python,s3 sync between bucket python error update close string integer,5,d1589,0.8577569723129272
q20532,s3 sync between bucket python,s3 sync between bucket python,s3 sync between bucket python error update close string integer,6,d20532,0.8577569723129272
q20532,s3 sync between bucket python,s3 sync between bucket python,s3 sync between bucket python error update close string integer,7,d9798,0.8577569723129272
q20532,s3 sync between bucket python,s3 sync between bucket python,s3 sync between bucket python error update close string integer,8,d8162,0.8577569723129272
q20532,s3 sync between bucket python,s3 sync between bucket python,s3 sync between bucket python error update close string integer,9,d9911,0.8577569723129272
q20532,s3 sync between bucket python,s3 sync between bucket python,s3 sync between bucket python error update close string integer,10,d3403,0.8577569723129272
q20533,change the position of 3d coordinate in python,change the position of 3d coordinate in python,change the position of 3d coordinate in python update error row sort delete,1,d5589,0.8569157719612122
q20533,change the position of 3d coordinate in python,change the position of 3d coordinate in python,change the position of 3d coordinate in python update error row sort delete,2,d1457,0.8533850908279419
q20533,change the position of 3d coordinate in python,change the position of 3d coordinate in python,change the position of 3d coordinate in python update error row sort delete,3,d18527,0.8522475361824036
q20533,change the position of 3d coordinate in python,change the position of 3d coordinate in python,change the position of 3d coordinate in python update error row sort delete,4,d16981,0.8522475361824036
q20533,change the position of 3d coordinate in python,change the position of 3d coordinate in python,change the position of 3d coordinate in python update error row sort delete,5,d3770,0.8511502742767334
q20533,change the position of 3d coordinate in python,change the position of 3d coordinate in python,change the position of 3d coordinate in python update error row sort delete,6,d3808,0.8511502742767334
q20533,change the position of 3d coordinate in python,change the position of 3d coordinate in python,change the position of 3d coordinate in python update error row sort delete,7,d12025,0.8511502742767334
q20533,change the position of 3d coordinate in python,change the position of 3d coordinate in python,change the position of 3d coordinate in python update error row sort delete,8,d5597,0.8511502742767334
q20533,change the position of 3d coordinate in python,change the position of 3d coordinate in python,change the position of 3d coordinate in python update error row sort delete,9,d8272,0.8506819009780884
q20533,change the position of 3d coordinate in python,change the position of 3d coordinate in python,change the position of 3d coordinate in python update error row sort delete,10,d5117,0.8480067253112793
q20534,python how to get the number of cores in a computer,python how to get the number of cores in a computer,python how to get the number of cores in a computer integer sort update search database,1,d13164,0.8674685955047607
q20534,python how to get the number of cores in a computer,python how to get the number of cores in a computer,python how to get the number of cores in a computer integer sort update search database,2,d3015,0.8599650859832764
q20534,python how to get the number of cores in a computer,python how to get the number of cores in a computer,python how to get the number of cores in a computer integer sort update search database,3,d3013,0.8599650859832764
q20534,python how to get the number of cores in a computer,python how to get the number of cores in a computer,python how to get the number of cores in a computer integer sort update search database,4,d5180,0.8596006631851196
q20534,python how to get the number of cores in a computer,python how to get the number of cores in a computer,python how to get the number of cores in a computer integer sort update search database,5,d20176,0.8596006631851196
q20534,python how to get the number of cores in a computer,python how to get the number of cores in a computer,python how to get the number of cores in a computer integer sort update search database,6,d13362,0.8596006631851196
q20534,python how to get the number of cores in a computer,python how to get the number of cores in a computer,python how to get the number of cores in a computer integer sort update search database,7,d15416,0.8596006631851196
q20534,python how to get the number of cores in a computer,python how to get the number of cores in a computer,python how to get the number of cores in a computer integer sort update search database,8,d11500,0.8596006631851196
q20534,python how to get the number of cores in a computer,python how to get the number of cores in a computer,python how to get the number of cores in a computer integer sort update search database,9,d10612,0.8596006631851196
q20534,python how to get the number of cores in a computer,python how to get the number of cores in a computer,python how to get the number of cores in a computer integer sort update search database,10,d8934,0.8593066930770874
q20535,python how to use pdb set trace,python how to use pdb set trace,python how to use pdb set trace database parameter error method string,1,d19931,0.8802740573883057
q20535,python how to use pdb set trace,python how to use pdb set trace,python how to use pdb set trace database parameter error method string,2,d9433,0.8802740573883057
q20535,python how to use pdb set trace,python how to use pdb set trace,python how to use pdb set trace database parameter error method string,3,d5320,0.8802740573883057
q20535,python how to use pdb set trace,python how to use pdb set trace,python how to use pdb set trace database parameter error method string,4,d1043,0.8802740573883057
q20535,python how to use pdb set trace,python how to use pdb set trace,python how to use pdb set trace database parameter error method string,5,d15539,0.8802740573883057
q20535,python how to use pdb set trace,python how to use pdb set trace,python how to use pdb set trace database parameter error method string,6,d20535,0.8802740573883057
q20535,python how to use pdb set trace,python how to use pdb set trace,python how to use pdb set trace database parameter error method string,7,d1041,0.8802740573883057
q20535,python how to use pdb set trace,python how to use pdb set trace,python how to use pdb set trace database parameter error method string,8,d20172,0.8802740573883057
q20535,python how to use pdb set trace,python how to use pdb set trace,python how to use pdb set trace database parameter error method string,9,d9903,0.8682328462600708
q20535,python how to use pdb set trace,python how to use pdb set trace,python how to use pdb set trace database parameter error method string,10,d11956,0.8682328462600708
q20536,python dictionary url encode,python dictionary url encode,python dictionary url encode dictionary integer error string parameter,1,d20536,0.8890721201896667
q20536,python dictionary url encode,python dictionary url encode,python dictionary url encode dictionary integer error string parameter,2,d11986,0.8890721201896667
q20536,python dictionary url encode,python dictionary url encode,python dictionary url encode dictionary integer error string parameter,3,d3740,0.8890721201896667
q20536,python dictionary url encode,python dictionary url encode,python dictionary url encode dictionary integer error string parameter,4,d8921,0.8780648708343506
q20536,python dictionary url encode,python dictionary url encode,python dictionary url encode dictionary integer error string parameter,5,d201,0.8780648112297058
q20536,python dictionary url encode,python dictionary url encode,python dictionary url encode dictionary integer error string parameter,6,d3348,0.8780648112297058
q20536,python dictionary url encode,python dictionary url encode,python dictionary url encode dictionary integer error string parameter,7,d8651,0.8780648112297058
q20536,python dictionary url encode,python dictionary url encode,python dictionary url encode dictionary integer error string parameter,8,d10410,0.8780648112297058
q20536,python dictionary url encode,python dictionary url encode,python dictionary url encode dictionary integer error string parameter,9,d5396,0.8780648112297058
q20536,python dictionary url encode,python dictionary url encode,python dictionary url encode dictionary integer error string parameter,10,d199,0.8780648112297058
q20537,how to check whether a string is int in python,how to check whether a string is int in python,how to check whether a string is int in python integer string error condition method,1,d4605,0.9228546619415283
q20537,how to check whether a string is int in python,how to check whether a string is int in python,how to check whether a string is int in python integer string error condition method,2,d5015,0.9228546619415283
q20537,how to check whether a string is int in python,how to check whether a string is int in python,how to check whether a string is int in python integer string error condition method,3,d10761,0.9228546619415283
q20537,how to check whether a string is int in python,how to check whether a string is int in python,how to check whether a string is int in python integer string error condition method,4,d14801,0.9228546619415283
q20537,how to check whether a string is int in python,how to check whether a string is int in python,how to check whether a string is int in python integer string error condition method,5,d2347,0.9228546619415283
q20537,how to check whether a string is int in python,how to check whether a string is int in python,how to check whether a string is int in python integer string error condition method,6,d8762,0.9228546619415283
q20537,how to check whether a string is int in python,how to check whether a string is int in python,how to check whether a string is int in python integer string error condition method,7,d11293,0.9228546619415283
q20537,how to check whether a string is int in python,how to check whether a string is int in python,how to check whether a string is int in python integer string error condition method,8,d15225,0.9129641056060791
q20537,how to check whether a string is int in python,how to check whether a string is int in python,how to check whether a string is int in python integer string error condition method,9,d7535,0.9129641056060791
q20537,how to check whether a string is int in python,how to check whether a string is int in python,how to check whether a string is int in python integer string error condition method,10,d3635,0.9129641056060791
q20538,python 3 change permission of file chmod,python 3 change permission of file chmod,python 3 change permission of file chmod file error update query delete,1,d3612,0.876435399055481
q20538,python 3 change permission of file chmod,python 3 change permission of file chmod,python 3 change permission of file chmod file error update query delete,2,d13426,0.8752166628837585
q20538,python 3 change permission of file chmod,python 3 change permission of file chmod,python 3 change permission of file chmod file error update query delete,3,d3761,0.8752166628837585
q20538,python 3 change permission of file chmod,python 3 change permission of file chmod,python 3 change permission of file chmod file error update query delete,4,d9182,0.8752166628837585
q20538,python 3 change permission of file chmod,python 3 change permission of file chmod,python 3 change permission of file chmod file error update query delete,5,d4765,0.8752166628837585
q20538,python 3 change permission of file chmod,python 3 change permission of file chmod,python 3 change permission of file chmod file error update query delete,6,d4360,0.8752166628837585
q20538,python 3 change permission of file chmod,python 3 change permission of file chmod,python 3 change permission of file chmod file error update query delete,7,d1368,0.8752166628837585
q20538,python 3 change permission of file chmod,python 3 change permission of file chmod,python 3 change permission of file chmod file error update query delete,8,d8168,0.8752166628837585
q20538,python 3 change permission of file chmod,python 3 change permission of file chmod,python 3 change permission of file chmod file error update query delete,9,d20431,0.8752166628837585
q20538,python 3 change permission of file chmod,python 3 change permission of file chmod,python 3 change permission of file chmod file error update query delete,10,d14843,0.8752166628837585
q20539,python gaussian filter array,python gaussian filter array,python gaussian filter array filter array error data variable,1,d13593,0.8716498017311096
q20539,python gaussian filter array,python gaussian filter array,python gaussian filter array filter array error data variable,2,d7174,0.8714538812637329
q20539,python gaussian filter array,python gaussian filter array,python gaussian filter array filter array error data variable,3,d12734,0.8669819831848145
q20539,python gaussian filter array,python gaussian filter array,python gaussian filter array filter array error data variable,4,d9371,0.8669819831848145
q20539,python gaussian filter array,python gaussian filter array,python gaussian filter array filter array error data variable,5,d13442,0.8648324012756348
q20539,python gaussian filter array,python gaussian filter array,python gaussian filter array filter array error data variable,6,d3872,0.8648324012756348
q20539,python gaussian filter array,python gaussian filter array,python gaussian filter array filter array error data variable,7,d4564,0.8648324012756348
q20539,python gaussian filter array,python gaussian filter array,python gaussian filter array filter array error data variable,8,d5275,0.8648324012756348
q20539,python gaussian filter array,python gaussian filter array,python gaussian filter array filter array error data variable,9,d15068,0.8648324012756348
q20539,python gaussian filter array,python gaussian filter array,python gaussian filter array filter array error data variable,10,d12992,0.8648324012756348
q20540,how to cut off a calculated number to two decimals in python,how to cut off a calculated number to two decimals in python,how to cut off a calculated number to two decimals in python integer method error delete function,1,d3324,0.8697981238365173
q20540,how to cut off a calculated number to two decimals in python,how to cut off a calculated number to two decimals in python,how to cut off a calculated number to two decimals in python integer method error delete function,2,d7818,0.8697980642318726
q20540,how to cut off a calculated number to two decimals in python,how to cut off a calculated number to two decimals in python,how to cut off a calculated number to two decimals in python integer method error delete function,3,d11053,0.8697980642318726
q20540,how to cut off a calculated number to two decimals in python,how to cut off a calculated number to two decimals in python,how to cut off a calculated number to two decimals in python integer method error delete function,4,d11865,0.8697980642318726
q20540,how to cut off a calculated number to two decimals in python,how to cut off a calculated number to two decimals in python,how to cut off a calculated number to two decimals in python integer method error delete function,5,d6544,0.8697980642318726
q20540,how to cut off a calculated number to two decimals in python,how to cut off a calculated number to two decimals in python,how to cut off a calculated number to two decimals in python integer method error delete function,6,d8064,0.8649537563323975
q20540,how to cut off a calculated number to two decimals in python,how to cut off a calculated number to two decimals in python,how to cut off a calculated number to two decimals in python integer method error delete function,7,d7002,0.8649537563323975
q20540,how to cut off a calculated number to two decimals in python,how to cut off a calculated number to two decimals in python,how to cut off a calculated number to two decimals in python integer method error delete function,8,d7454,0.8649537563323975
q20540,how to cut off a calculated number to two decimals in python,how to cut off a calculated number to two decimals in python,how to cut off a calculated number to two decimals in python integer method error delete function,9,d5289,0.8649537563323975
q20540,how to cut off a calculated number to two decimals in python,how to cut off a calculated number to two decimals in python,how to cut off a calculated number to two decimals in python integer method error delete function,10,d15115,0.8649537563323975
q20541,replace many value at once in python,replace many value at once in python,replace many value at once in python variable update integer parameter function,1,d10650,0.8782724142074585
q20541,replace many value at once in python,replace many value at once in python,replace many value at once in python variable update integer parameter function,2,d5561,0.8782724142074585
q20541,replace many value at once in python,replace many value at once in python,replace many value at once in python variable update integer parameter function,3,d8143,0.8782724142074585
q20541,replace many value at once in python,replace many value at once in python,replace many value at once in python variable update integer parameter function,4,d13728,0.8782724142074585
q20541,replace many value at once in python,replace many value at once in python,replace many value at once in python variable update integer parameter function,5,d11648,0.8782724142074585
q20541,replace many value at once in python,replace many value at once in python,replace many value at once in python variable update integer parameter function,6,d18172,0.8674464225769043
q20541,replace many value at once in python,replace many value at once in python,replace many value at once in python variable update integer parameter function,7,d17951,0.8674464225769043
q20541,replace many value at once in python,replace many value at once in python,replace many value at once in python variable update integer parameter function,8,d4606,0.8665255904197693
q20541,replace many value at once in python,replace many value at once in python,replace many value at once in python variable update integer parameter function,9,d16364,0.8665255904197693
q20541,replace many value at once in python,replace many value at once in python,replace many value at once in python variable update integer parameter function,10,d10256,0.8665255904197693
q20542,python numpy conver to float64,python numpy conver to float64,python numpy conver to float64 error integer function file loop,1,d14661,0.8759409189224243
q20542,python numpy conver to float64,python numpy conver to float64,python numpy conver to float64 error integer function file loop,2,d67,0.8759409189224243
q20542,python numpy conver to float64,python numpy conver to float64,python numpy conver to float64 error integer function file loop,3,d85,0.8759409189224243
q20542,python numpy conver to float64,python numpy conver to float64,python numpy conver to float64 error integer function file loop,4,d13469,0.8759409189224243
q20542,python numpy conver to float64,python numpy conver to float64,python numpy conver to float64 error integer function file loop,5,d5045,0.8759409189224243
q20542,python numpy conver to float64,python numpy conver to float64,python numpy conver to float64 error integer function file loop,6,d5996,0.8759409189224243
q20542,python numpy conver to float64,python numpy conver to float64,python numpy conver to float64 error integer function file loop,7,d19898,0.8759409189224243
q20542,python numpy conver to float64,python numpy conver to float64,python numpy conver to float64 error integer function file loop,8,d3988,0.8759409189224243
q20542,python numpy conver to float64,python numpy conver to float64,python numpy conver to float64 error integer function file loop,9,d87,0.8679013848304749
q20542,python numpy conver to float64,python numpy conver to float64,python numpy conver to float64 error integer function file loop,10,d10557,0.8679013848304749
q20543,python how to rank a list object,python how to rank a list object,python how to rank a list object list row sort integer method,1,d3092,0.8947023153305054
q20543,python how to rank a list object,python how to rank a list object,python how to rank a list object list row sort integer method,2,d5252,0.8947023153305054
q20543,python how to rank a list object,python how to rank a list object,python how to rank a list object list row sort integer method,3,d5447,0.865442156791687
q20543,python how to rank a list object,python how to rank a list object,python how to rank a list object list row sort integer method,4,d452,0.865442156791687
q20543,python how to rank a list object,python how to rank a list object,python how to rank a list object list row sort integer method,5,d623,0.865442156791687
q20543,python how to rank a list object,python how to rank a list object,python how to rank a list object list row sort integer method,6,d13775,0.8640235662460327
q20543,python how to rank a list object,python how to rank a list object,python how to rank a list object list row sort integer method,7,d20543,0.858330249786377
q20543,python how to rank a list object,python how to rank a list object,python how to rank a list object list row sort integer method,8,d10853,0.8555498123168945
q20543,python how to rank a list object,python how to rank a list object,python how to rank a list object list row sort integer method,9,d7366,0.8555498123168945
q20543,python how to rank a list object,python how to rank a list object,python how to rank a list object list row sort integer method,10,d655,0.8555498123168945
q20544,how to check if file doesn't exist in python,how to check if file doesn't exist in python,how to check if file doesn't exist in python file error string database search,1,d12963,0.8926726579666138
q20544,how to check if file doesn't exist in python,how to check if file doesn't exist in python,how to check if file doesn't exist in python file error string database search,2,d13311,0.8887189030647278
q20544,how to check if file doesn't exist in python,how to check if file doesn't exist in python,how to check if file doesn't exist in python file error string database search,3,d19455,0.8850404024124146
q20544,how to check if file doesn't exist in python,how to check if file doesn't exist in python,how to check if file doesn't exist in python file error string database search,4,d17358,0.8850404024124146
q20544,how to check if file doesn't exist in python,how to check if file doesn't exist in python,how to check if file doesn't exist in python file error string database search,5,d18516,0.8850404024124146
q20544,how to check if file doesn't exist in python,how to check if file doesn't exist in python,how to check if file doesn't exist in python file error string database search,6,d18492,0.8850404024124146
q20544,how to check if file doesn't exist in python,how to check if file doesn't exist in python,how to check if file doesn't exist in python file error string database search,7,d18178,0.8850404024124146
q20544,how to check if file doesn't exist in python,how to check if file doesn't exist in python,how to check if file doesn't exist in python file error string database search,8,d17962,0.8850404024124146
q20544,how to check if file doesn't exist in python,how to check if file doesn't exist in python,how to check if file doesn't exist in python file error string database search,9,d18143,0.8850404024124146
q20544,how to check if file doesn't exist in python,how to check if file doesn't exist in python,how to check if file doesn't exist in python file error string database search,10,d18127,0.8850404024124146
q20545,how to get the parent directory in python,how to get the parent directory in python,how to get the parent directory in python search database file get method,1,d20545,0.8984704613685608
q20545,how to get the parent directory in python,how to get the parent directory in python,how to get the parent directory in python search database file get method,2,d2518,0.8984704613685608
q20545,how to get the parent directory in python,how to get the parent directory in python,how to get the parent directory in python search database file get method,3,d2474,0.8984704613685608
q20545,how to get the parent directory in python,how to get the parent directory in python,how to get the parent directory in python search database file get method,4,d10889,0.8984704613685608
q20545,how to get the parent directory in python,how to get the parent directory in python,how to get the parent directory in python search database file get method,5,d447,0.8984704613685608
q20545,how to get the parent directory in python,how to get the parent directory in python,how to get the parent directory in python search database file get method,6,d4727,0.8984704613685608
q20545,how to get the parent directory in python,how to get the parent directory in python,how to get the parent directory in python search database file get method,7,d9431,0.8984704613685608
q20545,how to get the parent directory in python,how to get the parent directory in python,how to get the parent directory in python search database file get method,8,d8910,0.8868181705474854
q20545,how to get the parent directory in python,how to get the parent directory in python,how to get the parent directory in python search database file get method,9,d2520,0.8868181705474854
q20545,how to get the parent directory in python,how to get the parent directory in python,how to get the parent directory in python search database file get method,10,d10849,0.8868181705474854
q20546,resize an image python pil,resize an image python pil,resize an image python pil file update error column warning,1,d20546,0.8907748460769653
q20546,resize an image python pil,resize an image python pil,resize an image python pil file update error column warning,2,d2762,0.8907748460769653
q20546,resize an image python pil,resize an image python pil,resize an image python pil file update error column warning,3,d3174,0.8907748460769653
q20546,resize an image python pil,resize an image python pil,resize an image python pil file update error column warning,4,d1355,0.8860380053520203
q20546,resize an image python pil,resize an image python pil,resize an image python pil file update error column warning,5,d11093,0.8860380053520203
q20546,resize an image python pil,resize an image python pil,resize an image python pil file update error column warning,6,d8199,0.8860380053520203
q20546,resize an image python pil,resize an image python pil,resize an image python pil file update error column warning,7,d5524,0.8714478015899658
q20546,resize an image python pil,resize an image python pil,resize an image python pil file update error column warning,8,d3361,0.8714478015899658
q20546,resize an image python pil,resize an image python pil,resize an image python pil file update error column warning,9,d7590,0.8714478015899658
q20546,resize an image python pil,resize an image python pil,resize an image python pil file update error column warning,10,d1525,0.8714478015899658
q20547,python boxplot data frame,python boxplot data frame,python boxplot data frame data column database error row,1,d5878,0.8683465719223022
q20547,python boxplot data frame,python boxplot data frame,python boxplot data frame data column database error row,2,d4422,0.8614574670791626
q20547,python boxplot data frame,python boxplot data frame,python boxplot data frame data column database error row,3,d10607,0.8614574670791626
q20547,python boxplot data frame,python boxplot data frame,python boxplot data frame data column database error row,4,d10165,0.8614574670791626
q20547,python boxplot data frame,python boxplot data frame,python boxplot data frame data column database error row,5,d14261,0.8614574670791626
q20547,python boxplot data frame,python boxplot data frame,python boxplot data frame data column database error row,6,d14263,0.8614574670791626
q20547,python boxplot data frame,python boxplot data frame,python boxplot data frame data column database error row,7,d13003,0.8614574670791626
q20547,python boxplot data frame,python boxplot data frame,python boxplot data frame data column database error row,8,d20547,0.8614574670791626
q20547,python boxplot data frame,python boxplot data frame,python boxplot data frame data column database error row,9,d14265,0.861457347869873
q20547,python boxplot data frame,python boxplot data frame,python boxplot data frame data column database error row,10,d18811,0.8604943752288818
q20548,python glpk read from lp file,python glpk read from lp file,python glpk read from lp file read loop file error search,1,d20548,0.8927463889122009
q20548,python glpk read from lp file,python glpk read from lp file,python glpk read from lp file read loop file error search,2,d15525,0.846244215965271
q20548,python glpk read from lp file,python glpk read from lp file,python glpk read from lp file read loop file error search,3,d20299,0.8449639081954956
q20548,python glpk read from lp file,python glpk read from lp file,python glpk read from lp file read loop file error search,4,d14182,0.8449639081954956
q20548,python glpk read from lp file,python glpk read from lp file,python glpk read from lp file read loop file error search,5,d8984,0.8449639081954956
q20548,python glpk read from lp file,python glpk read from lp file,python glpk read from lp file read loop file error search,6,d5866,0.8449639081954956
q20548,python glpk read from lp file,python glpk read from lp file,python glpk read from lp file read loop file error search,7,d3576,0.8449639081954956
q20548,python glpk read from lp file,python glpk read from lp file,python glpk read from lp file read loop file error search,8,d4834,0.8449639081954956
q20548,python glpk read from lp file,python glpk read from lp file,python glpk read from lp file read loop file error search,9,d8678,0.8449639081954956
q20548,python glpk read from lp file,python glpk read from lp file,python glpk read from lp file read loop file error search,10,d13748,0.8443580269813538
q20549,python threadpool close join,python threadpool close join,python threadpool close join close loop row column error,1,d20549,0.8790097236633301
q20549,python threadpool close join,python threadpool close join,python threadpool close join close loop row column error,2,d1498,0.8790097236633301
q20549,python threadpool close join,python threadpool close join,python threadpool close join close loop row column error,3,d3672,0.8790097236633301
q20549,python threadpool close join,python threadpool close join,python threadpool close join close loop row column error,4,d11463,0.8790097236633301
q20549,python threadpool close join,python threadpool close join,python threadpool close join close loop row column error,5,d7219,0.8790097236633301
q20549,python threadpool close join,python threadpool close join,python threadpool close join close loop row column error,6,d13892,0.8790097236633301
q20549,python threadpool close join,python threadpool close join,python threadpool close join close loop row column error,7,d1496,0.8790097236633301
q20549,python threadpool close join,python threadpool close join,python threadpool close join close loop row column error,8,d13894,0.8790097236633301
q20549,python threadpool close join,python threadpool close join,python threadpool close join close loop row column error,9,d13896,0.8688234686851501
q20549,python threadpool close join,python threadpool close join,python threadpool close join close loop row column error,10,d7701,0.863373875617981
q20550,python sklearn onehotencoder string values,python sklearn onehotencoder string values,python sklearn onehotencoder string values string integer variable parameter database,1,d1719,0.8657740950584412
q20550,python sklearn onehotencoder string values,python sklearn onehotencoder string values,python sklearn onehotencoder string values string integer variable parameter database,2,d4312,0.8657740950584412
q20550,python sklearn onehotencoder string values,python sklearn onehotencoder string values,python sklearn onehotencoder string values string integer variable parameter database,3,d9924,0.8657740950584412
q20550,python sklearn onehotencoder string values,python sklearn onehotencoder string values,python sklearn onehotencoder string values string integer variable parameter database,4,d20550,0.8657740950584412
q20550,python sklearn onehotencoder string values,python sklearn onehotencoder string values,python sklearn onehotencoder string values string integer variable parameter database,5,d8308,0.8657740950584412
q20550,python sklearn onehotencoder string values,python sklearn onehotencoder string values,python sklearn onehotencoder string values string integer variable parameter database,6,d14976,0.8639295101165771
q20550,python sklearn onehotencoder string values,python sklearn onehotencoder string values,python sklearn onehotencoder string values string integer variable parameter database,7,d14275,0.8630744218826294
q20550,python sklearn onehotencoder string values,python sklearn onehotencoder string values,python sklearn onehotencoder string values string integer variable parameter database,8,d15949,0.8618431091308594
q20550,python sklearn onehotencoder string values,python sklearn onehotencoder string values,python sklearn onehotencoder string values string integer variable parameter database,9,d18926,0.860636830329895
q20550,python sklearn onehotencoder string values,python sklearn onehotencoder string values,python sklearn onehotencoder string values string integer variable parameter database,10,d19357,0.860636830329895
q20551,python change to bytes,python change to bytes,python change to bytes update integer error file string,1,d13745,0.8722295761108398
q20551,python change to bytes,python change to bytes,python change to bytes update integer error file string,2,d10060,0.8722295761108398
q20551,python change to bytes,python change to bytes,python change to bytes update integer error file string,3,d8261,0.8722295761108398
q20551,python change to bytes,python change to bytes,python change to bytes update integer error file string,4,d2789,0.8722295761108398
q20551,python change to bytes,python change to bytes,python change to bytes update integer error file string,5,d14298,0.8722295761108398
q20551,python change to bytes,python change to bytes,python change to bytes update integer error file string,6,d11770,0.8722295761108398
q20551,python change to bytes,python change to bytes,python change to bytes update integer error file string,7,d16511,0.8722295761108398
q20551,python change to bytes,python change to bytes,python change to bytes update integer error file string,8,d3939,0.8722295761108398
q20551,python change to bytes,python change to bytes,python change to bytes update integer error file string,9,d16885,0.8713042140007019
q20551,python change to bytes,python change to bytes,python change to bytes update integer error file string,10,d18161,0.8713042140007019
q20552,python json loads try,python json loads try,python json loads try search error update database sort,1,d5337,0.8755755424499512
q20552,python json loads try,python json loads try,python json loads try search error update database sort,2,d12058,0.8700223565101624
q20552,python json loads try,python json loads try,python json loads try search error update database sort,3,d2824,0.8700223565101624
q20552,python json loads try,python json loads try,python json loads try search error update database sort,4,d13253,0.8682236671447754
q20552,python json loads try,python json loads try,python json loads try search error update database sort,5,d3209,0.8672438859939575
q20552,python json loads try,python json loads try,python json loads try search error update database sort,6,d9324,0.8672438859939575
q20552,python json loads try,python json loads try,python json loads try search error update database sort,7,d4253,0.8672438859939575
q20552,python json loads try,python json loads try,python json loads try search error update database sort,8,d9000,0.8672438859939575
q20552,python json loads try,python json loads try,python json loads try search error update database sort,9,d7599,0.8672438859939575
q20552,python json loads try,python json loads try,python json loads try search error update database sort,10,d5478,0.8672438859939575
q20553,create an empty column in data frame python,create an empty column in data frame python,create an empty column in data frame python column database error row data,1,d20025,0.8909870982170105
q20553,create an empty column in data frame python,create an empty column in data frame python,create an empty column in data frame python column database error row data,2,d3422,0.8909870982170105
q20553,create an empty column in data frame python,create an empty column in data frame python,create an empty column in data frame python column database error row data,3,d11631,0.8909870982170105
q20553,create an empty column in data frame python,create an empty column in data frame python,create an empty column in data frame python column database error row data,4,d14173,0.8909870982170105
q20553,create an empty column in data frame python,create an empty column in data frame python,create an empty column in data frame python column database error row data,5,d6874,0.8909870982170105
q20553,create an empty column in data frame python,create an empty column in data frame python,create an empty column in data frame python column database error row data,6,d6042,0.8909870982170105
q20553,create an empty column in data frame python,create an empty column in data frame python,create an empty column in data frame python column database error row data,7,d3954,0.8909870982170105
q20553,create an empty column in data frame python,create an empty column in data frame python,create an empty column in data frame python column database error row data,8,d13719,0.8909870982170105
q20553,create an empty column in data frame python,create an empty column in data frame python,create an empty column in data frame python column database error row data,9,d5878,0.8833799362182617
q20553,create an empty column in data frame python,create an empty column in data frame python,create an empty column in data frame python column database error row data,10,d557,0.880405843257904
q20554,remove whitespace at end of line in python,remove whitespace at end of line in python,remove whitespace at end of line in python error delete update string integer,1,d2126,0.9204742908477783
q20554,remove whitespace at end of line in python,remove whitespace at end of line in python,remove whitespace at end of line in python error delete update string integer,2,d8927,0.9204742908477783
q20554,remove whitespace at end of line in python,remove whitespace at end of line in python,remove whitespace at end of line in python error delete update string integer,3,d3924,0.8942677974700928
q20554,remove whitespace at end of line in python,remove whitespace at end of line in python,remove whitespace at end of line in python error delete update string integer,4,d3936,0.8919270634651184
q20554,remove whitespace at end of line in python,remove whitespace at end of line in python,remove whitespace at end of line in python error delete update string integer,5,d15717,0.8919270634651184
q20554,remove whitespace at end of line in python,remove whitespace at end of line in python,remove whitespace at end of line in python error delete update string integer,6,d11966,0.8919270634651184
q20554,remove whitespace at end of line in python,remove whitespace at end of line in python,remove whitespace at end of line in python error delete update string integer,7,d20554,0.8919270038604736
q20554,remove whitespace at end of line in python,remove whitespace at end of line in python,remove whitespace at end of line in python error delete update string integer,8,d6032,0.8919270038604736
q20554,remove whitespace at end of line in python,remove whitespace at end of line in python,remove whitespace at end of line in python error delete update string integer,9,d7910,0.8919270038604736
q20554,remove whitespace at end of line in python,remove whitespace at end of line in python,remove whitespace at end of line in python error delete update string integer,10,d20434,0.8919270038604736
q20555,python file opening modes,python file opening modes,python file opening modes file open error method loop,1,d6511,0.8917157649993896
q20555,python file opening modes,python file opening modes,python file opening modes file open error method loop,2,d14095,0.8877021074295044
q20555,python file opening modes,python file opening modes,python file opening modes file open error method loop,3,d6700,0.8877021074295044
q20555,python file opening modes,python file opening modes,python file opening modes file open error method loop,4,d16288,0.8877021074295044
q20555,python file opening modes,python file opening modes,python file opening modes file open error method loop,5,d2356,0.8877021074295044
q20555,python file opening modes,python file opening modes,python file opening modes file open error method loop,6,d5730,0.8877021074295044
q20555,python file opening modes,python file opening modes,python file opening modes file open error method loop,7,d15040,0.8877021074295044
q20555,python file opening modes,python file opening modes,python file opening modes file open error method loop,8,d20555,0.8877021074295044
q20555,python file opening modes,python file opening modes,python file opening modes file open error method loop,9,d6320,0.8711220026016235
q20555,python file opening modes,python file opening modes,python file opening modes file open error method loop,10,d15097,0.8701030015945435
q20556,python code input prompt for questions,python code input prompt for questions,python code input prompt for questions parameter condition error integer update,1,d1827,0.8809047937393188
q20556,python code input prompt for questions,python code input prompt for questions,python code input prompt for questions parameter condition error integer update,2,d10052,0.8809047937393188
q20556,python code input prompt for questions,python code input prompt for questions,python code input prompt for questions parameter condition error integer update,3,d4387,0.8809047937393188
q20556,python code input prompt for questions,python code input prompt for questions,python code input prompt for questions parameter condition error integer update,4,d8861,0.8809047937393188
q20556,python code input prompt for questions,python code input prompt for questions,python code input prompt for questions parameter condition error integer update,5,d12429,0.8809047937393188
q20556,python code input prompt for questions,python code input prompt for questions,python code input prompt for questions parameter condition error integer update,6,d8048,0.8809047937393188
q20556,python code input prompt for questions,python code input prompt for questions,python code input prompt for questions parameter condition error integer update,7,d8591,0.8809047937393188
q20556,python code input prompt for questions,python code input prompt for questions,python code input prompt for questions parameter condition error integer update,8,d16355,0.863027811050415
q20556,python code input prompt for questions,python code input prompt for questions,python code input prompt for questions parameter condition error integer update,9,d7423,0.863027811050415
q20556,python code input prompt for questions,python code input prompt for questions,python code input prompt for questions parameter condition error integer update,10,d15433,0.863027811050415
q20557,python parse a log file that is logging,python parse a log file that is logging,python parse a log file that is logging file loop row search string,1,d11228,0.8810913562774658
q20557,python parse a log file that is logging,python parse a log file that is logging,python parse a log file that is logging file loop row search string,2,d1749,0.8802708387374878
q20557,python parse a log file that is logging,python parse a log file that is logging,python parse a log file that is logging file loop row search string,3,d20557,0.8802708387374878
q20557,python parse a log file that is logging,python parse a log file that is logging,python parse a log file that is logging file loop row search string,4,d15521,0.8802708387374878
q20557,python parse a log file that is logging,python parse a log file that is logging,python parse a log file that is logging file loop row search string,5,d5300,0.8802708387374878
q20557,python parse a log file that is logging,python parse a log file that is logging,python parse a log file that is logging file loop row search string,6,d15276,0.8641318082809448
q20557,python parse a log file that is logging,python parse a log file that is logging,python parse a log file that is logging file loop row search string,7,d8106,0.8641318082809448
q20557,python parse a log file that is logging,python parse a log file that is logging,python parse a log file that is logging file loop row search string,8,d11164,0.8641318082809448
q20557,python parse a log file that is logging,python parse a log file that is logging,python parse a log file that is logging file loop row search string,9,d10114,0.8627089262008667
q20557,python parse a log file that is logging,python parse a log file that is logging,python parse a log file that is logging file loop row search string,10,d7146,0.8622783422470093
q20558,remove an entry from a dict python,remove an entry from a dict python,remove an entry from a dict python dictionary delete error query search,1,d9292,0.8906588554382324
q20558,remove an entry from a dict python,remove an entry from a dict python,remove an entry from a dict python dictionary delete error query search,2,d12123,0.8829677104949951
q20558,remove an entry from a dict python,remove an entry from a dict python,remove an entry from a dict python dictionary delete error query search,3,d5324,0.8829677104949951
q20558,remove an entry from a dict python,remove an entry from a dict python,remove an entry from a dict python dictionary delete error query search,4,d3424,0.8829677104949951
q20558,remove an entry from a dict python,remove an entry from a dict python,remove an entry from a dict python dictionary delete error query search,5,d10146,0.8829677104949951
q20558,remove an entry from a dict python,remove an entry from a dict python,remove an entry from a dict python dictionary delete error query search,6,d13390,0.8790253400802612
q20558,remove an entry from a dict python,remove an entry from a dict python,remove an entry from a dict python dictionary delete error query search,7,d10856,0.8790253400802612
q20558,remove an entry from a dict python,remove an entry from a dict python,remove an entry from a dict python dictionary delete error query search,8,d10663,0.8790253400802612
q20558,remove an entry from a dict python,remove an entry from a dict python,remove an entry from a dict python dictionary delete error query search,9,d7326,0.8790253400802612
q20558,remove an entry from a dict python,remove an entry from a dict python,remove an entry from a dict python dictionary delete error query search,10,d2535,0.8762301802635193
q20559,new line statemnt pythong write,new line statemnt pythong write,new line statemnt pythong write update write query column error,1,d11823,0.854674756526947
q20559,new line statemnt pythong write,new line statemnt pythong write,new line statemnt pythong write update write query column error,2,d18007,0.8538529872894287
q20559,new line statemnt pythong write,new line statemnt pythong write,new line statemnt pythong write update write query column error,3,d11519,0.8536285161972046
q20559,new line statemnt pythong write,new line statemnt pythong write,new line statemnt pythong write update write query column error,4,d5654,0.8536285161972046
q20559,new line statemnt pythong write,new line statemnt pythong write,new line statemnt pythong write update write query column error,5,d7230,0.8536285161972046
q20559,new line statemnt pythong write,new line statemnt pythong write,new line statemnt pythong write update write query column error,6,d6350,0.8536285161972046
q20559,new line statemnt pythong write,new line statemnt pythong write,new line statemnt pythong write update write query column error,7,d15610,0.8536285161972046
q20559,new line statemnt pythong write,new line statemnt pythong write,new line statemnt pythong write update write query column error,8,d15422,0.8536285161972046
q20559,new line statemnt pythong write,new line statemnt pythong write,new line statemnt pythong write update write query column error,9,d15043,0.8532349467277527
q20559,new line statemnt pythong write,new line statemnt pythong write,new line statemnt pythong write update write query column error,10,d4177,0.8532349467277527
q20560,python view as series column format string,python view as series column format string,python view as series column format string string column row sort integer,1,d16981,0.866906464099884
q20560,python view as series column format string,python view as series column format string,python view as series column format string string column row sort integer,2,d18527,0.866906464099884
q20560,python view as series column format string,python view as series column format string,python view as series column format string string column row sort integer,3,d13775,0.8666993379592896
q20560,python view as series column format string,python view as series column format string,python view as series column format string string column row sort integer,4,d8471,0.8643869161605835
q20560,python view as series column format string,python view as series column format string,python view as series column format string string column row sort integer,5,d20560,0.8643869161605835
q20560,python view as series column format string,python view as series column format string,python view as series column format string string column row sort integer,6,d7967,0.8631247282028198
q20560,python view as series column format string,python view as series column format string,python view as series column format string string column row sort integer,7,d13339,0.8631247282028198
q20560,python view as series column format string,python view as series column format string,python view as series column format string string column row sort integer,8,d19889,0.862244725227356
q20560,python view as series column format string,python view as series column format string,python view as series column format string string column row sort integer,9,d5617,0.862244725227356
q20560,python view as series column format string,python view as series column format string,python view as series column format string string column row sort integer,10,d11697,0.8622446656227112
q20561,python select not null column values,python select not null column values,python select not null column values column error integer row database,1,d19774,0.8851603865623474
q20561,python select not null column values,python select not null column values,python select not null column values column error integer row database,2,d17992,0.8851603865623474
q20561,python select not null column values,python select not null column values,python select not null column values column error integer row database,3,d19292,0.8851603865623474
q20561,python select not null column values,python select not null column values,python select not null column values column error integer row database,4,d19351,0.8851603865623474
q20561,python select not null column values,python select not null column values,python select not null column values column error integer row database,5,d17069,0.8851603865623474
q20561,python select not null column values,python select not null column values,python select not null column values column error integer row database,6,d18559,0.8851603865623474
q20561,python select not null column values,python select not null column values,python select not null column values column error integer row database,7,d18211,0.8851603865623474
q20561,python select not null column values,python select not null column values,python select not null column values column error integer row database,8,d18644,0.8851603865623474
q20561,python select not null column values,python select not null column values,python select not null column values column error integer row database,9,d18756,0.8851603865623474
q20561,python select not null column values,python select not null column values,python select not null column values column error integer row database,10,d18700,0.8851603865623474
q20562,how do functions in python know the parametr type,how do functions in python know the parametr type,how do functions in python know the parametr type parameter function method integer variable,1,d4386,0.8684626817703247
q20562,how do functions in python know the parametr type,how do functions in python know the parametr type,how do functions in python know the parametr type parameter function method integer variable,2,d857,0.8684626817703247
q20562,how do functions in python know the parametr type,how do functions in python know the parametr type,how do functions in python know the parametr type parameter function method integer variable,3,d6279,0.8647055625915527
q20562,how do functions in python know the parametr type,how do functions in python know the parametr type,how do functions in python know the parametr type parameter function method integer variable,4,d4176,0.8647055625915527
q20562,how do functions in python know the parametr type,how do functions in python know the parametr type,how do functions in python know the parametr type parameter function method integer variable,5,d8376,0.8647055625915527
q20562,how do functions in python know the parametr type,how do functions in python know the parametr type,how do functions in python know the parametr type parameter function method integer variable,6,d12356,0.8647055625915527
q20562,how do functions in python know the parametr type,how do functions in python know the parametr type,how do functions in python know the parametr type parameter function method integer variable,7,d13884,0.8647055625915527
q20562,how do functions in python know the parametr type,how do functions in python know the parametr type,how do functions in python know the parametr type parameter function method integer variable,8,d4164,0.8647055625915527
q20562,how do functions in python know the parametr type,how do functions in python know the parametr type,how do functions in python know the parametr type parameter function method integer variable,9,d19611,0.8647055625915527
q20562,how do functions in python know the parametr type,how do functions in python know the parametr type,how do functions in python know the parametr type parameter function method integer variable,10,d14522,0.8565025925636292
q20563,cursor positioning python windows,cursor positioning python windows,cursor positioning python windows error integer parameter open column,1,d5597,0.8744940757751465
q20563,cursor positioning python windows,cursor positioning python windows,cursor positioning python windows error integer parameter open column,2,d12025,0.8744940757751465
q20563,cursor positioning python windows,cursor positioning python windows,cursor positioning python windows error integer parameter open column,3,d3770,0.8744940757751465
q20563,cursor positioning python windows,cursor positioning python windows,cursor positioning python windows error integer parameter open column,4,d3808,0.8744940757751465
q20563,cursor positioning python windows,cursor positioning python windows,cursor positioning python windows error integer parameter open column,5,d17583,0.8655011653900146
q20563,cursor positioning python windows,cursor positioning python windows,cursor positioning python windows error integer parameter open column,6,d16688,0.8655011653900146
q20563,cursor positioning python windows,cursor positioning python windows,cursor positioning python windows error integer parameter open column,7,d9406,0.8648314476013184
q20563,cursor positioning python windows,cursor positioning python windows,cursor positioning python windows error integer parameter open column,8,d5589,0.8641222715377808
q20563,cursor positioning python windows,cursor positioning python windows,cursor positioning python windows error integer parameter open column,9,d18683,0.8624470233917236
q20563,cursor positioning python windows,cursor positioning python windows,cursor positioning python windows error integer parameter open column,10,d16933,0.8624470233917236
q20564,python how to equally space points in an ellipse,python how to equally space points in an ellipse,python how to equally space points in an ellipse error function condition integer method,1,d20564,0.8646341562271118
q20564,python how to equally space points in an ellipse,python how to equally space points in an ellipse,python how to equally space points in an ellipse error function condition integer method,2,d1192,0.8646341562271118
q20564,python how to equally space points in an ellipse,python how to equally space points in an ellipse,python how to equally space points in an ellipse error function condition integer method,3,d15475,0.8565192222595215
q20564,python how to equally space points in an ellipse,python how to equally space points in an ellipse,python how to equally space points in an ellipse error function condition integer method,4,d321,0.8565192222595215
q20564,python how to equally space points in an ellipse,python how to equally space points in an ellipse,python how to equally space points in an ellipse error function condition integer method,5,d6896,0.8565192222595215
q20564,python how to equally space points in an ellipse,python how to equally space points in an ellipse,python how to equally space points in an ellipse error function condition integer method,6,d8089,0.8564440011978149
q20564,python how to equally space points in an ellipse,python how to equally space points in an ellipse,python how to equally space points in an ellipse error function condition integer method,7,d2616,0.855570375919342
q20564,python how to equally space points in an ellipse,python how to equally space points in an ellipse,python how to equally space points in an ellipse error function condition integer method,8,d6626,0.8551144599914551
q20564,python how to equally space points in an ellipse,python how to equally space points in an ellipse,python how to equally space points in an ellipse error function condition integer method,9,d8760,0.8551144599914551
q20564,python how to equally space points in an ellipse,python how to equally space points in an ellipse,python how to equally space points in an ellipse error function condition integer method,10,d2891,0.8551144599914551
q20565,how to see how similar two images are in python,how to see how similar two images are in python,how to see how similar two images are in python integer search query update column,1,d14803,0.8584111332893372
q20565,how to see how similar two images are in python,how to see how similar two images are in python,how to see how similar two images are in python integer search query update column,2,d218,0.8578994870185852
q20565,how to see how similar two images are in python,how to see how similar two images are in python,how to see how similar two images are in python integer search query update column,3,d216,0.8578994870185852
q20565,how to see how similar two images are in python,how to see how similar two images are in python,how to see how similar two images are in python integer search query update column,4,d19671,0.8578994870185852
q20565,how to see how similar two images are in python,how to see how similar two images are in python,how to see how similar two images are in python integer search query update column,5,d12713,0.8578994870185852
q20565,how to see how similar two images are in python,how to see how similar two images are in python,how to see how similar two images are in python integer search query update column,6,d19730,0.8578994870185852
q20565,how to see how similar two images are in python,how to see how similar two images are in python,how to see how similar two images are in python integer search query update column,7,d15178,0.8578994870185852
q20565,how to see how similar two images are in python,how to see how similar two images are in python,how to see how similar two images are in python integer search query update column,8,d6681,0.8578994870185852
q20565,how to see how similar two images are in python,how to see how similar two images are in python,how to see how similar two images are in python integer search query update column,9,d8350,0.8578994870185852
q20565,how to see how similar two images are in python,how to see how similar two images are in python,how to see how similar two images are in python integer search query update column,10,d252,0.849785566329956
q20566,how to make a input to have no spaces in python\,how to make a input to have no spaces in python\,how to make a input to have no spaces in python\ error integer string column write,1,d865,0.8771908283233643
q20566,how to make a input to have no spaces in python\,how to make a input to have no spaces in python\,how to make a input to have no spaces in python\ error integer string column write,2,d1150,0.8771908283233643
q20566,how to make a input to have no spaces in python\,how to make a input to have no spaces in python\,how to make a input to have no spaces in python\ error integer string column write,3,d6061,0.8771908283233643
q20566,how to make a input to have no spaces in python\,how to make a input to have no spaces in python\,how to make a input to have no spaces in python\ error integer string column write,4,d12380,0.8771908283233643
q20566,how to make a input to have no spaces in python\,how to make a input to have no spaces in python\,how to make a input to have no spaces in python\ error integer string column write,5,d6646,0.8771908283233643
q20566,how to make a input to have no spaces in python\,how to make a input to have no spaces in python\,how to make a input to have no spaces in python\ error integer string column write,6,d14762,0.8771908283233643
q20566,how to make a input to have no spaces in python\,how to make a input to have no spaces in python\,how to make a input to have no spaces in python\ error integer string column write,7,d10688,0.8771908283233643
q20566,how to make a input to have no spaces in python\,how to make a input to have no spaces in python\,how to make a input to have no spaces in python\ error integer string column write,8,d16169,0.8771908283233643
q20566,how to make a input to have no spaces in python\,how to make a input to have no spaces in python\,how to make a input to have no spaces in python\ error integer string column write,9,d6945,0.873112142086029
q20566,how to make a input to have no spaces in python\,how to make a input to have no spaces in python\,how to make a input to have no spaces in python\ error integer string column write,10,d15678,0.873112142086029
q20567,next line to read in python,next line to read in python,next line to read in python read loop dictionary string row,1,d20567,0.8947752118110657
q20567,next line to read in python,next line to read in python,next line to read in python read loop dictionary string row,2,d20061,0.8947752118110657
q20567,next line to read in python,next line to read in python,next line to read in python read loop dictionary string row,3,d4339,0.8943685293197632
q20567,next line to read in python,next line to read in python,next line to read in python read loop dictionary string row,4,d4988,0.8943685293197632
q20567,next line to read in python,next line to read in python,next line to read in python read loop dictionary string row,5,d15708,0.8854382038116455
q20567,next line to read in python,next line to read in python,next line to read in python read loop dictionary string row,6,d13167,0.8854382038116455
q20567,next line to read in python,next line to read in python,next line to read in python read loop dictionary string row,7,d15060,0.8722126483917236
q20567,next line to read in python,next line to read in python,next line to read in python read loop dictionary string row,8,d15240,0.8664734363555908
q20567,next line to read in python,next line to read in python,next line to read in python read loop dictionary string row,9,d752,0.8664734363555908
q20567,next line to read in python,next line to read in python,next line to read in python read loop dictionary string row,10,d1966,0.8664734363555908
q20568,move an item in list to front python,move an item in list to front python,move an item in list to front python list loop add string sort,1,d1477,0.9014600515365601
q20568,move an item in list to front python,move an item in list to front python,move an item in list to front python list loop add string sort,2,d2995,0.9014600515365601
q20568,move an item in list to front python,move an item in list to front python,move an item in list to front python list loop add string sort,3,d15831,0.9014600515365601
q20568,move an item in list to front python,move an item in list to front python,move an item in list to front python list loop add string sort,4,d4424,0.9014600515365601
q20568,move an item in list to front python,move an item in list to front python,move an item in list to front python list loop add string sort,5,d7571,0.9014600515365601
q20568,move an item in list to front python,move an item in list to front python,move an item in list to front python list loop add string sort,6,d20568,0.9014600515365601
q20568,move an item in list to front python,move an item in list to front python,move an item in list to front python list loop add string sort,7,d5755,0.9014600515365601
q20568,move an item in list to front python,move an item in list to front python,move an item in list to front python list loop add string sort,8,d15752,0.9014600515365601
q20568,move an item in list to front python,move an item in list to front python,move an item in list to front python list loop add string sort,9,d19367,0.8737698793411255
q20568,move an item in list to front python,move an item in list to front python,move an item in list to front python list loop add string sort,10,d16792,0.8737698793411255
q20569,"python wrap (s,w) print","python wrap (s,w) print","python wrap (s,w) print write string row loop variable",1,d8452,0.8878263235092163
q20569,"python wrap (s,w) print","python wrap (s,w) print","python wrap (s,w) print write string row loop variable",2,d9374,0.8878263235092163
q20569,"python wrap (s,w) print","python wrap (s,w) print","python wrap (s,w) print write string row loop variable",3,d2123,0.8878263235092163
q20569,"python wrap (s,w) print","python wrap (s,w) print","python wrap (s,w) print write string row loop variable",4,d3202,0.8862646222114563
q20569,"python wrap (s,w) print","python wrap (s,w) print","python wrap (s,w) print write string row loop variable",5,d6967,0.8862646222114563
q20569,"python wrap (s,w) print","python wrap (s,w) print","python wrap (s,w) print write string row loop variable",6,d5713,0.8862646222114563
q20569,"python wrap (s,w) print","python wrap (s,w) print","python wrap (s,w) print write string row loop variable",7,d12115,0.8862646222114563
q20569,"python wrap (s,w) print","python wrap (s,w) print","python wrap (s,w) print write string row loop variable",8,d15853,0.8862646222114563
q20569,"python wrap (s,w) print","python wrap (s,w) print","python wrap (s,w) print write string row loop variable",9,d9792,0.8862646222114563
q20569,"python wrap (s,w) print","python wrap (s,w) print","python wrap (s,w) print write string row loop variable",10,d1270,0.8862646222114563
q20570,how to check if missing values are blanks or nan or none in python,how to check if missing values are blanks or nan or none in python,how to check if missing values are blanks or nan or none in python error condition integer method row,1,d3084,0.8794350624084473
q20570,how to check if missing values are blanks or nan or none in python,how to check if missing values are blanks or nan or none in python,how to check if missing values are blanks or nan or none in python error condition integer method row,2,d18322,0.8770555853843689
q20570,how to check if missing values are blanks or nan or none in python,how to check if missing values are blanks or nan or none in python,how to check if missing values are blanks or nan or none in python error condition integer method row,3,d19394,0.8770555853843689
q20570,how to check if missing values are blanks or nan or none in python,how to check if missing values are blanks or nan or none in python,how to check if missing values are blanks or nan or none in python error condition integer method row,4,d18623,0.8770555853843689
q20570,how to check if missing values are blanks or nan or none in python,how to check if missing values are blanks or nan or none in python,how to check if missing values are blanks or nan or none in python error condition integer method row,5,d19038,0.8770554661750793
q20570,how to check if missing values are blanks or nan or none in python,how to check if missing values are blanks or nan or none in python,how to check if missing values are blanks or nan or none in python error condition integer method row,6,d17307,0.8770554661750793
q20570,how to check if missing values are blanks or nan or none in python,how to check if missing values are blanks or nan or none in python,how to check if missing values are blanks or nan or none in python error condition integer method row,7,d17472,0.8770554661750793
q20570,how to check if missing values are blanks or nan or none in python,how to check if missing values are blanks or nan or none in python,how to check if missing values are blanks or nan or none in python error condition integer method row,8,d19603,0.8770554661750793
q20570,how to check if missing values are blanks or nan or none in python,how to check if missing values are blanks or nan or none in python,how to check if missing values are blanks or nan or none in python error condition integer method row,9,d20570,0.8770554661750793
q20570,how to check if missing values are blanks or nan or none in python,how to check if missing values are blanks or nan or none in python,how to check if missing values are blanks or nan or none in python error condition integer method row,10,d15684,0.8768870830535889
q20571,python to get the indices of bin edges,python to get the indices of bin edges,python to get the indices of bin edges integer search parameter error get,1,d17667,0.8900612592697144
q20571,python to get the indices of bin edges,python to get the indices of bin edges,python to get the indices of bin edges integer search parameter error get,2,d574,0.8861391544342041
q20571,python to get the indices of bin edges,python to get the indices of bin edges,python to get the indices of bin edges integer search parameter error get,3,d20571,0.8861391544342041
q20571,python to get the indices of bin edges,python to get the indices of bin edges,python to get the indices of bin edges integer search parameter error get,4,d20272,0.8861391544342041
q20571,python to get the indices of bin edges,python to get the indices of bin edges,python to get the indices of bin edges integer search parameter error get,5,d573,0.8861391544342041
q20571,python to get the indices of bin edges,python to get the indices of bin edges,python to get the indices of bin edges integer search parameter error get,6,d12598,0.8861391544342041
q20571,python to get the indices of bin edges,python to get the indices of bin edges,python to get the indices of bin edges integer search parameter error get,7,d8584,0.8861391544342041
q20571,python to get the indices of bin edges,python to get the indices of bin edges,python to get the indices of bin edges integer search parameter error get,8,d16496,0.8861391544342041
q20571,python to get the indices of bin edges,python to get the indices of bin edges,python to get the indices of bin edges integer search parameter error get,9,d3756,0.8861391544342041
q20571,python to get the indices of bin edges,python to get the indices of bin edges,python to get the indices of bin edges integer search parameter error get,10,d1922,0.8857429027557373
q20572,python comma separated value,python comma separated value,python comma separated value integer variable column parameter error,1,d7114,0.8631484508514404
q20572,python comma separated value,python comma separated value,python comma separated value integer variable column parameter error,2,d6524,0.8615634441375732
q20572,python comma separated value,python comma separated value,python comma separated value integer variable column parameter error,3,d1378,0.8615634441375732
q20572,python comma separated value,python comma separated value,python comma separated value integer variable column parameter error,4,d7716,0.8615634441375732
q20572,python comma separated value,python comma separated value,python comma separated value integer variable column parameter error,5,d14671,0.8615634441375732
q20572,python comma separated value,python comma separated value,python comma separated value integer variable column parameter error,6,d3735,0.8597724437713623
q20572,python comma separated value,python comma separated value,python comma separated value integer variable column parameter error,7,d10356,0.8597724437713623
q20572,python comma separated value,python comma separated value,python comma separated value integer variable column parameter error,8,d6495,0.8597724437713623
q20572,python comma separated value,python comma separated value,python comma separated value integer variable column parameter error,9,d10414,0.8597724437713623
q20572,python comma separated value,python comma separated value,python comma separated value integer variable column parameter error,10,d11759,0.8597724437713623
q20573,python requests disable ssl certificate verification,python requests disable ssl certificate verification,python requests disable ssl certificate verification error string update warning delete,1,d11343,0.9233218431472778
q20573,python requests disable ssl certificate verification,python requests disable ssl certificate verification,python requests disable ssl certificate verification error string update warning delete,2,d11341,0.9233218431472778
q20573,python requests disable ssl certificate verification,python requests disable ssl certificate verification,python requests disable ssl certificate verification error string update warning delete,3,d11656,0.9233218431472778
q20573,python requests disable ssl certificate verification,python requests disable ssl certificate verification,python requests disable ssl certificate verification error string update warning delete,4,d4997,0.9233218431472778
q20573,python requests disable ssl certificate verification,python requests disable ssl certificate verification,python requests disable ssl certificate verification error string update warning delete,5,d11878,0.9233218431472778
q20573,python requests disable ssl certificate verification,python requests disable ssl certificate verification,python requests disable ssl certificate verification error string update warning delete,6,d3359,0.9233218431472778
q20573,python requests disable ssl certificate verification,python requests disable ssl certificate verification,python requests disable ssl certificate verification error string update warning delete,7,d12176,0.9233218431472778
q20573,python requests disable ssl certificate verification,python requests disable ssl certificate verification,python requests disable ssl certificate verification error string update warning delete,8,d15731,0.9233218431472778
q20573,python requests disable ssl certificate verification,python requests disable ssl certificate verification,python requests disable ssl certificate verification error string update warning delete,9,d20573,0.9233218431472778
q20573,python requests disable ssl certificate verification,python requests disable ssl certificate verification,python requests disable ssl certificate verification error string update warning delete,10,d4453,0.8988772630691528
q20574,python var and distribution of probability,python var and distribution of probability,python var and distribution of probability variable integer function parameter error,1,d13884,0.8653900027275085
q20574,python var and distribution of probability,python var and distribution of probability,python var and distribution of probability variable integer function parameter error,2,d4164,0.8653900027275085
q20574,python var and distribution of probability,python var and distribution of probability,python var and distribution of probability variable integer function parameter error,3,d6279,0.8653900027275085
q20574,python var and distribution of probability,python var and distribution of probability,python var and distribution of probability variable integer function parameter error,4,d19611,0.8653900027275085
q20574,python var and distribution of probability,python var and distribution of probability,python var and distribution of probability variable integer function parameter error,5,d4176,0.8653900027275085
q20574,python var and distribution of probability,python var and distribution of probability,python var and distribution of probability variable integer function parameter error,6,d8376,0.8653900027275085
q20574,python var and distribution of probability,python var and distribution of probability,python var and distribution of probability variable integer function parameter error,7,d12356,0.8653900027275085
q20574,python var and distribution of probability,python var and distribution of probability,python var and distribution of probability variable integer function parameter error,8,d16523,0.8647173047065735
q20574,python var and distribution of probability,python var and distribution of probability,python var and distribution of probability variable integer function parameter error,9,d8939,0.8647173047065735
q20574,python var and distribution of probability,python var and distribution of probability,python var and distribution of probability variable integer function parameter error,10,d2257,0.8647173047065735
q20575,how to determine it's a orthogonal matrix using python,how to determine it's a orthogonal matrix using python,how to determine it's a orthogonal matrix using python integer row method parameter error,1,d20575,0.8995198011398315
q20575,how to determine it's a orthogonal matrix using python,how to determine it's a orthogonal matrix using python,how to determine it's a orthogonal matrix using python integer row method parameter error,2,d17772,0.8995198011398315
q20575,how to determine it's a orthogonal matrix using python,how to determine it's a orthogonal matrix using python,how to determine it's a orthogonal matrix using python integer row method parameter error,3,d19123,0.8995198011398315
q20575,how to determine it's a orthogonal matrix using python,how to determine it's a orthogonal matrix using python,how to determine it's a orthogonal matrix using python integer row method parameter error,4,d995,0.8738023042678833
q20575,how to determine it's a orthogonal matrix using python,how to determine it's a orthogonal matrix using python,how to determine it's a orthogonal matrix using python integer row method parameter error,5,d1933,0.8738023042678833
q20575,how to determine it's a orthogonal matrix using python,how to determine it's a orthogonal matrix using python,how to determine it's a orthogonal matrix using python integer row method parameter error,6,d14710,0.8738023042678833
q20575,how to determine it's a orthogonal matrix using python,how to determine it's a orthogonal matrix using python,how to determine it's a orthogonal matrix using python integer row method parameter error,7,d13306,0.8726108074188232
q20575,how to determine it's a orthogonal matrix using python,how to determine it's a orthogonal matrix using python,how to determine it's a orthogonal matrix using python integer row method parameter error,8,d7082,0.8696677088737488
q20575,how to determine it's a orthogonal matrix using python,how to determine it's a orthogonal matrix using python,how to determine it's a orthogonal matrix using python integer row method parameter error,9,d7399,0.8692821860313416
q20575,how to determine it's a orthogonal matrix using python,how to determine it's a orthogonal matrix using python,how to determine it's a orthogonal matrix using python integer row method parameter error,10,d16552,0.8692821860313416
q20576,strip html tags in python,strip html tags in python,strip html tags in python string method delete database integer,1,d14167,0.9006631374359131
q20576,strip html tags in python,strip html tags in python,strip html tags in python string method delete database integer,2,d15703,0.9006631374359131
q20576,strip html tags in python,strip html tags in python,strip html tags in python string method delete database integer,3,d13710,0.9006631374359131
q20576,strip html tags in python,strip html tags in python,strip html tags in python string method delete database integer,4,d13597,0.9006631374359131
q20576,strip html tags in python,strip html tags in python,strip html tags in python string method delete database integer,5,d5499,0.9006631374359131
q20576,strip html tags in python,strip html tags in python,strip html tags in python string method delete database integer,6,d16444,0.8719902038574219
q20576,strip html tags in python,strip html tags in python,strip html tags in python string method delete database integer,7,d8320,0.8719902038574219
q20576,strip html tags in python,strip html tags in python,strip html tags in python string method delete database integer,8,d20576,0.8719902038574219
q20576,strip html tags in python,strip html tags in python,strip html tags in python string method delete database integer,9,d7534,0.8719902038574219
q20576,strip html tags in python,strip html tags in python,strip html tags in python string method delete database integer,10,d7653,0.8657819032669067
q20577,center align python text,center align python text,center align python text column error integer string row,1,d18861,0.8694461584091187
q20577,center align python text,center align python text,center align python text column error integer string row,2,d20577,0.8669099807739258
q20577,center align python text,center align python text,center align python text column error integer string row,3,d795,0.8669099807739258
q20577,center align python text,center align python text,center align python text column error integer string row,4,d751,0.8669099807739258
q20577,center align python text,center align python text,center align python text column error integer string row,5,d12646,0.8669099807739258
q20577,center align python text,center align python text,center align python text column error integer string row,6,d1200,0.8669099807739258
q20577,center align python text,center align python text,center align python text column error integer string row,7,d16479,0.8669099807739258
q20577,center align python text,center align python text,center align python text column error integer string row,8,d793,0.8669099807739258
q20577,center align python text,center align python text,center align python text column error integer string row,9,d164,0.8669099807739258
q20577,center align python text,center align python text,center align python text column error integer string row,10,d7210,0.8669099807739258
q20578,python get list of keys on an object,python get list of keys on an object,python get list of keys on an object list integer get search array,1,d5546,0.8831035494804382
q20578,python get list of keys on an object,python get list of keys on an object,python get list of keys on an object list integer get search array,2,d5737,0.8831035494804382
q20578,python get list of keys on an object,python get list of keys on an object,python get list of keys on an object list integer get search array,3,d13115,0.8831035494804382
q20578,python get list of keys on an object,python get list of keys on an object,python get list of keys on an object list integer get search array,4,d15053,0.8831035494804382
q20578,python get list of keys on an object,python get list of keys on an object,python get list of keys on an object list integer get search array,5,d20015,0.8831035494804382
q20578,python get list of keys on an object,python get list of keys on an object,python get list of keys on an object list integer get search array,6,d20412,0.8831035494804382
q20578,python get list of keys on an object,python get list of keys on an object,python get list of keys on an object list integer get search array,7,d6941,0.8831035494804382
q20578,python get list of keys on an object,python get list of keys on an object,python get list of keys on an object list integer get search array,8,d3653,0.8831035494804382
q20578,python get list of keys on an object,python get list of keys on an object,python get list of keys on an object list integer get search array,9,d7031,0.8831035494804382
q20578,python get list of keys on an object,python get list of keys on an object,python get list of keys on an object list integer get search array,10,d19749,0.8689961433410645
q20579,is there any python function to check for nan valu,is there any python function to check for nan valu,is there any python function to check for nan valu function error condition warning variable,1,d18623,0.8934718370437622
q20579,is there any python function to check for nan valu,is there any python function to check for nan valu,is there any python function to check for nan valu function error condition warning variable,2,d19038,0.8934718370437622
q20579,is there any python function to check for nan valu,is there any python function to check for nan valu,is there any python function to check for nan valu function error condition warning variable,3,d19394,0.8934718370437622
q20579,is there any python function to check for nan valu,is there any python function to check for nan valu,is there any python function to check for nan valu function error condition warning variable,4,d18322,0.8934718370437622
q20579,is there any python function to check for nan valu,is there any python function to check for nan valu,is there any python function to check for nan valu function error condition warning variable,5,d17472,0.8934718370437622
q20579,is there any python function to check for nan valu,is there any python function to check for nan valu,is there any python function to check for nan valu function error condition warning variable,6,d19603,0.8934718370437622
q20579,is there any python function to check for nan valu,is there any python function to check for nan valu,is there any python function to check for nan valu function error condition warning variable,7,d20570,0.8934718370437622
q20579,is there any python function to check for nan valu,is there any python function to check for nan valu,is there any python function to check for nan valu function error condition warning variable,8,d17307,0.8934718370437622
q20579,is there any python function to check for nan valu,is there any python function to check for nan valu,is there any python function to check for nan valu function error condition warning variable,9,d10099,0.8679425716400146
q20579,is there any python function to check for nan valu,is there any python function to check for nan valu,is there any python function to check for nan valu function error condition warning variable,10,d4532,0.8679425716400146
q20580,python get cookie for request,python get cookie for request,python get cookie for request search get parameter error return,1,d9617,0.87288498878479
q20580,python get cookie for request,python get cookie for request,python get cookie for request search get parameter error return,2,d2489,0.87288498878479
q20580,python get cookie for request,python get cookie for request,python get cookie for request search get parameter error return,3,d11750,0.87288498878479
q20580,python get cookie for request,python get cookie for request,python get cookie for request search get parameter error return,4,d19658,0.87288498878479
q20580,python get cookie for request,python get cookie for request,python get cookie for request search get parameter error return,5,d11075,0.87288498878479
q20580,python get cookie for request,python get cookie for request,python get cookie for request search get parameter error return,6,d7596,0.870781421661377
q20580,python get cookie for request,python get cookie for request,python get cookie for request search get parameter error return,7,d7560,0.868553638458252
q20580,python get cookie for request,python get cookie for request,python get cookie for request search get parameter error return,8,d17825,0.8684980869293213
q20580,python get cookie for request,python get cookie for request,python get cookie for request search get parameter error return,9,d9105,0.8647853136062622
q20580,python get cookie for request,python get cookie for request,python get cookie for request search get parameter error return,10,d15983,0.8647853136062622
q20581,python is list no na,python is list no na,python is list no na list error query integer database,1,d18211,0.858764111995697
q20581,python is list no na,python is list no na,python is list no na list error query integer database,2,d19263,0.858764111995697
q20581,python is list no na,python is list no na,python is list no na list error query integer database,3,d17069,0.858764111995697
q20581,python is list no na,python is list no na,python is list no na list error query integer database,4,d18443,0.858764111995697
q20581,python is list no na,python is list no na,python is list no na list error query integer database,5,d19774,0.858764111995697
q20581,python is list no na,python is list no na,python is list no na list error query integer database,6,d19351,0.858764111995697
q20581,python is list no na,python is list no na,python is list no na list error query integer database,7,d17992,0.858764111995697
q20581,python is list no na,python is list no na,python is list no na list error query integer database,8,d16759,0.858764111995697
q20581,python is list no na,python is list no na,python is list no na list error query integer database,9,d19292,0.858764111995697
q20581,python is list no na,python is list no na,python is list no na list error query integer database,10,d17887,0.858764111995697
q20582,python determine if a file is image,python determine if a file is image,python determine if a file is image file error string search function,1,d4419,0.8924856185913086
q20582,python determine if a file is image,python determine if a file is image,python determine if a file is image file error string search function,2,d20582,0.8924856185913086
q20582,python determine if a file is image,python determine if a file is image,python determine if a file is image file error string search function,3,d4204,0.8924856185913086
q20582,python determine if a file is image,python determine if a file is image,python determine if a file is image file error string search function,4,d4168,0.8924856185913086
q20582,python determine if a file is image,python determine if a file is image,python determine if a file is image file error string search function,5,d2076,0.8924856185913086
q20582,python determine if a file is image,python determine if a file is image,python determine if a file is image file error string search function,6,d14415,0.8924856185913086
q20582,python determine if a file is image,python determine if a file is image,python determine if a file is image file error string search function,7,d14407,0.8924856185913086
q20582,python determine if a file is image,python determine if a file is image,python determine if a file is image file error string search function,8,d8335,0.8825504183769226
q20582,python determine if a file is image,python determine if a file is image,python determine if a file is image file error string search function,9,d16570,0.8825504183769226
q20582,python determine if a file is image,python determine if a file is image,python determine if a file is image file error string search function,10,d196,0.8825504183769226
q20583,python reorganise a data frame,python reorganise a data frame,python reorganise a data frame database data row column update,1,d14327,0.8817147612571716
q20583,python reorganise a data frame,python reorganise a data frame,python reorganise a data frame database data row column update,2,d13258,0.8817147612571716
q20583,python reorganise a data frame,python reorganise a data frame,python reorganise a data frame database data row column update,3,d838,0.8817147612571716
q20583,python reorganise a data frame,python reorganise a data frame,python reorganise a data frame database data row column update,4,d5107,0.8817147612571716
q20583,python reorganise a data frame,python reorganise a data frame,python reorganise a data frame database data row column update,5,d1996,0.8817147612571716
q20583,python reorganise a data frame,python reorganise a data frame,python reorganise a data frame database data row column update,6,d2976,0.8817147612571716
q20583,python reorganise a data frame,python reorganise a data frame,python reorganise a data frame database data row column update,7,d16545,0.8817147612571716
q20583,python reorganise a data frame,python reorganise a data frame,python reorganise a data frame database data row column update,8,d7218,0.8817147016525269
q20583,python reorganise a data frame,python reorganise a data frame,python reorganise a data frame database data row column update,9,d11823,0.8812453150749207
q20583,python reorganise a data frame,python reorganise a data frame,python reorganise a data frame database data row column update,10,d8668,0.878228485584259
q20584,read first line in txt file in python,read first line in txt file in python,read first line in txt file in python read file write row loop,1,d20584,0.8828011751174927
q20584,read first line in txt file in python,read first line in txt file in python,read first line in txt file in python read file write row loop,2,d16290,0.8828011751174927
q20584,read first line in txt file in python,read first line in txt file in python,read first line in txt file in python read file write row loop,3,d1688,0.8828011751174927
q20584,read first line in txt file in python,read first line in txt file in python,read first line in txt file in python read file write row loop,4,d1136,0.8828011751174927
q20584,read first line in txt file in python,read first line in txt file in python,read first line in txt file in python read file write row loop,5,d12166,0.8828011751174927
q20584,read first line in txt file in python,read first line in txt file in python,read first line in txt file in python read file write row loop,6,d19789,0.8828011751174927
q20584,read first line in txt file in python,read first line in txt file in python,read first line in txt file in python read file write row loop,7,d9113,0.8690248727798462
q20584,read first line in txt file in python,read first line in txt file in python,read first line in txt file in python read file write row loop,8,d20567,0.8644684553146362
q20584,read first line in txt file in python,read first line in txt file in python,read first line in txt file in python read file write row loop,9,d20061,0.8644684553146362
q20584,read first line in txt file in python,read first line in txt file in python,read first line in txt file in python read file write row loop,10,d3247,0.8625650405883789
q20585,pass defined parser object to subparser python,pass defined parser object to subparser python,pass defined parser object to subparser python parameter variable error integer add,1,d10281,0.8924148082733154
q20585,pass defined parser object to subparser python,pass defined parser object to subparser python,pass defined parser object to subparser python parameter variable error integer add,2,d3989,0.8818992376327515
q20585,pass defined parser object to subparser python,pass defined parser object to subparser python,pass defined parser object to subparser python parameter variable error integer add,3,d20585,0.8818992376327515
q20585,pass defined parser object to subparser python,pass defined parser object to subparser python,pass defined parser object to subparser python parameter variable error integer add,4,d8204,0.8770296573638916
q20585,pass defined parser object to subparser python,pass defined parser object to subparser python,pass defined parser object to subparser python parameter variable error integer add,5,d20374,0.8768752813339233
q20585,pass defined parser object to subparser python,pass defined parser object to subparser python,pass defined parser object to subparser python parameter variable error integer add,6,d12218,0.8765009641647339
q20585,pass defined parser object to subparser python,pass defined parser object to subparser python,pass defined parser object to subparser python parameter variable error integer add,7,d413,0.8765009641647339
q20585,pass defined parser object to subparser python,pass defined parser object to subparser python,pass defined parser object to subparser python parameter variable error integer add,8,d12216,0.876224160194397
q20585,pass defined parser object to subparser python,pass defined parser object to subparser python,pass defined parser object to subparser python parameter variable error integer add,9,d1756,0.876224160194397
q20585,pass defined parser object to subparser python,pass defined parser object to subparser python,pass defined parser object to subparser python parameter variable error integer add,10,d12803,0.8733150362968445
q20586,how to print generic error in python,how to print generic error in python,how to print generic error in python error parameter integer method return,1,d19169,0.881038248538971
q20586,how to print generic error in python,how to print generic error in python,how to print generic error in python error parameter integer method return,2,d18646,0.881038248538971
q20586,how to print generic error in python,how to print generic error in python,how to print generic error in python error parameter integer method return,3,d19081,0.881038248538971
q20586,how to print generic error in python,how to print generic error in python,how to print generic error in python error parameter integer method return,4,d17108,0.881038248538971
q20586,how to print generic error in python,how to print generic error in python,how to print generic error in python error parameter integer method return,5,d19626,0.881038248538971
q20586,how to print generic error in python,how to print generic error in python,how to print generic error in python error parameter integer method return,6,d5502,0.8703337907791138
q20586,how to print generic error in python,how to print generic error in python,how to print generic error in python error parameter integer method return,7,d13660,0.8703337907791138
q20586,how to print generic error in python,how to print generic error in python,how to print generic error in python error parameter integer method return,8,d9777,0.8594486713409424
q20586,how to print generic error in python,how to print generic error in python,how to print generic error in python error parameter integer method return,9,d9903,0.8580939769744873
q20586,how to print generic error in python,how to print generic error in python,how to print generic error in python error parameter integer method return,10,d11956,0.8580939769744873
q20587,python change the name of a key,python change the name of a key,python change the name of a key update error row string query,1,d11823,0.8786128759384155
q20587,python change the name of a key,python change the name of a key,python change the name of a key update error row string query,2,d2026,0.8669310808181763
q20587,python change the name of a key,python change the name of a key,python change the name of a key update error row string query,3,d2615,0.8669310808181763
q20587,python change the name of a key,python change the name of a key,python change the name of a key update error row string query,4,d6256,0.8669310808181763
q20587,python change the name of a key,python change the name of a key,python change the name of a key update error row string query,5,d5285,0.8669310808181763
q20587,python change the name of a key,python change the name of a key,python change the name of a key update error row string query,6,d20587,0.8669310808181763
q20587,python change the name of a key,python change the name of a key,python change the name of a key update error row string query,7,d11012,0.8669310808181763
q20587,python change the name of a key,python change the name of a key,python change the name of a key update error row string query,8,d7231,0.8669310808181763
q20587,python change the name of a key,python change the name of a key,python change the name of a key update error row string query,9,d6493,0.8669310808181763
q20587,python change the name of a key,python change the name of a key,python change the name of a key update error row string query,10,d7229,0.8610373735427856
q20588,moving mouse python click,moving mouse python click,moving mouse python click update loop search error row,1,d11530,0.8571479916572571
q20588,moving mouse python click,moving mouse python click,moving mouse python click update loop search error row,2,d8443,0.8563176393508911
q20588,moving mouse python click,moving mouse python click,moving mouse python click update loop search error row,3,d1275,0.8563176393508911
q20588,moving mouse python click,moving mouse python click,moving mouse python click update loop search error row,4,d8544,0.8563176393508911
q20588,moving mouse python click,moving mouse python click,moving mouse python click update loop search error row,5,d1218,0.8562216758728027
q20588,moving mouse python click,moving mouse python click,moving mouse python click update loop search error row,6,d15793,0.8545539975166321
q20588,moving mouse python click,moving mouse python click,moving mouse python click update loop search error row,7,d9356,0.8545539975166321
q20588,moving mouse python click,moving mouse python click,moving mouse python click update loop search error row,8,d20004,0.8528414964675903
q20588,moving mouse python click,moving mouse python click,moving mouse python click update loop search error row,9,d4838,0.8528414964675903
q20588,moving mouse python click,moving mouse python click,moving mouse python click update loop search error row,10,d16191,0.8513299226760864
q20589,python to determine if services are running,python to determine if services are running,python to determine if services are running search condition update return error,1,d14393,0.8773765563964844
q20589,python to determine if services are running,python to determine if services are running,python to determine if services are running search condition update return error,2,d20589,0.8773765563964844
q20589,python to determine if services are running,python to determine if services are running,python to determine if services are running search condition update return error,3,d5588,0.8773765563964844
q20589,python to determine if services are running,python to determine if services are running,python to determine if services are running search condition update return error,4,d13305,0.8773765563964844
q20589,python to determine if services are running,python to determine if services are running,python to determine if services are running search condition update return error,5,d10719,0.8773765563964844
q20589,python to determine if services are running,python to determine if services are running,python to determine if services are running search condition update return error,6,d255,0.8773765563964844
q20589,python to determine if services are running,python to determine if services are running,python to determine if services are running search condition update return error,7,d13320,0.8773765563964844
q20589,python to determine if services are running,python to determine if services are running,python to determine if services are running search condition update return error,8,d247,0.8773765563964844
q20589,python to determine if services are running,python to determine if services are running,python to determine if services are running search condition update return error,9,d4468,0.8666641712188721
q20589,python to determine if services are running,python to determine if services are running,python to determine if services are running search condition update return error,10,d4930,0.8666641712188721
q20590,python set contains multiple items,python set contains multiple items,python set contains multiple items integer variable array list function,1,d734,0.8743281960487366
q20590,python set contains multiple items,python set contains multiple items,python set contains multiple items integer variable array list function,2,d14844,0.8743281960487366
q20590,python set contains multiple items,python set contains multiple items,python set contains multiple items integer variable array list function,3,d6963,0.8743281960487366
q20590,python set contains multiple items,python set contains multiple items,python set contains multiple items integer variable array list function,4,d7685,0.8743281960487366
q20590,python set contains multiple items,python set contains multiple items,python set contains multiple items integer variable array list function,5,d1185,0.8743281960487366
q20590,python set contains multiple items,python set contains multiple items,python set contains multiple items integer variable array list function,6,d13365,0.8743281960487366
q20590,python set contains multiple items,python set contains multiple items,python set contains multiple items integer variable array list function,7,d6064,0.8743281960487366
q20590,python set contains multiple items,python set contains multiple items,python set contains multiple items integer variable array list function,8,d16238,0.8743281960487366
q20590,python set contains multiple items,python set contains multiple items,python set contains multiple items integer variable array list function,9,d7882,0.8743281960487366
q20590,python set contains multiple items,python set contains multiple items,python set contains multiple items integer variable array list function,10,d6251,0.8709226846694946
q20591,python protobyf parse from byte,python protobyf parse from byte,python protobyf parse from byte parameter integer file string error,1,d14275,0.8624991774559021
q20591,python protobyf parse from byte,python protobyf parse from byte,python protobyf parse from byte parameter integer file string error,2,d9502,0.8577702045440674
q20591,python protobyf parse from byte,python protobyf parse from byte,python protobyf parse from byte parameter integer file string error,3,d9608,0.8577702045440674
q20591,python protobyf parse from byte,python protobyf parse from byte,python protobyf parse from byte parameter integer file string error,4,d7353,0.8577702045440674
q20591,python protobyf parse from byte,python protobyf parse from byte,python protobyf parse from byte parameter integer file string error,5,d19591,0.8567483425140381
q20591,python protobyf parse from byte,python protobyf parse from byte,python protobyf parse from byte parameter integer file string error,6,d17883,0.8567483425140381
q20591,python protobyf parse from byte,python protobyf parse from byte,python protobyf parse from byte parameter integer file string error,7,d16829,0.8567483425140381
q20591,python protobyf parse from byte,python protobyf parse from byte,python protobyf parse from byte parameter integer file string error,8,d16885,0.8567483425140381
q20591,python protobyf parse from byte,python protobyf parse from byte,python protobyf parse from byte parameter integer file string error,9,d18161,0.8567483425140381
q20591,python protobyf parse from byte,python protobyf parse from byte,python protobyf parse from byte parameter integer file string error,10,d18850,0.8539044260978699
q20592,python check if a directory is writable,python check if a directory is writable,python check if a directory is writable file error write string variable,1,d6696,0.8998236656188965
q20592,python check if a directory is writable,python check if a directory is writable,python check if a directory is writable file error write string variable,2,d20002,0.8998236656188965
q20592,python check if a directory is writable,python check if a directory is writable,python check if a directory is writable file error write string variable,3,d11377,0.8998236656188965
q20592,python check if a directory is writable,python check if a directory is writable,python check if a directory is writable file error write string variable,4,d12376,0.8998236656188965
q20592,python check if a directory is writable,python check if a directory is writable,python check if a directory is writable file error write string variable,5,d5576,0.8998236656188965
q20592,python check if a directory is writable,python check if a directory is writable,python check if a directory is writable file error write string variable,6,d15946,0.8912225961685181
q20592,python check if a directory is writable,python check if a directory is writable,python check if a directory is writable file error write string variable,7,d20592,0.8912225961685181
q20592,python check if a directory is writable,python check if a directory is writable,python check if a directory is writable file error write string variable,8,d8716,0.8912225961685181
q20592,python check if a directory is writable,python check if a directory is writable,python check if a directory is writable file error write string variable,9,d742,0.8912225961685181
q20592,python check if a directory is writable,python check if a directory is writable,python check if a directory is writable file error write string variable,10,d2341,0.8912225961685181
q20593,object as list python,object as list python,object as list python list condition function method integer,1,d19800,0.8740083575248718
q20593,object as list python,object as list python,object as list python list condition function method integer,2,d12964,0.8740083575248718
q20593,object as list python,object as list python,object as list python list condition function method integer,3,d15944,0.8740083575248718
q20593,object as list python,object as list python,object as list python list condition function method integer,4,d2992,0.8740083575248718
q20593,object as list python,object as list python,object as list python list condition function method integer,5,d20140,0.8740083575248718
q20593,object as list python,object as list python,object as list python list condition function method integer,6,d9518,0.8740083575248718
q20593,object as list python,object as list python,object as list python list condition function method integer,7,d6325,0.8740083575248718
q20593,object as list python,object as list python,object as list python list condition function method integer,8,d9106,0.8740083575248718
q20593,object as list python,object as list python,object as list python list condition function method integer,9,d15196,0.8725276589393616
q20593,object as list python,object as list python,object as list python list condition function method integer,10,d9344,0.8725276589393616
q20594,replace function nan python,replace function nan python,replace function nan python function error update delete parameter,1,d20594,0.8887353539466858
q20594,replace function nan python,replace function nan python,replace function nan python function error update delete parameter,2,d15725,0.8887353539466858
q20594,replace function nan python,replace function nan python,replace function nan python function error update delete parameter,3,d13623,0.8887353539466858
q20594,replace function nan python,replace function nan python,replace function nan python function error update delete parameter,4,d6083,0.8887353539466858
q20594,replace function nan python,replace function nan python,replace function nan python function error update delete parameter,5,d3441,0.8887353539466858
q20594,replace function nan python,replace function nan python,replace function nan python function error update delete parameter,6,d1796,0.8887353539466858
q20594,replace function nan python,replace function nan python,replace function nan python function error update delete parameter,7,d10192,0.8887353539466858
q20594,replace function nan python,replace function nan python,replace function nan python function error update delete parameter,8,d13730,0.8887353539466858
q20594,replace function nan python,replace function nan python,replace function nan python function error update delete parameter,9,d1205,0.8887353539466858
q20594,replace function nan python,replace function nan python,replace function nan python function error update delete parameter,10,d3625,0.8627667427062988
q20595,python hash table check if key exist,python hash table check if key exist,python hash table check if key exist table error integer database string,1,d8985,0.8972909450531006
q20595,python hash table check if key exist,python hash table check if key exist,python hash table check if key exist table error integer database string,2,d17874,0.896308422088623
q20595,python hash table check if key exist,python hash table check if key exist,python hash table check if key exist table error integer database string,3,d17700,0.896308422088623
q20595,python hash table check if key exist,python hash table check if key exist,python hash table check if key exist table error integer database string,4,d18256,0.896308422088623
q20595,python hash table check if key exist,python hash table check if key exist,python hash table check if key exist table error integer database string,5,d17652,0.896308422088623
q20595,python hash table check if key exist,python hash table check if key exist,python hash table check if key exist table error integer database string,6,d17965,0.896308422088623
q20595,python hash table check if key exist,python hash table check if key exist,python hash table check if key exist table error integer database string,7,d17666,0.896308422088623
q20595,python hash table check if key exist,python hash table check if key exist,python hash table check if key exist table error integer database string,8,d17259,0.896308422088623
q20595,python hash table check if key exist,python hash table check if key exist,python hash table check if key exist table error integer database string,9,d20595,0.896308422088623
q20595,python hash table check if key exist,python hash table check if key exist,python hash table check if key exist table error integer database string,10,d19201,0.896308422088623
q20596,take all points in box python,take all points in box python,take all points in box python column loop update integer row,1,d11823,0.852294921875
q20596,take all points in box python,take all points in box python,take all points in box python column loop update integer row,2,d19894,0.8499917984008789
q20596,take all points in box python,take all points in box python,take all points in box python column loop update integer row,3,d11525,0.8499917984008789
q20596,take all points in box python,take all points in box python,take all points in box python column loop update integer row,4,d6391,0.8499917984008789
q20596,take all points in box python,take all points in box python,take all points in box python column loop update integer row,5,d6254,0.8499917984008789
q20596,take all points in box python,take all points in box python,take all points in box python column loop update integer row,6,d6065,0.8499917984008789
q20596,take all points in box python,take all points in box python,take all points in box python column loop update integer row,7,d14597,0.8499917984008789
q20596,take all points in box python,take all points in box python,take all points in box python column loop update integer row,8,d20596,0.8480424284934998
q20596,take all points in box python,take all points in box python,take all points in box python column loop update integer row,9,d5589,0.8478649854660034
q20596,take all points in box python,take all points in box python,take all points in box python column loop update integer row,10,d2237,0.8478424549102783
q20597,python create enum by name,python create enum by name,python create enum by name integer error column write parameter,1,d15951,0.8814448118209839
q20597,python create enum by name,python create enum by name,python create enum by name integer error column write parameter,2,d11724,0.8814448118209839
q20597,python create enum by name,python create enum by name,python create enum by name integer error column write parameter,3,d3306,0.8814448118209839
q20597,python create enum by name,python create enum by name,python create enum by name integer error column write parameter,4,d13835,0.8814448118209839
q20597,python create enum by name,python create enum by name,python create enum by name integer error column write parameter,5,d4525,0.8812342286109924
q20597,python create enum by name,python create enum by name,python create enum by name integer error column write parameter,6,d498,0.8812342286109924
q20597,python create enum by name,python create enum by name,python create enum by name integer error column write parameter,7,d8719,0.8812342286109924
q20597,python create enum by name,python create enum by name,python create enum by name integer error column write parameter,8,d14813,0.8812342286109924
q20597,python create enum by name,python create enum by name,python create enum by name integer error column write parameter,9,d6652,0.8812342286109924
q20597,python create enum by name,python create enum by name,python create enum by name integer error column write parameter,10,d8726,0.8720940351486206
q20598,python matplotlib use arrow markers,python matplotlib use arrow markers,python matplotlib use arrow markers array row error parameter loop,1,d12181,0.8615672588348389
q20598,python matplotlib use arrow markers,python matplotlib use arrow markers,python matplotlib use arrow markers array row error parameter loop,2,d5895,0.8568057417869568
q20598,python matplotlib use arrow markers,python matplotlib use arrow markers,python matplotlib use arrow markers array row error parameter loop,3,d7483,0.8568057417869568
q20598,python matplotlib use arrow markers,python matplotlib use arrow markers,python matplotlib use arrow markers array row error parameter loop,4,d15604,0.8568057417869568
q20598,python matplotlib use arrow markers,python matplotlib use arrow markers,python matplotlib use arrow markers array row error parameter loop,5,d7158,0.8568057417869568
q20598,python matplotlib use arrow markers,python matplotlib use arrow markers,python matplotlib use arrow markers array row error parameter loop,6,d9088,0.8568057417869568
q20598,python matplotlib use arrow markers,python matplotlib use arrow markers,python matplotlib use arrow markers array row error parameter loop,7,d20598,0.8568057417869568
q20598,python matplotlib use arrow markers,python matplotlib use arrow markers,python matplotlib use arrow markers array row error parameter loop,8,d1763,0.8521736860275269
q20598,python matplotlib use arrow markers,python matplotlib use arrow markers,python matplotlib use arrow markers array row error parameter loop,9,d9928,0.8508598804473877
q20598,python matplotlib use arrow markers,python matplotlib use arrow markers,python matplotlib use arrow markers array row error parameter loop,10,d6543,0.8501346111297607
q20599,python function default args,python function default args,python function default args function error parameter variable method,1,d12091,0.9006320238113403
q20599,python function default args,python function default args,python function default args function error parameter variable method,2,d10278,0.9006320238113403
q20599,python function default args,python function default args,python function default args function error parameter variable method,3,d3884,0.9006320238113403
q20599,python function default args,python function default args,python function default args function error parameter variable method,4,d1753,0.9006320238113403
q20599,python function default args,python function default args,python function default args function error parameter variable method,5,d20206,0.9006320238113403
q20599,python function default args,python function default args,python function default args function error parameter variable method,6,d6799,0.9006320238113403
q20599,python function default args,python function default args,python function default args function error parameter variable method,7,d6555,0.9006320238113403
q20599,python function default args,python function default args,python function default args function error parameter variable method,8,d13915,0.9006320238113403
q20599,python function default args,python function default args,python function default args function error parameter variable method,9,d11512,0.9006320238113403
q20599,python function default args,python function default args,python function default args function error parameter variable method,10,d15418,0.8886468410491943
q20600,python how to select first 100 rows,python how to select first 100 rows,python how to select first 100 rows row error search column loop,1,d1294,0.8584538698196411
q20600,python how to select first 100 rows,python how to select first 100 rows,python how to select first 100 rows row error search column loop,2,d5341,0.8584538698196411
q20600,python how to select first 100 rows,python how to select first 100 rows,python how to select first 100 rows row error search column loop,3,d13851,0.8584538698196411
q20600,python how to select first 100 rows,python how to select first 100 rows,python how to select first 100 rows row error search column loop,4,d11165,0.8584538698196411
q20600,python how to select first 100 rows,python how to select first 100 rows,python how to select first 100 rows row error search column loop,5,d8876,0.8584538698196411
q20600,python how to select first 100 rows,python how to select first 100 rows,python how to select first 100 rows row error search column loop,6,d5569,0.8584538698196411
q20600,python how to select first 100 rows,python how to select first 100 rows,python how to select first 100 rows row error search column loop,7,d2476,0.8563282489776611
q20600,python how to select first 100 rows,python how to select first 100 rows,python how to select first 100 rows row error search column loop,8,d4562,0.8563282489776611
q20600,python how to select first 100 rows,python how to select first 100 rows,python how to select first 100 rows row error search column loop,9,d15017,0.8563282489776611
q20600,python how to select first 100 rows,python how to select first 100 rows,python how to select first 100 rows row error search column loop,10,d6808,0.8563282489776611
q20601,removing columnsns in data frame python,removing columnsns in data frame python,removing columnsns in data frame python data column delete database error row,1,d955,0.9146348237991333
q20601,removing columnsns in data frame python,removing columnsns in data frame python,removing columnsns in data frame python data column delete database error row,2,d10995,0.9146348237991333
q20601,removing columnsns in data frame python,removing columnsns in data frame python,removing columnsns in data frame python data column delete database error row,3,d12853,0.9146348237991333
q20601,removing columnsns in data frame python,removing columnsns in data frame python,removing columnsns in data frame python data column delete database error row,4,d12916,0.9023008942604065
q20601,removing columnsns in data frame python,removing columnsns in data frame python,removing columnsns in data frame python data column delete database error row,5,d1302,0.9023008942604065
q20601,removing columnsns in data frame python,removing columnsns in data frame python,removing columnsns in data frame python data column delete database error row,6,d4357,0.9023008942604065
q20601,removing columnsns in data frame python,removing columnsns in data frame python,removing columnsns in data frame python data column delete database error row,7,d10569,0.9023008942604065
q20601,removing columnsns in data frame python,removing columnsns in data frame python,removing columnsns in data frame python data column delete database error row,8,d4768,0.9023008942604065
q20601,removing columnsns in data frame python,removing columnsns in data frame python,removing columnsns in data frame python data column delete database error row,9,d6926,0.9023008942604065
q20601,removing columnsns in data frame python,removing columnsns in data frame python,removing columnsns in data frame python data column delete database error row,10,d13976,0.9007784128189087
q20602,python array to torch tensor,python array to torch tensor,python array to torch tensor array error string row sort,1,d5820,0.8699562549591064
q20602,python array to torch tensor,python array to torch tensor,python array to torch tensor array error string row sort,2,d14061,0.8607625961303711
q20602,python array to torch tensor,python array to torch tensor,python array to torch tensor array error string row sort,3,d19509,0.8587683439254761
q20602,python array to torch tensor,python array to torch tensor,python array to torch tensor array error string row sort,4,d18635,0.8587683439254761
q20602,python array to torch tensor,python array to torch tensor,python array to torch tensor array error string row sort,5,d18149,0.8587683439254761
q20602,python array to torch tensor,python array to torch tensor,python array to torch tensor array error string row sort,6,d17793,0.8587683439254761
q20602,python array to torch tensor,python array to torch tensor,python array to torch tensor array error string row sort,7,d17059,0.8587683439254761
q20602,python array to torch tensor,python array to torch tensor,python array to torch tensor array error string row sort,8,d17068,0.8587683439254761
q20602,python array to torch tensor,python array to torch tensor,python array to torch tensor array error string row sort,9,d17868,0.8587683439254761
q20602,python array to torch tensor,python array to torch tensor,python array to torch tensor array error string row sort,10,d18752,0.8587683439254761
q20603,how to turn a list into a csv python,how to turn a list into a csv python,how to turn a list into a csv python list column database return write,1,d12234,0.8825122714042664
q20603,how to turn a list into a csv python,how to turn a list into a csv python,how to turn a list into a csv python list column database return write,2,d4314,0.8789389133453369
q20603,how to turn a list into a csv python,how to turn a list into a csv python,how to turn a list into a csv python list column database return write,3,d6328,0.8789389133453369
q20603,how to turn a list into a csv python,how to turn a list into a csv python,how to turn a list into a csv python list column database return write,4,d19721,0.8758290410041809
q20603,how to turn a list into a csv python,how to turn a list into a csv python,how to turn a list into a csv python list column database return write,5,d20479,0.8755095601081848
q20603,how to turn a list into a csv python,how to turn a list into a csv python,how to turn a list into a csv python list column database return write,6,d12194,0.8755095601081848
q20603,how to turn a list into a csv python,how to turn a list into a csv python,how to turn a list into a csv python list column database return write,7,d4199,0.8755095601081848
q20603,how to turn a list into a csv python,how to turn a list into a csv python,how to turn a list into a csv python list column database return write,8,d11496,0.8755095601081848
q20603,how to turn a list into a csv python,how to turn a list into a csv python,how to turn a list into a csv python list column database return write,9,d12315,0.8755095601081848
q20603,how to turn a list into a csv python,how to turn a list into a csv python,how to turn a list into a csv python list column database return write,10,d13830,0.8755095601081848
q20604,how do i unzip file in python,how do i unzip file in python,how do i unzip file in python file update write error database,1,d16124,0.876173734664917
q20604,how do i unzip file in python,how do i unzip file in python,how do i unzip file in python file update write error database,2,d3163,0.876173734664917
q20604,how do i unzip file in python,how do i unzip file in python,how do i unzip file in python file update write error database,3,d4625,0.876173734664917
q20604,how do i unzip file in python,how do i unzip file in python,how do i unzip file in python file update write error database,4,d11824,0.876173734664917
q20604,how do i unzip file in python,how do i unzip file in python,how do i unzip file in python file update write error database,5,d6895,0.8593466281890869
q20604,how do i unzip file in python,how do i unzip file in python,how do i unzip file in python file update write error database,6,d14184,0.8593466281890869
q20604,how do i unzip file in python,how do i unzip file in python,how do i unzip file in python file update write error database,7,d6437,0.8593466281890869
q20604,how do i unzip file in python,how do i unzip file in python,how do i unzip file in python file update write error database,8,d10619,0.8593466281890869
q20604,how do i unzip file in python,how do i unzip file in python,how do i unzip file in python file update write error database,9,d16003,0.8522534370422363
q20604,how do i unzip file in python,how do i unzip file in python,how do i unzip file in python file update write error database,10,d4223,0.8522534370422363
