qid,query_en,query_id,expanded_query,rank,doc_id,score
q20105,sort by a token in string python,urutkan berdasarkan token dalam string python,urutkan berdasarkan token dalam string python sort string integer error array database,1,d16797,0.8596987724304199
q20105,sort by a token in string python,urutkan berdasarkan token dalam string python,urutkan berdasarkan token dalam string python sort string integer error array database,2,d2694,0.8540581464767456
q20105,sort by a token in string python,urutkan berdasarkan token dalam string python,urutkan berdasarkan token dalam string python sort string integer error array database,3,d20105,0.8539137840270996
q20105,sort by a token in string python,urutkan berdasarkan token dalam string python,urutkan berdasarkan token dalam string python sort string integer error array database,4,d18078,0.8536652326583862
q20105,sort by a token in string python,urutkan berdasarkan token dalam string python,urutkan berdasarkan token dalam string python sort string integer error array database,5,d1923,0.8533082604408264
q20105,sort by a token in string python,urutkan berdasarkan token dalam string python,urutkan berdasarkan token dalam string python sort string integer error array database,6,d6203,0.8533082604408264
q20105,sort by a token in string python,urutkan berdasarkan token dalam string python,urutkan berdasarkan token dalam string python sort string integer error array database,7,d5611,0.8533082604408264
q20105,sort by a token in string python,urutkan berdasarkan token dalam string python,urutkan berdasarkan token dalam string python sort string integer error array database,8,d1394,0.8533082604408264
q20105,sort by a token in string python,urutkan berdasarkan token dalam string python,urutkan berdasarkan token dalam string python sort string integer error array database,9,d1398,0.8533082604408264
q20105,sort by a token in string python,urutkan berdasarkan token dalam string python,urutkan berdasarkan token dalam string python sort string integer error array database,10,d8271,0.8533082604408264
q20106,python check file is readonly,periksa apakah file hanya baca di python,periksa apakah file hanya baca di python file read search query error,1,d19691,0.8552941679954529
q20106,python check file is readonly,periksa apakah file hanya baca di python,periksa apakah file hanya baca di python file read search query error,2,d3654,0.8552941679954529
q20106,python check file is readonly,periksa apakah file hanya baca di python,periksa apakah file hanya baca di python file read search query error,3,d20044,0.8552941679954529
q20106,python check file is readonly,periksa apakah file hanya baca di python,periksa apakah file hanya baca di python file read search query error,4,d8390,0.8552941679954529
q20106,python check file is readonly,periksa apakah file hanya baca di python,periksa apakah file hanya baca di python file read search query error,5,d20106,0.8552941679954529
q20106,python check file is readonly,periksa apakah file hanya baca di python,periksa apakah file hanya baca di python file read search query error,6,d10691,0.8552941679954529
q20106,python check file is readonly,periksa apakah file hanya baca di python,periksa apakah file hanya baca di python file read search query error,7,d12374,0.8552941679954529
q20106,python check file is readonly,periksa apakah file hanya baca di python,periksa apakah file hanya baca di python file read search query error,8,d10439,0.8548150062561035
q20106,python check file is readonly,periksa apakah file hanya baca di python,periksa apakah file hanya baca di python file read search query error,9,d4925,0.8533415794372559
q20106,python check file is readonly,periksa apakah file hanya baca di python,periksa apakah file hanya baca di python file read search query error,10,d12341,0.8533415794372559
q20107,declaring empty numpy array in python,mendeklarasikan array numpy kosong di python,mendeklarasikan array numpy kosong di python array error integer update open,1,d1910,0.849284291267395
q20107,declaring empty numpy array in python,mendeklarasikan array numpy kosong di python,mendeklarasikan array numpy kosong di python array error integer update open,2,d12244,0.849284291267395
q20107,declaring empty numpy array in python,mendeklarasikan array numpy kosong di python,mendeklarasikan array numpy kosong di python array error integer update open,3,d6616,0.849284291267395
q20107,declaring empty numpy array in python,mendeklarasikan array numpy kosong di python,mendeklarasikan array numpy kosong di python array error integer update open,4,d1709,0.849284291267395
q20107,declaring empty numpy array in python,mendeklarasikan array numpy kosong di python,mendeklarasikan array numpy kosong di python array error integer update open,5,d6279,0.8431737422943115
q20107,declaring empty numpy array in python,mendeklarasikan array numpy kosong di python,mendeklarasikan array numpy kosong di python array error integer update open,6,d4176,0.8431737422943115
q20107,declaring empty numpy array in python,mendeklarasikan array numpy kosong di python,mendeklarasikan array numpy kosong di python array error integer update open,7,d13884,0.8431737422943115
q20107,declaring empty numpy array in python,mendeklarasikan array numpy kosong di python,mendeklarasikan array numpy kosong di python array error integer update open,8,d4164,0.8431737422943115
q20107,declaring empty numpy array in python,mendeklarasikan array numpy kosong di python,mendeklarasikan array numpy kosong di python array error integer update open,9,d12356,0.8431737422943115
q20107,declaring empty numpy array in python,mendeklarasikan array numpy kosong di python,mendeklarasikan array numpy kosong di python array error integer update open,10,d19611,0.8431737422943115
q20108,test for iterable is string in python,menguji iterable adalah string di python,menguji iterable adalah string di python string integer error search query,1,d8132,0.8783055543899536
q20108,test for iterable is string in python,menguji iterable adalah string di python,menguji iterable adalah string di python string integer error search query,2,d12157,0.8783055543899536
q20108,test for iterable is string in python,menguji iterable adalah string di python,menguji iterable adalah string di python string integer error search query,3,d12694,0.8644499778747559
q20108,test for iterable is string in python,menguji iterable adalah string di python,menguji iterable adalah string di python string integer error search query,4,d3807,0.8644499778747559
q20108,test for iterable is string in python,menguji iterable adalah string di python,menguji iterable adalah string di python string integer error search query,5,d11890,0.8644499778747559
q20108,test for iterable is string in python,menguji iterable adalah string di python,menguji iterable adalah string di python string integer error search query,6,d12337,0.8644499778747559
q20108,test for iterable is string in python,menguji iterable adalah string di python,menguji iterable adalah string di python string integer error search query,7,d20413,0.8644499778747559
q20108,test for iterable is string in python,menguji iterable adalah string di python,menguji iterable adalah string di python string integer error search query,8,d15415,0.8644499778747559
q20108,test for iterable is string in python,menguji iterable adalah string di python,menguji iterable adalah string di python string integer error search query,9,d16140,0.8627102375030518
q20108,test for iterable is string in python,menguji iterable adalah string di python,menguji iterable adalah string di python string integer error search query,10,d12432,0.8627102375030518
q20109,python print results of query loop,python cetak hasil loop query,python cetak hasil loop query query loop row error integer database,1,d450,0.8555425405502319
q20109,python print results of query loop,python cetak hasil loop query,python cetak hasil loop query query loop row error integer database,2,d20109,0.8540186285972595
q20109,python print results of query loop,python cetak hasil loop query,python cetak hasil loop query query loop row error integer database,3,d1543,0.8501092791557312
q20109,python print results of query loop,python cetak hasil loop query,python cetak hasil loop query query loop row error integer database,4,d2322,0.8475802540779114
q20109,python print results of query loop,python cetak hasil loop query,python cetak hasil loop query query loop row error integer database,5,d8797,0.8475802540779114
q20109,python print results of query loop,python cetak hasil loop query,python cetak hasil loop query query loop row error integer database,6,d13659,0.8475802540779114
q20109,python print results of query loop,python cetak hasil loop query,python cetak hasil loop query query loop row error integer database,7,d7616,0.8475802540779114
q20109,python print results of query loop,python cetak hasil loop query,python cetak hasil loop query query loop row error integer database,8,d16042,0.8475802540779114
q20109,python print results of query loop,python cetak hasil loop query,python cetak hasil loop query query loop row error integer database,9,d18799,0.8466582298278809
q20109,python print results of query loop,python cetak hasil loop query,python cetak hasil loop query query loop row error integer database,10,d18521,0.8466582298278809
q20110,how to save header of fits file to export python,cara menyimpan header file fits untuk ekspor python,cara menyimpan header file fits untuk ekspor python file database save write error,1,d14035,0.8738180994987488
q20110,how to save header of fits file to export python,cara menyimpan header file fits untuk ekspor python,cara menyimpan header file fits untuk ekspor python file database save write error,2,d9869,0.8738180994987488
q20110,how to save header of fits file to export python,cara menyimpan header file fits untuk ekspor python,cara menyimpan header file fits untuk ekspor python file database save write error,3,d10481,0.8524755239486694
q20110,how to save header of fits file to export python,cara menyimpan header file fits untuk ekspor python,cara menyimpan header file fits untuk ekspor python file database save write error,4,d10028,0.8524755239486694
q20110,how to save header of fits file to export python,cara menyimpan header file fits untuk ekspor python,cara menyimpan header file fits untuk ekspor python file database save write error,5,d20110,0.8524755239486694
q20110,how to save header of fits file to export python,cara menyimpan header file fits untuk ekspor python,cara menyimpan header file fits untuk ekspor python file database save write error,6,d16089,0.8524755239486694
q20110,how to save header of fits file to export python,cara menyimpan header file fits untuk ekspor python,cara menyimpan header file fits untuk ekspor python file database save write error,7,d20331,0.8524755239486694
q20110,how to save header of fits file to export python,cara menyimpan header file fits untuk ekspor python,cara menyimpan header file fits untuk ekspor python file database save write error,8,d11820,0.8517577648162842
q20110,how to save header of fits file to export python,cara menyimpan header file fits untuk ekspor python,cara menyimpan header file fits untuk ekspor python file database save write error,9,d1350,0.8517577648162842
q20110,how to save header of fits file to export python,cara menyimpan header file fits untuk ekspor python,cara menyimpan header file fits untuk ekspor python file database save write error,10,d12639,0.8517577648162842
q20111,python calc page align,python hitung align halaman,python hitung align halaman integer query error parameter column,1,d1605,0.8664758205413818
q20111,python calc page align,python hitung align halaman,python hitung align halaman integer query error parameter column,2,d12199,0.8664758205413818
q20111,python calc page align,python hitung align halaman,python hitung align halaman integer query error parameter column,3,d7137,0.8664758205413818
q20111,python calc page align,python hitung align halaman,python hitung align halaman integer query error parameter column,4,d16644,0.8521230220794678
q20111,python calc page align,python hitung align halaman,python hitung align halaman integer query error parameter column,5,d19571,0.8521230220794678
q20111,python calc page align,python hitung align halaman,python hitung align halaman integer query error parameter column,6,d19626,0.8483425378799438
q20111,python calc page align,python hitung align halaman,python hitung align halaman integer query error parameter column,7,d19081,0.8483425378799438
q20111,python calc page align,python hitung align halaman,python hitung align halaman integer query error parameter column,8,d17108,0.8483425378799438
q20111,python calc page align,python hitung align halaman,python hitung align halaman integer query error parameter column,9,d18646,0.8483425378799438
q20111,python calc page align,python hitung align halaman,python hitung align halaman integer query error parameter column,10,d19169,0.8483425378799438
q20112,python numpy array as float,array numpy python sebagai float,array numpy python sebagai float array integer function error row,1,d746,0.8885892629623413
q20112,python numpy array as float,array numpy python sebagai float,array numpy python sebagai float array integer function error row,2,d12412,0.8885892629623413
q20112,python numpy array as float,array numpy python sebagai float,array numpy python sebagai float array integer function error row,3,d4528,0.8885892629623413
q20112,python numpy array as float,array numpy python sebagai float,array numpy python sebagai float array integer function error row,4,d4532,0.8807802796363831
q20112,python numpy array as float,array numpy python sebagai float,array numpy python sebagai float array integer function error row,5,d10099,0.8807802796363831
q20112,python numpy array as float,array numpy python sebagai float,array numpy python sebagai float array integer function error row,6,d3347,0.8807802796363831
q20112,python numpy array as float,array numpy python sebagai float,array numpy python sebagai float array integer function error row,7,d2156,0.8805249929428101
q20112,python numpy array as float,array numpy python sebagai float,array numpy python sebagai float array integer function error row,8,d87,0.8805249929428101
q20112,python numpy array as float,array numpy python sebagai float,array numpy python sebagai float array integer function error row,9,d10557,0.8805249929428101
q20112,python numpy array as float,array numpy python sebagai float,array numpy python sebagai float array integer function error row,10,d20136,0.8805249929428101
q20113,input string that replaces occurences python,string input yang mengganti kejadian di python,string input yang mengganti kejadian di python string update integer error add,1,d14611,0.8585087060928345
q20113,input string that replaces occurences python,string input yang mengganti kejadian di python,string input yang mengganti kejadian di python string update integer error add,2,d5732,0.8585087060928345
q20113,input string that replaces occurences python,string input yang mengganti kejadian di python,string input yang mengganti kejadian di python string update integer error add,3,d9848,0.8585087060928345
q20113,input string that replaces occurences python,string input yang mengganti kejadian di python,string input yang mengganti kejadian di python string update integer error add,4,d11310,0.8585087060928345
q20113,input string that replaces occurences python,string input yang mengganti kejadian di python,string input yang mengganti kejadian di python string update integer error add,5,d10652,0.8585087060928345
q20113,input string that replaces occurences python,string input yang mengganti kejadian di python,string input yang mengganti kejadian di python string update integer error add,6,d937,0.8585087060928345
q20113,input string that replaces occurences python,string input yang mengganti kejadian di python,string input yang mengganti kejadian di python string update integer error add,7,d10791,0.8585087060928345
q20113,input string that replaces occurences python,string input yang mengganti kejadian di python,string input yang mengganti kejadian di python string update integer error add,8,d3767,0.8585087060928345
q20113,input string that replaces occurences python,string input yang mengganti kejadian di python,string input yang mengganti kejadian di python string update integer error add,9,d5100,0.8585087060928345
q20113,input string that replaces occurences python,string input yang mengganti kejadian di python,string input yang mengganti kejadian di python string update integer error add,10,d11823,0.8581691980361938
q20114,python check all items in list are ints,python periksa semua item dalam list adalah integer,python periksa semua item dalam list adalah integer integer list error loop search,1,d15053,0.8707627654075623
q20114,python check all items in list are ints,python periksa semua item dalam list adalah integer,python periksa semua item dalam list adalah integer integer list error loop search,2,d6941,0.8707627654075623
q20114,python check all items in list are ints,python periksa semua item dalam list adalah integer,python periksa semua item dalam list adalah integer integer list error loop search,3,d13115,0.8707627654075623
q20114,python check all items in list are ints,python periksa semua item dalam list adalah integer,python periksa semua item dalam list adalah integer integer list error loop search,4,d7031,0.8707627654075623
q20114,python check all items in list are ints,python periksa semua item dalam list adalah integer,python periksa semua item dalam list adalah integer integer list error loop search,5,d3653,0.8707627654075623
q20114,python check all items in list are ints,python periksa semua item dalam list adalah integer,python periksa semua item dalam list adalah integer integer list error loop search,6,d5546,0.8707627654075623
q20114,python check all items in list are ints,python periksa semua item dalam list adalah integer,python periksa semua item dalam list adalah integer integer list error loop search,7,d20412,0.8707627654075623
q20114,python check all items in list are ints,python periksa semua item dalam list adalah integer,python periksa semua item dalam list adalah integer integer list error loop search,8,d5737,0.8707627654075623
q20114,python check all items in list are ints,python periksa semua item dalam list adalah integer,python periksa semua item dalam list adalah integer integer list error loop search,9,d20015,0.8707627654075623
q20114,python check all items in list are ints,python periksa semua item dalam list adalah integer,python periksa semua item dalam list adalah integer integer list error loop search,10,d4518,0.8541114330291748
q20115,how to save variable to text file python,cara menyimpan variabel ke file teks python,cara menyimpan variabel ke file teks python variable file save write database,1,d9681,0.872662365436554
q20115,how to save variable to text file python,cara menyimpan variabel ke file teks python,cara menyimpan variabel ke file teks python variable file save write database,2,d12227,0.872662365436554
q20115,how to save variable to text file python,cara menyimpan variabel ke file teks python,cara menyimpan variabel ke file teks python variable file save write database,3,d11661,0.872662365436554
q20115,how to save variable to text file python,cara menyimpan variabel ke file teks python,cara menyimpan variabel ke file teks python variable file save write database,4,d11706,0.872662365436554
q20115,how to save variable to text file python,cara menyimpan variabel ke file teks python,cara menyimpan variabel ke file teks python variable file save write database,5,d15896,0.872662365436554
q20115,how to save variable to text file python,cara menyimpan variabel ke file teks python,cara menyimpan variabel ke file teks python variable file save write database,6,d1348,0.872662365436554
q20115,how to save variable to text file python,cara menyimpan variabel ke file teks python,cara menyimpan variabel ke file teks python variable file save write database,7,d20115,0.872662365436554
q20115,how to save variable to text file python,cara menyimpan variabel ke file teks python,cara menyimpan variabel ke file teks python variable file save write database,8,d13675,0.872662365436554
q20115,how to save variable to text file python,cara menyimpan variabel ke file teks python,cara menyimpan variabel ke file teks python variable file save write database,9,d13772,0.872662365436554
q20115,how to save variable to text file python,cara menyimpan variabel ke file teks python,cara menyimpan variabel ke file teks python variable file save write database,10,d5366,0.8447023630142212
q20116,how to skip an index in a for loop python,cara melewati indeks dalam loop for python,cara melewati indeks dalam loop for python loop integer row error parameter,1,d3970,0.8444303870201111
q20116,how to skip an index in a for loop python,cara melewati indeks dalam loop for python,cara melewati indeks dalam loop for python loop integer row error parameter,2,d8038,0.8444303870201111
q20116,how to skip an index in a for loop python,cara melewati indeks dalam loop for python,cara melewati indeks dalam loop for python loop integer row error parameter,3,d2548,0.8444303870201111
q20116,how to skip an index in a for loop python,cara melewati indeks dalam loop for python,cara melewati indeks dalam loop for python loop integer row error parameter,4,d7018,0.8389835953712463
q20116,how to skip an index in a for loop python,cara melewati indeks dalam loop for python,cara melewati indeks dalam loop for python loop integer row error parameter,5,d4702,0.8389835953712463
q20116,how to skip an index in a for loop python,cara melewati indeks dalam loop for python,cara melewati indeks dalam loop for python loop integer row error parameter,6,d15021,0.8389835953712463
q20116,how to skip an index in a for loop python,cara melewati indeks dalam loop for python,cara melewati indeks dalam loop for python loop integer row error parameter,7,d9167,0.8389835953712463
q20116,how to skip an index in a for loop python,cara melewati indeks dalam loop for python,cara melewati indeks dalam loop for python loop integer row error parameter,8,d2782,0.8389835953712463
q20116,how to skip an index in a for loop python,cara melewati indeks dalam loop for python,cara melewati indeks dalam loop for python loop integer row error parameter,9,d4986,0.8389835953712463
q20116,how to skip an index in a for loop python,cara melewati indeks dalam loop for python,cara melewati indeks dalam loop for python loop integer row error parameter,10,d3391,0.8389835953712463
q20117,how to create a tokenization code in python,cara membuat kode tokenisasi di python,cara membuat kode tokenisasi di python integer method condition parameter update,1,d9733,0.8330014944076538
q20117,how to create a tokenization code in python,cara membuat kode tokenisasi di python,cara membuat kode tokenisasi di python integer method condition parameter update,2,d11823,0.8297865390777588
q20117,how to create a tokenization code in python,cara membuat kode tokenisasi di python,cara membuat kode tokenisasi di python integer method condition parameter update,3,d12592,0.8282610177993774
q20117,how to create a tokenization code in python,cara membuat kode tokenisasi di python,cara membuat kode tokenisasi di python integer method condition parameter update,4,d11135,0.8281793594360352
q20117,how to create a tokenization code in python,cara membuat kode tokenisasi di python,cara membuat kode tokenisasi di python integer method condition parameter update,5,d16136,0.8275469541549683
q20117,how to create a tokenization code in python,cara membuat kode tokenisasi di python,cara membuat kode tokenisasi di python integer method condition parameter update,6,d13945,0.8275469541549683
q20117,how to create a tokenization code in python,cara membuat kode tokenisasi di python,cara membuat kode tokenisasi di python integer method condition parameter update,7,d8837,0.8264703750610352
q20117,how to create a tokenization code in python,cara membuat kode tokenisasi di python,cara membuat kode tokenisasi di python integer method condition parameter update,8,d15030,0.8263474702835083
q20117,how to create a tokenization code in python,cara membuat kode tokenisasi di python,cara membuat kode tokenisasi di python integer method condition parameter update,9,d10544,0.8259090185165405
q20117,how to create a tokenization code in python,cara membuat kode tokenisasi di python,cara membuat kode tokenisasi di python integer method condition parameter update,10,d20117,0.8259090185165405
q20118,python raise without parentheses,python raise tanpa tanda kurung,python raise tanpa tanda kurung query error row integer update,1,d11823,0.8532319068908691
q20118,python raise without parentheses,python raise tanpa tanda kurung,python raise tanpa tanda kurung query error row integer update,2,d5676,0.8419938087463379
q20118,python raise without parentheses,python raise tanpa tanda kurung,python raise tanpa tanda kurung query error row integer update,3,d11535,0.8419938087463379
q20118,python raise without parentheses,python raise tanpa tanda kurung,python raise tanpa tanda kurung query error row integer update,4,d13680,0.8419938087463379
q20118,python raise without parentheses,python raise tanpa tanda kurung,python raise tanpa tanda kurung query error row integer update,5,d18901,0.8418936133384705
q20118,python raise without parentheses,python raise tanpa tanda kurung,python raise tanpa tanda kurung query error row integer update,6,d6142,0.8415060043334961
q20118,python raise without parentheses,python raise tanpa tanda kurung,python raise tanpa tanda kurung query error row integer update,7,d11379,0.8414890766143799
q20118,python raise without parentheses,python raise tanpa tanda kurung,python raise tanpa tanda kurung query error row integer update,8,d4861,0.8408480882644653
q20118,python raise without parentheses,python raise tanpa tanda kurung,python raise tanpa tanda kurung query error row integer update,9,d3960,0.8404281139373779
q20118,python raise without parentheses,python raise tanpa tanda kurung,python raise tanpa tanda kurung query error row integer update,10,d9653,0.8404281139373779
q20119,how to seperate list with commas python,cara memisahkan list dengan koma di python,cara memisahkan list dengan koma di python list sort column integer error,1,d4424,0.834918737411499
q20119,how to seperate list with commas python,cara memisahkan list dengan koma di python,cara memisahkan list dengan koma di python list sort column integer error,2,d2995,0.834918737411499
q20119,how to seperate list with commas python,cara memisahkan list dengan koma di python,cara memisahkan list dengan koma di python list sort column integer error,3,d7571,0.834918737411499
q20119,how to seperate list with commas python,cara memisahkan list dengan koma di python,cara memisahkan list dengan koma di python list sort column integer error,4,d5755,0.834918737411499
q20119,how to seperate list with commas python,cara memisahkan list dengan koma di python,cara memisahkan list dengan koma di python list sort column integer error,5,d1477,0.834918737411499
q20119,how to seperate list with commas python,cara memisahkan list dengan koma di python,cara memisahkan list dengan koma di python list sort column integer error,6,d15752,0.834918737411499
q20119,how to seperate list with commas python,cara memisahkan list dengan koma di python,cara memisahkan list dengan koma di python list sort column integer error,7,d20568,0.834918737411499
q20119,how to seperate list with commas python,cara memisahkan list dengan koma di python,cara memisahkan list dengan koma di python list sort column integer error,8,d15831,0.834918737411499
q20119,how to seperate list with commas python,cara memisahkan list dengan koma di python,cara memisahkan list dengan koma di python list sort column integer error,9,d5613,0.8277585506439209
q20119,how to seperate list with commas python,cara memisahkan list dengan koma di python,cara memisahkan list dengan koma di python list sort column integer error,10,d1400,0.8277585506439209
q20120,python asynchronous function call return,panggilan fungsi asinkron python return,panggilan fungsi asinkron python return return function error loop update,1,d4393,0.8622090816497803
q20120,python asynchronous function call return,panggilan fungsi asinkron python return,panggilan fungsi asinkron python return return function error loop update,2,d5758,0.8622090816497803
q20120,python asynchronous function call return,panggilan fungsi asinkron python return,panggilan fungsi asinkron python return return function error loop update,3,d7789,0.8622090816497803
q20120,python asynchronous function call return,panggilan fungsi asinkron python return,panggilan fungsi asinkron python return return function error loop update,4,d3312,0.8566915988922119
q20120,python asynchronous function call return,panggilan fungsi asinkron python return,panggilan fungsi asinkron python return return function error loop update,5,d7518,0.8566915988922119
q20120,python asynchronous function call return,panggilan fungsi asinkron python return,panggilan fungsi asinkron python return return function error loop update,6,d15377,0.8562731146812439
q20120,python asynchronous function call return,panggilan fungsi asinkron python return,panggilan fungsi asinkron python return return function error loop update,7,d16000,0.8539474010467529
q20120,python asynchronous function call return,panggilan fungsi asinkron python return,panggilan fungsi asinkron python return return function error loop update,8,d15720,0.8539474010467529
q20120,python asynchronous function call return,panggilan fungsi asinkron python return,panggilan fungsi asinkron python return return function error loop update,9,d7912,0.8539474010467529
q20120,python asynchronous function call return,panggilan fungsi asinkron python return,panggilan fungsi asinkron python return return function error loop update,10,d3777,0.8539474010467529
q20121,how to make a seconds to time in python,cara membuat detik ke waktu di python,cara membuat detik ke waktu di python integer method loop column parameter,1,d13319,0.8572673797607422
q20121,how to make a seconds to time in python,cara membuat detik ke waktu di python,cara membuat detik ke waktu di python integer method loop column parameter,2,d9959,0.8572673797607422
q20121,how to make a seconds to time in python,cara membuat detik ke waktu di python,cara membuat detik ke waktu di python integer method loop column parameter,3,d6921,0.8406356573104858
q20121,how to make a seconds to time in python,cara membuat detik ke waktu di python,cara membuat detik ke waktu di python integer method loop column parameter,4,d3941,0.8406355977058411
q20121,how to make a seconds to time in python,cara membuat detik ke waktu di python,cara membuat detik ke waktu di python integer method loop column parameter,5,d7557,0.8379494547843933
q20121,how to make a seconds to time in python,cara membuat detik ke waktu di python,cara membuat detik ke waktu di python integer method loop column parameter,6,d16547,0.8379493951797485
q20121,how to make a seconds to time in python,cara membuat detik ke waktu di python,cara membuat detik ke waktu di python integer method loop column parameter,7,d12316,0.8379493951797485
q20121,how to make a seconds to time in python,cara membuat detik ke waktu di python,cara membuat detik ke waktu di python integer method loop column parameter,8,d10406,0.8379493951797485
q20121,how to make a seconds to time in python,cara membuat detik ke waktu di python,cara membuat detik ke waktu di python integer method loop column parameter,9,d6611,0.8379493951797485
q20121,how to make a seconds to time in python,cara membuat detik ke waktu di python,cara membuat detik ke waktu di python integer method loop column parameter,10,d4171,0.8374307751655579
q20122,python cast true or false as numbers,python konversi true atau false sebagai angka,python konversi true atau false sebagai angka integer error file string function,1,d172,0.8571653366088867
q20122,python cast true or false as numbers,python konversi true atau false sebagai angka,python konversi true atau false sebagai angka integer error file string function,2,d9153,0.8571653366088867
q20122,python cast true or false as numbers,python konversi true atau false sebagai angka,python konversi true atau false sebagai angka integer error file string function,3,d3637,0.8571653366088867
q20122,python cast true or false as numbers,python konversi true atau false sebagai angka,python konversi true atau false sebagai angka integer error file string function,4,d16785,0.8550223112106323
q20122,python cast true or false as numbers,python konversi true atau false sebagai angka,python konversi true atau false sebagai angka integer error file string function,5,d18843,0.8550223112106323
q20122,python cast true or false as numbers,python konversi true atau false sebagai angka,python konversi true atau false sebagai angka integer error file string function,6,d11293,0.8528127670288086
q20122,python cast true or false as numbers,python konversi true atau false sebagai angka,python konversi true atau false sebagai angka integer error file string function,7,d10761,0.8528127670288086
q20122,python cast true or false as numbers,python konversi true atau false sebagai angka,python konversi true atau false sebagai angka integer error file string function,8,d8762,0.8528127670288086
q20122,python cast true or false as numbers,python konversi true atau false sebagai angka,python konversi true atau false sebagai angka integer error file string function,9,d2347,0.8528127670288086
q20122,python cast true or false as numbers,python konversi true atau false sebagai angka,python konversi true atau false sebagai angka integer error file string function,10,d14801,0.8528127670288086
q20123,add milliseconds to datetime python,menambahkan milidetik ke datetime python,menambahkan milidetik ke datetime python update add integer database query,1,d11823,0.8682603240013123
q20123,add milliseconds to datetime python,menambahkan milidetik ke datetime python,menambahkan milidetik ke datetime python update add integer database query,2,d17861,0.8667967915534973
q20123,add milliseconds to datetime python,menambahkan milidetik ke datetime python,menambahkan milidetik ke datetime python update add integer database query,3,d13904,0.8666505813598633
q20123,add milliseconds to datetime python,menambahkan milidetik ke datetime python,menambahkan milidetik ke datetime python update add integer database query,4,d4502,0.8666505217552185
q20123,add milliseconds to datetime python,menambahkan milidetik ke datetime python,menambahkan milidetik ke datetime python update add integer database query,5,d12436,0.8663920164108276
q20123,add milliseconds to datetime python,menambahkan milidetik ke datetime python,menambahkan milidetik ke datetime python update add integer database query,6,d189,0.8663920164108276
q20123,add milliseconds to datetime python,menambahkan milidetik ke datetime python,menambahkan milidetik ke datetime python update add integer database query,7,d9952,0.8663920164108276
q20123,add milliseconds to datetime python,menambahkan milidetik ke datetime python,menambahkan milidetik ke datetime python update add integer database query,8,d14831,0.8663920164108276
q20123,add milliseconds to datetime python,menambahkan milidetik ke datetime python,menambahkan milidetik ke datetime python update add integer database query,9,d4445,0.8663920164108276
q20123,add milliseconds to datetime python,menambahkan milidetik ke datetime python,menambahkan milidetik ke datetime python update add integer database query,10,d4429,0.8663920164108276
q20124,how to read the last n lines of a program on python,cara membaca n baris terakhir program di python,cara membaca n baris terakhir program di python row read integer file database error,1,d20174,0.8528629541397095
q20124,how to read the last n lines of a program on python,cara membaca n baris terakhir program di python,cara membaca n baris terakhir program di python row read integer file database error,2,d5047,0.8528629541397095
q20124,how to read the last n lines of a program on python,cara membaca n baris terakhir program di python,cara membaca n baris terakhir program di python row read integer file database error,3,d659,0.8528629541397095
q20124,how to read the last n lines of a program on python,cara membaca n baris terakhir program di python,cara membaca n baris terakhir program di python row read integer file database error,4,d9183,0.8528629541397095
q20124,how to read the last n lines of a program on python,cara membaca n baris terakhir program di python,cara membaca n baris terakhir program di python row read integer file database error,5,d697,0.8528629541397095
q20124,how to read the last n lines of a program on python,cara membaca n baris terakhir program di python,cara membaca n baris terakhir program di python row read integer file database error,6,d9730,0.8528629541397095
q20124,how to read the last n lines of a program on python,cara membaca n baris terakhir program di python,cara membaca n baris terakhir program di python row read integer file database error,7,d3195,0.8528629541397095
q20124,how to read the last n lines of a program on python,cara membaca n baris terakhir program di python,cara membaca n baris terakhir program di python row read integer file database error,8,d1593,0.8528629541397095
q20124,how to read the last n lines of a program on python,cara membaca n baris terakhir program di python,cara membaca n baris terakhir program di python row read integer file database error,9,d5430,0.8455816507339478
q20124,how to read the last n lines of a program on python,cara membaca n baris terakhir program di python,cara membaca n baris terakhir program di python row read integer file database error,10,d11548,0.8455816507339478
q20125,python mysql get list of table columns,python mysql ambil daftar kolom tabel,python mysql ambil daftar kolom tabel get column table database list row,1,d11089,0.8740497827529907
q20125,python mysql get list of table columns,python mysql ambil daftar kolom tabel,python mysql ambil daftar kolom tabel get column table database list row,2,d20125,0.8698263168334961
q20125,python mysql get list of table columns,python mysql ambil daftar kolom tabel,python mysql ambil daftar kolom tabel get column table database list row,3,d11371,0.8698263168334961
q20125,python mysql get list of table columns,python mysql ambil daftar kolom tabel,python mysql ambil daftar kolom tabel get column table database list row,4,d9112,0.8698263168334961
q20125,python mysql get list of table columns,python mysql ambil daftar kolom tabel,python mysql ambil daftar kolom tabel get column table database list row,5,d3200,0.8698263168334961
q20125,python mysql get list of table columns,python mysql ambil daftar kolom tabel,python mysql ambil daftar kolom tabel get column table database list row,6,d12032,0.8698263168334961
q20125,python mysql get list of table columns,python mysql ambil daftar kolom tabel,python mysql ambil daftar kolom tabel get column table database list row,7,d295,0.8698263168334961
q20125,python mysql get list of table columns,python mysql ambil daftar kolom tabel,python mysql ambil daftar kolom tabel get column table database list row,8,d16167,0.8698263168334961
q20125,python mysql get list of table columns,python mysql ambil daftar kolom tabel,python mysql ambil daftar kolom tabel get column table database list row,9,d11907,0.868195116519928
q20125,python mysql get list of table columns,python mysql ambil daftar kolom tabel,python mysql ambil daftar kolom tabel get column table database list row,10,d20062,0.8676866292953491
q20126,how to get domain part of a url in python,python ambil bagian domain dari url di python,python ambil bagian domain dari url di python get error row file string search,1,d17419,0.8768575191497803
q20126,how to get domain part of a url in python,python ambil bagian domain dari url di python,python ambil bagian domain dari url di python get error row file string search,2,d17788,0.8768575191497803
q20126,how to get domain part of a url in python,python ambil bagian domain dari url di python,python ambil bagian domain dari url di python get error row file string search,3,d19277,0.8768575191497803
q20126,how to get domain part of a url in python,python ambil bagian domain dari url di python,python ambil bagian domain dari url di python get error row file string search,4,d20269,0.8768575191497803
q20126,how to get domain part of a url in python,python ambil bagian domain dari url di python,python ambil bagian domain dari url di python get error row file string search,5,d17294,0.8768575191497803
q20126,how to get domain part of a url in python,python ambil bagian domain dari url di python,python ambil bagian domain dari url di python get error row file string search,6,d18026,0.8768575191497803
q20126,how to get domain part of a url in python,python ambil bagian domain dari url di python,python ambil bagian domain dari url di python get error row file string search,7,d17027,0.8768575191497803
q20126,how to get domain part of a url in python,python ambil bagian domain dari url di python,python ambil bagian domain dari url di python get error row file string search,8,d18739,0.8768575191497803
q20126,how to get domain part of a url in python,python ambil bagian domain dari url di python,python ambil bagian domain dari url di python get error row file string search,9,d18206,0.8768575191497803
q20126,how to get domain part of a url in python,python ambil bagian domain dari url di python,python ambil bagian domain dari url di python get error row file string search,10,d18560,0.8768575191497803
q20127,python flatten a nested dictionaary,python meratakan dictionary bersarang,python meratakan dictionary bersarang dictionary query integer error column,1,d7616,0.8513903617858887
q20127,python flatten a nested dictionaary,python meratakan dictionary bersarang,python meratakan dictionary bersarang dictionary query integer error column,2,d8797,0.8513903617858887
q20127,python flatten a nested dictionaary,python meratakan dictionary bersarang,python meratakan dictionary bersarang dictionary query integer error column,3,d16042,0.8513903617858887
q20127,python flatten a nested dictionaary,python meratakan dictionary bersarang,python meratakan dictionary bersarang dictionary query integer error column,4,d2322,0.8513903617858887
q20127,python flatten a nested dictionaary,python meratakan dictionary bersarang,python meratakan dictionary bersarang dictionary query integer error column,5,d13659,0.8513903617858887
q20127,python flatten a nested dictionaary,python meratakan dictionary bersarang,python meratakan dictionary bersarang dictionary query integer error column,6,d1829,0.8513399362564087
q20127,python flatten a nested dictionaary,python meratakan dictionary bersarang,python meratakan dictionary bersarang dictionary query integer error column,7,d6916,0.8513399362564087
q20127,python flatten a nested dictionaary,python meratakan dictionary bersarang,python meratakan dictionary bersarang dictionary query integer error column,8,d16445,0.8513244390487671
q20127,python flatten a nested dictionaary,python meratakan dictionary bersarang,python meratakan dictionary bersarang dictionary query integer error column,9,d15559,0.8513244390487671
q20127,python flatten a nested dictionaary,python meratakan dictionary bersarang,python meratakan dictionary bersarang dictionary query integer error column,10,d11399,0.8513243794441223
q20128,python session set get,python sesi set get,python sesi set get get query save search update,1,d8515,0.8749545216560364
q20128,python session set get,python sesi set get,python sesi set get get query save search update,2,d9057,0.8749545216560364
q20128,python session set get,python sesi set get,python sesi set get get query save search update,3,d20128,0.8670636415481567
q20128,python session set get,python sesi set get,python sesi set get get query save search update,4,d15889,0.8670636415481567
q20128,python session set get,python sesi set get,python sesi set get get query save search update,5,d13717,0.8670636415481567
q20128,python session set get,python sesi set get,python sesi set get get query save search update,6,d15422,0.862926721572876
q20128,python session set get,python sesi set get,python sesi set get get query save search update,7,d7230,0.862926721572876
q20128,python session set get,python sesi set get,python sesi set get get query save search update,8,d6350,0.862926721572876
q20128,python session set get,python sesi set get,python sesi set get get query save search update,9,d11519,0.862926721572876
q20128,python session set get,python sesi set get,python sesi set get get query save search update,10,d15610,0.862926721572876
q20129,python save graph into file,python simpan grafik ke file,python simpan grafik ke file file save write query update,1,d12566,0.8641163110733032
q20129,python save graph into file,python simpan grafik ke file,python simpan grafik ke file file save write query update,2,d3793,0.8641163110733032
q20129,python save graph into file,python simpan grafik ke file,python simpan grafik ke file file save write query update,3,d5269,0.8641163110733032
q20129,python save graph into file,python simpan grafik ke file,python simpan grafik ke file file save write query update,4,d5366,0.8641163110733032
q20129,python save graph into file,python simpan grafik ke file,python simpan grafik ke file file save write query update,5,d15041,0.8641163110733032
q20129,python save graph into file,python simpan grafik ke file,python simpan grafik ke file file save write query update,6,d10949,0.8641163110733032
q20129,python save graph into file,python simpan grafik ke file,python simpan grafik ke file file save write query update,7,d4147,0.8552788496017456
q20129,python save graph into file,python simpan grafik ke file,python simpan grafik ke file file save write query update,8,d3458,0.8535983562469482
q20129,python save graph into file,python simpan grafik ke file,python simpan grafik ke file file save write query update,9,d12229,0.8535983562469482
q20129,python save graph into file,python simpan grafik ke file,python simpan grafik ke file file save write query update,10,d7692,0.8535983562469482
q20130,chmod python windows to remove file,chmod python windows untuk hapus file,chmod python windows untuk hapus file file error delete query update,1,d8422,0.8608871102333069
q20130,chmod python windows to remove file,chmod python windows untuk hapus file,chmod python windows untuk hapus file file error delete query update,2,d2120,0.8608871102333069
q20130,chmod python windows to remove file,chmod python windows untuk hapus file,chmod python windows untuk hapus file file error delete query update,3,d8739,0.8608871102333069
q20130,chmod python windows to remove file,chmod python windows untuk hapus file,chmod python windows untuk hapus file file error delete query update,4,d9182,0.8494385480880737
q20130,chmod python windows to remove file,chmod python windows untuk hapus file,chmod python windows untuk hapus file file error delete query update,5,d13426,0.8494385480880737
q20130,chmod python windows to remove file,chmod python windows untuk hapus file,chmod python windows untuk hapus file file error delete query update,6,d20431,0.8494385480880737
q20130,chmod python windows to remove file,chmod python windows untuk hapus file,chmod python windows untuk hapus file file error delete query update,7,d14843,0.8494385480880737
q20130,chmod python windows to remove file,chmod python windows untuk hapus file,chmod python windows untuk hapus file file error delete query update,8,d3761,0.8494385480880737
q20130,chmod python windows to remove file,chmod python windows untuk hapus file,chmod python windows untuk hapus file file error delete query update,9,d8168,0.8494385480880737
q20130,chmod python windows to remove file,chmod python windows untuk hapus file,chmod python windows untuk hapus file file error delete query update,10,d1368,0.8494385480880737
q20131,add suffixes on concat python,tambahkan suffix pada concat python,tambahkan suffix pada concat python update add integer error query,1,d9193,0.859724760055542
q20131,add suffixes on concat python,tambahkan suffix pada concat python,tambahkan suffix pada concat python update add integer error query,2,d20131,0.859724760055542
q20131,add suffixes on concat python,tambahkan suffix pada concat python,tambahkan suffix pada concat python update add integer error query,3,d13839,0.859724760055542
q20131,add suffixes on concat python,tambahkan suffix pada concat python,tambahkan suffix pada concat python update add integer error query,4,d20262,0.859724760055542
q20131,add suffixes on concat python,tambahkan suffix pada concat python,tambahkan suffix pada concat python update add integer error query,5,d14555,0.859724760055542
q20131,add suffixes on concat python,tambahkan suffix pada concat python,tambahkan suffix pada concat python update add integer error query,6,d2931,0.859724760055542
q20131,add suffixes on concat python,tambahkan suffix pada concat python,tambahkan suffix pada concat python update add integer error query,7,d8305,0.859724760055542
q20131,add suffixes on concat python,tambahkan suffix pada concat python,tambahkan suffix pada concat python update add integer error query,8,d9397,0.859724760055542
q20131,add suffixes on concat python,tambahkan suffix pada concat python,tambahkan suffix pada concat python update add integer error query,9,d11823,0.8540574312210083
q20131,add suffixes on concat python,tambahkan suffix pada concat python,tambahkan suffix pada concat python update add integer error query,10,d16043,0.8540046215057373
q20132,how to check python object iterable,cara memeriksa objek python iterable,cara memeriksa objek python iterable integer error search parameter update,1,d8132,0.8670976161956787
q20132,how to check python object iterable,cara memeriksa objek python iterable,cara memeriksa objek python iterable integer error search parameter update,2,d12157,0.8670976161956787
q20132,how to check python object iterable,cara memeriksa objek python iterable,cara memeriksa objek python iterable integer error search parameter update,3,d18007,0.8509793877601624
q20132,how to check python object iterable,cara memeriksa objek python iterable,cara memeriksa objek python iterable integer error search parameter update,4,d2654,0.8475459814071655
q20132,how to check python object iterable,cara memeriksa objek python iterable,cara memeriksa objek python iterable integer error search parameter update,5,d10305,0.8447900414466858
q20132,how to check python object iterable,cara memeriksa objek python iterable,cara memeriksa objek python iterable integer error search parameter update,6,d19139,0.8437121510505676
q20132,how to check python object iterable,cara memeriksa objek python iterable,cara memeriksa objek python iterable integer error search parameter update,7,d9105,0.8412295579910278
q20132,how to check python object iterable,cara memeriksa objek python iterable,cara memeriksa objek python iterable integer error search parameter update,8,d14957,0.8412295579910278
q20132,how to check python object iterable,cara memeriksa objek python iterable,cara memeriksa objek python iterable integer error search parameter update,9,d15983,0.8412295579910278
q20132,how to check python object iterable,cara memeriksa objek python iterable,cara memeriksa objek python iterable integer error search parameter update,10,d12659,0.8411384224891663
q20133,python 3 tkinter open file dialog,python 3 tkinter buka dialog file,python 3 tkinter buka dialog file file error update open integer,1,d11939,0.8696973919868469
q20133,python 3 tkinter open file dialog,python 3 tkinter buka dialog file,python 3 tkinter buka dialog file file error update open integer,2,d14094,0.8696973919868469
q20133,python 3 tkinter open file dialog,python 3 tkinter buka dialog file,python 3 tkinter buka dialog file file error update open integer,3,d20133,0.8696973919868469
q20133,python 3 tkinter open file dialog,python 3 tkinter buka dialog file,python 3 tkinter buka dialog file file error update open integer,4,d15965,0.8696973919868469
q20133,python 3 tkinter open file dialog,python 3 tkinter buka dialog file,python 3 tkinter buka dialog file file error update open integer,5,d13914,0.8696973919868469
q20133,python 3 tkinter open file dialog,python 3 tkinter buka dialog file,python 3 tkinter buka dialog file file error update open integer,6,d10520,0.8696973919868469
q20133,python 3 tkinter open file dialog,python 3 tkinter buka dialog file,python 3 tkinter buka dialog file file error update open integer,7,d8489,0.8696973919868469
q20133,python 3 tkinter open file dialog,python 3 tkinter buka dialog file,python 3 tkinter buka dialog file file error update open integer,8,d6763,0.8466609716415405
q20133,python 3 tkinter open file dialog,python 3 tkinter buka dialog file,python 3 tkinter buka dialog file file error update open integer,9,d13360,0.8459727764129639
q20133,python 3 tkinter open file dialog,python 3 tkinter buka dialog file,python 3 tkinter buka dialog file file error update open integer,10,d16158,0.8459727764129639
q20134,how to indent self python,cara indentasi self python,cara indentasi self python integer parameter save query error,1,d19626,0.8520194292068481
q20134,how to indent self python,cara indentasi self python,cara indentasi self python integer parameter save query error,2,d19169,0.8520194292068481
q20134,how to indent self python,cara indentasi self python,cara indentasi self python integer parameter save query error,3,d17108,0.8520194292068481
q20134,how to indent self python,cara indentasi self python,cara indentasi self python integer parameter save query error,4,d19081,0.8520194292068481
q20134,how to indent self python,cara indentasi self python,cara indentasi self python integer parameter save query error,5,d18646,0.8520194292068481
q20134,how to indent self python,cara indentasi self python,cara indentasi self python integer parameter save query error,6,d15593,0.8489279747009277
q20134,how to indent self python,cara indentasi self python,cara indentasi self python integer parameter save query error,7,d9217,0.8489279747009277
q20134,how to indent self python,cara indentasi self python,cara indentasi self python integer parameter save query error,8,d2408,0.8489279747009277
q20134,how to indent self python,cara indentasi self python,cara indentasi self python integer parameter save query error,9,d1032,0.8489279747009277
q20134,how to indent self python,cara indentasi self python,cara indentasi self python integer parameter save query error,10,d1034,0.8489279747009277
q20135,tracking centroid of an object python,pelacakan centroid objek python,pelacakan centroid objek python update integer column parameter row,1,d11823,0.8556035757064819
q20135,tracking centroid of an object python,pelacakan centroid objek python,pelacakan centroid objek python update integer column parameter row,2,d16043,0.8543976545333862
q20135,tracking centroid of an object python,pelacakan centroid objek python,pelacakan centroid objek python update integer column parameter row,3,d2194,0.8530532121658325
q20135,tracking centroid of an object python,pelacakan centroid objek python,pelacakan centroid objek python update integer column parameter row,4,d3979,0.8530532121658325
q20135,tracking centroid of an object python,pelacakan centroid objek python,pelacakan centroid objek python update integer column parameter row,5,d15354,0.8530532121658325
q20135,tracking centroid of an object python,pelacakan centroid objek python,pelacakan centroid objek python update integer column parameter row,6,d12427,0.8530532121658325
q20135,tracking centroid of an object python,pelacakan centroid objek python,pelacakan centroid objek python update integer column parameter row,7,d14147,0.8530532121658325
q20135,tracking centroid of an object python,pelacakan centroid objek python,pelacakan centroid objek python update integer column parameter row,8,d8041,0.8530532121658325
q20135,tracking centroid of an object python,pelacakan centroid objek python,pelacakan centroid objek python update integer column parameter row,9,d13478,0.8518585562705994
q20135,tracking centroid of an object python,pelacakan centroid objek python,pelacakan centroid objek python update integer column parameter row,10,d5654,0.851362407207489
q20136,python3 ctypes return float array,python3 ctypes return array float,python3 ctypes return array float array return error integer function,1,d2156,0.8942652940750122
q20136,python3 ctypes return float array,python3 ctypes return array float,python3 ctypes return array float array return error integer function,2,d4345,0.8942652940750122
q20136,python3 ctypes return float array,python3 ctypes return array float,python3 ctypes return array float array return error integer function,3,d14518,0.8942652940750122
q20136,python3 ctypes return float array,python3 ctypes return array float,python3 ctypes return array float array return error integer function,4,d87,0.8942652940750122
q20136,python3 ctypes return float array,python3 ctypes return array float,python3 ctypes return array float array return error integer function,5,d10557,0.8942652940750122
q20136,python3 ctypes return float array,python3 ctypes return array float,python3 ctypes return array float array return error integer function,6,d20136,0.8942652940750122
q20136,python3 ctypes return float array,python3 ctypes return array float,python3 ctypes return array float array return error integer function,7,d15474,0.8942652940750122
q20136,python3 ctypes return float array,python3 ctypes return array float,python3 ctypes return array float array return error integer function,8,d2253,0.8849097490310669
q20136,python3 ctypes return float array,python3 ctypes return array float,python3 ctypes return array float array return error integer function,9,d4055,0.8849097490310669
q20136,python3 ctypes return float array,python3 ctypes return array float,python3 ctypes return array float array return error integer function,10,d1971,0.8849097490310669
q20137,how to make paragraphs in python,cara membuat paragraf di python,cara membuat paragraf di python parameter write method integer column,1,d17108,0.8310730457305908
q20137,how to make paragraphs in python,cara membuat paragraf di python,cara membuat paragraf di python parameter write method integer column,2,d19081,0.8310730457305908
q20137,how to make paragraphs in python,cara membuat paragraf di python,cara membuat paragraf di python parameter write method integer column,3,d19169,0.8310730457305908
q20137,how to make paragraphs in python,cara membuat paragraf di python,cara membuat paragraf di python parameter write method integer column,4,d19626,0.8310730457305908
q20137,how to make paragraphs in python,cara membuat paragraf di python,cara membuat paragraf di python parameter write method integer column,5,d18646,0.8310730457305908
q20137,how to make paragraphs in python,cara membuat paragraf di python,cara membuat paragraf di python parameter write method integer column,6,d9638,0.8306299448013306
q20137,how to make paragraphs in python,cara membuat paragraf di python,cara membuat paragraf di python parameter write method integer column,7,d12109,0.8306299448013306
q20137,how to make paragraphs in python,cara membuat paragraf di python,cara membuat paragraf di python parameter write method integer column,8,d17268,0.830260694026947
q20137,how to make paragraphs in python,cara membuat paragraf di python,cara membuat paragraf di python parameter write method integer column,9,d20569,0.8285838961601257
q20137,how to make paragraphs in python,cara membuat paragraf di python,cara membuat paragraf di python parameter write method integer column,10,d13905,0.8280807733535767
q20138,python rest requests delete,python rest request hapus,python rest request hapus delete return update error parameter query,1,d8781,0.8723299503326416
q20138,python rest requests delete,python rest request hapus,python rest request hapus delete return update error parameter query,2,d12742,0.8723299503326416
q20138,python rest requests delete,python rest request hapus,python rest request hapus delete return update error parameter query,3,d17825,0.8681436777114868
q20138,python rest requests delete,python rest request hapus,python rest request hapus delete return update error parameter query,4,d8290,0.8640056848526001
q20138,python rest requests delete,python rest request hapus,python rest request hapus delete return update error parameter query,5,d14753,0.8594789505004883
q20138,python rest requests delete,python rest request hapus,python rest request hapus delete return update error parameter query,6,d13034,0.8589210510253906
q20138,python rest requests delete,python rest request hapus,python rest request hapus delete return update error parameter query,7,d5408,0.8589210510253906
q20138,python rest requests delete,python rest request hapus,python rest request hapus delete return update error parameter query,8,d8533,0.8580442667007446
q20138,python rest requests delete,python rest request hapus,python rest request hapus delete return update error parameter query,9,d9632,0.8579830527305603
q20138,python rest requests delete,python rest request hapus,python rest request hapus delete return update error parameter query,10,d1507,0.8570598363876343
q20139,python replace month number,python ganti nomor bulan,python ganti nomor bulan update integer column error row,1,d11823,0.8510547280311584
q20139,python replace month number,python ganti nomor bulan,python ganti nomor bulan update integer column error row,2,d6142,0.8432289361953735
q20139,python replace month number,python ganti nomor bulan,python ganti nomor bulan update integer column error row,3,d14588,0.8409985899925232
q20139,python replace month number,python ganti nomor bulan,python ganti nomor bulan update integer column error row,4,d14215,0.8409985899925232
q20139,python replace month number,python ganti nomor bulan,python ganti nomor bulan update integer column error row,5,d5152,0.8409985899925232
q20139,python replace month number,python ganti nomor bulan,python ganti nomor bulan update integer column error row,6,d5878,0.838882327079773
q20139,python replace month number,python ganti nomor bulan,python ganti nomor bulan update integer column error row,7,d11525,0.8363242149353027
q20139,python replace month number,python ganti nomor bulan,python ganti nomor bulan update integer column error row,8,d14597,0.8363242149353027
q20139,python replace month number,python ganti nomor bulan,python ganti nomor bulan update integer column error row,9,d19894,0.8363242149353027
q20139,python replace month number,python ganti nomor bulan,python ganti nomor bulan update integer column error row,10,d6391,0.8363242149353027
q20140,how to tell what type of data object is in python,cara mengetahui tipe objek data di python,cara mengetahui tipe objek data di python database data integer parameter method,1,d10398,0.8551177978515625
q20140,how to tell what type of data object is in python,cara mengetahui tipe objek data di python,cara mengetahui tipe objek data di python database data integer parameter method,2,d3533,0.8533797264099121
q20140,how to tell what type of data object is in python,cara mengetahui tipe objek data di python,cara mengetahui tipe objek data di python database data integer parameter method,3,d5339,0.8533797264099121
q20140,how to tell what type of data object is in python,cara mengetahui tipe objek data di python,cara mengetahui tipe objek data di python database data integer parameter method,4,d2657,0.8533797264099121
q20140,how to tell what type of data object is in python,cara mengetahui tipe objek data di python,cara mengetahui tipe objek data di python database data integer parameter method,5,d693,0.8533797264099121
q20140,how to tell what type of data object is in python,cara mengetahui tipe objek data di python,cara mengetahui tipe objek data di python database data integer parameter method,6,d9118,0.8533797264099121
q20140,how to tell what type of data object is in python,cara mengetahui tipe objek data di python,cara mengetahui tipe objek data di python database data integer parameter method,7,d13507,0.8533797264099121
q20140,how to tell what type of data object is in python,cara mengetahui tipe objek data di python,cara mengetahui tipe objek data di python database data integer parameter method,8,d13112,0.8533797264099121
q20140,how to tell what type of data object is in python,cara mengetahui tipe objek data di python,cara mengetahui tipe objek data di python database data integer parameter method,9,d4724,0.8533797264099121
q20140,how to tell what type of data object is in python,cara mengetahui tipe objek data di python,cara mengetahui tipe objek data di python database data integer parameter method,10,d3016,0.8509542346000671
q20141,python jsonschema validate schema file,python jsonschema validasi file schema,python jsonschema validasi file schema file database error column update,1,d2088,0.8757809400558472
q20141,python jsonschema validate schema file,python jsonschema validasi file schema,python jsonschema validasi file schema file database error column update,2,d15284,0.8753388524055481
q20141,python jsonschema validate schema file,python jsonschema validasi file schema,python jsonschema validasi file schema file database error column update,3,d20141,0.8718109130859375
q20141,python jsonschema validate schema file,python jsonschema validasi file schema,python jsonschema validasi file schema file database error column update,4,d13970,0.8676255941390991
q20141,python jsonschema validate schema file,python jsonschema validasi file schema,python jsonschema validasi file schema file database error column update,5,d5878,0.867073655128479
q20141,python jsonschema validate schema file,python jsonschema validasi file schema,python jsonschema validasi file schema file database error column update,6,d5787,0.8622899055480957
q20141,python jsonschema validate schema file,python jsonschema validasi file schema,python jsonschema validasi file schema file database error column update,7,d18750,0.8590895533561707
q20141,python jsonschema validate schema file,python jsonschema validasi file schema,python jsonschema validasi file schema file database error column update,8,d20300,0.8590895533561707
q20141,python jsonschema validate schema file,python jsonschema validasi file schema,python jsonschema validasi file schema file database error column update,9,d11823,0.8586070537567139
q20141,python jsonschema validate schema file,python jsonschema validasi file schema,python jsonschema validasi file schema file database error column update,10,d18007,0.8571416139602661
q20142,get wechat access token python,dapatkan token akses wechat python,dapatkan token akses wechat python update search query get save,1,d20142,0.8798617124557495
q20142,get wechat access token python,dapatkan token akses wechat python,dapatkan token akses wechat python update search query get save,2,d1054,0.8597524166107178
q20142,get wechat access token python,dapatkan token akses wechat python,dapatkan token akses wechat python update search query get save,3,d11502,0.8453927636146545
q20142,get wechat access token python,dapatkan token akses wechat python,dapatkan token akses wechat python update search query get save,4,d20200,0.8453927636146545
q20142,get wechat access token python,dapatkan token akses wechat python,dapatkan token akses wechat python update search query get save,5,d3999,0.8453927636146545
q20142,get wechat access token python,dapatkan token akses wechat python,dapatkan token akses wechat python update search query get save,6,d10790,0.8449742794036865
q20142,get wechat access token python,dapatkan token akses wechat python,dapatkan token akses wechat python update search query get save,7,d931,0.8449742794036865
q20142,get wechat access token python,dapatkan token akses wechat python,dapatkan token akses wechat python update search query get save,8,d4621,0.8414663672447205
q20142,get wechat access token python,dapatkan token akses wechat python,dapatkan token akses wechat python update search query get save,9,d1967,0.8405296802520752
q20142,get wechat access token python,dapatkan token akses wechat python,dapatkan token akses wechat python update search query get save,10,d14190,0.8398538827896118
q20143,python change str value to int,python ubah nilai str ke int,python ubah nilai str ke int integer string update variable query,1,d11823,0.8756254315376282
q20143,python change str value to int,python ubah nilai str ke int,python ubah nilai str ke int integer string update variable query,2,d16364,0.8624670505523682
q20143,python change str value to int,python ubah nilai str ke int,python ubah nilai str ke int integer string update variable query,3,d4606,0.8624670505523682
q20143,python change str value to int,python ubah nilai str ke int,python ubah nilai str ke int integer string update variable query,4,d10256,0.8624670505523682
q20143,python change str value to int,python ubah nilai str ke int,python ubah nilai str ke int integer string update variable query,5,d16043,0.8611800670623779
q20143,python change str value to int,python ubah nilai str ke int,python ubah nilai str ke int integer string update variable query,6,d156,0.8569288849830627
q20143,python change str value to int,python ubah nilai str ke int,python ubah nilai str ke int integer string update variable query,7,d1457,0.8541977405548096
q20143,python change str value to int,python ubah nilai str ke int,python ubah nilai str ke int integer string update variable query,8,d7229,0.8536797165870667
q20143,python change str value to int,python ubah nilai str ke int,python ubah nilai str ke int integer string update variable query,9,d10761,0.8522943258285522
q20143,python change str value to int,python ubah nilai str ke int,python ubah nilai str ke int integer string update variable query,10,d4605,0.8522943258285522
q20144,implementing drag and drop python,implementasi drag dan drop python,implementasi drag dan drop python update row delete error query,1,d11823,0.8454594612121582
q20144,implementing drag and drop python,implementasi drag dan drop python,implementasi drag dan drop python update row delete error query,2,d8284,0.8361958265304565
q20144,implementing drag and drop python,implementasi drag dan drop python,implementasi drag dan drop python update row delete error query,3,d14581,0.8361958265304565
q20144,implementing drag and drop python,implementasi drag dan drop python,implementasi drag dan drop python update row delete error query,4,d9774,0.8361958265304565
q20144,implementing drag and drop python,implementasi drag dan drop python,implementasi drag dan drop python update row delete error query,5,d12296,0.8361958265304565
q20144,implementing drag and drop python,implementasi drag dan drop python,implementasi drag dan drop python update row delete error query,6,d607,0.8357377052307129
q20144,implementing drag and drop python,implementasi drag dan drop python,implementasi drag dan drop python update row delete error query,7,d7477,0.8357377052307129
q20144,implementing drag and drop python,implementasi drag dan drop python,implementasi drag dan drop python update row delete error query,8,d20144,0.8357377052307129
q20144,implementing drag and drop python,implementasi drag dan drop python,implementasi drag dan drop python update row delete error query,9,d5229,0.8325111269950867
q20144,implementing drag and drop python,implementasi drag dan drop python,implementasi drag dan drop python update row delete error query,10,d12860,0.83228999376297
q20145,get unique list from two lists python,dapatkan list unik dari dua list python,dapatkan list unik dari dua list python list integer update database error,1,d10902,0.8588865995407104
q20145,get unique list from two lists python,dapatkan list unik dari dua list python,dapatkan list unik dari dua list python list integer update database error,2,d6876,0.8588865995407104
q20145,get unique list from two lists python,dapatkan list unik dari dua list python,dapatkan list unik dari dua list python list integer update database error,3,d971,0.8588865995407104
q20145,get unique list from two lists python,dapatkan list unik dari dua list python,dapatkan list unik dari dua list python list integer update database error,4,d645,0.8588865995407104
q20145,get unique list from two lists python,dapatkan list unik dari dua list python,dapatkan list unik dari dua list python list integer update database error,5,d10173,0.8588865995407104
q20145,get unique list from two lists python,dapatkan list unik dari dua list python,dapatkan list unik dari dua list python list integer update database error,6,d12793,0.8588865995407104
q20145,get unique list from two lists python,dapatkan list unik dari dua list python,dapatkan list unik dari dua list python list integer update database error,7,d7937,0.8588865995407104
q20145,get unique list from two lists python,dapatkan list unik dari dua list python,dapatkan list unik dari dua list python list integer update database error,8,d4674,0.8588865995407104
q20145,get unique list from two lists python,dapatkan list unik dari dua list python,dapatkan list unik dari dua list python list integer update database error,9,d4192,0.8588865995407104
q20145,get unique list from two lists python,dapatkan list unik dari dua list python,dapatkan list unik dari dua list python list integer update database error,10,d1185,0.8581050038337708
q20146,python 3 not runnning in git bash,python 3 tidak berjalan di git bash,python 3 tidak berjalan di git bash error delete update query close,1,d20146,0.8337899446487427
q20146,python 3 not runnning in git bash,python 3 tidak berjalan di git bash,python 3 tidak berjalan di git bash error delete update query close,2,d5131,0.8337899446487427
q20146,python 3 not runnning in git bash,python 3 tidak berjalan di git bash,python 3 tidak berjalan di git bash error delete update query close,3,d5003,0.8337899446487427
q20146,python 3 not runnning in git bash,python 3 tidak berjalan di git bash,python 3 tidak berjalan di git bash error delete update query close,4,d4777,0.8337899446487427
q20146,python 3 not runnning in git bash,python 3 tidak berjalan di git bash,python 3 tidak berjalan di git bash error delete update query close,5,d4961,0.8337899446487427
q20146,python 3 not runnning in git bash,python 3 tidak berjalan di git bash,python 3 tidak berjalan di git bash error delete update query close,6,d4285,0.8337899446487427
q20146,python 3 not runnning in git bash,python 3 tidak berjalan di git bash,python 3 tidak berjalan di git bash error delete update query close,7,d715,0.8337899446487427
q20146,python 3 not runnning in git bash,python 3 tidak berjalan di git bash,python 3 tidak berjalan di git bash error delete update query close,8,d1078,0.8337899446487427
q20146,python 3 not runnning in git bash,python 3 tidak berjalan di git bash,python 3 tidak berjalan di git bash error delete update query close,9,d3295,0.8281657099723816
q20146,python 3 not runnning in git bash,python 3 tidak berjalan di git bash,python 3 tidak berjalan di git bash error delete update query close,10,d1004,0.8281232118606567
q20147,create unknown number of names to print in python,buat jumlah nama yang tidak diketahui untuk dicetak di python,buat jumlah nama yang tidak diketahui untuk dicetak di python integer dictionary parameter update error,1,d5624,0.8497984409332275
q20147,create unknown number of names to print in python,buat jumlah nama yang tidak diketahui untuk dicetak di python,buat jumlah nama yang tidak diketahui untuk dicetak di python integer dictionary parameter update error,2,d16066,0.8497984409332275
q20147,create unknown number of names to print in python,buat jumlah nama yang tidak diketahui untuk dicetak di python,buat jumlah nama yang tidak diketahui untuk dicetak di python integer dictionary parameter update error,3,d7229,0.8491396903991699
q20147,create unknown number of names to print in python,buat jumlah nama yang tidak diketahui untuk dicetak di python,buat jumlah nama yang tidak diketahui untuk dicetak di python integer dictionary parameter update error,4,d2194,0.8486148118972778
q20147,create unknown number of names to print in python,buat jumlah nama yang tidak diketahui untuk dicetak di python,buat jumlah nama yang tidak diketahui untuk dicetak di python integer dictionary parameter update error,5,d3979,0.8486148118972778
q20147,create unknown number of names to print in python,buat jumlah nama yang tidak diketahui untuk dicetak di python,buat jumlah nama yang tidak diketahui untuk dicetak di python integer dictionary parameter update error,6,d8041,0.8486148118972778
q20147,create unknown number of names to print in python,buat jumlah nama yang tidak diketahui untuk dicetak di python,buat jumlah nama yang tidak diketahui untuk dicetak di python integer dictionary parameter update error,7,d14147,0.8486148118972778
q20147,create unknown number of names to print in python,buat jumlah nama yang tidak diketahui untuk dicetak di python,buat jumlah nama yang tidak diketahui untuk dicetak di python integer dictionary parameter update error,8,d12427,0.8486148118972778
q20147,create unknown number of names to print in python,buat jumlah nama yang tidak diketahui untuk dicetak di python,buat jumlah nama yang tidak diketahui untuk dicetak di python integer dictionary parameter update error,9,d15354,0.8486148118972778
q20147,create unknown number of names to print in python,buat jumlah nama yang tidak diketahui untuk dicetak di python,buat jumlah nama yang tidak diketahui untuk dicetak di python integer dictionary parameter update error,10,d10398,0.8483729362487793
q20148,python json if element exists,python json jika elemen ada,python json jika elemen ada integer error string condition query,1,d5790,0.8635174036026001
q20148,python json if element exists,python json jika elemen ada,python json jika elemen ada integer error string condition query,2,d13194,0.8635174036026001
q20148,python json if element exists,python json jika elemen ada,python json jika elemen ada integer error string condition query,3,d12832,0.8635173439979553
q20148,python json if element exists,python json jika elemen ada,python json jika elemen ada integer error string condition query,4,d13178,0.8635173439979553
q20148,python json if element exists,python json jika elemen ada,python json jika elemen ada integer error string condition query,5,d3476,0.8600257635116577
q20148,python json if element exists,python json jika elemen ada,python json jika elemen ada integer error string condition query,6,d11724,0.8571276664733887
q20148,python json if element exists,python json jika elemen ada,python json jika elemen ada integer error string condition query,7,d3306,0.8571276664733887
q20148,python json if element exists,python json jika elemen ada,python json jika elemen ada integer error string condition query,8,d15951,0.8571276664733887
q20148,python json if element exists,python json jika elemen ada,python json jika elemen ada integer error string condition query,9,d13835,0.8571276664733887
q20148,python json if element exists,python json jika elemen ada,python json jika elemen ada integer error string condition query,10,d19707,0.8566718697547913
q20149,number of unique values in list python,jumlah nilai unik dalam list python,jumlah nilai unik dalam list python integer list variable update error,1,d645,0.8542124629020691
q20149,number of unique values in list python,jumlah nilai unik dalam list python,jumlah nilai unik dalam list python integer list variable update error,2,d7937,0.8542124629020691
q20149,number of unique values in list python,jumlah nilai unik dalam list python,jumlah nilai unik dalam list python integer list variable update error,3,d10902,0.8542124629020691
q20149,number of unique values in list python,jumlah nilai unik dalam list python,jumlah nilai unik dalam list python integer list variable update error,4,d4674,0.8542124629020691
q20149,number of unique values in list python,jumlah nilai unik dalam list python,jumlah nilai unik dalam list python integer list variable update error,5,d6876,0.8542124629020691
q20149,number of unique values in list python,jumlah nilai unik dalam list python,jumlah nilai unik dalam list python integer list variable update error,6,d971,0.8542124629020691
q20149,number of unique values in list python,jumlah nilai unik dalam list python,jumlah nilai unik dalam list python integer list variable update error,7,d10173,0.8542124629020691
q20149,number of unique values in list python,jumlah nilai unik dalam list python,jumlah nilai unik dalam list python integer list variable update error,8,d12793,0.8542124629020691
q20149,number of unique values in list python,jumlah nilai unik dalam list python,jumlah nilai unik dalam list python integer list variable update error,9,d4192,0.8542124629020691
q20149,number of unique values in list python,jumlah nilai unik dalam list python,jumlah nilai unik dalam list python integer list variable update error,10,d734,0.8523565530776978
q20150,how to randomize items in a list in python,cara mengacak item dalam list di python,cara mengacak item dalam list di python list integer row sort method,1,d4260,0.8362640738487244
q20150,how to randomize items in a list in python,cara mengacak item dalam list di python,cara mengacak item dalam list di python list integer row sort method,2,d2065,0.8362640738487244
q20150,how to randomize items in a list in python,cara mengacak item dalam list di python,cara mengacak item dalam list di python list integer row sort method,3,d10275,0.8362640738487244
q20150,how to randomize items in a list in python,cara mengacak item dalam list di python,cara mengacak item dalam list di python list integer row sort method,4,d11480,0.8362640738487244
q20150,how to randomize items in a list in python,cara mengacak item dalam list di python,cara mengacak item dalam list di python list integer row sort method,5,d10961,0.8362640738487244
q20150,how to randomize items in a list in python,cara mengacak item dalam list di python,cara mengacak item dalam list di python list integer row sort method,6,d4706,0.8330541849136353
q20150,how to randomize items in a list in python,cara mengacak item dalam list di python,cara mengacak item dalam list di python list integer row sort method,7,d2550,0.8330541849136353
q20150,how to randomize items in a list in python,cara mengacak item dalam list di python,cara mengacak item dalam list di python list integer row sort method,8,d12863,0.8330541849136353
q20150,how to randomize items in a list in python,cara mengacak item dalam list di python,cara mengacak item dalam list di python list integer row sort method,9,d9071,0.8330541849136353
q20150,how to randomize items in a list in python,cara mengacak item dalam list di python,cara mengacak item dalam list di python list integer row sort method,10,d14102,0.8319737315177917
q20151,python windows check for keypress,python windows periksa keypress,python windows periksa keypress query update error file string,1,d18007,0.85621178150177
q20151,python windows check for keypress,python windows periksa keypress,python windows periksa keypress query update error file string,2,d3398,0.8558933734893799
q20151,python windows check for keypress,python windows periksa keypress,python windows periksa keypress query update error file string,3,d824,0.8558933734893799
q20151,python windows check for keypress,python windows periksa keypress,python windows periksa keypress query update error file string,4,d3416,0.8558933734893799
q20151,python windows check for keypress,python windows periksa keypress,python windows periksa keypress query update error file string,5,d5267,0.8558933734893799
q20151,python windows check for keypress,python windows periksa keypress,python windows periksa keypress query update error file string,6,d2927,0.8558933734893799
q20151,python windows check for keypress,python windows periksa keypress,python windows periksa keypress query update error file string,7,d9612,0.8558933734893799
q20151,python windows check for keypress,python windows periksa keypress,python windows periksa keypress query update error file string,8,d18013,0.8549726605415344
q20151,python windows check for keypress,python windows periksa keypress,python windows periksa keypress query update error file string,9,d17893,0.8549726605415344
q20151,python windows check for keypress,python windows periksa keypress,python windows periksa keypress query update error file string,10,d19362,0.8549726605415344
q20152,python bind scrollbar to canvas,python bind scrollbar ke canvas,python bind scrollbar ke canvas row loop error update column,1,d11823,0.8584649562835693
q20152,python bind scrollbar to canvas,python bind scrollbar ke canvas,python bind scrollbar ke canvas row loop error update column,2,d15973,0.8546595573425293
q20152,python bind scrollbar to canvas,python bind scrollbar ke canvas,python bind scrollbar ke canvas row loop error update column,3,d3951,0.8546595573425293
q20152,python bind scrollbar to canvas,python bind scrollbar ke canvas,python bind scrollbar ke canvas row loop error update column,4,d20468,0.8546595573425293
q20152,python bind scrollbar to canvas,python bind scrollbar ke canvas,python bind scrollbar ke canvas row loop error update column,5,d8375,0.8520163297653198
q20152,python bind scrollbar to canvas,python bind scrollbar ke canvas,python bind scrollbar ke canvas row loop error update column,6,d16002,0.8520163297653198
q20152,python bind scrollbar to canvas,python bind scrollbar ke canvas,python bind scrollbar ke canvas row loop error update column,7,d5878,0.8486538529396057
q20152,python bind scrollbar to canvas,python bind scrollbar ke canvas,python bind scrollbar ke canvas row loop error update column,8,d9885,0.8485487103462219
q20152,python bind scrollbar to canvas,python bind scrollbar ke canvas,python bind scrollbar ke canvas row loop error update column,9,d7645,0.8485487103462219
q20152,python bind scrollbar to canvas,python bind scrollbar ke canvas,python bind scrollbar ke canvas row loop error update column,10,d4096,0.8485487103462219
q20153,python setlevel how to only record error,python setlevel bagaimana hanya mencatat error,python setlevel bagaimana hanya mencatat error error integer loop row file,1,d3392,0.8469721078872681
q20153,python setlevel how to only record error,python setlevel bagaimana hanya mencatat error,python setlevel bagaimana hanya mencatat error error integer loop row file,2,d7734,0.8469721078872681
q20153,python setlevel how to only record error,python setlevel bagaimana hanya mencatat error,python setlevel bagaimana hanya mencatat error error integer loop row file,3,d1258,0.8469721078872681
q20153,python setlevel how to only record error,python setlevel bagaimana hanya mencatat error,python setlevel bagaimana hanya mencatat error error integer loop row file,4,d3416,0.8364843130111694
q20153,python setlevel how to only record error,python setlevel bagaimana hanya mencatat error,python setlevel bagaimana hanya mencatat error error integer loop row file,5,d824,0.8364843130111694
q20153,python setlevel how to only record error,python setlevel bagaimana hanya mencatat error,python setlevel bagaimana hanya mencatat error error integer loop row file,6,d9612,0.8364843130111694
q20153,python setlevel how to only record error,python setlevel bagaimana hanya mencatat error,python setlevel bagaimana hanya mencatat error error integer loop row file,7,d5267,0.8364843130111694
q20153,python setlevel how to only record error,python setlevel bagaimana hanya mencatat error,python setlevel bagaimana hanya mencatat error error integer loop row file,8,d3398,0.8364843130111694
q20153,python setlevel how to only record error,python setlevel bagaimana hanya mencatat error,python setlevel bagaimana hanya mencatat error error integer loop row file,9,d2927,0.8364843130111694
q20153,python setlevel how to only record error,python setlevel bagaimana hanya mencatat error,python setlevel bagaimana hanya mencatat error error integer loop row file,10,d7509,0.8351188898086548
q20154,format string with *args python,format string dengan *args python,format string dengan *args python string parameter error file function,1,d7734,0.8675867319107056
q20154,format string with *args python,format string dengan *args python,format string dengan *args python string parameter error file function,2,d3392,0.8675867319107056
q20154,format string with *args python,format string dengan *args python,format string dengan *args python string parameter error file function,3,d1258,0.8675867319107056
q20154,format string with *args python,format string dengan *args python,format string dengan *args python string parameter error file function,4,d3812,0.8659047484397888
q20154,format string with *args python,format string dengan *args python,format string dengan *args python string parameter error file function,5,d2179,0.8659047484397888
q20154,format string with *args python,format string dengan *args python,format string dengan *args python string parameter error file function,6,d1379,0.8620933890342712
q20154,format string with *args python,format string dengan *args python,format string dengan *args python string parameter error file function,7,d4320,0.8594832420349121
q20154,format string with *args python,format string dengan *args python,format string dengan *args python string parameter error file function,8,d18670,0.856468141078949
q20154,format string with *args python,format string dengan *args python,format string dengan *args python string parameter error file function,9,d16926,0.856468141078949
q20154,format string with *args python,format string dengan *args python,format string dengan *args python string parameter error file function,10,d17573,0.856468141078949
q20155,python get hostip from url,python dapat hostip dari url,python dapat hostip dari url error row query update search,1,d12662,0.8428951501846313
q20155,python get hostip from url,python dapat hostip dari url,python dapat hostip dari url error row query update search,2,d2618,0.8428951501846313
q20155,python get hostip from url,python dapat hostip dari url,python dapat hostip dari url error row query update search,3,d20190,0.8428951501846313
q20155,python get hostip from url,python dapat hostip dari url,python dapat hostip dari url error row query update search,4,d4776,0.8428951501846313
q20155,python get hostip from url,python dapat hostip dari url,python dapat hostip dari url error row query update search,5,d8934,0.8428951501846313
q20155,python get hostip from url,python dapat hostip dari url,python dapat hostip dari url error row query update search,6,d6635,0.8428951501846313
q20155,python get hostip from url,python dapat hostip dari url,python dapat hostip dari url error row query update search,7,d8290,0.8372527360916138
q20155,python get hostip from url,python dapat hostip dari url,python dapat hostip dari url error row query update search,8,d7653,0.8367259502410889
q20155,python get hostip from url,python dapat hostip dari url,python dapat hostip dari url error row query update search,9,d12334,0.8367259502410889
q20155,python get hostip from url,python dapat hostip dari url,python dapat hostip dari url error row query update search,10,d8054,0.8367259502410889
q20156,python numpy masked vailding,python numpy masked validasi,python numpy masked validasi error integer parameter variable update,1,d6279,0.8654190301895142
q20156,python numpy masked vailding,python numpy masked validasi,python numpy masked validasi error integer parameter variable update,2,d8376,0.8654190301895142
q20156,python numpy masked vailding,python numpy masked validasi,python numpy masked validasi error integer parameter variable update,3,d19611,0.8654190301895142
q20156,python numpy masked vailding,python numpy masked validasi,python numpy masked validasi error integer parameter variable update,4,d13884,0.8654190301895142
q20156,python numpy masked vailding,python numpy masked validasi,python numpy masked validasi error integer parameter variable update,5,d12356,0.8654190301895142
q20156,python numpy masked vailding,python numpy masked validasi,python numpy masked validasi error integer parameter variable update,6,d4164,0.8654190301895142
q20156,python numpy masked vailding,python numpy masked validasi,python numpy masked validasi error integer parameter variable update,7,d4176,0.8654190301895142
q20156,python numpy masked vailding,python numpy masked validasi,python numpy masked validasi error integer parameter variable update,8,d10397,0.8571828007698059
q20156,python numpy masked vailding,python numpy masked validasi,python numpy masked validasi error integer parameter variable update,9,d3625,0.8550533056259155
q20156,python numpy masked vailding,python numpy masked validasi,python numpy masked validasi error integer parameter variable update,10,d13730,0.853827714920044
q20157,python child widget close signal,python child widget sinyal close,python child widget sinyal close close error string update column,1,d7086,0.860314667224884
q20157,python child widget close signal,python child widget sinyal close,python child widget sinyal close close error string update column,2,d5651,0.860314667224884
q20157,python child widget close signal,python child widget sinyal close,python child widget sinyal close close error string update column,3,d5653,0.860314667224884
q20157,python child widget close signal,python child widget sinyal close,python child widget sinyal close close error string update column,4,d11666,0.860314667224884
q20157,python child widget close signal,python child widget sinyal close,python child widget sinyal close close error string update column,5,d10385,0.860314667224884
q20157,python child widget close signal,python child widget sinyal close,python child widget sinyal close close error string update column,6,d15833,0.860314667224884
q20157,python child widget close signal,python child widget sinyal close,python child widget sinyal close close error string update column,7,d7887,0.8566586375236511
q20157,python child widget close signal,python child widget sinyal close,python child widget sinyal close close error string update column,8,d6985,0.8566586375236511
q20157,python child widget close signal,python child widget sinyal close,python child widget sinyal close close error string update column,9,d9891,0.8566586375236511
q20157,python child widget close signal,python child widget sinyal close,python child widget sinyal close close error string update column,10,d14198,0.8566586375236511
q20158,python read from csv into numpy array,python baca dari csv ke array numpy,python baca dari csv ke array numpy array read error row integer,1,d9375,0.8649303913116455
q20158,python read from csv into numpy array,python baca dari csv ke array numpy,python baca dari csv ke array numpy array read error row integer,2,d9377,0.8649303913116455
q20158,python read from csv into numpy array,python baca dari csv ke array numpy,python baca dari csv ke array numpy array read error row integer,3,d9530,0.8649303913116455
q20158,python read from csv into numpy array,python baca dari csv ke array numpy,python baca dari csv ke array numpy array read error row integer,4,d8081,0.8649303913116455
q20158,python read from csv into numpy array,python baca dari csv ke array numpy,python baca dari csv ke array numpy array read error row integer,5,d12100,0.8649303913116455
q20158,python read from csv into numpy array,python baca dari csv ke array numpy,python baca dari csv ke array numpy array read error row integer,6,d11370,0.8649303913116455
q20158,python read from csv into numpy array,python baca dari csv ke array numpy,python baca dari csv ke array numpy array read error row integer,7,d11368,0.8649303913116455
q20158,python read from csv into numpy array,python baca dari csv ke array numpy,python baca dari csv ke array numpy array read error row integer,8,d14088,0.8649303913116455
q20158,python read from csv into numpy array,python baca dari csv ke array numpy,python baca dari csv ke array numpy array read error row integer,9,d12098,0.8649303913116455
q20158,python read from csv into numpy array,python baca dari csv ke array numpy,python baca dari csv ke array numpy array read error row integer,10,d3869,0.8647669553756714
q20159,cast string to bytearray python,konversi string ke bytearray python,konversi string ke bytearray python string update error integer array,1,d17548,0.8698948621749878
q20159,cast string to bytearray python,konversi string ke bytearray python,konversi string ke bytearray python string update error integer array,2,d17638,0.8698948621749878
q20159,cast string to bytearray python,konversi string ke bytearray python,konversi string ke bytearray python string update error integer array,3,d18261,0.8698948621749878
q20159,cast string to bytearray python,konversi string ke bytearray python,konversi string ke bytearray python string update error integer array,4,d16840,0.8698948621749878
q20159,cast string to bytearray python,konversi string ke bytearray python,konversi string ke bytearray python string update error integer array,5,d18315,0.8698948621749878
q20159,cast string to bytearray python,konversi string ke bytearray python,konversi string ke bytearray python string update error integer array,6,d20159,0.8698948621749878
q20159,cast string to bytearray python,konversi string ke bytearray python,konversi string ke bytearray python string update error integer array,7,d18993,0.8698948621749878
q20159,cast string to bytearray python,konversi string ke bytearray python,konversi string ke bytearray python string update error integer array,8,d19461,0.8698948621749878
q20159,cast string to bytearray python,konversi string ke bytearray python,konversi string ke bytearray python string update error integer array,9,d20551,0.8698948621749878
q20159,cast string to bytearray python,konversi string ke bytearray python,konversi string ke bytearray python string update error integer array,10,d19363,0.8698948621749878
q20160,load str into python object,load str ke objek python,load str ke objek python string loop update integer query,1,d156,0.8667622208595276
q20160,load str into python object,load str ke objek python,load str ke objek python string loop update integer query,2,d11823,0.8659048080444336
q20160,load str into python object,load str ke objek python,load str ke objek python string loop update integer query,3,d16043,0.8627649545669556
q20160,load str into python object,load str ke objek python,load str ke objek python string loop update integer query,4,d3767,0.861653208732605
q20160,load str into python object,load str ke objek python,load str ke objek python string loop update integer query,5,d11310,0.861653208732605
q20160,load str into python object,load str ke objek python,load str ke objek python string loop update integer query,6,d10791,0.861653208732605
q20160,load str into python object,load str ke objek python,load str ke objek python string loop update integer query,7,d10652,0.861653208732605
q20160,load str into python object,load str ke objek python,load str ke objek python string loop update integer query,8,d5100,0.861653208732605
q20160,load str into python object,load str ke objek python,load str ke objek python string loop update integer query,9,d5732,0.861653208732605
q20160,load str into python object,load str ke objek python,load str ke objek python string loop update integer query,10,d937,0.861653208732605
q20161,python ldap get all groups a user belongs to,python ldap dapat semua grup user,python ldap dapat semua grup user update query database integer save,1,d1475,0.8495504856109619
q20161,python ldap get all groups a user belongs to,python ldap dapat semua grup user,python ldap dapat semua grup user update query database integer save,2,d11823,0.8493967056274414
q20161,python ldap get all groups a user belongs to,python ldap dapat semua grup user,python ldap dapat semua grup user update query database integer save,3,d5719,0.8415118455886841
q20161,python ldap get all groups a user belongs to,python ldap dapat semua grup user,python ldap dapat semua grup user update query database integer save,4,d20464,0.8400852680206299
q20161,python ldap get all groups a user belongs to,python ldap dapat semua grup user,python ldap dapat semua grup user update query database integer save,5,d5703,0.8400852680206299
q20161,python ldap get all groups a user belongs to,python ldap dapat semua grup user,python ldap dapat semua grup user update query database integer save,6,d1935,0.8357963562011719
q20161,python ldap get all groups a user belongs to,python ldap dapat semua grup user,python ldap dapat semua grup user update query database integer save,7,d10331,0.8336175084114075
q20161,python ldap get all groups a user belongs to,python ldap dapat semua grup user,python ldap dapat semua grup user update query database integer save,8,d1462,0.8336175084114075
q20161,python ldap get all groups a user belongs to,python ldap dapat semua grup user,python ldap dapat semua grup user update query database integer save,9,d10329,0.8336175084114075
q20161,python ldap get all groups a user belongs to,python ldap dapat semua grup user,python ldap dapat semua grup user update query database integer save,10,d12301,0.8336175084114075
q20162,python check type if string,python periksa tipe jika string,python periksa tipe jika string string query condition search variable,1,d177,0.8646348714828491
q20162,python check type if string,python periksa tipe jika string,python periksa tipe jika string string query condition search variable,2,d11469,0.8646348714828491
q20162,python check type if string,python periksa tipe jika string,python periksa tipe jika string string query condition search variable,3,d3144,0.864556074142456
q20162,python check type if string,python periksa tipe jika string,python periksa tipe jika string string query condition search variable,4,d6056,0.864556074142456
q20162,python check type if string,python periksa tipe jika string,python periksa tipe jika string string query condition search variable,5,d20336,0.864556074142456
q20162,python check type if string,python periksa tipe jika string,python periksa tipe jika string string query condition search variable,6,d5700,0.864556074142456
q20162,python check type if string,python periksa tipe jika string,python periksa tipe jika string string query condition search variable,7,d8370,0.8593218326568604
q20162,python check type if string,python periksa tipe jika string,python periksa tipe jika string string query condition search variable,8,d3375,0.858331024646759
q20162,python check type if string,python periksa tipe jika string,python periksa tipe jika string string query condition search variable,9,d11680,0.858331024646759
q20162,python check type if string,python periksa tipe jika string,python periksa tipe jika string string query condition search variable,10,d19667,0.8548510670661926
q20163,python get current globals,python dapat globals saat ini,python dapat globals saat ini update query integer variable open,1,d11823,0.8598394393920898
q20163,python get current globals,python dapat globals saat ini,python dapat globals saat ini update query integer variable open,2,d12897,0.8507066369056702
q20163,python get current globals,python dapat globals saat ini,python dapat globals saat ini update query integer variable open,3,d18007,0.8453937768936157
q20163,python get current globals,python dapat globals saat ini,python dapat globals saat ini update query integer variable open,4,d7229,0.8445708751678467
q20163,python get current globals,python dapat globals saat ini,python dapat globals saat ini update query integer variable open,5,d10256,0.8436745405197144
q20163,python get current globals,python dapat globals saat ini,python dapat globals saat ini update query integer variable open,6,d4606,0.8436745405197144
q20163,python get current globals,python dapat globals saat ini,python dapat globals saat ini update query integer variable open,7,d16364,0.8436745405197144
q20163,python get current globals,python dapat globals saat ini,python dapat globals saat ini update query integer variable open,8,d5654,0.8427144289016724
q20163,python get current globals,python dapat globals saat ini,python dapat globals saat ini update query integer variable open,9,d7230,0.8427144289016724
q20163,python get current globals,python dapat globals saat ini,python dapat globals saat ini update query integer variable open,10,d6350,0.8427144289016724
q20164,get child loggers python,dapatkan child loggers python,dapatkan child loggers python search update query loop error,1,d13302,0.8541548252105713
q20164,get child loggers python,dapatkan child loggers python,dapatkan child loggers python search update query loop error,2,d15431,0.8541548252105713
q20164,get child loggers python,dapatkan child loggers python,dapatkan child loggers python search update query loop error,3,d2292,0.8488211631774902
q20164,get child loggers python,dapatkan child loggers python,dapatkan child loggers python search update query loop error,4,d8708,0.8488211631774902
q20164,get child loggers python,dapatkan child loggers python,dapatkan child loggers python search update query loop error,5,d8277,0.8488211631774902
q20164,get child loggers python,dapatkan child loggers python,dapatkan child loggers python search update query loop error,6,d12661,0.8488211631774902
q20164,get child loggers python,dapatkan child loggers python,dapatkan child loggers python search update query loop error,7,d10436,0.8488211631774902
q20164,get child loggers python,dapatkan child loggers python,dapatkan child loggers python search update query loop error,8,d252,0.8488211631774902
q20164,get child loggers python,dapatkan child loggers python,dapatkan child loggers python search update query loop error,9,d15052,0.8488211631774902
q20164,get child loggers python,dapatkan child loggers python,dapatkan child loggers python search update query loop error,10,d12659,0.8488211631774902
q20165,how to know if a text file is empty in python,cara mengetahui apakah file teks kosong di python,cara mengetahui apakah file teks kosong di python file error search update database,1,d18007,0.8339670896530151
q20165,how to know if a text file is empty in python,cara mengetahui apakah file teks kosong di python,cara mengetahui apakah file teks kosong di python file error search update database,2,d300,0.8329469561576843
q20165,how to know if a text file is empty in python,cara mengetahui apakah file teks kosong di python,cara mengetahui apakah file teks kosong di python file error search update database,3,d20043,0.8321267366409302
q20165,how to know if a text file is empty in python,cara mengetahui apakah file teks kosong di python,cara mengetahui apakah file teks kosong di python file error search update database,4,d3032,0.8321267366409302
q20165,how to know if a text file is empty in python,cara mengetahui apakah file teks kosong di python,cara mengetahui apakah file teks kosong di python file error search update database,5,d10445,0.8321267366409302
q20165,how to know if a text file is empty in python,cara mengetahui apakah file teks kosong di python,cara mengetahui apakah file teks kosong di python file error search update database,6,d3526,0.8319652080535889
q20165,how to know if a text file is empty in python,cara mengetahui apakah file teks kosong di python,cara mengetahui apakah file teks kosong di python file error search update database,7,d13748,0.8299822807312012
q20165,how to know if a text file is empty in python,cara mengetahui apakah file teks kosong di python,cara mengetahui apakah file teks kosong di python file error search update database,8,d11823,0.8298925161361694
q20165,how to know if a text file is empty in python,cara mengetahui apakah file teks kosong di python,cara mengetahui apakah file teks kosong di python file error search update database,9,d12716,0.8291220664978027
q20165,how to know if a text file is empty in python,cara mengetahui apakah file teks kosong di python,cara mengetahui apakah file teks kosong di python file error search update database,10,d12854,0.828525722026825
q20166,python normal distribution p values,python distribusi normal nilai p,python distribusi normal nilai p parameter integer variable function sort,1,d7719,0.8488764762878418
q20166,python normal distribution p values,python distribusi normal nilai p,python distribusi normal nilai p parameter integer variable function sort,2,d11319,0.8484026193618774
q20166,python normal distribution p values,python distribusi normal nilai p,python distribusi normal nilai p parameter integer variable function sort,3,d19792,0.8475022315979004
q20166,python normal distribution p values,python distribusi normal nilai p,python distribusi normal nilai p parameter integer variable function sort,4,d1244,0.8470527529716492
q20166,python normal distribution p values,python distribusi normal nilai p,python distribusi normal nilai p parameter integer variable function sort,5,d17715,0.8454800248146057
q20166,python normal distribution p values,python distribusi normal nilai p,python distribusi normal nilai p parameter integer variable function sort,6,d18078,0.8429940938949585
q20166,python normal distribution p values,python distribusi normal nilai p,python distribusi normal nilai p parameter integer variable function sort,7,d17457,0.8424548506736755
q20166,python normal distribution p values,python distribusi normal nilai p,python distribusi normal nilai p parameter integer variable function sort,8,d9751,0.8424344062805176
q20166,python normal distribution p values,python distribusi normal nilai p,python distribusi normal nilai p parameter integer variable function sort,9,d15356,0.8418077230453491
q20166,python normal distribution p values,python distribusi normal nilai p,python distribusi normal nilai p parameter integer variable function sort,10,d1392,0.8403428792953491
q20167,python ctypes array of arrays,python ctypes array dari array,python ctypes array dari array array integer error string row,1,d8864,0.8756799697875977
q20167,python ctypes array of arrays,python ctypes array dari array,python ctypes array dari array array integer error string row,2,d14244,0.8756799697875977
q20167,python ctypes array of arrays,python ctypes array dari array,python ctypes array dari array array integer error string row,3,d6463,0.8756799697875977
q20167,python ctypes array of arrays,python ctypes array dari array,python ctypes array dari array array integer error string row,4,d6132,0.8756799697875977
q20167,python ctypes array of arrays,python ctypes array dari array,python ctypes array dari array array integer error string row,5,d2504,0.8756799697875977
q20167,python ctypes array of arrays,python ctypes array dari array,python ctypes array dari array array integer error string row,6,d4447,0.8756799697875977
q20167,python ctypes array of arrays,python ctypes array dari array,python ctypes array dari array array integer error string row,7,d6506,0.8756799697875977
q20167,python ctypes array of arrays,python ctypes array dari array,python ctypes array dari array array integer error string row,8,d6518,0.8623584508895874
q20167,python ctypes array of arrays,python ctypes array dari array,python ctypes array dari array array integer error string row,9,d14659,0.8623584508895874
q20167,python ctypes array of arrays,python ctypes array dari array,python ctypes array dari array array integer error string row,10,d16141,0.8623584508895874
q20168,scale 1d array python to between 0 and 1,skala array 1d python antara 0 dan 1,skala array 1d python antara 0 dan 1 array integer error close row,1,d20168,0.8671004772186279
q20168,scale 1d array python to between 0 and 1,skala array 1d python antara 0 dan 1,skala array 1d python antara 0 dan 1 array integer error close row,2,d16845,0.8623257875442505
q20168,scale 1d array python to between 0 and 1,skala array 1d python antara 0 dan 1,skala array 1d python antara 0 dan 1 array integer error close row,3,d4496,0.8517032265663147
q20168,scale 1d array python to between 0 and 1,skala array 1d python antara 0 dan 1,skala array 1d python antara 0 dan 1 array integer error close row,4,d19254,0.8455255627632141
q20168,scale 1d array python to between 0 and 1,skala array 1d python antara 0 dan 1,skala array 1d python antara 0 dan 1 array integer error close row,5,d17066,0.8455255627632141
q20168,scale 1d array python to between 0 and 1,skala array 1d python antara 0 dan 1,skala array 1d python antara 0 dan 1 array integer error close row,6,d18508,0.8455255627632141
q20168,scale 1d array python to between 0 and 1,skala array 1d python antara 0 dan 1,skala array 1d python antara 0 dan 1 array integer error close row,7,d20329,0.8455255627632141
q20168,scale 1d array python to between 0 and 1,skala array 1d python antara 0 dan 1,skala array 1d python antara 0 dan 1 array integer error close row,8,d16268,0.8455240726470947
q20168,scale 1d array python to between 0 and 1,skala array 1d python antara 0 dan 1,skala array 1d python antara 0 dan 1 array integer error close row,9,d7184,0.8455240726470947
q20168,scale 1d array python to between 0 and 1,skala array 1d python antara 0 dan 1,skala array 1d python antara 0 dan 1 array integer error close row,10,d6077,0.84552401304245
q20169,python upper case lower case converter,hapus semua kemunculan karakter dalam string python,hapus semua kemunculan karakter dalam string python string delete error query integer,1,d10929,0.8555163145065308
q20169,python upper case lower case converter,hapus semua kemunculan karakter dalam string python,hapus semua kemunculan karakter dalam string python string delete error query integer,2,d13168,0.8526150584220886
q20169,python upper case lower case converter,hapus semua kemunculan karakter dalam string python,hapus semua kemunculan karakter dalam string python string delete error query integer,3,d6018,0.8526150584220886
q20169,python upper case lower case converter,hapus semua kemunculan karakter dalam string python,hapus semua kemunculan karakter dalam string python string delete error query integer,4,d13614,0.8526150584220886
q20169,python upper case lower case converter,hapus semua kemunculan karakter dalam string python,hapus semua kemunculan karakter dalam string python string delete error query integer,5,d961,0.8526150584220886
q20169,python upper case lower case converter,hapus semua kemunculan karakter dalam string python,hapus semua kemunculan karakter dalam string python string delete error query integer,6,d14998,0.8526150584220886
q20169,python upper case lower case converter,hapus semua kemunculan karakter dalam string python,hapus semua kemunculan karakter dalam string python string delete error query integer,7,d16222,0.8526150584220886
q20169,python upper case lower case converter,hapus semua kemunculan karakter dalam string python,hapus semua kemunculan karakter dalam string python string delete error query integer,8,d16214,0.8526150584220886
q20169,python upper case lower case converter,hapus semua kemunculan karakter dalam string python,hapus semua kemunculan karakter dalam string python string delete error query integer,9,d9597,0.8526150584220886
q20169,python upper case lower case converter,hapus semua kemunculan karakter dalam string python,hapus semua kemunculan karakter dalam string python string delete error query integer,10,d7559,0.85261070728302
q20170,ply python expression evaluator,python pisahkan string berdasarkan panjang,python pisahkan string berdasarkan panjang string loop row integer variable,1,d19813,0.8577811121940613
q20170,ply python expression evaluator,python pisahkan string berdasarkan panjang,python pisahkan string berdasarkan panjang string loop row integer variable,2,d10321,0.8577811121940613
q20170,ply python expression evaluator,python pisahkan string berdasarkan panjang,python pisahkan string berdasarkan panjang string loop row integer variable,3,d11815,0.8577811121940613
q20170,ply python expression evaluator,python pisahkan string berdasarkan panjang,python pisahkan string berdasarkan panjang string loop row integer variable,4,d9767,0.8577811121940613
q20170,ply python expression evaluator,python pisahkan string berdasarkan panjang,python pisahkan string berdasarkan panjang string loop row integer variable,5,d5696,0.8577811121940613
q20170,ply python expression evaluator,python pisahkan string berdasarkan panjang,python pisahkan string berdasarkan panjang string loop row integer variable,6,d12508,0.8577811121940613
q20170,ply python expression evaluator,python pisahkan string berdasarkan panjang,python pisahkan string berdasarkan panjang string loop row integer variable,7,d12286,0.8545324802398682
q20170,ply python expression evaluator,python pisahkan string berdasarkan panjang,python pisahkan string berdasarkan panjang string loop row integer variable,8,d19832,0.8545324802398682
q20170,ply python expression evaluator,python pisahkan string berdasarkan panjang,python pisahkan string berdasarkan panjang string loop row integer variable,9,d456,0.8545324802398682
q20170,ply python expression evaluator,python pisahkan string berdasarkan panjang,python pisahkan string berdasarkan panjang string loop row integer variable,10,d1381,0.8545324802398682
q20171,python hashlib calc sha1 of file,python dapat nilai dari tuple,python dapat nilai dari tuple integer variable error parameter update,1,d4300,0.8667367100715637
q20171,python hashlib calc sha1 of file,python dapat nilai dari tuple,python dapat nilai dari tuple integer variable error parameter update,2,d14604,0.8543790578842163
q20171,python hashlib calc sha1 of file,python dapat nilai dari tuple,python dapat nilai dari tuple integer variable error parameter update,3,d4745,0.8543790578842163
q20171,python hashlib calc sha1 of file,python dapat nilai dari tuple,python dapat nilai dari tuple integer variable error parameter update,4,d2741,0.8543790578842163
q20171,python hashlib calc sha1 of file,python dapat nilai dari tuple,python dapat nilai dari tuple integer variable error parameter update,5,d876,0.8543790578842163
q20171,python hashlib calc sha1 of file,python dapat nilai dari tuple,python dapat nilai dari tuple integer variable error parameter update,6,d5694,0.8543790578842163
q20171,python hashlib calc sha1 of file,python dapat nilai dari tuple,python dapat nilai dari tuple integer variable error parameter update,7,d7183,0.8543790578842163
q20171,python hashlib calc sha1 of file,python dapat nilai dari tuple,python dapat nilai dari tuple integer variable error parameter update,8,d12859,0.8543790578842163
q20171,python hashlib calc sha1 of file,python dapat nilai dari tuple,python dapat nilai dari tuple integer variable error parameter update,9,d9921,0.8543790578842163
q20171,python hashlib calc sha1 of file,python dapat nilai dari tuple,python dapat nilai dari tuple integer variable error parameter update,10,d1457,0.8528658151626587
q20172,python pdb no capture std output,periksa apakah kelas ada python,periksa apakah kelas ada python class query update column error,1,d3558,0.8660735487937927
q20172,python pdb no capture std output,periksa apakah kelas ada python,periksa apakah kelas ada python class query update column error,2,d3132,0.8660735487937927
q20172,python pdb no capture std output,periksa apakah kelas ada python,periksa apakah kelas ada python class query update column error,3,d5157,0.8660735487937927
q20172,python pdb no capture std output,periksa apakah kelas ada python,periksa apakah kelas ada python class query update column error,4,d6645,0.8660735487937927
q20172,python pdb no capture std output,periksa apakah kelas ada python,periksa apakah kelas ada python class query update column error,5,d13877,0.8660735487937927
q20172,python pdb no capture std output,periksa apakah kelas ada python,periksa apakah kelas ada python class query update column error,6,d19855,0.8660735487937927
q20172,python pdb no capture std output,periksa apakah kelas ada python,periksa apakah kelas ada python class query update column error,7,d8396,0.8660735487937927
q20172,python pdb no capture std output,periksa apakah kelas ada python,periksa apakah kelas ada python class query update column error,8,d9886,0.8660735487937927
q20172,python pdb no capture std output,periksa apakah kelas ada python,periksa apakah kelas ada python class query update column error,9,d18007,0.8653730154037476
q20172,python pdb no capture std output,periksa apakah kelas ada python,periksa apakah kelas ada python class query update column error,10,d5878,0.8614968061447144
q20173,python how to write a factorial,cara mengakses variabel global python,cara mengakses variabel global python variable parameter integer error update,1,d12897,0.850750744342804
q20173,python how to write a factorial,cara mengakses variabel global python,cara mengakses variabel global python variable parameter integer error update,2,d12856,0.8400514125823975
q20173,python how to write a factorial,cara mengakses variabel global python,cara mengakses variabel global python variable parameter integer error update,3,d12564,0.8400514125823975
q20173,python how to write a factorial,cara mengakses variabel global python,cara mengakses variabel global python variable parameter integer error update,4,d949,0.8400514125823975
q20173,python how to write a factorial,cara mengakses variabel global python,cara mengakses variabel global python variable parameter integer error update,5,d14713,0.8400514125823975
q20173,python how to write a factorial,cara mengakses variabel global python,cara mengakses variabel global python variable parameter integer error update,6,d3946,0.8400514125823975
q20173,python how to write a factorial,cara mengakses variabel global python,cara mengakses variabel global python variable parameter integer error update,7,d19169,0.8375371098518372
q20173,python how to write a factorial,cara mengakses variabel global python,cara mengakses variabel global python variable parameter integer error update,8,d19626,0.8375371098518372
q20173,python how to write a factorial,cara mengakses variabel global python,cara mengakses variabel global python variable parameter integer error update,9,d18646,0.8375371098518372
q20173,python how to write a factorial,cara mengakses variabel global python,cara mengakses variabel global python variable parameter integer error update,10,d19081,0.8375371098518372
q20174,python get the last column,hasil query mysql python ke csv,hasil query mysql python ke csv query database update row error save,1,d11823,0.8734815120697021
q20174,python get the last column,hasil query mysql python ke csv,hasil query mysql python ke csv query database update row error save,2,d1935,0.8550556898117065
q20174,python get the last column,hasil query mysql python ke csv,hasil query mysql python ke csv query database update row error save,3,d5703,0.8506995439529419
q20174,python get the last column,hasil query mysql python ke csv,hasil query mysql python ke csv query database update row error save,4,d20464,0.8506995439529419
q20174,python get the last column,hasil query mysql python ke csv,hasil query mysql python ke csv query database update row error save,5,d18007,0.8458435535430908
q20174,python get the last column,hasil query mysql python ke csv,hasil query mysql python ke csv query database update row error save,6,d12234,0.8445340394973755
q20174,python get the last column,hasil query mysql python ke csv,hasil query mysql python ke csv query database update row error save,7,d2708,0.8435468077659607
q20174,python get the last column,hasil query mysql python ke csv,hasil query mysql python ke csv query database update row error save,8,d1761,0.8435468077659607
q20174,python get the last column,hasil query mysql python ke csv,hasil query mysql python ke csv query database update row error save,9,d2949,0.8429385423660278
q20174,python get the last column,hasil query mysql python ke csv,hasil query mysql python ke csv query database update row error save,10,d2047,0.8429385423660278
q20175,python how to change file extension,python dapat metode dari kelas,python dapat metode dari kelas class method query error update,1,d12997,0.8429335951805115
q20175,python how to change file extension,python dapat metode dari kelas,python dapat metode dari kelas class method query error update,2,d16295,0.8414387702941895
q20175,python how to change file extension,python dapat metode dari kelas,python dapat metode dari kelas class method query error update,3,d18007,0.8409416675567627
q20175,python how to change file extension,python dapat metode dari kelas,python dapat metode dari kelas class method query error update,4,d11823,0.8397923707962036
q20175,python how to change file extension,python dapat metode dari kelas,python dapat metode dari kelas class method query error update,5,d1410,0.8353308439254761
q20175,python how to change file extension,python dapat metode dari kelas,python dapat metode dari kelas class method query error update,6,d3580,0.8353308439254761
q20175,python how to change file extension,python dapat metode dari kelas,python dapat metode dari kelas class method query error update,7,d3578,0.8353308439254761
q20175,python how to change file extension,python dapat metode dari kelas,python dapat metode dari kelas class method query error update,8,d8296,0.8353308439254761
q20175,python how to change file extension,python dapat metode dari kelas,python dapat metode dari kelas class method query error update,9,d6239,0.8353308439254761
q20175,python how to change file extension,python dapat metode dari kelas,python dapat metode dari kelas class method query error update,10,d4861,0.8336146473884583
q20176,python get process memory info,cara dapat nilai dari dictionary python,cara dapat nilai dari dictionary python dictionary integer variable error parameter,1,d19169,0.8575923442840576
q20176,python get process memory info,cara dapat nilai dari dictionary python,cara dapat nilai dari dictionary python dictionary integer variable error parameter,2,d17108,0.8575923442840576
q20176,python get process memory info,cara dapat nilai dari dictionary python,cara dapat nilai dari dictionary python dictionary integer variable error parameter,3,d19081,0.8575923442840576
q20176,python get process memory info,cara dapat nilai dari dictionary python,cara dapat nilai dari dictionary python dictionary integer variable error parameter,4,d19626,0.8575923442840576
q20176,python get process memory info,cara dapat nilai dari dictionary python,cara dapat nilai dari dictionary python dictionary integer variable error parameter,5,d18646,0.8575923442840576
q20176,python get process memory info,cara dapat nilai dari dictionary python,cara dapat nilai dari dictionary python dictionary integer variable error parameter,6,d18973,0.853009819984436
q20176,python get process memory info,cara dapat nilai dari dictionary python,cara dapat nilai dari dictionary python dictionary integer variable error parameter,7,d2845,0.8515350818634033
q20176,python get process memory info,cara dapat nilai dari dictionary python,cara dapat nilai dari dictionary python dictionary integer variable error parameter,8,d5780,0.8515350818634033
q20176,python get process memory info,cara dapat nilai dari dictionary python,cara dapat nilai dari dictionary python dictionary integer variable error parameter,9,d10618,0.8515350818634033
q20176,python get process memory info,cara dapat nilai dari dictionary python,cara dapat nilai dari dictionary python dictionary integer variable error parameter,10,d2240,0.8515350818634033
q20177,check if 2 string are equal python,python konversi string ke datetime,python konversi string ke datetime string database update integer data,1,d17861,0.8805469274520874
q20177,check if 2 string are equal python,python konversi string ke datetime,python konversi string ke datetime string database update integer data,2,d6611,0.8754982948303223
q20177,check if 2 string are equal python,python konversi string ke datetime,python konversi string ke datetime string database update integer data,3,d7557,0.8754982948303223
q20177,check if 2 string are equal python,python konversi string ke datetime,python konversi string ke datetime string database update integer data,4,d12316,0.8754982948303223
q20177,check if 2 string are equal python,python konversi string ke datetime,python konversi string ke datetime string database update integer data,5,d10406,0.8754982948303223
q20177,check if 2 string are equal python,python konversi string ke datetime,python konversi string ke datetime string database update integer data,6,d16547,0.8754982948303223
q20177,check if 2 string are equal python,python konversi string ke datetime,python konversi string ke datetime string database update integer data,7,d11823,0.8725850582122803
q20177,check if 2 string are equal python,python konversi string ke datetime,python konversi string ke datetime string database update integer data,8,d14891,0.8707641363143921
q20177,check if 2 string are equal python,python konversi string ke datetime,python konversi string ke datetime string database update integer data,9,d8778,0.8707641363143921
q20177,check if 2 string are equal python,python konversi string ke datetime,python konversi string ke datetime string database update integer data,10,d4129,0.8707641363143921
q20178,flask python create one table sqlalchemy,python periksa string adalah url,python periksa string adalah url string error row integer search,1,d11808,0.8620869517326355
q20178,flask python create one table sqlalchemy,python periksa string adalah url,python periksa string adalah url string error row integer search,2,d7242,0.8620869517326355
q20178,flask python create one table sqlalchemy,python periksa string adalah url,python periksa string adalah url string error row integer search,3,d14735,0.8620869517326355
q20178,flask python create one table sqlalchemy,python periksa string adalah url,python periksa string adalah url string error row integer search,4,d2081,0.8620869517326355
q20178,flask python create one table sqlalchemy,python periksa string adalah url,python periksa string adalah url string error row integer search,5,d11810,0.8620869517326355
q20178,flask python create one table sqlalchemy,python periksa string adalah url,python periksa string adalah url string error row integer search,6,d1427,0.8620869517326355
q20178,flask python create one table sqlalchemy,python periksa string adalah url,python periksa string adalah url string error row integer search,7,d5141,0.8620869517326355
q20178,flask python create one table sqlalchemy,python periksa string adalah url,python periksa string adalah url string error row integer search,8,d15077,0.8620869517326355
q20178,flask python create one table sqlalchemy,python periksa string adalah url,python periksa string adalah url string error row integer search,9,d6384,0.8620869517326355
q20178,flask python create one table sqlalchemy,python periksa string adalah url,python periksa string adalah url string error row integer search,10,d1876,0.8574844598770142
q20179,clean output folder in python,cara simpan output beautifulsoup ke file,cara simpan output beautifulsoup ke file file save update write query,1,d20464,0.8363534212112427
q20179,clean output folder in python,cara simpan output beautifulsoup ke file,cara simpan output beautifulsoup ke file file save update write query,2,d5703,0.8363534212112427
q20179,clean output folder in python,cara simpan output beautifulsoup ke file,cara simpan output beautifulsoup ke file file save update write query,3,d6135,0.8310516476631165
q20179,clean output folder in python,cara simpan output beautifulsoup ke file,cara simpan output beautifulsoup ke file file save update write query,4,d20427,0.8300056457519531
q20179,clean output folder in python,cara simpan output beautifulsoup ke file,cara simpan output beautifulsoup ke file file save update write query,5,d7981,0.8300056457519531
q20179,clean output folder in python,cara simpan output beautifulsoup ke file,cara simpan output beautifulsoup ke file file save update write query,6,d3699,0.8300056457519531
q20179,clean output folder in python,cara simpan output beautifulsoup ke file,cara simpan output beautifulsoup ke file file save update write query,7,d1211,0.8270295858383179
q20179,clean output folder in python,cara simpan output beautifulsoup ke file,cara simpan output beautifulsoup ke file file save update write query,8,d9679,0.8270295262336731
q20179,clean output folder in python,cara simpan output beautifulsoup ke file,cara simpan output beautifulsoup ke file file save update write query,9,d13637,0.8270295262336731
q20179,clean output folder in python,cara simpan output beautifulsoup ke file,cara simpan output beautifulsoup ke file file save update write query,10,d2386,0.8270295262336731
q20180,python print nodes binary tree,python 2.7 baca file baris per baris,python 2.7 baca file baris per baris row read file integer database array variable,1,d5430,0.8651382923126221
q20180,python print nodes binary tree,python 2.7 baca file baris per baris,python 2.7 baca file baris per baris row read file integer database array variable,2,d11548,0.8651382923126221
q20180,python print nodes binary tree,python 2.7 baca file baris per baris,python 2.7 baca file baris per baris row read file integer database array variable,3,d16831,0.8642886281013489
q20180,python print nodes binary tree,python 2.7 baca file baris per baris,python 2.7 baca file baris per baris row read file integer database array variable,4,d759,0.8627630472183228
q20180,python print nodes binary tree,python 2.7 baca file baris per baris,python 2.7 baca file baris per baris row read file integer database array variable,5,d16269,0.8627630472183228
q20180,python print nodes binary tree,python 2.7 baca file baris per baris,python 2.7 baca file baris per baris row read file integer database array variable,6,d15918,0.8626658916473389
q20180,python print nodes binary tree,python 2.7 baca file baris per baris,python 2.7 baca file baris per baris row read file integer database array variable,7,d10579,0.8626658916473389
q20180,python print nodes binary tree,python 2.7 baca file baris per baris,python 2.7 baca file baris per baris row read file integer database array variable,8,d1883,0.8626658916473389
q20180,python print nodes binary tree,python 2.7 baca file baris per baris,python 2.7 baca file baris per baris row read file integer database array variable,9,d12271,0.8626658916473389
q20180,python print nodes binary tree,python 2.7 baca file baris per baris,python 2.7 baca file baris per baris row read file integer database array variable,10,d10617,0.8626658916473389
q20181,python query string parsing,python periksa apakah string adalah integer,python periksa apakah string adalah integer integer string error variable query,1,d2347,0.8852443695068359
q20181,python query string parsing,python periksa apakah string adalah integer,python periksa apakah string adalah integer integer string error variable query,2,d8762,0.8852443695068359
q20181,python query string parsing,python periksa apakah string adalah integer,python periksa apakah string adalah integer integer string error variable query,3,d4605,0.8852443695068359
q20181,python query string parsing,python periksa apakah string adalah integer,python periksa apakah string adalah integer integer string error variable query,4,d11293,0.8852443695068359
q20181,python query string parsing,python periksa apakah string adalah integer,python periksa apakah string adalah integer integer string error variable query,5,d5015,0.8852443695068359
q20181,python query string parsing,python periksa apakah string adalah integer,python periksa apakah string adalah integer integer string error variable query,6,d10761,0.8852443695068359
q20181,python query string parsing,python periksa apakah string adalah integer,python periksa apakah string adalah integer integer string error variable query,7,d14801,0.8852443695068359
q20181,python query string parsing,python periksa apakah string adalah integer,python periksa apakah string adalah integer integer string error variable query,8,d2235,0.8702605962753296
q20181,python query string parsing,python periksa apakah string adalah integer,python periksa apakah string adalah integer integer string error variable query,9,d19707,0.8702605962753296
q20181,python query string parsing,python periksa apakah string adalah integer,python periksa apakah string adalah integer integer string error variable query,10,d13604,0.8702605962753296
q20182,cycle through a folder of images python,python 3 dapat respons dari server,python 3 dapat respons dari server update error query return save,1,d5548,0.84177166223526
q20182,cycle through a folder of images python,python 3 dapat respons dari server,python 3 dapat respons dari server update error query return save,2,d7616,0.8408440351486206
q20182,cycle through a folder of images python,python 3 dapat respons dari server,python 3 dapat respons dari server update error query return save,3,d8797,0.8408440351486206
q20182,cycle through a folder of images python,python 3 dapat respons dari server,python 3 dapat respons dari server update error query return save,4,d13659,0.8408440351486206
q20182,cycle through a folder of images python,python 3 dapat respons dari server,python 3 dapat respons dari server update error query return save,5,d16042,0.8408440351486206
q20182,cycle through a folder of images python,python 3 dapat respons dari server,python 3 dapat respons dari server update error query return save,6,d2322,0.8408440351486206
q20182,cycle through a folder of images python,python 3 dapat respons dari server,python 3 dapat respons dari server update error query return save,7,d11236,0.8393805623054504
q20182,cycle through a folder of images python,python 3 dapat respons dari server,python 3 dapat respons dari server update error query return save,8,d11823,0.8375231027603149
q20182,cycle through a folder of images python,python 3 dapat respons dari server,python 3 dapat respons dari server update error query return save,9,d15097,0.8361720442771912
q20182,cycle through a folder of images python,python 3 dapat respons dari server,python 3 dapat respons dari server update error query return save,10,d8062,0.8361720442771912
q20183,check if a date is valid python,python string ke array int,python string ke array int integer array string query error,1,d8762,0.8635216355323792
q20183,check if a date is valid python,python string ke array int,python string ke array int integer array string query error,2,d11293,0.8635216355323792
q20183,check if a date is valid python,python string ke array int,python string ke array int integer array string query error,3,d2347,0.8635216355323792
q20183,check if a date is valid python,python string ke array int,python string ke array int integer array string query error,4,d14801,0.8635216355323792
q20183,check if a date is valid python,python string ke array int,python string ke array int integer array string query error,5,d5015,0.8635216355323792
q20183,check if a date is valid python,python string ke array int,python string ke array int integer array string query error,6,d4605,0.8635216355323792
q20183,check if a date is valid python,python string ke array int,python string ke array int integer array string query error,7,d10761,0.8635216355323792
q20183,check if a date is valid python,python string ke array int,python string ke array int integer array string query error,8,d19591,0.8613207936286926
q20183,check if a date is valid python,python string ke array int,python string ke array int integer array string query error,9,d16829,0.8613207936286926
q20183,check if a date is valid python,python string ke array int,python string ke array int integer array string query error,10,d16885,0.8613207936286926
q20184,python spherical bessel functions,cari indeks semua kemunculan dalam list python,cari indeks semua kemunculan dalam list python integer search list query column,1,d15053,0.8535439968109131
q20184,python spherical bessel functions,cari indeks semua kemunculan dalam list python,cari indeks semua kemunculan dalam list python integer search list query column,2,d3653,0.8535439968109131
q20184,python spherical bessel functions,cari indeks semua kemunculan dalam list python,cari indeks semua kemunculan dalam list python integer search list query column,3,d20015,0.8535439968109131
q20184,python spherical bessel functions,cari indeks semua kemunculan dalam list python,cari indeks semua kemunculan dalam list python integer search list query column,4,d5546,0.8535439968109131
q20184,python spherical bessel functions,cari indeks semua kemunculan dalam list python,cari indeks semua kemunculan dalam list python integer search list query column,5,d6941,0.8535439968109131
q20184,python spherical bessel functions,cari indeks semua kemunculan dalam list python,cari indeks semua kemunculan dalam list python integer search list query column,6,d13115,0.8535439968109131
q20184,python spherical bessel functions,cari indeks semua kemunculan dalam list python,cari indeks semua kemunculan dalam list python integer search list query column,7,d7031,0.8535439968109131
q20184,python spherical bessel functions,cari indeks semua kemunculan dalam list python,cari indeks semua kemunculan dalam list python integer search list query column,8,d5737,0.8535439968109131
q20184,python spherical bessel functions,cari indeks semua kemunculan dalam list python,cari indeks semua kemunculan dalam list python integer search list query column,9,d20412,0.8535439968109131
q20184,python spherical bessel functions,cari indeks semua kemunculan dalam list python,cari indeks semua kemunculan dalam list python integer search list query column,10,d3375,0.8507423400878906
q20185,how to check a file is empty in python,python urutkan dictionary berdasarkan kunci,python urutkan dictionary berdasarkan kunci sort dictionary integer query error array,1,d13445,0.8784430027008057
q20185,how to check a file is empty in python,python urutkan dictionary berdasarkan kunci,python urutkan dictionary berdasarkan kunci sort dictionary integer query error array,2,d1396,0.8784430027008057
q20185,how to check a file is empty in python,python urutkan dictionary berdasarkan kunci,python urutkan dictionary berdasarkan kunci sort dictionary integer query error array,3,d1392,0.8784430027008057
q20185,how to check a file is empty in python,python urutkan dictionary berdasarkan kunci,python urutkan dictionary berdasarkan kunci sort dictionary integer query error array,4,d4978,0.8778578639030457
q20185,how to check a file is empty in python,python urutkan dictionary berdasarkan kunci,python urutkan dictionary berdasarkan kunci sort dictionary integer query error array,5,d7892,0.8778578639030457
q20185,how to check a file is empty in python,python urutkan dictionary berdasarkan kunci,python urutkan dictionary berdasarkan kunci sort dictionary integer query error array,6,d2815,0.8778578639030457
q20185,how to check a file is empty in python,python urutkan dictionary berdasarkan kunci,python urutkan dictionary berdasarkan kunci sort dictionary integer query error array,7,d5683,0.8778578639030457
q20185,how to check a file is empty in python,python urutkan dictionary berdasarkan kunci,python urutkan dictionary berdasarkan kunci sort dictionary integer query error array,8,d13161,0.8778578639030457
q20185,how to check a file is empty in python,python urutkan dictionary berdasarkan kunci,python urutkan dictionary berdasarkan kunci sort dictionary integer query error array,9,d1365,0.8778578639030457
q20185,how to check a file is empty in python,python urutkan dictionary berdasarkan kunci,python urutkan dictionary berdasarkan kunci sort dictionary integer query error array,10,d3518,0.8778578639030457
q20186,python stop process multiprocessing,python periksa apakah semua elemen dalam list sama,python periksa apakah semua elemen dalam list sama list integer query search error,1,d20015,0.875857412815094
q20186,python stop process multiprocessing,python periksa apakah semua elemen dalam list sama,python periksa apakah semua elemen dalam list sama list integer query search error,2,d20412,0.875857412815094
q20186,python stop process multiprocessing,python periksa apakah semua elemen dalam list sama,python periksa apakah semua elemen dalam list sama list integer query search error,3,d13115,0.875857412815094
q20186,python stop process multiprocessing,python periksa apakah semua elemen dalam list sama,python periksa apakah semua elemen dalam list sama list integer query search error,4,d15053,0.875857412815094
q20186,python stop process multiprocessing,python periksa apakah semua elemen dalam list sama,python periksa apakah semua elemen dalam list sama list integer query search error,5,d7031,0.875857412815094
q20186,python stop process multiprocessing,python periksa apakah semua elemen dalam list sama,python periksa apakah semua elemen dalam list sama list integer query search error,6,d6941,0.875857412815094
q20186,python stop process multiprocessing,python periksa apakah semua elemen dalam list sama,python periksa apakah semua elemen dalam list sama list integer query search error,7,d5546,0.875857412815094
q20186,python stop process multiprocessing,python periksa apakah semua elemen dalam list sama,python periksa apakah semua elemen dalam list sama list integer query search error,8,d5737,0.875857412815094
q20186,python stop process multiprocessing,python periksa apakah semua elemen dalam list sama,python periksa apakah semua elemen dalam list sama list integer query search error,9,d3653,0.875857412815094
q20186,python stop process multiprocessing,python periksa apakah semua elemen dalam list sama,python periksa apakah semua elemen dalam list sama list integer query search error,10,d3012,0.8683255314826965
q20187,python make sure all words are separated by a single space,cara dapat panjang array python,cara dapat panjang array python array integer row loop error,1,d14515,0.8548579216003418
q20187,python make sure all words are separated by a single space,cara dapat panjang array python,cara dapat panjang array python array integer row loop error,2,d6518,0.8548579216003418
q20187,python make sure all words are separated by a single space,cara dapat panjang array python,cara dapat panjang array python array integer row loop error,3,d14659,0.8548579216003418
q20187,python make sure all words are separated by a single space,cara dapat panjang array python,cara dapat panjang array python array integer row loop error,4,d6130,0.8548579216003418
q20187,python make sure all words are separated by a single space,cara dapat panjang array python,cara dapat panjang array python array integer row loop error,5,d16141,0.8548579216003418
q20187,python make sure all words are separated by a single space,cara dapat panjang array python,cara dapat panjang array python array integer row loop error,6,d83,0.8548579216003418
q20187,python make sure all words are separated by a single space,cara dapat panjang array python,cara dapat panjang array python array integer row loop error,7,d4950,0.8548579216003418
q20187,python make sure all words are separated by a single space,cara dapat panjang array python,cara dapat panjang array python array integer row loop error,8,d13943,0.8527690768241882
q20187,python make sure all words are separated by a single space,cara dapat panjang array python,cara dapat panjang array python array integer row loop error,9,d4302,0.8527690768241882
q20187,python make sure all words are separated by a single space,cara dapat panjang array python,cara dapat panjang array python array integer row loop error,10,d2158,0.8527690768241882
q20188,making a multidimensional array of only 1 in python,python periksa apakah file ada sebelum buka,python periksa apakah file ada sebelum buka file open update error search,1,d18007,0.8532642126083374
q20188,making a multidimensional array of only 1 in python,python periksa apakah file ada sebelum buka,python periksa apakah file ada sebelum buka file open update error search,2,d13302,0.8448790907859802
q20188,making a multidimensional array of only 1 in python,python periksa apakah file ada sebelum buka,python periksa apakah file ada sebelum buka file open update error search,3,d15431,0.8448790907859802
q20188,making a multidimensional array of only 1 in python,python periksa apakah file ada sebelum buka,python periksa apakah file ada sebelum buka file open update error search,4,d3032,0.8419246673583984
q20188,making a multidimensional array of only 1 in python,python periksa apakah file ada sebelum buka,python periksa apakah file ada sebelum buka file open update error search,5,d20043,0.8419246673583984
q20188,making a multidimensional array of only 1 in python,python periksa apakah file ada sebelum buka,python periksa apakah file ada sebelum buka file open update error search,6,d10445,0.8419246673583984
q20188,making a multidimensional array of only 1 in python,python periksa apakah file ada sebelum buka,python periksa apakah file ada sebelum buka file open update error search,7,d3060,0.8417248725891113
q20188,making a multidimensional array of only 1 in python,python periksa apakah file ada sebelum buka,python periksa apakah file ada sebelum buka file open update error search,8,d3526,0.841664731502533
q20188,making a multidimensional array of only 1 in python,python periksa apakah file ada sebelum buka,python periksa apakah file ada sebelum buka file open update error search,9,d16571,0.8407547473907471
q20188,making a multidimensional array of only 1 in python,python periksa apakah file ada sebelum buka,python periksa apakah file ada sebelum buka file open update error search,10,d2731,0.8404723405838013
q20189,python initialize variable of an object,python list dict ke json,python list dict ke json dictionary list database query integer,1,d11907,0.8657827377319336
q20189,python initialize variable of an object,python list dict ke json,python list dict ke json dictionary list database query integer,2,d3007,0.8580117225646973
q20189,python initialize variable of an object,python list dict ke json,python list dict ke json dictionary list database query integer,3,d13801,0.8580117225646973
q20189,python initialize variable of an object,python list dict ke json,python list dict ke json dictionary list database query integer,4,d790,0.8580117225646973
q20189,python initialize variable of an object,python list dict ke json,python list dict ke json dictionary list database query integer,5,d9320,0.8577156662940979
q20189,python initialize variable of an object,python list dict ke json,python list dict ke json dictionary list database query integer,6,d16430,0.8577156662940979
q20189,python initialize variable of an object,python list dict ke json,python list dict ke json dictionary list database query integer,7,d2290,0.8577156662940979
q20189,python initialize variable of an object,python list dict ke json,python list dict ke json dictionary list database query integer,8,d8921,0.8575164675712585
q20189,python initialize variable of an object,python list dict ke json,python list dict ke json dictionary list database query integer,9,d8651,0.8575164079666138
q20189,python initialize variable of an object,python list dict ke json,python list dict ke json dictionary list database query integer,10,d199,0.8575164079666138
q20190,python elasticsearch limit results,python 3 list file dalam direktori,python 3 list file dalam direktori list file error integer sort,1,d15613,0.8466246128082275
q20190,python elasticsearch limit results,python 3 list file dalam direktori,python 3 list file dalam direktori list file error integer sort,2,d12816,0.8466246128082275
q20190,python elasticsearch limit results,python 3 list file dalam direktori,python 3 list file dalam direktori list file error integer sort,3,d13081,0.8466246128082275
q20190,python elasticsearch limit results,python 3 list file dalam direktori,python 3 list file dalam direktori list file error integer sort,4,d13878,0.8466246128082275
q20190,python elasticsearch limit results,python 3 list file dalam direktori,python 3 list file dalam direktori list file error integer sort,5,d4645,0.8466246128082275
q20190,python elasticsearch limit results,python 3 list file dalam direktori,python 3 list file dalam direktori list file error integer sort,6,d4647,0.8466246128082275
q20190,python elasticsearch limit results,python 3 list file dalam direktori,python 3 list file dalam direktori list file error integer sort,7,d11406,0.8466246128082275
q20190,python elasticsearch limit results,python 3 list file dalam direktori,python 3 list file dalam direktori list file error integer sort,8,d13236,0.8466246128082275
q20190,python elasticsearch limit results,python 3 list file dalam direktori,python 3 list file dalam direktori list file error integer sort,9,d5613,0.8437467813491821
q20190,python elasticsearch limit results,python 3 list file dalam direktori,python 3 list file dalam direktori list file error integer sort,10,d1400,0.8437467813491821
q20191,how to force exit python without raise,baca file teks ke list python,baca file teks ke list python list read file write search,1,d3251,0.872187614440918
q20191,how to force exit python without raise,baca file teks ke list python,baca file teks ke list python list read file write search,2,d3247,0.8610167503356934
q20191,how to force exit python without raise,baca file teks ke list python,baca file teks ke list python list read file write search,3,d5981,0.8610167503356934
q20191,how to force exit python without raise,baca file teks ke list python,baca file teks ke list python list read file write search,4,d10127,0.8610167503356934
q20191,how to force exit python without raise,baca file teks ke list python,baca file teks ke list python list read file write search,5,d5038,0.8610167503356934
q20191,how to force exit python without raise,baca file teks ke list python,baca file teks ke list python list read file write search,6,d9533,0.8610167503356934
q20191,how to force exit python without raise,baca file teks ke list python,baca file teks ke list python list read file write search,7,d16831,0.8606588840484619
q20191,how to force exit python without raise,baca file teks ke list python,baca file teks ke list python list read file write search,8,d2662,0.8605435490608215
q20191,how to force exit python without raise,baca file teks ke list python,baca file teks ke list python list read file write search,9,d2061,0.8578351140022278
q20191,how to force exit python without raise,baca file teks ke list python,baca file teks ke list python list read file write search,10,d16294,0.8578351140022278
q20192,python weak reference to bound method,buat dictionary dengan kunci dari list python,buat dictionary dengan kunci dari list python dictionary list write error integer,1,d19092,0.8714691400527954
q20192,python weak reference to bound method,buat dictionary dengan kunci dari list python,buat dictionary dengan kunci dari list python dictionary list write error integer,2,d16625,0.8714691400527954
q20192,python weak reference to bound method,buat dictionary dengan kunci dari list python,buat dictionary dengan kunci dari list python dictionary list write error integer,3,d19470,0.8714691400527954
q20192,python weak reference to bound method,buat dictionary dengan kunci dari list python,buat dictionary dengan kunci dari list python dictionary list write error integer,4,d14416,0.8600248694419861
q20192,python weak reference to bound method,buat dictionary dengan kunci dari list python,buat dictionary dengan kunci dari list python dictionary list write error integer,5,d8385,0.8600248694419861
q20192,python weak reference to bound method,buat dictionary dengan kunci dari list python,buat dictionary dengan kunci dari list python dictionary list write error integer,6,d11924,0.8600248694419861
q20192,python weak reference to bound method,buat dictionary dengan kunci dari list python,buat dictionary dengan kunci dari list python dictionary list write error integer,7,d15985,0.8600248694419861
q20192,python weak reference to bound method,buat dictionary dengan kunci dari list python,buat dictionary dengan kunci dari list python dictionary list write error integer,8,d9984,0.8600248694419861
q20192,python weak reference to bound method,buat dictionary dengan kunci dari list python,buat dictionary dengan kunci dari list python dictionary list write error integer,9,d10001,0.8600248694419861
q20192,python weak reference to bound method,buat dictionary dengan kunci dari list python,buat dictionary dengan kunci dari list python dictionary list write error integer,10,d11302,0.8600248694419861
q20193,calling index iterable python,cetak dictionary dalam format pretty print python,cetak dictionary dalam format pretty print python dictionary integer column write error,1,d3386,0.8817836046218872
q20193,calling index iterable python,cetak dictionary dalam format pretty print python,cetak dictionary dalam format pretty print python dictionary integer column write error,2,d3192,0.8817836046218872
q20193,calling index iterable python,cetak dictionary dalam format pretty print python,cetak dictionary dalam format pretty print python dictionary integer column write error,3,d14481,0.8817836046218872
q20193,calling index iterable python,cetak dictionary dalam format pretty print python,cetak dictionary dalam format pretty print python dictionary integer column write error,4,d19776,0.8817836046218872
q20193,calling index iterable python,cetak dictionary dalam format pretty print python,cetak dictionary dalam format pretty print python dictionary integer column write error,5,d14291,0.8817836046218872
q20193,calling index iterable python,cetak dictionary dalam format pretty print python,cetak dictionary dalam format pretty print python dictionary integer column write error,6,d6021,0.8817836046218872
q20193,calling index iterable python,cetak dictionary dalam format pretty print python,cetak dictionary dalam format pretty print python dictionary integer column write error,7,d15126,0.8817836046218872
q20193,calling index iterable python,cetak dictionary dalam format pretty print python,cetak dictionary dalam format pretty print python dictionary integer column write error,8,d32,0.8680106401443481
q20193,calling index iterable python,cetak dictionary dalam format pretty print python,cetak dictionary dalam format pretty print python dictionary integer column write error,9,d13510,0.8680106401443481
q20193,calling index iterable python,cetak dictionary dalam format pretty print python,cetak dictionary dalam format pretty print python dictionary integer column write error,10,d13512,0.8680106401443481
q20194,python datetime maybe undefined,cara menggunakan variabel global python,cara menggunakan variabel global python variable parameter integer function method,1,d19169,0.8399192094802856
q20194,python datetime maybe undefined,cara menggunakan variabel global python,cara menggunakan variabel global python variable parameter integer function method,2,d17108,0.8399192094802856
q20194,python datetime maybe undefined,cara menggunakan variabel global python,cara menggunakan variabel global python variable parameter integer function method,3,d19081,0.8399192094802856
q20194,python datetime maybe undefined,cara menggunakan variabel global python,cara menggunakan variabel global python variable parameter integer function method,4,d18646,0.8399192094802856
q20194,python datetime maybe undefined,cara menggunakan variabel global python,cara menggunakan variabel global python variable parameter integer function method,5,d19626,0.8399192094802856
q20194,python datetime maybe undefined,cara menggunakan variabel global python,cara menggunakan variabel global python variable parameter integer function method,6,d16588,0.8382679224014282
q20194,python datetime maybe undefined,cara menggunakan variabel global python,cara menggunakan variabel global python variable parameter integer function method,7,d10474,0.8382679224014282
q20194,python datetime maybe undefined,cara menggunakan variabel global python,cara menggunakan variabel global python variable parameter integer function method,8,d5785,0.8382679224014282
q20194,python datetime maybe undefined,cara menggunakan variabel global python,cara menggunakan variabel global python variable parameter integer function method,9,d14359,0.8382679224014282
q20194,python datetime maybe undefined,cara menggunakan variabel global python,cara menggunakan variabel global python variable parameter integer function method,10,d4561,0.8382679224014282
q20195,python go to next page,konversi list ke string python,konversi list ke string python string list update database error,1,d11823,0.8687353730201721
q20195,python go to next page,konversi list ke string python,konversi list ke string python string list update database error,2,d11310,0.8537495136260986
q20195,python go to next page,konversi list ke string python,konversi list ke string python string list update database error,3,d5732,0.8537495136260986
q20195,python go to next page,konversi list ke string python,konversi list ke string python string list update database error,4,d5100,0.8537495136260986
q20195,python go to next page,konversi list ke string python,konversi list ke string python string list update database error,5,d3767,0.8537495136260986
q20195,python go to next page,konversi list ke string python,konversi list ke string python string list update database error,6,d10652,0.8537495136260986
q20195,python go to next page,konversi list ke string python,konversi list ke string python string list update database error,7,d10791,0.8537495136260986
q20195,python go to next page,konversi list ke string python,konversi list ke string python string list update database error,8,d14611,0.8537495136260986
q20195,python go to next page,konversi list ke string python,konversi list ke string python string list update database error,9,d937,0.8537495136260986
q20195,python go to next page,konversi list ke string python,konversi list ke string python string list update database error,10,d9848,0.8537495136260986
q20196,filling null value sin data frame in python,python periksa apakah proses berjalan,python periksa apakah proses berjalan query search function loop update,1,d18007,0.8572037220001221
q20196,filling null value sin data frame in python,python periksa apakah proses berjalan,python periksa apakah proses berjalan query search function loop update,2,d15431,0.8535236120223999
q20196,filling null value sin data frame in python,python periksa apakah proses berjalan,python periksa apakah proses berjalan query search function loop update,3,d13302,0.8535236120223999
q20196,filling null value sin data frame in python,python periksa apakah proses berjalan,python periksa apakah proses berjalan query search function loop update,4,d11823,0.8513768911361694
q20196,filling null value sin data frame in python,python periksa apakah proses berjalan,python periksa apakah proses berjalan query search function loop update,5,d3312,0.8486605882644653
q20196,filling null value sin data frame in python,python periksa apakah proses berjalan,python periksa apakah proses berjalan query search function loop update,6,d7518,0.8486605882644653
q20196,filling null value sin data frame in python,python periksa apakah proses berjalan,python periksa apakah proses berjalan query search function loop update,7,d11680,0.8445254564285278
q20196,filling null value sin data frame in python,python periksa apakah proses berjalan,python periksa apakah proses berjalan query search function loop update,8,d3375,0.8445254564285278
q20196,filling null value sin data frame in python,python periksa apakah proses berjalan,python periksa apakah proses berjalan query search function loop update,9,d20190,0.8443199396133423
q20196,filling null value sin data frame in python,python periksa apakah proses berjalan,python periksa apakah proses berjalan query search function loop update,10,d4776,0.8443199396133423
q20197,python run external command and get output,konversi byte ke string python,konversi byte ke string python string update error query integer,1,d16511,0.870438277721405
q20197,python run external command and get output,konversi byte ke string python,konversi byte ke string python string update error query integer,2,d3939,0.870438277721405
q20197,python run external command and get output,konversi byte ke string python,konversi byte ke string python string update error query integer,3,d11770,0.870438277721405
q20197,python run external command and get output,konversi byte ke string python,konversi byte ke string python string update error query integer,4,d2789,0.870438277721405
q20197,python run external command and get output,konversi byte ke string python,konversi byte ke string python string update error query integer,5,d13745,0.870438277721405
q20197,python run external command and get output,konversi byte ke string python,konversi byte ke string python string update error query integer,6,d8261,0.870438277721405
q20197,python run external command and get output,konversi byte ke string python,konversi byte ke string python string update error query integer,7,d14298,0.870438277721405
q20197,python run external command and get output,konversi byte ke string python,konversi byte ke string python string update error query integer,8,d10060,0.870438277721405
q20197,python run external command and get output,konversi byte ke string python,konversi byte ke string python string update error query integer,9,d4311,0.8682343363761902
q20197,python run external command and get output,konversi byte ke string python,konversi byte ke string python string update error query integer,10,d2028,0.8682343363761902
q20198,how to compile python program to use in c++,cara buat file json python,cara buat file json python file write update error database,1,d7494,0.8547418117523193
q20198,how to compile python program to use in c++,cara buat file json python,cara buat file json python file write update error database,2,d11818,0.8547418117523193
q20198,how to compile python program to use in c++,cara buat file json python,cara buat file json python file write update error database,3,d14344,0.8547418117523193
q20198,how to compile python program to use in c++,cara buat file json python,cara buat file json python file write update error database,4,d7987,0.8547418117523193
q20198,how to compile python program to use in c++,cara buat file json python,cara buat file json python file write update error database,5,d6411,0.8547418117523193
q20198,how to compile python program to use in c++,cara buat file json python,cara buat file json python file write update error database,6,d6991,0.8547418117523193
q20198,how to compile python program to use in c++,cara buat file json python,cara buat file json python file write update error database,7,d1638,0.8547418117523193
q20198,how to compile python program to use in c++,cara buat file json python,cara buat file json python file write update error database,8,d16608,0.8547418117523193
q20198,how to compile python program to use in c++,cara buat file json python,cara buat file json python file write update error database,9,d799,0.8523017168045044
q20198,how to compile python program to use in c++,cara buat file json python,cara buat file json python file write update error database,10,d5061,0.8523017168045044
q20199,python img to bytearray,python 3 ganti string dalam file,python 3 ganti string dalam file string file error update write,1,d14037,0.8514737486839294
q20199,python img to bytearray,python 3 ganti string dalam file,python 3 ganti string dalam file string file error update write,2,d12807,0.8511255383491516
q20199,python img to bytearray,python 3 ganti string dalam file,python 3 ganti string dalam file string file error update write,3,d3781,0.8511255383491516
q20199,python img to bytearray,python 3 ganti string dalam file,python 3 ganti string dalam file string file error update write,4,d11659,0.8511255383491516
q20199,python img to bytearray,python 3 ganti string dalam file,python 3 ganti string dalam file string file error update write,5,d5908,0.8511255383491516
q20199,python img to bytearray,python 3 ganti string dalam file,python 3 ganti string dalam file string file error update write,6,d6993,0.8511255383491516
q20199,python img to bytearray,python 3 ganti string dalam file,python 3 ganti string dalam file string file error update write,7,d16032,0.8511255383491516
q20199,python img to bytearray,python 3 ganti string dalam file,python 3 ganti string dalam file string file error update write,8,d8062,0.848270058631897
q20199,python img to bytearray,python 3 ganti string dalam file,python 3 ganti string dalam file string file error update write,9,d834,0.848270058631897
q20199,python img to bytearray,python 3 ganti string dalam file,python 3 ganti string dalam file string file error update write,10,d15097,0.848270058631897
q20200,how to use access token oauth python,python parsing html beautifulsoup,python parsing html beautifulsoup parameter error integer method file,1,d1914,0.8734235167503357
q20200,how to use access token oauth python,python parsing html beautifulsoup,python parsing html beautifulsoup parameter error integer method file,2,d7349,0.865009605884552
q20200,how to use access token oauth python,python parsing html beautifulsoup,python parsing html beautifulsoup parameter error integer method file,3,d12742,0.8608208298683167
q20200,how to use access token oauth python,python parsing html beautifulsoup,python parsing html beautifulsoup parameter error integer method file,4,d8781,0.8608208298683167
q20200,how to use access token oauth python,python parsing html beautifulsoup,python parsing html beautifulsoup parameter error integer method file,5,d5502,0.8561046123504639
q20200,how to use access token oauth python,python parsing html beautifulsoup,python parsing html beautifulsoup parameter error integer method file,6,d13660,0.8561046123504639
q20200,how to use access token oauth python,python parsing html beautifulsoup,python parsing html beautifulsoup parameter error integer method file,7,d1273,0.8555344343185425
q20200,how to use access token oauth python,python parsing html beautifulsoup,python parsing html beautifulsoup parameter error integer method file,8,d1811,0.8555344343185425
q20200,how to use access token oauth python,python parsing html beautifulsoup,python parsing html beautifulsoup parameter error integer method file,9,d14000,0.8555344343185425
q20200,how to use access token oauth python,python parsing html beautifulsoup,python parsing html beautifulsoup parameter error integer method file,10,d1022,0.8555344343185425
q20201,have python line continue on to next line,dapat semua kunci dari dictionary bersarang python,dapat semua kunci dari dictionary bersarang python dictionary integer error query column,1,d19275,0.8596092462539673
q20201,have python line continue on to next line,dapat semua kunci dari dictionary bersarang python,dapat semua kunci dari dictionary bersarang python dictionary integer error query column,2,d16445,0.8545246124267578
q20201,have python line continue on to next line,dapat semua kunci dari dictionary bersarang python,dapat semua kunci dari dictionary bersarang python dictionary integer error query column,3,d15559,0.8545246124267578
q20201,have python line continue on to next line,dapat semua kunci dari dictionary bersarang python,dapat semua kunci dari dictionary bersarang python dictionary integer error query column,4,d11399,0.8545246124267578
q20201,have python line continue on to next line,dapat semua kunci dari dictionary bersarang python,dapat semua kunci dari dictionary bersarang python dictionary integer error query column,5,d93,0.8545246124267578
q20201,have python line continue on to next line,dapat semua kunci dari dictionary bersarang python,dapat semua kunci dari dictionary bersarang python dictionary integer error query column,6,d248,0.8524823784828186
q20201,have python line continue on to next line,dapat semua kunci dari dictionary bersarang python,dapat semua kunci dari dictionary bersarang python dictionary integer error query column,7,d3976,0.8524823784828186
q20201,have python line continue on to next line,dapat semua kunci dari dictionary bersarang python,dapat semua kunci dari dictionary bersarang python dictionary integer error query column,8,d95,0.8524594902992249
q20201,have python line continue on to next line,dapat semua kunci dari dictionary bersarang python,dapat semua kunci dari dictionary bersarang python dictionary integer error query column,9,d16399,0.8524594902992249
q20201,have python line continue on to next line,dapat semua kunci dari dictionary bersarang python,dapat semua kunci dari dictionary bersarang python dictionary integer error query column,10,d13373,0.8524594902992249
q20202,precision of ints in python,python 3 salin file,python 3 salin file file string query column error,1,d5539,0.8576110005378723
q20202,precision of ints in python,python 3 salin file,python 3 salin file file string query column error,2,d5878,0.8538575172424316
q20202,precision of ints in python,python 3 salin file,python 3 salin file file string query column error,3,d824,0.851261556148529
q20202,precision of ints in python,python 3 salin file,python 3 salin file file string query column error,4,d3398,0.851261556148529
q20202,precision of ints in python,python 3 salin file,python 3 salin file file string query column error,5,d3416,0.851261556148529
q20202,precision of ints in python,python 3 salin file,python 3 salin file file string query column error,6,d5267,0.851261556148529
q20202,precision of ints in python,python 3 salin file,python 3 salin file file string query column error,7,d9612,0.851261556148529
q20202,precision of ints in python,python 3 salin file,python 3 salin file file string query column error,8,d2927,0.851261556148529
q20202,precision of ints in python,python 3 salin file,python 3 salin file file string query column error,9,d1798,0.8482507467269897
q20202,precision of ints in python,python 3 salin file,python 3 salin file file string query column error,10,d8814,0.8482507467269897
q20203,modify the dice roll program to call a function for the die roll s python,python 3 periksa apakah file ada,python 3 periksa apakah file ada file error query update integer,1,d18007,0.853468656539917
q20203,modify the dice roll program to call a function for the die roll s python,python 3 periksa apakah file ada,python 3 periksa apakah file ada file error query update integer,2,d16571,0.8450340032577515
q20203,modify the dice roll program to call a function for the die roll s python,python 3 periksa apakah file ada,python 3 periksa apakah file ada file error query update integer,3,d15431,0.8437411785125732
q20203,modify the dice roll program to call a function for the die roll s python,python 3 periksa apakah file ada,python 3 periksa apakah file ada file error query update integer,4,d13302,0.8437411785125732
q20203,modify the dice roll program to call a function for the die roll s python,python 3 periksa apakah file ada,python 3 periksa apakah file ada file error query update integer,5,d12716,0.8400309085845947
q20203,modify the dice roll program to call a function for the die roll s python,python 3 periksa apakah file ada,python 3 periksa apakah file ada file error query update integer,6,d11823,0.8388370871543884
q20203,modify the dice roll program to call a function for the die roll s python,python 3 periksa apakah file ada,python 3 periksa apakah file ada file error query update integer,7,d1004,0.8369498252868652
q20203,modify the dice roll program to call a function for the die roll s python,python 3 periksa apakah file ada,python 3 periksa apakah file ada file error query update integer,8,d16805,0.8358815312385559
q20203,modify the dice roll program to call a function for the die roll s python,python 3 periksa apakah file ada,python 3 periksa apakah file ada file error query update integer,9,d17469,0.8358815312385559
q20203,modify the dice roll program to call a function for the die roll s python,python 3 periksa apakah file ada,python 3 periksa apakah file ada file error query update integer,10,d18344,0.8358815312385559
q20204,python 'namespace' object is not iterable,konversi pandas dataframe ke list python,konversi pandas dataframe ke list python database list data parameter update,1,d11823,0.8605150580406189
q20204,python 'namespace' object is not iterable,konversi pandas dataframe ke list python,konversi pandas dataframe ke list python database list data parameter update,2,d14327,0.8574649095535278
q20204,python 'namespace' object is not iterable,konversi pandas dataframe ke list python,konversi pandas dataframe ke list python database list data parameter update,3,d1996,0.8574649095535278
q20204,python 'namespace' object is not iterable,konversi pandas dataframe ke list python,konversi pandas dataframe ke list python database list data parameter update,4,d5107,0.8574649095535278
q20204,python 'namespace' object is not iterable,konversi pandas dataframe ke list python,konversi pandas dataframe ke list python database list data parameter update,5,d13258,0.8574649095535278
q20204,python 'namespace' object is not iterable,konversi pandas dataframe ke list python,konversi pandas dataframe ke list python database list data parameter update,6,d2976,0.8574649095535278
q20204,python 'namespace' object is not iterable,konversi pandas dataframe ke list python,konversi pandas dataframe ke list python database list data parameter update,7,d838,0.8574649095535278
q20204,python 'namespace' object is not iterable,konversi pandas dataframe ke list python,konversi pandas dataframe ke list python database list data parameter update,8,d16545,0.8574649095535278
q20204,python 'namespace' object is not iterable,konversi pandas dataframe ke list python,konversi pandas dataframe ke list python database list data parameter update,9,d7218,0.8574647903442383
q20204,python 'namespace' object is not iterable,konversi pandas dataframe ke list python,konversi pandas dataframe ke list python database list data parameter update,10,d8668,0.8440221548080444
q20205,how to specify seed for python random,list semua file dalam direktori dan subdirektori python,list semua file dalam direktori dan subdirektori python file list database integer update,1,d4647,0.8677551746368408
q20205,how to specify seed for python random,list semua file dalam direktori dan subdirektori python,list semua file dalam direktori dan subdirektori python file list database integer update,2,d12816,0.8677551746368408
q20205,how to specify seed for python random,list semua file dalam direktori dan subdirektori python,list semua file dalam direktori dan subdirektori python file list database integer update,3,d13081,0.8677551746368408
q20205,how to specify seed for python random,list semua file dalam direktori dan subdirektori python,list semua file dalam direktori dan subdirektori python file list database integer update,4,d4645,0.8677551746368408
q20205,how to specify seed for python random,list semua file dalam direktori dan subdirektori python,list semua file dalam direktori dan subdirektori python file list database integer update,5,d15613,0.8677551746368408
q20205,how to specify seed for python random,list semua file dalam direktori dan subdirektori python,list semua file dalam direktori dan subdirektori python file list database integer update,6,d13236,0.8677551746368408
q20205,how to specify seed for python random,list semua file dalam direktori dan subdirektori python,list semua file dalam direktori dan subdirektori python file list database integer update,7,d13878,0.8677551746368408
q20205,how to specify seed for python random,list semua file dalam direktori dan subdirektori python,list semua file dalam direktori dan subdirektori python file list database integer update,8,d11406,0.8677551746368408
q20205,how to specify seed for python random,list semua file dalam direktori dan subdirektori python,list semua file dalam direktori dan subdirektori python file list database integer update,9,d7229,0.8475857973098755
q20205,how to specify seed for python random,list semua file dalam direktori dan subdirektori python,list semua file dalam direktori dan subdirektori python file list database integer update,10,d11823,0.844312310218811
q20206,python use default arg,python gunakan argumen default,python gunakan argumen default error query parameter delete function,1,d11988,0.8874653577804565
q20206,python use default arg,python gunakan argumen default,python gunakan argumen default error query parameter delete function,2,d8859,0.8874653577804565
q20206,python use default arg,python gunakan argumen default,python gunakan argumen default error query parameter delete function,3,d5714,0.8874653577804565
q20206,python use default arg,python gunakan argumen default,python gunakan argumen default error query parameter delete function,4,d20206,0.8740926384925842
q20206,python use default arg,python gunakan argumen default,python gunakan argumen default error query parameter delete function,5,d12091,0.8740926384925842
q20206,python use default arg,python gunakan argumen default,python gunakan argumen default error query parameter delete function,6,d6799,0.8740926384925842
q20206,python use default arg,python gunakan argumen default,python gunakan argumen default error query parameter delete function,7,d13915,0.8740926384925842
q20206,python use default arg,python gunakan argumen default,python gunakan argumen default error query parameter delete function,8,d11512,0.8740926384925842
q20206,python use default arg,python gunakan argumen default,python gunakan argumen default error query parameter delete function,9,d6555,0.8740926384925842
q20206,python use default arg,python gunakan argumen default,python gunakan argumen default error query parameter delete function,10,d1753,0.8740926384925842
q20207,python change array dtype to int,python ubah tipe array ke int,python ubah tipe array ke int array integer update error parameter,1,d18544,0.8568944931030273
q20207,python change array dtype to int,python ubah tipe array ke int,python ubah tipe array ke int array integer update error parameter,2,d19272,0.8568944931030273
q20207,python change array dtype to int,python ubah tipe array ke int,python ubah tipe array ke int array integer update error parameter,3,d16949,0.8568944931030273
q20207,python change array dtype to int,python ubah tipe array ke int,python ubah tipe array ke int array integer update error parameter,4,d17175,0.8568944931030273
q20207,python change array dtype to int,python ubah tipe array ke int,python ubah tipe array ke int array integer update error parameter,5,d19414,0.8568944931030273
q20207,python change array dtype to int,python ubah tipe array ke int,python ubah tipe array ke int array integer update error parameter,6,d18207,0.8568944931030273
q20207,python change array dtype to int,python ubah tipe array ke int,python ubah tipe array ke int array integer update error parameter,7,d17314,0.8568944931030273
q20207,python change array dtype to int,python ubah tipe array ke int,python ubah tipe array ke int array integer update error parameter,8,d18553,0.8568944931030273
q20207,python change array dtype to int,python ubah tipe array ke int,python ubah tipe array ke int array integer update error parameter,9,d16732,0.8568944931030273
q20207,python change array dtype to int,python ubah tipe array ke int,python ubah tipe array ke int array integer update error parameter,10,d17705,0.8568944931030273
q20208,python forcible close socket before opening,paksa tutup socket sebelum buka python,paksa tutup socket sebelum buka python close update open error delete warning,1,d279,0.8578338623046875
q20208,python forcible close socket before opening,paksa tutup socket sebelum buka python,paksa tutup socket sebelum buka python close update open error delete warning,2,d14297,0.8524397611618042
q20208,python forcible close socket before opening,paksa tutup socket sebelum buka python,paksa tutup socket sebelum buka python close update open error delete warning,3,d9745,0.8524397611618042
q20208,python forcible close socket before opening,paksa tutup socket sebelum buka python,paksa tutup socket sebelum buka python close update open error delete warning,4,d11913,0.8521900773048401
q20208,python forcible close socket before opening,paksa tutup socket sebelum buka python,paksa tutup socket sebelum buka python close update open error delete warning,5,d14422,0.8521900773048401
q20208,python forcible close socket before opening,paksa tutup socket sebelum buka python,paksa tutup socket sebelum buka python close update open error delete warning,6,d10987,0.8521900773048401
q20208,python forcible close socket before opening,paksa tutup socket sebelum buka python,paksa tutup socket sebelum buka python close update open error delete warning,7,d14566,0.8521900773048401
q20208,python forcible close socket before opening,paksa tutup socket sebelum buka python,paksa tutup socket sebelum buka python close update open error delete warning,8,d2128,0.8521900773048401
q20208,python forcible close socket before opening,paksa tutup socket sebelum buka python,paksa tutup socket sebelum buka python close update open error delete warning,9,d8442,0.8521900773048401
q20208,python forcible close socket before opening,paksa tutup socket sebelum buka python,paksa tutup socket sebelum buka python close update open error delete warning,10,d10486,0.8521900773048401
q20209,python series'value non zero index,nilai series python indeks non nol,nilai series python indeks non nol integer error row parameter query,1,d7607,0.8619062900543213
q20209,python series'value non zero index,nilai series python indeks non nol,nilai series python indeks non nol integer error row parameter query,2,d15149,0.8619062900543213
q20209,python series'value non zero index,nilai series python indeks non nol,nilai series python indeks non nol integer error row parameter query,3,d1824,0.8619062900543213
q20209,python series'value non zero index,nilai series python indeks non nol,nilai series python indeks non nol integer error row parameter query,4,d7859,0.8619062900543213
q20209,python series'value non zero index,nilai series python indeks non nol,nilai series python indeks non nol integer error row parameter query,5,d11261,0.8619062900543213
q20209,python series'value non zero index,nilai series python indeks non nol,nilai series python indeks non nol integer error row parameter query,6,d3383,0.8619062900543213
q20209,python series'value non zero index,nilai series python indeks non nol,nilai series python indeks non nol integer error row parameter query,7,d12200,0.8619062900543213
q20209,python series'value non zero index,nilai series python indeks non nol,nilai series python indeks non nol integer error row parameter query,8,d3970,0.8601076602935791
q20209,python series'value non zero index,nilai series python indeks non nol,nilai series python indeks non nol integer error row parameter query,9,d8038,0.8601076602935791
q20209,python series'value non zero index,nilai series python indeks non nol,nilai series python indeks non nol integer error row parameter query,10,d2548,0.8601076602935791
q20210,how to add a number to certain elements of an array numpy python,cara menambahkan angka ke elemen tertentu array numpy python,cara menambahkan angka ke elemen tertentu array numpy python array integer add error parameter,1,d17705,0.8638101816177368
q20210,how to add a number to certain elements of an array numpy python,cara menambahkan angka ke elemen tertentu array numpy python,cara menambahkan angka ke elemen tertentu array numpy python array integer add error parameter,2,d16732,0.8638101816177368
q20210,how to add a number to certain elements of an array numpy python,cara menambahkan angka ke elemen tertentu array numpy python,cara menambahkan angka ke elemen tertentu array numpy python array integer add error parameter,3,d19272,0.8638101816177368
q20210,how to add a number to certain elements of an array numpy python,cara menambahkan angka ke elemen tertentu array numpy python,cara menambahkan angka ke elemen tertentu array numpy python array integer add error parameter,4,d16949,0.8638101816177368
q20210,how to add a number to certain elements of an array numpy python,cara menambahkan angka ke elemen tertentu array numpy python,cara menambahkan angka ke elemen tertentu array numpy python array integer add error parameter,5,d18207,0.8638101816177368
q20210,how to add a number to certain elements of an array numpy python,cara menambahkan angka ke elemen tertentu array numpy python,cara menambahkan angka ke elemen tertentu array numpy python array integer add error parameter,6,d17314,0.8638101816177368
q20210,how to add a number to certain elements of an array numpy python,cara menambahkan angka ke elemen tertentu array numpy python,cara menambahkan angka ke elemen tertentu array numpy python array integer add error parameter,7,d17175,0.8638101816177368
q20210,how to add a number to certain elements of an array numpy python,cara menambahkan angka ke elemen tertentu array numpy python,cara menambahkan angka ke elemen tertentu array numpy python array integer add error parameter,8,d19414,0.8638101816177368
q20210,how to add a number to certain elements of an array numpy python,cara menambahkan angka ke elemen tertentu array numpy python,cara menambahkan angka ke elemen tertentu array numpy python array integer add error parameter,9,d18553,0.8638101816177368
q20210,how to add a number to certain elements of an array numpy python,cara menambahkan angka ke elemen tertentu array numpy python,cara menambahkan angka ke elemen tertentu array numpy python array integer add error parameter,10,d18544,0.8638101816177368
q20211,python unit test and coverage at same time,unit test dan coverage python sekaligus,unit test dan coverage python sekaligus update search error query open,1,d908,0.8618748188018799
q20211,python unit test and coverage at same time,unit test dan coverage python sekaligus,unit test dan coverage python sekaligus update search error query open,2,d14288,0.8613275289535522
q20211,python unit test and coverage at same time,unit test dan coverage python sekaligus,unit test dan coverage python sekaligus update search error query open,3,d9665,0.8613275289535522
q20211,python unit test and coverage at same time,unit test dan coverage python sekaligus,unit test dan coverage python sekaligus update search error query open,4,d1847,0.8613275289535522
q20211,python unit test and coverage at same time,unit test dan coverage python sekaligus,unit test dan coverage python sekaligus update search error query open,5,d9731,0.8613275289535522
q20211,python unit test and coverage at same time,unit test dan coverage python sekaligus,unit test dan coverage python sekaligus update search error query open,6,d6049,0.8613275289535522
q20211,python unit test and coverage at same time,unit test dan coverage python sekaligus,unit test dan coverage python sekaligus update search error query open,7,d10242,0.8613275289535522
q20211,python unit test and coverage at same time,unit test dan coverage python sekaligus,unit test dan coverage python sekaligus update search error query open,8,d16030,0.8613275289535522
q20211,python unit test and coverage at same time,unit test dan coverage python sekaligus,unit test dan coverage python sekaligus update search error query open,9,d4278,0.8610260486602783
q20211,python unit test and coverage at same time,unit test dan coverage python sekaligus,unit test dan coverage python sekaligus update search error query open,10,d4309,0.860437273979187
q20212,python only list files with specific extension,hanya list file dengan ekstensi tertentu python,hanya list file dengan ekstensi tertentu python file list integer error query,1,d5021,0.8499258756637573
q20212,python only list files with specific extension,hanya list file dengan ekstensi tertentu python,hanya list file dengan ekstensi tertentu python file list integer error query,2,d3306,0.8456860184669495
q20212,python only list files with specific extension,hanya list file dengan ekstensi tertentu python,hanya list file dengan ekstensi tertentu python file list integer error query,3,d15951,0.8456860184669495
q20212,python only list files with specific extension,hanya list file dengan ekstensi tertentu python,hanya list file dengan ekstensi tertentu python file list integer error query,4,d11724,0.8456860184669495
q20212,python only list files with specific extension,hanya list file dengan ekstensi tertentu python,hanya list file dengan ekstensi tertentu python file list integer error query,5,d13835,0.8456860184669495
q20212,python only list files with specific extension,hanya list file dengan ekstensi tertentu python,hanya list file dengan ekstensi tertentu python file list integer error query,6,d8625,0.8432542085647583
q20212,python only list files with specific extension,hanya list file dengan ekstensi tertentu python,hanya list file dengan ekstensi tertentu python file list integer error query,7,d3819,0.8432542085647583
q20212,python only list files with specific extension,hanya list file dengan ekstensi tertentu python,hanya list file dengan ekstensi tertentu python file list integer error query,8,d8993,0.8432542085647583
q20212,python only list files with specific extension,hanya list file dengan ekstensi tertentu python,hanya list file dengan ekstensi tertentu python file list integer error query,9,d4647,0.8427531123161316
q20212,python only list files with specific extension,hanya list file dengan ekstensi tertentu python,hanya list file dengan ekstensi tertentu python file list integer error query,10,d13878,0.8427531123161316
q20213,python global type hinting,type hinting global python,type hinting global python method query integer variable function,1,d6679,0.8634074330329895
q20213,python global type hinting,type hinting global python,type hinting global python method query integer variable function,2,d6659,0.8634074330329895
q20213,python global type hinting,type hinting global python,type hinting global python method query integer variable function,3,d14708,0.8634074330329895
q20213,python global type hinting,type hinting global python,type hinting global python method query integer variable function,4,d14938,0.8634074330329895
q20213,python global type hinting,type hinting global python,type hinting global python method query integer variable function,5,d8373,0.8634074330329895
q20213,python global type hinting,type hinting global python,type hinting global python method query integer variable function,6,d14725,0.8634074330329895
q20213,python global type hinting,type hinting global python,type hinting global python method query integer variable function,7,d7938,0.8634074330329895
q20213,python global type hinting,type hinting global python,type hinting global python method query integer variable function,8,d18646,0.8618910312652588
q20213,python global type hinting,type hinting global python,type hinting global python method query integer variable function,9,d19169,0.8618910312652588
q20213,python global type hinting,type hinting global python,type hinting global python method query integer variable function,10,d19626,0.8618910312652588
q20214,how to make a function in python to take the average of list numbers,cara membuat fungsi di python untuk rata-rata angka list,cara membuat fungsi di python untuk rata-rata angka list function list integer parameter write,1,d20393,0.8362358808517456
q20214,how to make a function in python to take the average of list numbers,cara membuat fungsi di python untuk rata-rata angka list,cara membuat fungsi di python untuk rata-rata angka list function list integer parameter write,2,d8200,0.8362358808517456
q20214,how to make a function in python to take the average of list numbers,cara membuat fungsi di python untuk rata-rata angka list,cara membuat fungsi di python untuk rata-rata angka list function list integer parameter write,3,d6676,0.836058497428894
q20214,how to make a function in python to take the average of list numbers,cara membuat fungsi di python untuk rata-rata angka list,cara membuat fungsi di python untuk rata-rata angka list function list integer parameter write,4,d15554,0.836058497428894
q20214,how to make a function in python to take the average of list numbers,cara membuat fungsi di python untuk rata-rata angka list,cara membuat fungsi di python untuk rata-rata angka list function list integer parameter write,5,d9372,0.836058497428894
q20214,how to make a function in python to take the average of list numbers,cara membuat fungsi di python untuk rata-rata angka list,cara membuat fungsi di python untuk rata-rata angka list function list integer parameter write,6,d15032,0.836058497428894
q20214,how to make a function in python to take the average of list numbers,cara membuat fungsi di python untuk rata-rata angka list,cara membuat fungsi di python untuk rata-rata angka list function list integer parameter write,7,d2201,0.8356319665908813
q20214,how to make a function in python to take the average of list numbers,cara membuat fungsi di python untuk rata-rata angka list,cara membuat fungsi di python untuk rata-rata angka list function list integer parameter write,8,d12194,0.8350471258163452
q20214,how to make a function in python to take the average of list numbers,cara membuat fungsi di python untuk rata-rata angka list,cara membuat fungsi di python untuk rata-rata angka list function list integer parameter write,9,d5833,0.8350471258163452
q20214,how to make a function in python to take the average of list numbers,cara membuat fungsi di python untuk rata-rata angka list,cara membuat fungsi di python untuk rata-rata angka list function list integer parameter write,10,d20479,0.8350471258163452
q20215,check if two arrays are equal python,periksa apakah dua array sama python,periksa apakah dua array sama python array error query update search,1,d18007,0.8515094518661499
q20215,check if two arrays are equal python,periksa apakah dua array sama python,periksa apakah dua array sama python array error query update search,2,d7031,0.846861720085144
q20215,check if two arrays are equal python,periksa apakah dua array sama python,periksa apakah dua array sama python array error query update search,3,d13115,0.846861720085144
q20215,check if two arrays are equal python,periksa apakah dua array sama python,periksa apakah dua array sama python array error query update search,4,d20015,0.846861720085144
q20215,check if two arrays are equal python,periksa apakah dua array sama python,periksa apakah dua array sama python array error query update search,5,d6941,0.846861720085144
q20215,check if two arrays are equal python,periksa apakah dua array sama python,periksa apakah dua array sama python array error query update search,6,d5546,0.846861720085144
q20215,check if two arrays are equal python,periksa apakah dua array sama python,periksa apakah dua array sama python array error query update search,7,d20412,0.846861720085144
q20215,check if two arrays are equal python,periksa apakah dua array sama python,periksa apakah dua array sama python array error query update search,8,d15053,0.846861720085144
q20215,check if two arrays are equal python,periksa apakah dua array sama python,periksa apakah dua array sama python array error query update search,9,d5737,0.846861720085144
q20215,check if two arrays are equal python,periksa apakah dua array sama python,periksa apakah dua array sama python array error query update search,10,d3653,0.846861720085144
q20216,python round down numpy,pembulatan bawah numpy python,pembulatan bawah numpy python update error integer query warning,1,d18007,0.8484881520271301
q20216,python round down numpy,pembulatan bawah numpy python,pembulatan bawah numpy python update error integer query warning,2,d18623,0.843189001083374
q20216,python round down numpy,pembulatan bawah numpy python,pembulatan bawah numpy python update error integer query warning,3,d19394,0.843189001083374
q20216,python round down numpy,pembulatan bawah numpy python,pembulatan bawah numpy python update error integer query warning,4,d18322,0.843189001083374
q20216,python round down numpy,pembulatan bawah numpy python,pembulatan bawah numpy python update error integer query warning,5,d19603,0.8431888818740845
q20216,python round down numpy,pembulatan bawah numpy python,pembulatan bawah numpy python update error integer query warning,6,d19038,0.8431888818740845
q20216,python round down numpy,pembulatan bawah numpy python,pembulatan bawah numpy python update error integer query warning,7,d20570,0.8431888818740845
q20216,python round down numpy,pembulatan bawah numpy python,pembulatan bawah numpy python update error integer query warning,8,d17307,0.8431888818740845
q20216,python round down numpy,pembulatan bawah numpy python,pembulatan bawah numpy python update error integer query warning,9,d17472,0.8431888818740845
q20216,python round down numpy,pembulatan bawah numpy python,pembulatan bawah numpy python update error integer query warning,10,d9856,0.8379549980163574
q20217,python pywin32 screenshoot refresh,pywin32 python refresh screenshot,pywin32 python refresh screenshot update error query return column,1,d20217,0.8774354457855225
q20217,python pywin32 screenshoot refresh,pywin32 python refresh screenshot,pywin32 python refresh screenshot update error query return column,2,d18007,0.8566923141479492
q20217,python pywin32 screenshoot refresh,pywin32 python refresh screenshot,pywin32 python refresh screenshot update error query return column,3,d5878,0.8562653064727783
q20217,python pywin32 screenshoot refresh,pywin32 python refresh screenshot,pywin32 python refresh screenshot update error query return column,4,d9221,0.856097936630249
q20217,python pywin32 screenshoot refresh,pywin32 python refresh screenshot,pywin32 python refresh screenshot update error query return column,5,d19804,0.856097936630249
q20217,python pywin32 screenshoot refresh,pywin32 python refresh screenshot,pywin32 python refresh screenshot update error query return column,6,d15823,0.856097936630249
q20217,python pywin32 screenshoot refresh,pywin32 python refresh screenshot,pywin32 python refresh screenshot update error query return column,7,d2551,0.856097936630249
q20217,python pywin32 screenshoot refresh,pywin32 python refresh screenshot,pywin32 python refresh screenshot update error query return column,8,d12453,0.856097936630249
q20217,python pywin32 screenshoot refresh,pywin32 python refresh screenshot,pywin32 python refresh screenshot update error query return column,9,d9860,0.856097936630249
q20217,python pywin32 screenshoot refresh,pywin32 python refresh screenshot,pywin32 python refresh screenshot update error query return column,10,d2887,0.856097936630249
q20218,get largest date from a list python,dapat tanggal terbesar dari list python,dapat tanggal terbesar dari list python list integer query update sort,1,d20218,0.8409638404846191
q20218,get largest date from a list python,dapat tanggal terbesar dari list python,dapat tanggal terbesar dari list python list integer query update sort,2,d4276,0.8391660451889038
q20218,get largest date from a list python,dapat tanggal terbesar dari list python,dapat tanggal terbesar dari list python list integer query update sort,3,d636,0.8342328071594238
q20218,get largest date from a list python,dapat tanggal terbesar dari list python,dapat tanggal terbesar dari list python list integer query update sort,4,d8017,0.8342328071594238
q20218,get largest date from a list python,dapat tanggal terbesar dari list python,dapat tanggal terbesar dari list python list integer query update sort,5,d104,0.8342328071594238
q20218,get largest date from a list python,dapat tanggal terbesar dari list python,dapat tanggal terbesar dari list python list integer query update sort,6,d1425,0.8342328071594238
q20218,get largest date from a list python,dapat tanggal terbesar dari list python,dapat tanggal terbesar dari list python list integer query update sort,7,d9714,0.8264288902282715
q20218,get largest date from a list python,dapat tanggal terbesar dari list python,dapat tanggal terbesar dari list python list integer query update sort,8,d16229,0.8264288902282715
q20218,get largest date from a list python,dapat tanggal terbesar dari list python,dapat tanggal terbesar dari list python list integer query update sort,9,d1086,0.8264288902282715
q20218,get largest date from a list python,dapat tanggal terbesar dari list python,dapat tanggal terbesar dari list python list integer query update sort,10,d11298,0.8264288902282715
q20219,python lock no blocking,lock python tanpa blocking,lock python tanpa blocking close loop error update delete,1,d4402,0.8628498315811157
q20219,python lock no blocking,lock python tanpa blocking,lock python tanpa blocking close loop error update delete,2,d9399,0.8628498315811157
q20219,python lock no blocking,lock python tanpa blocking,lock python tanpa blocking close loop error update delete,3,d14732,0.8628498315811157
q20219,python lock no blocking,lock python tanpa blocking,lock python tanpa blocking close loop error update delete,4,d8750,0.8619823455810547
q20219,python lock no blocking,lock python tanpa blocking,lock python tanpa blocking close loop error update delete,5,d2897,0.8619823455810547
q20219,python lock no blocking,lock python tanpa blocking,lock python tanpa blocking close loop error update delete,6,d12030,0.8619823455810547
q20219,python lock no blocking,lock python tanpa blocking,lock python tanpa blocking close loop error update delete,7,d3556,0.8619823455810547
q20219,python lock no blocking,lock python tanpa blocking,lock python tanpa blocking close loop error update delete,8,d16760,0.8587663173675537
q20219,python lock no blocking,lock python tanpa blocking,lock python tanpa blocking close loop error update delete,9,d17254,0.8587663173675537
q20219,python lock no blocking,lock python tanpa blocking,lock python tanpa blocking close loop error update delete,10,d16906,0.8587663173675537
q20220,delete item from a set python,hapus item dari set python,hapus item dari set python delete error update integer return,1,d1639,0.8615190982818604
q20220,delete item from a set python,hapus item dari set python,hapus item dari set python delete error update integer return,2,d2409,0.8615190982818604
q20220,delete item from a set python,hapus item dari set python,hapus item dari set python delete error update integer return,3,d12161,0.8615190982818604
q20220,delete item from a set python,hapus item dari set python,hapus item dari set python delete error update integer return,4,d19497,0.8593463897705078
q20220,delete item from a set python,hapus item dari set python,hapus item dari set python delete error update integer return,5,d17641,0.8593463897705078
q20220,delete item from a set python,hapus item dari set python,hapus item dari set python delete error update integer return,6,d19353,0.8593463897705078
q20220,delete item from a set python,hapus item dari set python,hapus item dari set python delete error update integer return,7,d16842,0.8593463897705078
q20220,delete item from a set python,hapus item dari set python,hapus item dari set python delete error update integer return,8,d17350,0.8593463897705078
q20220,delete item from a set python,hapus item dari set python,hapus item dari set python delete error update integer return,9,d18016,0.8593463897705078
q20220,delete item from a set python,hapus item dari set python,hapus item dari set python delete error update integer return,10,d18773,0.8593463897705078
q20221,how to make a sentence into underscores with python,cara membuat kalimat menjadi underscore dengan python,cara membuat kalimat menjadi underscore dengan python write update integer sort query,1,d15850,0.8571979403495789
q20221,how to make a sentence into underscores with python,cara membuat kalimat menjadi underscore dengan python,cara membuat kalimat menjadi underscore dengan python write update integer sort query,2,d14350,0.8571979403495789
q20221,how to make a sentence into underscores with python,cara membuat kalimat menjadi underscore dengan python,cara membuat kalimat menjadi underscore dengan python write update integer sort query,3,d10954,0.8571979403495789
q20221,how to make a sentence into underscores with python,cara membuat kalimat menjadi underscore dengan python,cara membuat kalimat menjadi underscore dengan python write update integer sort query,4,d3962,0.8571979403495789
q20221,how to make a sentence into underscores with python,cara membuat kalimat menjadi underscore dengan python,cara membuat kalimat menjadi underscore dengan python write update integer sort query,5,d4066,0.8571979403495789
q20221,how to make a sentence into underscores with python,cara membuat kalimat menjadi underscore dengan python,cara membuat kalimat menjadi underscore dengan python write update integer sort query,6,d88,0.8571979403495789
q20221,how to make a sentence into underscores with python,cara membuat kalimat menjadi underscore dengan python,cara membuat kalimat menjadi underscore dengan python write update integer sort query,7,d4484,0.8571979403495789
q20221,how to make a sentence into underscores with python,cara membuat kalimat menjadi underscore dengan python,cara membuat kalimat menjadi underscore dengan python write update integer sort query,8,d2049,0.8571979403495789
q20221,how to make a sentence into underscores with python,cara membuat kalimat menjadi underscore dengan python,cara membuat kalimat menjadi underscore dengan python write update integer sort query,9,d7229,0.8445181846618652
q20221,how to make a sentence into underscores with python,cara membuat kalimat menjadi underscore dengan python,cara membuat kalimat menjadi underscore dengan python write update integer sort query,10,d5613,0.8426860570907593
q20222,python timestamp remove timezone,hapus timezone dari timestamp python,hapus timezone dari timestamp python error update delete query column,1,d6494,0.8567184209823608
q20222,python timestamp remove timezone,hapus timezone dari timestamp python,hapus timezone dari timestamp python error update delete query column,2,d15958,0.8567184209823608
q20222,python timestamp remove timezone,hapus timezone dari timestamp python,hapus timezone dari timestamp python error update delete query column,3,d15950,0.8567184209823608
q20222,python timestamp remove timezone,hapus timezone dari timestamp python,hapus timezone dari timestamp python error update delete query column,4,d3704,0.8567184209823608
q20222,python timestamp remove timezone,hapus timezone dari timestamp python,hapus timezone dari timestamp python error update delete query column,5,d7549,0.8567184209823608
q20222,python timestamp remove timezone,hapus timezone dari timestamp python,hapus timezone dari timestamp python error update delete query column,6,d2608,0.8567184209823608
q20222,python timestamp remove timezone,hapus timezone dari timestamp python,hapus timezone dari timestamp python error update delete query column,7,d11923,0.8567184209823608
q20222,python timestamp remove timezone,hapus timezone dari timestamp python,hapus timezone dari timestamp python error update delete query column,8,d16483,0.8556337356567383
q20222,python timestamp remove timezone,hapus timezone dari timestamp python,hapus timezone dari timestamp python error update delete query column,9,d2188,0.8550591468811035
q20222,python timestamp remove timezone,hapus timezone dari timestamp python,hapus timezone dari timestamp python error update delete query column,10,d4899,0.8550591468811035
q20223,python sanic change all object id to string,python sanic ubah semua object id ke string,python sanic ubah semua object id ke string string update add database integer,1,d11823,0.8638201355934143
q20223,python sanic change all object id to string,python sanic ubah semua object id ke string,python sanic ubah semua object id ke string string update add database integer,2,d16043,0.8602467775344849
q20223,python sanic change all object id to string,python sanic ubah semua object id ke string,python sanic ubah semua object id ke string string update add database integer,3,d2194,0.8572956323623657
q20223,python sanic change all object id to string,python sanic ubah semua object id ke string,python sanic ubah semua object id ke string string update add database integer,4,d8041,0.8572956323623657
q20223,python sanic change all object id to string,python sanic ubah semua object id ke string,python sanic ubah semua object id ke string string update add database integer,5,d3979,0.8572956323623657
q20223,python sanic change all object id to string,python sanic ubah semua object id ke string,python sanic ubah semua object id ke string string update add database integer,6,d15354,0.8572956323623657
q20223,python sanic change all object id to string,python sanic ubah semua object id ke string,python sanic ubah semua object id ke string string update add database integer,7,d14147,0.8572956323623657
q20223,python sanic change all object id to string,python sanic ubah semua object id ke string,python sanic ubah semua object id ke string string update add database integer,8,d12427,0.8572956323623657
q20223,python sanic change all object id to string,python sanic ubah semua object id ke string,python sanic ubah semua object id ke string string update add database integer,9,d1953,0.8565564155578613
q20223,python sanic change all object id to string,python sanic ubah semua object id ke string,python sanic ubah semua object id ke string string update add database integer,10,d7229,0.8546421527862549
q20224,python mock mark a test as expected failure,python mock tandai test sebagai expected failure,python mock tandai test sebagai expected failure error update condition warning method,1,d20224,0.8555670976638794
q20224,python mock mark a test as expected failure,python mock tandai test sebagai expected failure,python mock tandai test sebagai expected failure error update condition warning method,2,d18007,0.8554821014404297
q20224,python mock mark a test as expected failure,python mock tandai test sebagai expected failure,python mock tandai test sebagai expected failure error update condition warning method,3,d19985,0.849734902381897
q20224,python mock mark a test as expected failure,python mock tandai test sebagai expected failure,python mock tandai test sebagai expected failure error update condition warning method,4,d2933,0.849734902381897
q20224,python mock mark a test as expected failure,python mock tandai test sebagai expected failure,python mock tandai test sebagai expected failure error update condition warning method,5,d7414,0.849734902381897
q20224,python mock mark a test as expected failure,python mock tandai test sebagai expected failure,python mock tandai test sebagai expected failure error update condition warning method,6,d8001,0.8489656448364258
q20224,python mock mark a test as expected failure,python mock tandai test sebagai expected failure,python mock tandai test sebagai expected failure error update condition warning method,7,d13340,0.8489656448364258
q20224,python mock mark a test as expected failure,python mock tandai test sebagai expected failure,python mock tandai test sebagai expected failure error update condition warning method,8,d7616,0.8473972082138062
q20224,python mock mark a test as expected failure,python mock tandai test sebagai expected failure,python mock tandai test sebagai expected failure error update condition warning method,9,d13659,0.8473972082138062
q20224,python mock mark a test as expected failure,python mock tandai test sebagai expected failure,python mock tandai test sebagai expected failure error update condition warning method,10,d2322,0.8473972082138062
q20225,python get current users desktop,dapat desktop user saat ini python,dapat desktop user saat ini python update query error file integer,1,d18007,0.8449609279632568
q20225,python get current users desktop,dapat desktop user saat ini python,dapat desktop user saat ini python update query error file integer,2,d11823,0.8420352339744568
q20225,python get current users desktop,dapat desktop user saat ini python,dapat desktop user saat ini python update query error file integer,3,d10283,0.8368772268295288
q20225,python get current users desktop,dapat desktop user saat ini python,dapat desktop user saat ini python update query error file integer,4,d991,0.8365402817726135
q20225,python get current users desktop,dapat desktop user saat ini python,dapat desktop user saat ini python update query error file integer,5,d13302,0.8311964869499207
q20225,python get current users desktop,dapat desktop user saat ini python,dapat desktop user saat ini python update query error file integer,6,d15431,0.8311964869499207
q20225,python get current users desktop,dapat desktop user saat ini python,dapat desktop user saat ini python update query error file integer,7,d12716,0.8298209309577942
q20225,python get current users desktop,dapat desktop user saat ini python,dapat desktop user saat ini python update query error file integer,8,d5654,0.8291040658950806
q20225,python get current users desktop,dapat desktop user saat ini python,dapat desktop user saat ini python update query error file integer,9,d11519,0.8291040658950806
q20225,python get current users desktop,dapat desktop user saat ini python,dapat desktop user saat ini python update query error file integer,10,d7230,0.8291040658950806
q20226,python connect to redis in other docker container,sambungkan python ke redis di container docker lain,sambungkan python ke redis di container docker lain query update delete error search,1,d10146,0.8520888090133667
q20226,python connect to redis in other docker container,sambungkan python ke redis di container docker lain,sambungkan python ke redis di container docker lain query update delete error search,2,d12123,0.8520888090133667
q20226,python connect to redis in other docker container,sambungkan python ke redis di container docker lain,sambungkan python ke redis di container docker lain query update delete error search,3,d3424,0.8520888090133667
q20226,python connect to redis in other docker container,sambungkan python ke redis di container docker lain,sambungkan python ke redis di container docker lain query update delete error search,4,d5324,0.8520888090133667
q20226,python connect to redis in other docker container,sambungkan python ke redis di container docker lain,sambungkan python ke redis di container docker lain query update delete error search,5,d3577,0.8400396108627319
q20226,python connect to redis in other docker container,sambungkan python ke redis di container docker lain,sambungkan python ke redis di container docker lain query update delete error search,6,d4248,0.8400396108627319
q20226,python connect to redis in other docker container,sambungkan python ke redis di container docker lain,sambungkan python ke redis di container docker lain query update delete error search,7,d14474,0.8400396108627319
q20226,python connect to redis in other docker container,sambungkan python ke redis di container docker lain,sambungkan python ke redis di container docker lain query update delete error search,8,d11299,0.8400396108627319
q20226,python connect to redis in other docker container,sambungkan python ke redis di container docker lain,sambungkan python ke redis di container docker lain query update delete error search,9,d20226,0.8400396108627319
q20226,python connect to redis in other docker container,sambungkan python ke redis di container docker lain,sambungkan python ke redis di container docker lain query update delete error search,10,d15659,0.8400396108627319
q20227,python subplot second y axis,sumbu y kedua subplot python,sumbu y kedua subplot python column integer update row error,1,d10190,0.868098795413971
q20227,python subplot second y axis,sumbu y kedua subplot python,sumbu y kedua subplot python column integer update row error,2,d1599,0.8527621030807495
q20227,python subplot second y axis,sumbu y kedua subplot python,sumbu y kedua subplot python column integer update row error,3,d6142,0.8522906303405762
q20227,python subplot second y axis,sumbu y kedua subplot python,sumbu y kedua subplot python column integer update row error,4,d14690,0.8509857654571533
q20227,python subplot second y axis,sumbu y kedua subplot python,sumbu y kedua subplot python column integer update row error,5,d15410,0.8486807346343994
q20227,python subplot second y axis,sumbu y kedua subplot python,sumbu y kedua subplot python column integer update row error,6,d899,0.8486807346343994
q20227,python subplot second y axis,sumbu y kedua subplot python,sumbu y kedua subplot python column integer update row error,7,d7194,0.8486807346343994
q20227,python subplot second y axis,sumbu y kedua subplot python,sumbu y kedua subplot python column integer update row error,8,d13491,0.8486807346343994
q20227,python subplot second y axis,sumbu y kedua subplot python,sumbu y kedua subplot python column integer update row error,9,d9972,0.8486807346343994
q20227,python subplot second y axis,sumbu y kedua subplot python,sumbu y kedua subplot python column integer update row error,10,d3227,0.8486807346343994
q20228,python function to detect first element of list,fungsi python deteksi elemen pertama list,fungsi python deteksi elemen pertama list list function integer parameter error,1,d18320,0.8687258958816528
q20228,python function to detect first element of list,fungsi python deteksi elemen pertama list,fungsi python deteksi elemen pertama list list function integer parameter error,2,d17537,0.8687258958816528
q20228,python function to detect first element of list,fungsi python deteksi elemen pertama list,fungsi python deteksi elemen pertama list list function integer parameter error,3,d19899,0.8687258958816528
q20228,python function to detect first element of list,fungsi python deteksi elemen pertama list,fungsi python deteksi elemen pertama list list function integer parameter error,4,d18932,0.8687258958816528
q20228,python function to detect first element of list,fungsi python deteksi elemen pertama list,fungsi python deteksi elemen pertama list list function integer parameter error,5,d19534,0.8687258958816528
q20228,python function to detect first element of list,fungsi python deteksi elemen pertama list,fungsi python deteksi elemen pertama list list function integer parameter error,6,d19367,0.8687258958816528
q20228,python function to detect first element of list,fungsi python deteksi elemen pertama list,fungsi python deteksi elemen pertama list list function integer parameter error,7,d16792,0.8687258958816528
q20228,python function to detect first element of list,fungsi python deteksi elemen pertama list,fungsi python deteksi elemen pertama list list function integer parameter error,8,d17185,0.8687258958816528
q20228,python function to detect first element of list,fungsi python deteksi elemen pertama list,fungsi python deteksi elemen pertama list list function integer parameter error,9,d19268,0.8687258958816528
q20228,python function to detect first element of list,fungsi python deteksi elemen pertama list,fungsi python deteksi elemen pertama list list function integer parameter error,10,d17780,0.8687258958816528
q20229,how to flip a matrix in python,cara membalik matriks di python,cara membalik matriks di python integer parameter row method database,1,d20063,0.840671181678772
q20229,how to flip a matrix in python,cara membalik matriks di python,cara membalik matriks di python integer parameter row method database,2,d4670,0.8404688239097595
q20229,how to flip a matrix in python,cara membalik matriks di python,cara membalik matriks di python integer parameter row method database,3,d17888,0.840437114238739
q20229,how to flip a matrix in python,cara membalik matriks di python,cara membalik matriks di python integer parameter row method database,4,d19847,0.840437114238739
q20229,how to flip a matrix in python,cara membalik matriks di python,cara membalik matriks di python integer parameter row method database,5,d19444,0.840437114238739
q20229,how to flip a matrix in python,cara membalik matriks di python,cara membalik matriks di python integer parameter row method database,6,d16874,0.840437114238739
q20229,how to flip a matrix in python,cara membalik matriks di python,cara membalik matriks di python integer parameter row method database,7,d17694,0.840437114238739
q20229,how to flip a matrix in python,cara membalik matriks di python,cara membalik matriks di python integer parameter row method database,8,d18467,0.840437114238739
q20229,how to flip a matrix in python,cara membalik matriks di python,cara membalik matriks di python integer parameter row method database,9,d19478,0.840437114238739
q20229,how to flip a matrix in python,cara membalik matriks di python,cara membalik matriks di python integer parameter row method database,10,d19912,0.840437114238739
q20230,python full name of object from global,nama lengkap objek dari global python,nama lengkap objek dari global python integer database update variable column,1,d11823,0.8576663732528687
q20230,python full name of object from global,nama lengkap objek dari global python,nama lengkap objek dari global python integer database update variable column,2,d2194,0.8479474186897278
q20230,python full name of object from global,nama lengkap objek dari global python,nama lengkap objek dari global python integer database update variable column,3,d15354,0.8479474186897278
q20230,python full name of object from global,nama lengkap objek dari global python,nama lengkap objek dari global python integer database update variable column,4,d3979,0.8479474186897278
q20230,python full name of object from global,nama lengkap objek dari global python,nama lengkap objek dari global python integer database update variable column,5,d14147,0.8479474186897278
q20230,python full name of object from global,nama lengkap objek dari global python,nama lengkap objek dari global python integer database update variable column,6,d8041,0.8479474186897278
q20230,python full name of object from global,nama lengkap objek dari global python,nama lengkap objek dari global python integer database update variable column,7,d12427,0.8479474186897278
q20230,python full name of object from global,nama lengkap objek dari global python,nama lengkap objek dari global python integer database update variable column,8,d12897,0.8455464839935303
q20230,python full name of object from global,nama lengkap objek dari global python,nama lengkap objek dari global python integer database update variable column,9,d13249,0.8437918424606323
q20230,python full name of object from global,nama lengkap objek dari global python,nama lengkap objek dari global python integer database update variable column,10,d14597,0.8426757454872131
q20231,check if input is an integer or boolean python,periksa apakah input integer atau boolean python,periksa apakah input integer atau boolean python integer boolean error search update,1,d18007,0.8617252111434937
q20231,check if input is an integer or boolean python,periksa apakah input integer atau boolean python,periksa apakah input integer atau boolean python integer boolean error search update,2,d13604,0.8590042591094971
q20231,check if input is an integer or boolean python,periksa apakah input integer atau boolean python,periksa apakah input integer atau boolean python integer boolean error search update,3,d2235,0.8590042591094971
q20231,check if input is an integer or boolean python,periksa apakah input integer atau boolean python,periksa apakah input integer atau boolean python integer boolean error search update,4,d10220,0.8590042591094971
q20231,check if input is an integer or boolean python,periksa apakah input integer atau boolean python,periksa apakah input integer atau boolean python integer boolean error search update,5,d14483,0.8590042591094971
q20231,check if input is an integer or boolean python,periksa apakah input integer atau boolean python,periksa apakah input integer atau boolean python integer boolean error search update,6,d19707,0.8590042591094971
q20231,check if input is an integer or boolean python,periksa apakah input integer atau boolean python,periksa apakah input integer atau boolean python integer boolean error search update,7,d2200,0.8590042591094971
q20231,check if input is an integer or boolean python,periksa apakah input integer atau boolean python,periksa apakah input integer atau boolean python integer boolean error search update,8,d722,0.8590042591094971
q20231,check if input is an integer or boolean python,periksa apakah input integer atau boolean python,periksa apakah input integer atau boolean python integer boolean error search update,9,d7535,0.8561520576477051
q20231,check if input is an integer or boolean python,periksa apakah input integer atau boolean python,periksa apakah input integer atau boolean python integer boolean error search update,10,d15225,0.8561520576477051
q20232,storing columns as array python,menyimpan kolom sebagai array python,menyimpan kolom sebagai array python column array row save loop,1,d20232,0.8554052710533142
q20232,storing columns as array python,menyimpan kolom sebagai array python,menyimpan kolom sebagai array python column array row save loop,2,d14432,0.8524268865585327
q20232,storing columns as array python,menyimpan kolom sebagai array python,menyimpan kolom sebagai array python column array row save loop,3,d16038,0.8524268865585327
q20232,storing columns as array python,menyimpan kolom sebagai array python,menyimpan kolom sebagai array python column array row save loop,4,d1350,0.8524268865585327
q20232,storing columns as array python,menyimpan kolom sebagai array python,menyimpan kolom sebagai array python column array row save loop,5,d12639,0.8524268865585327
q20232,storing columns as array python,menyimpan kolom sebagai array python,menyimpan kolom sebagai array python column array row save loop,6,d13774,0.8524268865585327
q20232,storing columns as array python,menyimpan kolom sebagai array python,menyimpan kolom sebagai array python column array row save loop,7,d11381,0.8524268865585327
q20232,storing columns as array python,menyimpan kolom sebagai array python,menyimpan kolom sebagai array python column array row save loop,8,d11820,0.8524268865585327
q20232,storing columns as array python,menyimpan kolom sebagai array python,menyimpan kolom sebagai array python column array row save loop,9,d1139,0.8524268865585327
q20232,storing columns as array python,menyimpan kolom sebagai array python,menyimpan kolom sebagai array python column array row save loop,10,d14406,0.8495303392410278
q20233,create column in python by joining columns,buat kolom di python dengan menggabungkan kolom,buat kolom di python dengan menggabungkan kolom column add integer write row,1,d10271,0.8694330453872681
q20233,create column in python by joining columns,buat kolom di python dengan menggabungkan kolom,buat kolom di python dengan menggabungkan kolom column add integer write row,2,d14870,0.8610706329345703
q20233,create column in python by joining columns,buat kolom di python dengan menggabungkan kolom,buat kolom di python dengan menggabungkan kolom column add integer write row,3,d16765,0.8586055040359497
q20233,create column in python by joining columns,buat kolom di python dengan menggabungkan kolom,buat kolom di python dengan menggabungkan kolom column add integer write row,4,d19653,0.8554788827896118
q20233,create column in python by joining columns,buat kolom di python dengan menggabungkan kolom,buat kolom di python dengan menggabungkan kolom column add integer write row,5,d10548,0.8491740226745605
q20233,create column in python by joining columns,buat kolom di python dengan menggabungkan kolom,buat kolom di python dengan menggabungkan kolom column add integer write row,6,d11862,0.8490812182426453
q20233,create column in python by joining columns,buat kolom di python dengan menggabungkan kolom,buat kolom di python dengan menggabungkan kolom column add integer write row,7,d38,0.8471707105636597
q20233,create column in python by joining columns,buat kolom di python dengan menggabungkan kolom,buat kolom di python dengan menggabungkan kolom column add integer write row,8,d2198,0.8471707105636597
q20233,create column in python by joining columns,buat kolom di python dengan menggabungkan kolom,buat kolom di python dengan menggabungkan kolom column add integer write row,9,d9199,0.8471707105636597
q20233,create column in python by joining columns,buat kolom di python dengan menggabungkan kolom,buat kolom di python dengan menggabungkan kolom column add integer write row,10,d11437,0.8467265963554382
q20234,how to remove blank lines in python file,cara hapus baris kosong di file python,cara hapus baris kosong di file python row file database error delete open,1,d13396,0.8412710428237915
q20234,how to remove blank lines in python file,cara hapus baris kosong di file python,cara hapus baris kosong di file python row file database error delete open,2,d12030,0.8357142210006714
q20234,how to remove blank lines in python file,cara hapus baris kosong di file python,cara hapus baris kosong di file python row file database error delete open,3,d2897,0.8357142210006714
q20234,how to remove blank lines in python file,cara hapus baris kosong di file python,cara hapus baris kosong di file python row file database error delete open,4,d3556,0.8357142210006714
q20234,how to remove blank lines in python file,cara hapus baris kosong di file python,cara hapus baris kosong di file python row file database error delete open,5,d8750,0.8357142210006714
q20234,how to remove blank lines in python file,cara hapus baris kosong di file python,cara hapus baris kosong di file python row file database error delete open,6,d13719,0.8283886909484863
q20234,how to remove blank lines in python file,cara hapus baris kosong di file python,cara hapus baris kosong di file python row file database error delete open,7,d20025,0.8283886909484863
q20234,how to remove blank lines in python file,cara hapus baris kosong di file python,cara hapus baris kosong di file python row file database error delete open,8,d3422,0.8283886909484863
q20234,how to remove blank lines in python file,cara hapus baris kosong di file python,cara hapus baris kosong di file python row file database error delete open,9,d6042,0.8283886909484863
q20234,how to remove blank lines in python file,cara hapus baris kosong di file python,cara hapus baris kosong di file python row file database error delete open,10,d6874,0.8283886909484863
q20235,how to know size of queue in python,cara tahu ukuran queue di python,cara tahu ukuran queue di python integer parameter row update array,1,d457,0.8439878821372986
q20235,how to know size of queue in python,cara tahu ukuran queue di python,cara tahu ukuran queue di python integer parameter row update array,2,d20387,0.8439878821372986
q20235,how to know size of queue in python,cara tahu ukuran queue di python,cara tahu ukuran queue di python integer parameter row update array,3,d16129,0.8439878821372986
q20235,how to know size of queue in python,cara tahu ukuran queue di python,cara tahu ukuran queue di python integer parameter row update array,4,d6843,0.8439878821372986
q20235,how to know size of queue in python,cara tahu ukuran queue di python,cara tahu ukuran queue di python integer parameter row update array,5,d16133,0.8439878821372986
q20235,how to know size of queue in python,cara tahu ukuran queue di python,cara tahu ukuran queue di python integer parameter row update array,6,d20235,0.8439878821372986
q20235,how to know size of queue in python,cara tahu ukuran queue di python,cara tahu ukuran queue di python integer parameter row update array,7,d2794,0.8439878821372986
q20235,how to know size of queue in python,cara tahu ukuran queue di python,cara tahu ukuran queue di python integer parameter row update array,8,d11823,0.8426564931869507
q20235,how to know size of queue in python,cara tahu ukuran queue di python,cara tahu ukuran queue di python integer parameter row update array,9,d13574,0.8401229381561279
q20235,how to know size of queue in python,cara tahu ukuran queue di python,cara tahu ukuran queue di python integer parameter row update array,10,d7700,0.8401229381561279
q20236,python substring index of,indeks substring python,indeks substring python string integer error parameter dictionary,1,d14389,0.8773897886276245
q20236,python substring index of,indeks substring python,indeks substring python string integer error parameter dictionary,2,d2422,0.8773897886276245
q20236,python substring index of,indeks substring python,indeks substring python string integer error parameter dictionary,3,d9641,0.8773897886276245
q20236,python substring index of,indeks substring python,indeks substring python string integer error parameter dictionary,4,d20236,0.8773897886276245
q20236,python substring index of,indeks substring python,indeks substring python string integer error parameter dictionary,5,d15153,0.8773897886276245
q20236,python substring index of,indeks substring python,indeks substring python string integer error parameter dictionary,6,d14975,0.8773897886276245
q20236,python substring index of,indeks substring python,indeks substring python string integer error parameter dictionary,7,d9934,0.8773897886276245
q20236,python substring index of,indeks substring python,indeks substring python string integer error parameter dictionary,8,d9446,0.8773897886276245
q20236,python substring index of,indeks substring python,indeks substring python string integer error parameter dictionary,9,d7604,0.8697552680969238
q20236,python substring index of,indeks substring python,indeks substring python string integer error parameter dictionary,10,d3747,0.8697552680969238
q20237,comparing int to none python,membandingkan int dengan none python,membandingkan int dengan none python integer error query update parameter,1,d18646,0.8613391518592834
q20237,comparing int to none python,membandingkan int dengan none python,membandingkan int dengan none python integer error query update parameter,2,d19081,0.8613391518592834
q20237,comparing int to none python,membandingkan int dengan none python,membandingkan int dengan none python integer error query update parameter,3,d19626,0.8613391518592834
q20237,comparing int to none python,membandingkan int dengan none python,membandingkan int dengan none python integer error query update parameter,4,d19169,0.8613391518592834
q20237,comparing int to none python,membandingkan int dengan none python,membandingkan int dengan none python integer error query update parameter,5,d17108,0.8613391518592834
q20237,comparing int to none python,membandingkan int dengan none python,membandingkan int dengan none python integer error query update parameter,6,d722,0.8580644130706787
q20237,comparing int to none python,membandingkan int dengan none python,membandingkan int dengan none python integer error query update parameter,7,d19707,0.8580644130706787
q20237,comparing int to none python,membandingkan int dengan none python,membandingkan int dengan none python integer error query update parameter,8,d2200,0.8580644130706787
q20237,comparing int to none python,membandingkan int dengan none python,membandingkan int dengan none python integer error query update parameter,9,d14483,0.8580644130706787
q20237,comparing int to none python,membandingkan int dengan none python,membandingkan int dengan none python integer error query update parameter,10,d2235,0.8580644130706787
q20238,json to protobuf python,json ke protobuf python,json ke protobuf python parameter query update database error,1,d16361,0.8670504689216614
q20238,json to protobuf python,json ke protobuf python,json ke protobuf python parameter query update database error,2,d3703,0.8670504689216614
q20238,json to protobuf python,json ke protobuf python,json ke protobuf python parameter query update database error,3,d8111,0.8670504689216614
q20238,json to protobuf python,json ke protobuf python,json ke protobuf python parameter query update database error,4,d12124,0.8670504689216614
q20238,json to protobuf python,json ke protobuf python,json ke protobuf python parameter query update database error,5,d14150,0.8670504689216614
q20238,json to protobuf python,json ke protobuf python,json ke protobuf python parameter query update database error,6,d20238,0.8670504689216614
q20238,json to protobuf python,json ke protobuf python,json ke protobuf python parameter query update database error,7,d3927,0.8670504689216614
q20238,json to protobuf python,json ke protobuf python,json ke protobuf python parameter query update database error,8,d16357,0.8613232970237732
q20238,json to protobuf python,json ke protobuf python,json ke protobuf python parameter query update database error,9,d19744,0.8613232970237732
q20238,json to protobuf python,json ke protobuf python,json ke protobuf python parameter query update database error,10,d1935,0.8608864545822144
q20239,how to join 2 data frames in python,cara gabungkan 2 data frame di python,cara gabungkan 2 data frame di python database data add integer update,1,d10271,0.8511359691619873
q20239,how to join 2 data frames in python,cara gabungkan 2 data frame di python,cara gabungkan 2 data frame di python database data add integer update,2,d11823,0.8505887389183044
q20239,how to join 2 data frames in python,cara gabungkan 2 data frame di python,cara gabungkan 2 data frame di python database data add integer update,3,d902,0.8498536944389343
q20239,how to join 2 data frames in python,cara gabungkan 2 data frame di python,cara gabungkan 2 data frame di python database data add integer update,4,d9174,0.8498536944389343
q20239,how to join 2 data frames in python,cara gabungkan 2 data frame di python,cara gabungkan 2 data frame di python database data add integer update,5,d16217,0.8498536944389343
q20239,how to join 2 data frames in python,cara gabungkan 2 data frame di python,cara gabungkan 2 data frame di python database data add integer update,6,d20366,0.8498536944389343
q20239,how to join 2 data frames in python,cara gabungkan 2 data frame di python,cara gabungkan 2 data frame di python database data add integer update,7,d2677,0.8498536944389343
q20239,how to join 2 data frames in python,cara gabungkan 2 data frame di python,cara gabungkan 2 data frame di python database data add integer update,8,d20239,0.8498536944389343
q20239,how to join 2 data frames in python,cara gabungkan 2 data frame di python,cara gabungkan 2 data frame di python database data add integer update,9,d2911,0.8498536944389343
q20239,how to join 2 data frames in python,cara gabungkan 2 data frame di python,cara gabungkan 2 data frame di python database data add integer update,10,d19622,0.8498536944389343
q20240,how to product of a list in python,cara hasil kali list di python,cara hasil kali list di python list integer search sort function,1,d19792,0.8532240390777588
q20240,how to product of a list in python,cara hasil kali list di python,cara hasil kali list di python list integer search sort function,2,d5546,0.8519072532653809
q20240,how to product of a list in python,cara hasil kali list di python,cara hasil kali list di python list integer search sort function,3,d5737,0.8519072532653809
q20240,how to product of a list in python,cara hasil kali list di python,cara hasil kali list di python list integer search sort function,4,d6941,0.8519072532653809
q20240,how to product of a list in python,cara hasil kali list di python,cara hasil kali list di python list integer search sort function,5,d7031,0.8519072532653809
q20240,how to product of a list in python,cara hasil kali list di python,cara hasil kali list di python list integer search sort function,6,d3653,0.8519072532653809
q20240,how to product of a list in python,cara hasil kali list di python,cara hasil kali list di python list integer search sort function,7,d15053,0.8519072532653809
q20240,how to product of a list in python,cara hasil kali list di python,cara hasil kali list di python list integer search sort function,8,d20412,0.8519072532653809
q20240,how to product of a list in python,cara hasil kali list di python,cara hasil kali list di python list integer search sort function,9,d13115,0.8519072532653809
q20240,how to product of a list in python,cara hasil kali list di python,cara hasil kali list di python list integer search sort function,10,d20015,0.8519072532653809
q20241,get all dates between range datetime python,dapat semua tanggal antara rentang datetime python,dapat semua tanggal antara rentang datetime python integer database update query data,1,d13455,0.8522897362709045
q20241,get all dates between range datetime python,dapat semua tanggal antara rentang datetime python,dapat semua tanggal antara rentang datetime python integer database update query data,2,d2755,0.8522897362709045
q20241,get all dates between range datetime python,dapat semua tanggal antara rentang datetime python,dapat semua tanggal antara rentang datetime python integer database update query data,3,d7396,0.8522897362709045
q20241,get all dates between range datetime python,dapat semua tanggal antara rentang datetime python,dapat semua tanggal antara rentang datetime python integer database update query data,4,d20241,0.8522897362709045
q20241,get all dates between range datetime python,dapat semua tanggal antara rentang datetime python,dapat semua tanggal antara rentang datetime python integer database update query data,5,d644,0.8522897362709045
q20241,get all dates between range datetime python,dapat semua tanggal antara rentang datetime python,dapat semua tanggal antara rentang datetime python integer database update query data,6,d6775,0.8522897362709045
q20241,get all dates between range datetime python,dapat semua tanggal antara rentang datetime python,dapat semua tanggal antara rentang datetime python integer database update query data,7,d12455,0.8489301204681396
q20241,get all dates between range datetime python,dapat semua tanggal antara rentang datetime python,dapat semua tanggal antara rentang datetime python integer database update query data,8,d3421,0.8460559844970703
q20241,get all dates between range datetime python,dapat semua tanggal antara rentang datetime python,dapat semua tanggal antara rentang datetime python integer database update query data,9,d5088,0.8460559844970703
q20241,get all dates between range datetime python,dapat semua tanggal antara rentang datetime python,dapat semua tanggal antara rentang datetime python integer database update query data,10,d14695,0.8460559844970703
q20242,python access file on remote,akses file remote python,akses file remote python file error query update search,1,d13748,0.8660614490509033
q20242,python access file on remote,akses file remote python,akses file remote python file error query update search,2,d2292,0.8637132048606873
q20242,python access file on remote,akses file remote python,akses file remote python file error query update search,3,d8708,0.8637132048606873
q20242,python access file on remote,akses file remote python,akses file remote python file error query update search,4,d252,0.8637132048606873
q20242,python access file on remote,akses file remote python,akses file remote python file error query update search,5,d12661,0.8637132048606873
q20242,python access file on remote,akses file remote python,akses file remote python file error query update search,6,d12659,0.8637132048606873
q20242,python access file on remote,akses file remote python,akses file remote python file error query update search,7,d10436,0.8637132048606873
q20242,python access file on remote,akses file remote python,akses file remote python file error query update search,8,d15052,0.8637132048606873
q20242,python access file on remote,akses file remote python,akses file remote python file error query update search,9,d8277,0.8637132048606873
q20242,python access file on remote,akses file remote python,akses file remote python file error query update search,10,d5936,0.8608593344688416
q20243,how to download txt file from internet in python,cara unduh file txt dari internet di python,cara unduh file txt dari internet di python file update search error write,1,d11190,0.8253681063652039
q20243,how to download txt file from internet in python,cara unduh file txt dari internet di python,cara unduh file txt dari internet di python file update search error write,2,d6761,0.8253681063652039
q20243,how to download txt file from internet in python,cara unduh file txt dari internet di python,cara unduh file txt dari internet di python file update search error write,3,d7182,0.8253681063652039
q20243,how to download txt file from internet in python,cara unduh file txt dari internet di python,cara unduh file txt dari internet di python file update search error write,4,d2233,0.8253681063652039
q20243,how to download txt file from internet in python,cara unduh file txt dari internet di python,cara unduh file txt dari internet di python file update search error write,5,d391,0.8253681063652039
q20243,how to download txt file from internet in python,cara unduh file txt dari internet di python,cara unduh file txt dari internet di python file update search error write,6,d5451,0.8253681063652039
q20243,how to download txt file from internet in python,cara unduh file txt dari internet di python,cara unduh file txt dari internet di python file update search error write,7,d11583,0.8253681063652039
q20243,how to download txt file from internet in python,cara unduh file txt dari internet di python,cara unduh file txt dari internet di python file update search error write,8,d20301,0.8253681063652039
q20243,how to download txt file from internet in python,cara unduh file txt dari internet di python,cara unduh file txt dari internet di python file update search error write,9,d13748,0.8242565989494324
q20243,how to download txt file from internet in python,cara unduh file txt dari internet di python,cara unduh file txt dari internet di python file update search error write,10,d12716,0.8240708112716675
q20244,stopwords list remove python,hapus list stopwords python,hapus list stopwords python delete list row error loop close,1,d1369,0.8655416965484619
q20244,stopwords list remove python,hapus list stopwords python,hapus list stopwords python delete list row error loop close,2,d10726,0.8655416965484619
q20244,stopwords list remove python,hapus list stopwords python,hapus list stopwords python delete list row error loop close,3,d12144,0.8655416965484619
q20244,stopwords list remove python,hapus list stopwords python,hapus list stopwords python delete list row error loop close,4,d6899,0.8655416965484619
q20244,stopwords list remove python,hapus list stopwords python,hapus list stopwords python delete list row error loop close,5,d20244,0.8655416965484619
q20244,stopwords list remove python,hapus list stopwords python,hapus list stopwords python delete list row error loop close,6,d7617,0.8655416965484619
q20244,stopwords list remove python,hapus list stopwords python,hapus list stopwords python delete list row error loop close,7,d3294,0.8601364493370056
q20244,stopwords list remove python,hapus list stopwords python,hapus list stopwords python delete list row error loop close,8,d3219,0.8601364493370056
q20244,stopwords list remove python,hapus list stopwords python,hapus list stopwords python delete list row error loop close,9,d8454,0.8601364493370056
q20244,stopwords list remove python,hapus list stopwords python,hapus list stopwords python delete list row error loop close,10,d9793,0.8601364493370056
q20245,limit on open file handles in python,batas handle file terbuka di python,batas handle file terbuka di python open file database error close,1,d12449,0.8512243032455444
q20245,limit on open file handles in python,batas handle file terbuka di python,batas handle file terbuka di python open file database error close,2,d14418,0.8512243032455444
q20245,limit on open file handles in python,batas handle file terbuka di python,batas handle file terbuka di python open file database error close,3,d19695,0.8512243032455444
q20245,limit on open file handles in python,batas handle file terbuka di python,batas handle file terbuka di python open file database error close,4,d15465,0.8422905206680298
q20245,limit on open file handles in python,batas handle file terbuka di python,batas handle file terbuka di python open file database error close,5,d3051,0.8400550484657288
q20245,limit on open file handles in python,batas handle file terbuka di python,batas handle file terbuka di python open file database error close,6,d10488,0.8400550484657288
q20245,limit on open file handles in python,batas handle file terbuka di python,batas handle file terbuka di python open file database error close,7,d10913,0.8400550484657288
q20245,limit on open file handles in python,batas handle file terbuka di python,batas handle file terbuka di python open file database error close,8,d2897,0.8372176289558411
q20245,limit on open file handles in python,batas handle file terbuka di python,batas handle file terbuka di python open file database error close,9,d8750,0.8372176289558411
q20245,limit on open file handles in python,batas handle file terbuka di python,batas handle file terbuka di python open file database error close,10,d12030,0.8372176289558411
q20246,determine the longest sentence in corpus in nlp python ocde,tentukan kalimat terpanjang dalam korpus di nlp python,tentukan kalimat terpanjang dalam korpus di nlp python integer query loop column dictionary,1,d18875,0.8459181189537048
q20246,determine the longest sentence in corpus in nlp python ocde,tentukan kalimat terpanjang dalam korpus di nlp python,tentukan kalimat terpanjang dalam korpus di nlp python integer query loop column dictionary,2,d18052,0.8459181189537048
q20246,determine the longest sentence in corpus in nlp python ocde,tentukan kalimat terpanjang dalam korpus di nlp python,tentukan kalimat terpanjang dalam korpus di nlp python integer query loop column dictionary,3,d19241,0.8459181189537048
q20246,determine the longest sentence in corpus in nlp python ocde,tentukan kalimat terpanjang dalam korpus di nlp python,tentukan kalimat terpanjang dalam korpus di nlp python integer query loop column dictionary,4,d17731,0.8459180593490601
q20246,determine the longest sentence in corpus in nlp python ocde,tentukan kalimat terpanjang dalam korpus di nlp python,tentukan kalimat terpanjang dalam korpus di nlp python integer query loop column dictionary,5,d17789,0.8459180593490601
q20246,determine the longest sentence in corpus in nlp python ocde,tentukan kalimat terpanjang dalam korpus di nlp python,tentukan kalimat terpanjang dalam korpus di nlp python integer query loop column dictionary,6,d18803,0.8459180593490601
q20246,determine the longest sentence in corpus in nlp python ocde,tentukan kalimat terpanjang dalam korpus di nlp python,tentukan kalimat terpanjang dalam korpus di nlp python integer query loop column dictionary,7,d17057,0.8459180593490601
q20246,determine the longest sentence in corpus in nlp python ocde,tentukan kalimat terpanjang dalam korpus di nlp python,tentukan kalimat terpanjang dalam korpus di nlp python integer query loop column dictionary,8,d17499,0.8459180593490601
q20246,determine the longest sentence in corpus in nlp python ocde,tentukan kalimat terpanjang dalam korpus di nlp python,tentukan kalimat terpanjang dalam korpus di nlp python integer query loop column dictionary,9,d12437,0.840421736240387
q20246,determine the longest sentence in corpus in nlp python ocde,tentukan kalimat terpanjang dalam korpus di nlp python,tentukan kalimat terpanjang dalam korpus di nlp python integer query loop column dictionary,10,d10980,0.840421736240387
q20247,python deterministic dictionary printing,cetak dictionary deterministik python,cetak dictionary deterministik python dictionary error integer query column,1,d2322,0.8565596342086792
q20247,python deterministic dictionary printing,cetak dictionary deterministik python,cetak dictionary deterministik python dictionary error integer query column,2,d16042,0.8565596342086792
q20247,python deterministic dictionary printing,cetak dictionary deterministik python,cetak dictionary deterministik python dictionary error integer query column,3,d13659,0.8565596342086792
q20247,python deterministic dictionary printing,cetak dictionary deterministik python,cetak dictionary deterministik python dictionary error integer query column,4,d7616,0.8565596342086792
q20247,python deterministic dictionary printing,cetak dictionary deterministik python,cetak dictionary deterministik python dictionary error integer query column,5,d8797,0.8565596342086792
q20247,python deterministic dictionary printing,cetak dictionary deterministik python,cetak dictionary deterministik python dictionary error integer query column,6,d19275,0.855160653591156
q20247,python deterministic dictionary printing,cetak dictionary deterministik python,cetak dictionary deterministik python dictionary error integer query column,7,d5878,0.8541651964187622
q20247,python deterministic dictionary printing,cetak dictionary deterministik python,cetak dictionary deterministik python dictionary error integer query column,8,d93,0.8535282611846924
q20247,python deterministic dictionary printing,cetak dictionary deterministik python,cetak dictionary deterministik python dictionary error integer query column,9,d15559,0.8535282611846924
q20247,python deterministic dictionary printing,cetak dictionary deterministik python,cetak dictionary deterministik python dictionary error integer query column,10,d11399,0.8535282611846924
q20248,remove namespace from xml tag python,hapus namespace dari tag xml python,hapus namespace dari tag xml python error query delete update column,1,d18156,0.8632204532623291
q20248,remove namespace from xml tag python,hapus namespace dari tag xml python,hapus namespace dari tag xml python error query delete update column,2,d12162,0.8502691984176636
q20248,remove namespace from xml tag python,hapus namespace dari tag xml python,hapus namespace dari tag xml python error query delete update column,3,d20248,0.8502691984176636
q20248,remove namespace from xml tag python,hapus namespace dari tag xml python,hapus namespace dari tag xml python error query delete update column,4,d3934,0.8502691984176636
q20248,remove namespace from xml tag python,hapus namespace dari tag xml python,hapus namespace dari tag xml python error query delete update column,5,d11658,0.8478782176971436
q20248,remove namespace from xml tag python,hapus namespace dari tag xml python,hapus namespace dari tag xml python error query delete update column,6,d7425,0.8474156856536865
q20248,remove namespace from xml tag python,hapus namespace dari tag xml python,hapus namespace dari tag xml python error query delete update column,7,d10854,0.8462789058685303
q20248,remove namespace from xml tag python,hapus namespace dari tag xml python,hapus namespace dari tag xml python error query delete update column,8,d5878,0.8414040803909302
q20248,remove namespace from xml tag python,hapus namespace dari tag xml python,hapus namespace dari tag xml python error query delete update column,9,d10283,0.8397712707519531
q20248,remove namespace from xml tag python,hapus namespace dari tag xml python,hapus namespace dari tag xml python error query delete update column,10,d16652,0.8397617340087891
q20249,fill is null with other columns python,isi null dengan kolom lain python,isi null dengan kolom lain python column error integer close delete,1,d1302,0.8483063578605652
q20249,fill is null with other columns python,isi null dengan kolom lain python,isi null dengan kolom lain python column error integer close delete,2,d4768,0.8483063578605652
q20249,fill is null with other columns python,isi null dengan kolom lain python,isi null dengan kolom lain python column error integer close delete,3,d10569,0.8483063578605652
q20249,fill is null with other columns python,isi null dengan kolom lain python,isi null dengan kolom lain python column error integer close delete,4,d4357,0.8483063578605652
q20249,fill is null with other columns python,isi null dengan kolom lain python,isi null dengan kolom lain python column error integer close delete,5,d12916,0.8483063578605652
q20249,fill is null with other columns python,isi null dengan kolom lain python,isi null dengan kolom lain python column error integer close delete,6,d6926,0.8483063578605652
q20249,fill is null with other columns python,isi null dengan kolom lain python,isi null dengan kolom lain python column error integer close delete,7,d3062,0.8477296829223633
q20249,fill is null with other columns python,isi null dengan kolom lain python,isi null dengan kolom lain python column error integer close delete,8,d3861,0.8477296829223633
q20249,fill is null with other columns python,isi null dengan kolom lain python,isi null dengan kolom lain python column error integer close delete,9,d10534,0.8477296829223633
q20249,fill is null with other columns python,isi null dengan kolom lain python,isi null dengan kolom lain python column error integer close delete,10,d7027,0.8477296829223633
q20250,python async input from gui,input async dari gui python,input async dari gui python error update integer file parameter,1,d2781,0.8526079654693604
q20250,python async input from gui,input async dari gui python,input async dari gui python error update integer file parameter,2,d16413,0.8526079654693604
q20250,python async input from gui,input async dari gui python,input async dari gui python error update integer file parameter,3,d16258,0.8526079654693604
q20250,python async input from gui,input async dari gui python,input async dari gui python error update integer file parameter,4,d9137,0.8526079654693604
q20250,python async input from gui,input async dari gui python,input async dari gui python error update integer file parameter,5,d20250,0.8526079654693604
q20250,python async input from gui,input async dari gui python,input async dari gui python error update integer file parameter,6,d4944,0.8526079654693604
q20250,python async input from gui,input async dari gui python,input async dari gui python error update integer file parameter,7,d9133,0.8526079654693604
q20250,python async input from gui,input async dari gui python,input async dari gui python error update integer file parameter,8,d1140,0.8526079654693604
q20250,python async input from gui,input async dari gui python,input async dari gui python error update integer file parameter,9,d2946,0.8526079654693604
q20250,python async input from gui,input async dari gui python,input async dari gui python error update integer file parameter,10,d7734,0.8512684106826782
q20251,how to identify the index of an element of a set in python,cara identifikasi indeks elemen set di python,cara identifikasi indeks elemen set di python integer parameter error method query,1,d11048,0.8430418968200684
q20251,how to identify the index of an element of a set in python,cara identifikasi indeks elemen set di python,cara identifikasi indeks elemen set di python integer parameter error method query,2,d2782,0.8430418968200684
q20251,how to identify the index of an element of a set in python,cara identifikasi indeks elemen set di python,cara identifikasi indeks elemen set di python integer parameter error method query,3,d9167,0.8430418968200684
q20251,how to identify the index of an element of a set in python,cara identifikasi indeks elemen set di python,cara identifikasi indeks elemen set di python integer parameter error method query,4,d4986,0.8430418968200684
q20251,how to identify the index of an element of a set in python,cara identifikasi indeks elemen set di python,cara identifikasi indeks elemen set di python integer parameter error method query,5,d3391,0.8430418968200684
q20251,how to identify the index of an element of a set in python,cara identifikasi indeks elemen set di python,cara identifikasi indeks elemen set di python integer parameter error method query,6,d15021,0.8430418968200684
q20251,how to identify the index of an element of a set in python,cara identifikasi indeks elemen set di python,cara identifikasi indeks elemen set di python integer parameter error method query,7,d8862,0.8430418968200684
q20251,how to identify the index of an element of a set in python,cara identifikasi indeks elemen set di python,cara identifikasi indeks elemen set di python integer parameter error method query,8,d4702,0.8430418968200684
q20251,how to identify the index of an element of a set in python,cara identifikasi indeks elemen set di python,cara identifikasi indeks elemen set di python integer parameter error method query,9,d7018,0.8430418968200684
q20251,how to identify the index of an element of a set in python,cara identifikasi indeks elemen set di python,cara identifikasi indeks elemen set di python integer parameter error method query,10,d3375,0.8398537635803223
q20252,python 3 print object string,python 3 cetak objek string,python 3 cetak objek string string integer parameter column row,1,d15529,0.8495593070983887
q20252,python 3 print object string,python 3 cetak objek string,python 3 cetak objek string string integer parameter column row,2,d9002,0.8495593070983887
q20252,python 3 print object string,python 3 cetak objek string,python 3 cetak objek string string integer parameter column row,3,d11416,0.8488943576812744
q20252,python 3 print object string,python 3 cetak objek string,python 3 cetak objek string string integer parameter column row,4,d13339,0.8478181958198547
q20252,python 3 print object string,python 3 cetak objek string,python 3 cetak objek string string integer parameter column row,5,d7967,0.8478181958198547
q20252,python 3 print object string,python 3 cetak objek string,python 3 cetak objek string string integer parameter column row,6,d17494,0.8458336591720581
q20252,python 3 print object string,python 3 cetak objek string,python 3 cetak objek string string integer parameter column row,7,d17427,0.8458336591720581
q20252,python 3 print object string,python 3 cetak objek string,python 3 cetak objek string string integer parameter column row,8,d19203,0.8458336591720581
q20252,python 3 print object string,python 3 cetak objek string,python 3 cetak objek string string integer parameter column row,9,d7410,0.8448883295059204
q20252,python 3 print object string,python 3 cetak objek string,python 3 cetak objek string string integer parameter column row,10,d15575,0.8447729349136353
q20253,python get most recent file containing string,dapat file terbaru yang berisi string python,dapat file terbaru yang berisi string python string update file query database,1,d11823,0.8622369766235352
q20253,python get most recent file containing string,dapat file terbaru yang berisi string python,dapat file terbaru yang berisi string python string update file query database,2,d1935,0.8517354726791382
q20253,python get most recent file containing string,dapat file terbaru yang berisi string python,dapat file terbaru yang berisi string python string update file query database,3,d18007,0.8493958115577698
q20253,python get most recent file containing string,dapat file terbaru yang berisi string python,dapat file terbaru yang berisi string python string update file query database,4,d16805,0.8489993810653687
q20253,python get most recent file containing string,dapat file terbaru yang berisi string python,dapat file terbaru yang berisi string python string update file query database,5,d17469,0.8489993810653687
q20253,python get most recent file containing string,dapat file terbaru yang berisi string python,dapat file terbaru yang berisi string python string update file query database,6,d19134,0.8489993810653687
q20253,python get most recent file containing string,dapat file terbaru yang berisi string python,dapat file terbaru yang berisi string python string update file query database,7,d19883,0.8489993810653687
q20253,python get most recent file containing string,dapat file terbaru yang berisi string python,dapat file terbaru yang berisi string python string update file query database,8,d18344,0.8489993810653687
q20253,python get most recent file containing string,dapat file terbaru yang berisi string python,dapat file terbaru yang berisi string python string update file query database,9,d4691,0.8486679792404175
q20253,python get most recent file containing string,dapat file terbaru yang berisi string python,dapat file terbaru yang berisi string python string update file query database,10,d1119,0.8486679792404175
q20254,python sqlite3 delete doesn't delete records,sqlite3 python hapus tidak menghapus record,sqlite3 python hapus tidak menghapus record delete error database row query,1,d13396,0.8508901000022888
q20254,python sqlite3 delete doesn't delete records,sqlite3 python hapus tidak menghapus record,sqlite3 python hapus tidak menghapus record delete error database row query,2,d8284,0.8465376496315002
q20254,python sqlite3 delete doesn't delete records,sqlite3 python hapus tidak menghapus record,sqlite3 python hapus tidak menghapus record delete error database row query,3,d12296,0.8465376496315002
q20254,python sqlite3 delete doesn't delete records,sqlite3 python hapus tidak menghapus record,sqlite3 python hapus tidak menghapus record delete error database row query,4,d14581,0.8465376496315002
q20254,python sqlite3 delete doesn't delete records,sqlite3 python hapus tidak menghapus record,sqlite3 python hapus tidak menghapus record delete error database row query,5,d9774,0.8465376496315002
q20254,python sqlite3 delete doesn't delete records,sqlite3 python hapus tidak menghapus record,sqlite3 python hapus tidak menghapus record delete error database row query,6,d16412,0.8455511927604675
q20254,python sqlite3 delete doesn't delete records,sqlite3 python hapus tidak menghapus record,sqlite3 python hapus tidak menghapus record delete error database row query,7,d8750,0.8427343964576721
q20254,python sqlite3 delete doesn't delete records,sqlite3 python hapus tidak menghapus record,sqlite3 python hapus tidak menghapus record delete error database row query,8,d2897,0.8427343964576721
q20254,python sqlite3 delete doesn't delete records,sqlite3 python hapus tidak menghapus record,sqlite3 python hapus tidak menghapus record delete error database row query,9,d3556,0.8427343964576721
q20254,python sqlite3 delete doesn't delete records,sqlite3 python hapus tidak menghapus record,sqlite3 python hapus tidak menghapus record delete error database row query,10,d12030,0.8427343964576721
q20255,python apply function to iterator,terapkan fungsi ke iterator python,terapkan fungsi ke iterator python function integer error update query,1,d13958,0.8652418851852417
q20255,python apply function to iterator,terapkan fungsi ke iterator python,terapkan fungsi ke iterator python function integer error update query,2,d4982,0.8652418851852417
q20255,python apply function to iterator,terapkan fungsi ke iterator python,terapkan fungsi ke iterator python function integer error update query,3,d16170,0.8652418851852417
q20255,python apply function to iterator,terapkan fungsi ke iterator python,terapkan fungsi ke iterator python function integer error update query,4,d19897,0.8652418851852417
q20255,python apply function to iterator,terapkan fungsi ke iterator python,terapkan fungsi ke iterator python function integer error update query,5,d11823,0.8619643449783325
q20255,python apply function to iterator,terapkan fungsi ke iterator python,terapkan fungsi ke iterator python function integer error update query,6,d9915,0.8512281179428101
q20255,python apply function to iterator,terapkan fungsi ke iterator python,terapkan fungsi ke iterator python function integer error update query,7,d1550,0.8512281179428101
q20255,python apply function to iterator,terapkan fungsi ke iterator python,terapkan fungsi ke iterator python function integer error update query,8,d14820,0.8512281179428101
q20255,python apply function to iterator,terapkan fungsi ke iterator python,terapkan fungsi ke iterator python function integer error update query,9,d18159,0.8511090874671936
q20255,python apply function to iterator,terapkan fungsi ke iterator python,terapkan fungsi ke iterator python function integer error update query,10,d14860,0.8510263562202454
q20256,use python next to iterate through,gunakan python next untuk iterasi,gunakan python next untuk iterasi integer update error query write,1,d13167,0.8646873235702515
q20256,use python next to iterate through,gunakan python next untuk iterasi,gunakan python next untuk iterasi integer update error query write,2,d15708,0.8646873235702515
q20256,use python next to iterate through,gunakan python next untuk iterasi,gunakan python next untuk iterasi integer update error query write,3,d14778,0.8551781177520752
q20256,use python next to iterate through,gunakan python next untuk iterasi,gunakan python next untuk iterasi integer update error query write,4,d4115,0.8551781177520752
q20256,use python next to iterate through,gunakan python next untuk iterasi,gunakan python next untuk iterasi integer update error query write,5,d15279,0.8551781177520752
q20256,use python next to iterate through,gunakan python next untuk iterasi,gunakan python next untuk iterasi integer update error query write,6,d7786,0.8551781177520752
q20256,use python next to iterate through,gunakan python next untuk iterasi,gunakan python next untuk iterasi integer update error query write,7,d752,0.8551781177520752
q20256,use python next to iterate through,gunakan python next untuk iterasi,gunakan python next untuk iterasi integer update error query write,8,d1966,0.8551781177520752
q20256,use python next to iterate through,gunakan python next untuk iterasi,gunakan python next untuk iterasi integer update error query write,9,d650,0.8551781177520752
q20256,use python next to iterate through,gunakan python next untuk iterasi,gunakan python next untuk iterasi integer update error query write,10,d15240,0.8551781177520752
q20257,how to print all the variables in an object python,cara cetak semua variabel dalam objek python,cara cetak semua variabel dalam objek python variable integer parameter method row,1,d12101,0.8453806042671204
q20257,how to print all the variables in an object python,cara cetak semua variabel dalam objek python,cara cetak semua variabel dalam objek python variable integer parameter method row,2,d9470,0.8453806042671204
q20257,how to print all the variables in an object python,cara cetak semua variabel dalam objek python,cara cetak semua variabel dalam objek python variable integer parameter method row,3,d3182,0.8453806042671204
q20257,how to print all the variables in an object python,cara cetak semua variabel dalam objek python,cara cetak semua variabel dalam objek python variable integer parameter method row,4,d5352,0.8453806042671204
q20257,how to print all the variables in an object python,cara cetak semua variabel dalam objek python,cara cetak semua variabel dalam objek python variable integer parameter method row,5,d16458,0.8444373607635498
q20257,how to print all the variables in an object python,cara cetak semua variabel dalam objek python,cara cetak semua variabel dalam objek python variable integer parameter method row,6,d3812,0.8410239219665527
q20257,how to print all the variables in an object python,cara cetak semua variabel dalam objek python,cara cetak semua variabel dalam objek python variable integer parameter method row,7,d2179,0.8410239219665527
q20257,how to print all the variables in an object python,cara cetak semua variabel dalam objek python,cara cetak semua variabel dalam objek python variable integer parameter method row,8,d2863,0.8388708829879761
q20257,how to print all the variables in an object python,cara cetak semua variabel dalam objek python,cara cetak semua variabel dalam objek python variable integer parameter method row,9,d7399,0.8388708829879761
q20257,how to print all the variables in an object python,cara cetak semua variabel dalam objek python,cara cetak semua variabel dalam objek python variable integer parameter method row,10,d16552,0.8388708829879761
q20258,how to determine the index interval for given range of array python,cara tentukan interval indeks untuk rentang array python,cara tentukan interval indeks untuk rentang array python integer array error parameter function,1,d20258,0.8521488904953003
q20258,how to determine the index interval for given range of array python,cara tentukan interval indeks untuk rentang array python,cara tentukan interval indeks untuk rentang array python integer array error parameter function,2,d148,0.850857138633728
q20258,how to determine the index interval for given range of array python,cara tentukan interval indeks untuk rentang array python,cara tentukan interval indeks untuk rentang array python integer array error parameter function,3,d11687,0.850857138633728
q20258,how to determine the index interval for given range of array python,cara tentukan interval indeks untuk rentang array python,cara tentukan interval indeks untuk rentang array python integer array error parameter function,4,d7468,0.850857138633728
q20258,how to determine the index interval for given range of array python,cara tentukan interval indeks untuk rentang array python,cara tentukan interval indeks untuk rentang array python integer array error parameter function,5,d20405,0.850857138633728
q20258,how to determine the index interval for given range of array python,cara tentukan interval indeks untuk rentang array python,cara tentukan interval indeks untuk rentang array python integer array error parameter function,6,d14007,0.850857138633728
q20258,how to determine the index interval for given range of array python,cara tentukan interval indeks untuk rentang array python,cara tentukan interval indeks untuk rentang array python integer array error parameter function,7,d4828,0.850857138633728
q20258,how to determine the index interval for given range of array python,cara tentukan interval indeks untuk rentang array python,cara tentukan interval indeks untuk rentang array python integer array error parameter function,8,d13956,0.850857138633728
q20258,how to determine the index interval for given range of array python,cara tentukan interval indeks untuk rentang array python,cara tentukan interval indeks untuk rentang array python integer array error parameter function,9,d1903,0.8470279574394226
q20258,how to determine the index interval for given range of array python,cara tentukan interval indeks untuk rentang array python,cara tentukan interval indeks untuk rentang array python integer array error parameter function,10,d1971,0.8470279574394226
q20259,python print numpy array with string,cetak array numpy dengan string python,cetak array numpy dengan string python array string integer error write,1,d10518,0.8659057021141052
q20259,python print numpy array with string,cetak array numpy dengan string python,cetak array numpy dengan string python array string integer error write,2,d14085,0.8617692589759827
q20259,python print numpy array with string,cetak array numpy dengan string python,cetak array numpy dengan string python array string integer error write,3,d13,0.8617692589759827
q20259,python print numpy array with string,cetak array numpy dengan string python,cetak array numpy dengan string python array string integer error write,4,d11708,0.8617692589759827
q20259,python print numpy array with string,cetak array numpy dengan string python,cetak array numpy dengan string python array string integer error write,5,d3090,0.8617692589759827
q20259,python print numpy array with string,cetak array numpy dengan string python,cetak array numpy dengan string python array string integer error write,6,d7292,0.8617692589759827
q20259,python print numpy array with string,cetak array numpy dengan string python,cetak array numpy dengan string python array string integer error write,7,d9852,0.8617692589759827
q20259,python print numpy array with string,cetak array numpy dengan string python,cetak array numpy dengan string python array string integer error write,8,d12792,0.8617692589759827
q20259,python print numpy array with string,cetak array numpy dengan string python,cetak array numpy dengan string python array string integer error write,9,d3822,0.8617692589759827
q20259,python print numpy array with string,cetak array numpy dengan string python,cetak array numpy dengan string python array string integer error write,10,d1709,0.8602548837661743
q20260,python assert value is of type,assert nilai adalah tipe python,assert nilai adalah tipe python error variable integer query parameter,1,d15252,0.8730031847953796
q20260,python assert value is of type,assert nilai adalah tipe python,assert nilai adalah tipe python error variable integer query parameter,2,d1887,0.8730031847953796
q20260,python assert value is of type,assert nilai adalah tipe python,assert nilai adalah tipe python error variable integer query parameter,3,d13977,0.8730031847953796
q20260,python assert value is of type,assert nilai adalah tipe python,assert nilai adalah tipe python error variable integer query parameter,4,d8228,0.8730031847953796
q20260,python assert value is of type,assert nilai adalah tipe python,assert nilai adalah tipe python error variable integer query parameter,5,d19773,0.8730031847953796
q20260,python assert value is of type,assert nilai adalah tipe python,assert nilai adalah tipe python error variable integer query parameter,6,d6292,0.8730031847953796
q20260,python assert value is of type,assert nilai adalah tipe python,assert nilai adalah tipe python error variable integer query parameter,7,d20260,0.8730031847953796
q20260,python assert value is of type,assert nilai adalah tipe python,assert nilai adalah tipe python error variable integer query parameter,8,d3650,0.8730031847953796
q20260,python assert value is of type,assert nilai adalah tipe python,assert nilai adalah tipe python error variable integer query parameter,9,d16474,0.8730031847953796
q20260,python assert value is of type,assert nilai adalah tipe python,assert nilai adalah tipe python error variable integer query parameter,10,d10305,0.8658484816551208
q20261,python multiproccessing map with multiple inputs,multiprocessing map dengan input ganda python,multiprocessing map dengan input ganda python parameter integer database update error,1,d18455,0.8605101108551025
q20261,python multiproccessing map with multiple inputs,multiprocessing map dengan input ganda python,multiprocessing map dengan input ganda python parameter integer database update error,2,d7243,0.8599186539649963
q20261,python multiproccessing map with multiple inputs,multiprocessing map dengan input ganda python,multiprocessing map dengan input ganda python parameter integer database update error,3,d11823,0.8493525981903076
q20261,python multiproccessing map with multiple inputs,multiprocessing map dengan input ganda python,multiprocessing map dengan input ganda python parameter integer database update error,4,d10398,0.8453365564346313
q20261,python multiproccessing map with multiple inputs,multiprocessing map dengan input ganda python,multiprocessing map dengan input ganda python parameter integer database update error,5,d10059,0.8436110019683838
q20261,python multiproccessing map with multiple inputs,multiprocessing map dengan input ganda python,multiprocessing map dengan input ganda python parameter integer database update error,6,d8653,0.8431722521781921
q20261,python multiproccessing map with multiple inputs,multiprocessing map dengan input ganda python,multiprocessing map dengan input ganda python parameter integer database update error,7,d2238,0.8431722521781921
q20261,python multiproccessing map with multiple inputs,multiprocessing map dengan input ganda python,multiprocessing map dengan input ganda python parameter integer database update error,8,d9952,0.8431722521781921
q20261,python multiproccessing map with multiple inputs,multiprocessing map dengan input ganda python,multiprocessing map dengan input ganda python parameter integer database update error,9,d12436,0.8431722521781921
q20261,python multiproccessing map with multiple inputs,multiprocessing map dengan input ganda python,multiprocessing map dengan input ganda python parameter integer database update error,10,d4445,0.8431722521781921
q20262,python add suffix to filename,tambahkan suffix ke nama file python,tambahkan suffix ke nama file python update add file write query,1,d9193,0.8944206833839417
q20262,python add suffix to filename,tambahkan suffix ke nama file python,tambahkan suffix ke nama file python update add file write query,2,d13839,0.8944206833839417
q20262,python add suffix to filename,tambahkan suffix ke nama file python,tambahkan suffix ke nama file python update add file write query,3,d8305,0.8944206833839417
q20262,python add suffix to filename,tambahkan suffix ke nama file python,tambahkan suffix ke nama file python update add file write query,4,d20131,0.8944206833839417
q20262,python add suffix to filename,tambahkan suffix ke nama file python,tambahkan suffix ke nama file python update add file write query,5,d14555,0.8944206833839417
q20262,python add suffix to filename,tambahkan suffix ke nama file python,tambahkan suffix ke nama file python update add file write query,6,d2931,0.8944206833839417
q20262,python add suffix to filename,tambahkan suffix ke nama file python,tambahkan suffix ke nama file python update add file write query,7,d9397,0.8944206833839417
q20262,python add suffix to filename,tambahkan suffix ke nama file python,tambahkan suffix ke nama file python update add file write query,8,d20262,0.8944206833839417
q20262,python add suffix to filename,tambahkan suffix ke nama file python,tambahkan suffix ke nama file python update add file write query,9,d801,0.8571351766586304
q20262,python add suffix to filename,tambahkan suffix ke nama file python,tambahkan suffix ke nama file python update add file write query,10,d7229,0.8532243371009827
q20263,best way to deal with pagination in python,cara terbaik menangani pagination di python,cara terbaik menangani pagination di python query update database integer parameter,1,d11823,0.8488941192626953
q20263,best way to deal with pagination in python,cara terbaik menangani pagination di python,cara terbaik menangani pagination di python query update database integer parameter,2,d20263,0.8404135704040527
q20263,best way to deal with pagination in python,cara terbaik menangani pagination di python,cara terbaik menangani pagination di python query update database integer parameter,3,d9524,0.8404135704040527
q20263,best way to deal with pagination in python,cara terbaik menangani pagination di python,cara terbaik menangani pagination di python query update database integer parameter,4,d11027,0.8404135704040527
q20263,best way to deal with pagination in python,cara terbaik menangani pagination di python,cara terbaik menangani pagination di python query update database integer parameter,5,d20490,0.8365991711616516
q20263,best way to deal with pagination in python,cara terbaik menangani pagination di python,cara terbaik menangani pagination di python query update database integer parameter,6,d1935,0.8361105918884277
q20263,best way to deal with pagination in python,cara terbaik menangani pagination di python,cara terbaik menangani pagination di python query update database integer parameter,7,d4776,0.8358113169670105
q20263,best way to deal with pagination in python,cara terbaik menangani pagination di python,cara terbaik menangani pagination di python query update database integer parameter,8,d6635,0.8358113169670105
q20263,best way to deal with pagination in python,cara terbaik menangani pagination di python,cara terbaik menangani pagination di python query update database integer parameter,9,d20190,0.8358113169670105
q20263,best way to deal with pagination in python,cara terbaik menangani pagination di python,cara terbaik menangani pagination di python query update database integer parameter,10,d8934,0.8358113169670105
q20264,finding factors in python and return list,cari faktor di python dan return list,cari faktor di python dan return list return list function search integer,1,d18780,0.8630749583244324
q20264,finding factors in python and return list,cari faktor di python dan return list,cari faktor di python dan return list return list function search integer,2,d20264,0.8630749583244324
q20264,finding factors in python and return list,cari faktor di python dan return list,cari faktor di python dan return list return list function search integer,3,d7031,0.8568366169929504
q20264,finding factors in python and return list,cari faktor di python dan return list,cari faktor di python dan return list return list function search integer,4,d15053,0.8568366169929504
q20264,finding factors in python and return list,cari faktor di python dan return list,cari faktor di python dan return list return list function search integer,5,d5737,0.8568366169929504
q20264,finding factors in python and return list,cari faktor di python dan return list,cari faktor di python dan return list return list function search integer,6,d5546,0.8568366169929504
q20264,finding factors in python and return list,cari faktor di python dan return list,cari faktor di python dan return list return list function search integer,7,d3653,0.8568366169929504
q20264,finding factors in python and return list,cari faktor di python dan return list,cari faktor di python dan return list return list function search integer,8,d20412,0.8568366169929504
q20264,finding factors in python and return list,cari faktor di python dan return list,cari faktor di python dan return list return list function search integer,9,d6941,0.8568366169929504
q20264,finding factors in python and return list,cari faktor di python dan return list,cari faktor di python dan return list return list function search integer,10,d13115,0.8568366169929504
q20265,best way to read xml in python,cara terbaik baca xml di python,cara terbaik baca xml di python read query search error integer,1,d3476,0.8391114473342896
q20265,best way to read xml in python,cara terbaik baca xml di python,cara terbaik baca xml di python read query search error integer,2,d94,0.836402416229248
q20265,best way to read xml in python,cara terbaik baca xml di python,cara terbaik baca xml di python read query search error integer,3,d4884,0.836402416229248
q20265,best way to read xml in python,cara terbaik baca xml di python,cara terbaik baca xml di python read query search error integer,4,d11614,0.836402416229248
q20265,best way to read xml in python,cara terbaik baca xml di python,cara terbaik baca xml di python read query search error integer,5,d16495,0.836402416229248
q20265,best way to read xml in python,cara terbaik baca xml di python,cara terbaik baca xml di python read query search error integer,6,d20265,0.836402416229248
q20265,best way to read xml in python,cara terbaik baca xml di python,cara terbaik baca xml di python read query search error integer,7,d10442,0.836402416229248
q20265,best way to read xml in python,cara terbaik baca xml di python,cara terbaik baca xml di python read query search error integer,8,d6531,0.836402416229248
q20265,best way to read xml in python,cara terbaik baca xml di python,cara terbaik baca xml di python read query search error integer,9,d12640,0.836402416229248
q20265,best way to read xml in python,cara terbaik baca xml di python,cara terbaik baca xml di python read query search error integer,10,d5546,0.8351492881774902
q20266,how to put a string in a yaml file python,cara masukkan string dalam file yaml python,cara masukkan string dalam file yaml python string file error row integer,1,d9545,0.857576847076416
q20266,how to put a string in a yaml file python,cara masukkan string dalam file yaml python,cara masukkan string dalam file yaml python string file error row integer,2,d1650,0.8496260643005371
q20266,how to put a string in a yaml file python,cara masukkan string dalam file yaml python,cara masukkan string dalam file yaml python string file error row integer,3,d12497,0.8474478125572205
q20266,how to put a string in a yaml file python,cara masukkan string dalam file yaml python,cara masukkan string dalam file yaml python string file error row integer,4,d16196,0.8474478125572205
q20266,how to put a string in a yaml file python,cara masukkan string dalam file yaml python,cara masukkan string dalam file yaml python string file error row integer,5,d16156,0.8474478125572205
q20266,how to put a string in a yaml file python,cara masukkan string dalam file yaml python,cara masukkan string dalam file yaml python string file error row integer,6,d1296,0.8474478125572205
q20266,how to put a string in a yaml file python,cara masukkan string dalam file yaml python,cara masukkan string dalam file yaml python string file error row integer,7,d19938,0.8474478125572205
q20266,how to put a string in a yaml file python,cara masukkan string dalam file yaml python,cara masukkan string dalam file yaml python string file error row integer,8,d13700,0.8474478125572205
q20266,how to put a string in a yaml file python,cara masukkan string dalam file yaml python,cara masukkan string dalam file yaml python string file error row integer,9,d3801,0.8474478125572205
q20266,how to put a string in a yaml file python,cara masukkan string dalam file yaml python,cara masukkan string dalam file yaml python string file error row integer,10,d19843,0.8449769616127014
q20267,python move cursor to secific line,pindahkan kursor ke baris spesifik python,pindahkan kursor ke baris spesifik python row error integer parameter add query,1,d17762,0.8565243482589722
q20267,python move cursor to secific line,pindahkan kursor ke baris spesifik python,pindahkan kursor ke baris spesifik python row error integer parameter add query,2,d17628,0.8565243482589722
q20267,python move cursor to secific line,pindahkan kursor ke baris spesifik python,pindahkan kursor ke baris spesifik python row error integer parameter add query,3,d17893,0.8565243482589722
q20267,python move cursor to secific line,pindahkan kursor ke baris spesifik python,pindahkan kursor ke baris spesifik python row error integer parameter add query,4,d18775,0.8565243482589722
q20267,python move cursor to secific line,pindahkan kursor ke baris spesifik python,pindahkan kursor ke baris spesifik python row error integer parameter add query,5,d19623,0.8565243482589722
q20267,python move cursor to secific line,pindahkan kursor ke baris spesifik python,pindahkan kursor ke baris spesifik python row error integer parameter add query,6,d18998,0.8565243482589722
q20267,python move cursor to secific line,pindahkan kursor ke baris spesifik python,pindahkan kursor ke baris spesifik python row error integer parameter add query,7,d18013,0.8565243482589722
q20267,python move cursor to secific line,pindahkan kursor ke baris spesifik python,pindahkan kursor ke baris spesifik python row error integer parameter add query,8,d17413,0.8565243482589722
q20267,python move cursor to secific line,pindahkan kursor ke baris spesifik python,pindahkan kursor ke baris spesifik python row error integer parameter add query,9,d18693,0.8565243482589722
q20267,python move cursor to secific line,pindahkan kursor ke baris spesifik python,pindahkan kursor ke baris spesifik python row error integer parameter add query,10,d18011,0.8565243482589722
q20268,token to id python,token ke id python,token ke id python integer error query update add,1,d11054,0.8699394464492798
q20268,token to id python,token ke id python,token ke id python integer error query update add,2,d14785,0.862057089805603
q20268,token to id python,token ke id python,token ke id python integer error query update add,3,d16043,0.8554699420928955
q20268,token to id python,token ke id python,token ke id python integer error query update add,4,d11823,0.8545657396316528
q20268,token to id python,token ke id python,token ke id python integer error query update add,5,d1133,0.8511998653411865
q20268,token to id python,token ke id python,token ke id python integer error query update add,6,d8837,0.8508842587471008
q20268,token to id python,token ke id python,token ke id python integer error query update add,7,d1935,0.8494895100593567
q20268,token to id python,token ke id python,token ke id python integer error query update add,8,d1054,0.8487519025802612
q20268,token to id python,token ke id python,token ke id python integer error query update add,9,d12592,0.8485965132713318
q20268,token to id python,token ke id python,token ke id python integer error query update add,10,d7229,0.8475028276443481
q20269,python urlparse get domain,urlparse dapat domain python,urlparse dapat domain python error parameter query update variable,1,d4019,0.86607426404953
q20269,python urlparse get domain,urlparse dapat domain python,urlparse dapat domain python error parameter query update variable,2,d14211,0.8657393455505371
q20269,python urlparse get domain,urlparse dapat domain python,urlparse dapat domain python error parameter query update variable,3,d19623,0.8625171184539795
q20269,python urlparse get domain,urlparse dapat domain python,urlparse dapat domain python error parameter query update variable,4,d17070,0.8625171184539795
q20269,python urlparse get domain,urlparse dapat domain python,urlparse dapat domain python error parameter query update variable,5,d18998,0.8625171184539795
q20269,python urlparse get domain,urlparse dapat domain python,urlparse dapat domain python error parameter query update variable,6,d18693,0.8625171184539795
q20269,python urlparse get domain,urlparse dapat domain python,urlparse dapat domain python error parameter query update variable,7,d16748,0.8625171184539795
q20269,python urlparse get domain,urlparse dapat domain python,urlparse dapat domain python error parameter query update variable,8,d17762,0.8625171184539795
q20269,python urlparse get domain,urlparse dapat domain python,urlparse dapat domain python error parameter query update variable,9,d18013,0.8625171184539795
q20269,python urlparse get domain,urlparse dapat domain python,urlparse dapat domain python error parameter query update variable,10,d17893,0.8625171184539795
q20270,python turn a string into a number,ubah string menjadi angka python,ubah string menjadi angka python string update integer write error,1,d11823,0.8592559695243835
q20270,python turn a string into a number,ubah string menjadi angka python,ubah string menjadi angka python string update integer write error,2,d7229,0.8580525517463684
q20270,python turn a string into a number,ubah string menjadi angka python,ubah string menjadi angka python string update integer write error,3,d12381,0.856228232383728
q20270,python turn a string into a number,ubah string menjadi angka python,ubah string menjadi angka python string update integer write error,4,d13192,0.856228232383728
q20270,python turn a string into a number,ubah string menjadi angka python,ubah string menjadi angka python string update integer write error,5,d6319,0.856228232383728
q20270,python turn a string into a number,ubah string menjadi angka python,ubah string menjadi angka python string update integer write error,6,d9736,0.8560448288917542
q20270,python turn a string into a number,ubah string menjadi angka python,ubah string menjadi angka python string update integer write error,7,d12273,0.8560448288917542
q20270,python turn a string into a number,ubah string menjadi angka python,ubah string menjadi angka python string update integer write error,8,d14977,0.8560448288917542
q20270,python turn a string into a number,ubah string menjadi angka python,ubah string menjadi angka python string update integer write error,9,d2028,0.8560448288917542
q20270,python turn a string into a number,ubah string menjadi angka python,ubah string menjadi angka python string update integer write error,10,d12321,0.8560448288917542
q20271,python check if all are type string in a column,periksa apakah semua bertipe string di kolom python,periksa apakah semua bertipe string di kolom python string column integer update error,1,d11823,0.8539718985557556
q20271,python check if all are type string in a column,periksa apakah semua bertipe string di kolom python,periksa apakah semua bertipe string di kolom python string column integer update error,2,d3558,0.8538734912872314
q20271,python check if all are type string in a column,periksa apakah semua bertipe string di kolom python,periksa apakah semua bertipe string di kolom python string column integer update error,3,d5157,0.8538734912872314
q20271,python check if all are type string in a column,periksa apakah semua bertipe string di kolom python,periksa apakah semua bertipe string di kolom python string column integer update error,4,d6645,0.8538734912872314
q20271,python check if all are type string in a column,periksa apakah semua bertipe string di kolom python,periksa apakah semua bertipe string di kolom python string column integer update error,5,d3132,0.8538734912872314
q20271,python check if all are type string in a column,periksa apakah semua bertipe string di kolom python,periksa apakah semua bertipe string di kolom python string column integer update error,6,d13877,0.8538734912872314
q20271,python check if all are type string in a column,periksa apakah semua bertipe string di kolom python,periksa apakah semua bertipe string di kolom python string column integer update error,7,d9886,0.8538734912872314
q20271,python check if all are type string in a column,periksa apakah semua bertipe string di kolom python,periksa apakah semua bertipe string di kolom python string column integer update error,8,d8396,0.8538734912872314
q20271,python check if all are type string in a column,periksa apakah semua bertipe string di kolom python,periksa apakah semua bertipe string di kolom python string column integer update error,9,d19855,0.8538734912872314
q20271,python check if all are type string in a column,periksa apakah semua bertipe string di kolom python,periksa apakah semua bertipe string di kolom python string column integer update error,10,d12157,0.85162353515625
q20272,bin means python numpy,bin means numpy python,bin means numpy python integer error string function array,1,d19635,0.890154242515564
q20272,bin means python numpy,bin means numpy python,bin means numpy python integer error string function array,2,d624,0.8755219578742981
q20272,bin means python numpy,bin means numpy python,bin means numpy python integer error string function array,3,d6593,0.8755219578742981
q20272,bin means python numpy,bin means numpy python,bin means numpy python integer error string function array,4,d864,0.8755219578742981
q20272,bin means python numpy,bin means numpy python,bin means numpy python integer error string function array,5,d13674,0.8755219578742981
q20272,bin means python numpy,bin means numpy python,bin means numpy python integer error string function array,6,d12577,0.8755219578742981
q20272,bin means python numpy,bin means numpy python,bin means numpy python integer error string function array,7,d8363,0.8755219578742981
q20272,bin means python numpy,bin means numpy python,bin means numpy python integer error string function array,8,d2293,0.8755219578742981
q20272,bin means python numpy,bin means numpy python,bin means numpy python integer error string function array,9,d12330,0.8755218982696533
q20272,bin means python numpy,bin means numpy python,bin means numpy python integer error string function array,10,d5108,0.8755218982696533
q20273,python boto3 delete key from s3,boto3 python hapus key dari s3,boto3 python hapus key dari s3 error delete query update row,1,d9690,0.8676776885986328
q20273,python boto3 delete key from s3,boto3 python hapus key dari s3,boto3 python hapus key dari s3 error delete query update row,2,d5475,0.8542256355285645
q20273,python boto3 delete key from s3,boto3 python hapus key dari s3,boto3 python hapus key dari s3 error delete query update row,3,d15771,0.8542256355285645
q20273,python boto3 delete key from s3,boto3 python hapus key dari s3,boto3 python hapus key dari s3 error delete query update row,4,d14927,0.8542256355285645
q20273,python boto3 delete key from s3,boto3 python hapus key dari s3,boto3 python hapus key dari s3 error delete query update row,5,d14154,0.8542256355285645
q20273,python boto3 delete key from s3,boto3 python hapus key dari s3,boto3 python hapus key dari s3 error delete query update row,6,d20273,0.8542256355285645
q20273,python boto3 delete key from s3,boto3 python hapus key dari s3,boto3 python hapus key dari s3 error delete query update row,7,d8266,0.8542256355285645
q20273,python boto3 delete key from s3,boto3 python hapus key dari s3,boto3 python hapus key dari s3 error delete query update row,8,d16503,0.8542256355285645
q20273,python boto3 delete key from s3,boto3 python hapus key dari s3,boto3 python hapus key dari s3 error delete query update row,9,d10861,0.8542256355285645
q20273,python boto3 delete key from s3,boto3 python hapus key dari s3,boto3 python hapus key dari s3 error delete query update row,10,d1788,0.8542256355285645
q20274,random walk steps python,langkah random walk python,langkah random walk python function error update search method,1,d17821,0.8675063252449036
q20274,random walk steps python,langkah random walk python,langkah random walk python function error update search method,2,d17416,0.8675063252449036
q20274,random walk steps python,langkah random walk python,langkah random walk python function error update search method,3,d18264,0.8675063252449036
q20274,random walk steps python,langkah random walk python,langkah random walk python function error update search method,4,d20274,0.8675063252449036
q20274,random walk steps python,langkah random walk python,langkah random walk python function error update search method,5,d18362,0.8675063252449036
q20274,random walk steps python,langkah random walk python,langkah random walk python function error update search method,6,d19240,0.8675063252449036
q20274,random walk steps python,langkah random walk python,langkah random walk python function error update search method,7,d18462,0.8675063252449036
q20274,random walk steps python,langkah random walk python,langkah random walk python function error update search method,8,d18239,0.8675063252449036
q20274,random walk steps python,langkah random walk python,langkah random walk python function error update search method,9,d9928,0.8556184768676758
q20274,random walk steps python,langkah random walk python,langkah random walk python function error update search method,10,d11823,0.8472569584846497
q20275,python delete objects inside of objects,hapus objek dalam objek python,hapus objek dalam objek python integer error update variable delete,1,d9393,0.8575738072395325
q20275,python delete objects inside of objects,hapus objek dalam objek python,hapus objek dalam objek python integer error update variable delete,2,d9880,0.8497219085693359
q20275,python delete objects inside of objects,hapus objek dalam objek python,hapus objek dalam objek python integer error update variable delete,3,d7120,0.8491979837417603
q20275,python delete objects inside of objects,hapus objek dalam objek python,hapus objek dalam objek python integer error update variable delete,4,d12666,0.8491979837417603
q20275,python delete objects inside of objects,hapus objek dalam objek python,hapus objek dalam objek python integer error update variable delete,5,d8601,0.8473111987113953
q20275,python delete objects inside of objects,hapus objek dalam objek python,hapus objek dalam objek python integer error update variable delete,6,d8874,0.846289873123169
q20275,python delete objects inside of objects,hapus objek dalam objek python,hapus objek dalam objek python integer error update variable delete,7,d953,0.846289873123169
q20275,python delete objects inside of objects,hapus objek dalam objek python,hapus objek dalam objek python integer error update variable delete,8,d6040,0.846289873123169
q20275,python delete objects inside of objects,hapus objek dalam objek python,hapus objek dalam objek python integer error update variable delete,9,d10670,0.8457490801811218
q20275,python delete objects inside of objects,hapus objek dalam objek python,hapus objek dalam objek python integer error update variable delete,10,d11573,0.8457490801811218
q20276,truncate seconds from a timestamp in python code,potong detik dari timestamp di kode python,potong detik dari timestamp di kode python delete integer column error loop,1,d802,0.8413810729980469
q20276,truncate seconds from a timestamp in python code,potong detik dari timestamp di kode python,potong detik dari timestamp di kode python delete integer column error loop,2,d10858,0.8413810729980469
q20276,truncate seconds from a timestamp in python code,potong detik dari timestamp di kode python,potong detik dari timestamp di kode python delete integer column error loop,3,d12372,0.8413810729980469
q20276,truncate seconds from a timestamp in python code,potong detik dari timestamp di kode python,potong detik dari timestamp di kode python delete integer column error loop,4,d12136,0.8398141264915466
q20276,truncate seconds from a timestamp in python code,potong detik dari timestamp di kode python,potong detik dari timestamp di kode python delete integer column error loop,5,d19893,0.8398141264915466
q20276,truncate seconds from a timestamp in python code,potong detik dari timestamp di kode python,potong detik dari timestamp di kode python delete integer column error loop,6,d14020,0.8398141264915466
q20276,truncate seconds from a timestamp in python code,potong detik dari timestamp di kode python,potong detik dari timestamp di kode python delete integer column error loop,7,d10211,0.8398141264915466
q20276,truncate seconds from a timestamp in python code,potong detik dari timestamp di kode python,potong detik dari timestamp di kode python delete integer column error loop,8,d1512,0.8398141264915466
q20276,truncate seconds from a timestamp in python code,potong detik dari timestamp di kode python,potong detik dari timestamp di kode python delete integer column error loop,9,d2419,0.8398141264915466
q20276,truncate seconds from a timestamp in python code,potong detik dari timestamp di kode python,potong detik dari timestamp di kode python delete integer column error loop,10,d8567,0.8398141264915466
q20277,python json load unorde,json load tidak terurut python,json load tidak terurut python sort error integer update file data,1,d5061,0.8570762872695923
q20277,python json load unorde,json load tidak terurut python,json load tidak terurut python sort error integer update file data,2,d799,0.8570762872695923
q20277,python json load unorde,json load tidak terurut python,json load tidak terurut python sort error integer update file data,3,d10685,0.8562569618225098
q20277,python json load unorde,json load tidak terurut python,json load tidak terurut python sort error integer update file data,4,d8398,0.8562569618225098
q20277,python json load unorde,json load tidak terurut python,json load tidak terurut python sort error integer update file data,5,d4150,0.8562569618225098
q20277,python json load unorde,json load tidak terurut python,json load tidak terurut python sort error integer update file data,6,d4543,0.8562569618225098
q20277,python json load unorde,json load tidak terurut python,json load tidak terurut python sort error integer update file data,7,d192,0.8562569618225098
q20277,python json load unorde,json load tidak terurut python,json load tidak terurut python sort error integer update file data,8,d2339,0.8562569618225098
q20277,python json load unorde,json load tidak terurut python,json load tidak terurut python sort error integer update file data,9,d5149,0.8562569618225098
q20277,python json load unorde,json load tidak terurut python,json load tidak terurut python sort error integer update file data,10,d8731,0.8562569618225098
q20278,python yaml expected single document,yaml python expect dokumen tunggal,yaml python expect dokumen tunggal error database update query file,1,d1935,0.8601455688476562
q20278,python yaml expected single document,yaml python expect dokumen tunggal,yaml python expect dokumen tunggal error database update query file,2,d15610,0.8598200082778931
q20278,python yaml expected single document,yaml python expect dokumen tunggal,yaml python expect dokumen tunggal error database update query file,3,d7230,0.8598200082778931
q20278,python yaml expected single document,yaml python expect dokumen tunggal,yaml python expect dokumen tunggal error database update query file,4,d15422,0.8598200082778931
q20278,python yaml expected single document,yaml python expect dokumen tunggal,yaml python expect dokumen tunggal error database update query file,5,d6350,0.8598200082778931
q20278,python yaml expected single document,yaml python expect dokumen tunggal,yaml python expect dokumen tunggal error database update query file,6,d5654,0.8598200082778931
q20278,python yaml expected single document,yaml python expect dokumen tunggal,yaml python expect dokumen tunggal error database update query file,7,d11519,0.8598200082778931
q20278,python yaml expected single document,yaml python expect dokumen tunggal,yaml python expect dokumen tunggal error database update query file,8,d11823,0.859572172164917
q20278,python yaml expected single document,yaml python expect dokumen tunggal,yaml python expect dokumen tunggal error database update query file,9,d10059,0.8594858646392822
q20278,python yaml expected single document,yaml python expect dokumen tunggal,yaml python expect dokumen tunggal error database update query file,10,d18007,0.8551748991012573
q20279,python filter object at,filter objek pada python,filter objek pada python filter function file error parameter,1,d5664,0.8733491897583008
q20279,python filter object at,filter objek pada python,filter objek pada python filter function file error parameter,2,d2214,0.8733491897583008
q20279,python filter object at,filter objek pada python,filter objek pada python filter function file error parameter,3,d10386,0.8554506301879883
q20279,python filter object at,filter objek pada python,filter objek pada python filter function file error parameter,4,d314,0.8520528078079224
q20279,python filter object at,filter objek pada python,filter objek pada python filter function file error parameter,5,d14180,0.8520528078079224
q20279,python filter object at,filter objek pada python,filter objek pada python filter function file error parameter,6,d1674,0.8520528078079224
q20279,python filter object at,filter objek pada python,filter objek pada python filter function file error parameter,7,d3935,0.8520528078079224
q20279,python filter object at,filter objek pada python,filter objek pada python filter function file error parameter,8,d6925,0.8499788045883179
q20279,python filter object at,filter objek pada python,filter objek pada python filter function file error parameter,9,d13660,0.8488736152648926
q20279,python filter object at,filter objek pada python,filter objek pada python filter function file error parameter,10,d5502,0.8488736152648926
q20280,python nonetype object has no attributte,objek nonetype tidak memiliki atribut python,objek nonetype tidak memiliki atribut python integer error database parameter update,1,d7865,0.8581734895706177
q20280,python nonetype object has no attributte,objek nonetype tidak memiliki atribut python,objek nonetype tidak memiliki atribut python integer error database parameter update,2,d13287,0.8581734895706177
q20280,python nonetype object has no attributte,objek nonetype tidak memiliki atribut python,objek nonetype tidak memiliki atribut python integer error database parameter update,3,d5922,0.8581734895706177
q20280,python nonetype object has no attributte,objek nonetype tidak memiliki atribut python,objek nonetype tidak memiliki atribut python integer error database parameter update,4,d8825,0.8475189208984375
q20280,python nonetype object has no attributte,objek nonetype tidak memiliki atribut python,objek nonetype tidak memiliki atribut python integer error database parameter update,5,d6151,0.8455328941345215
q20280,python nonetype object has no attributte,objek nonetype tidak memiliki atribut python,objek nonetype tidak memiliki atribut python integer error database parameter update,6,d12157,0.8442237377166748
q20280,python nonetype object has no attributte,objek nonetype tidak memiliki atribut python,objek nonetype tidak memiliki atribut python integer error database parameter update,7,d8132,0.8442237377166748
q20280,python nonetype object has no attributte,objek nonetype tidak memiliki atribut python,objek nonetype tidak memiliki atribut python integer error database parameter update,8,d8041,0.8440722227096558
q20280,python nonetype object has no attributte,objek nonetype tidak memiliki atribut python,objek nonetype tidak memiliki atribut python integer error database parameter update,9,d14147,0.8440722227096558
q20280,python nonetype object has no attributte,objek nonetype tidak memiliki atribut python,objek nonetype tidak memiliki atribut python integer error database parameter update,10,d3979,0.8440722227096558
q20281,python tkinter how to create scrollable canvas,tkinter python cara buat canvas scrollable,tkinter python cara buat canvas scrollable row column error update integer,1,d11823,0.8569248914718628
q20281,python tkinter how to create scrollable canvas,tkinter python cara buat canvas scrollable,tkinter python cara buat canvas scrollable row column error update integer,2,d15973,0.8475595116615295
q20281,python tkinter how to create scrollable canvas,tkinter python cara buat canvas scrollable,tkinter python cara buat canvas scrollable row column error update integer,3,d20468,0.8475595116615295
q20281,python tkinter how to create scrollable canvas,tkinter python cara buat canvas scrollable,tkinter python cara buat canvas scrollable row column error update integer,4,d3951,0.8475595116615295
q20281,python tkinter how to create scrollable canvas,tkinter python cara buat canvas scrollable,tkinter python cara buat canvas scrollable row column error update integer,5,d16530,0.8456549048423767
q20281,python tkinter how to create scrollable canvas,tkinter python cara buat canvas scrollable,tkinter python cara buat canvas scrollable row column error update integer,6,d5878,0.8441210985183716
q20281,python tkinter how to create scrollable canvas,tkinter python cara buat canvas scrollable,tkinter python cara buat canvas scrollable row column error update integer,7,d9891,0.8435957431793213
q20281,python tkinter how to create scrollable canvas,tkinter python cara buat canvas scrollable,tkinter python cara buat canvas scrollable row column error update integer,8,d16083,0.8435957431793213
q20281,python tkinter how to create scrollable canvas,tkinter python cara buat canvas scrollable,tkinter python cara buat canvas scrollable row column error update integer,9,d7887,0.8435957431793213
q20281,python tkinter how to create scrollable canvas,tkinter python cara buat canvas scrollable,tkinter python cara buat canvas scrollable row column error update integer,10,d6985,0.8435957431793213
q20282,geojson to topojson python,geojson ke topojson python,geojson ke topojson python update query open error save,1,d20282,0.8520803451538086
q20282,geojson to topojson python,geojson ke topojson python,geojson ke topojson python update query open error save,2,d5654,0.8484655618667603
q20282,geojson to topojson python,geojson ke topojson python,geojson ke topojson python update query open error save,3,d7230,0.8484655618667603
q20282,geojson to topojson python,geojson ke topojson python,geojson ke topojson python update query open error save,4,d6350,0.8484655618667603
q20282,geojson to topojson python,geojson ke topojson python,geojson ke topojson python update query open error save,5,d15422,0.8484655618667603
q20282,geojson to topojson python,geojson ke topojson python,geojson ke topojson python update query open error save,6,d11519,0.8484655618667603
q20282,geojson to topojson python,geojson ke topojson python,geojson ke topojson python update query open error save,7,d15610,0.8484655618667603
q20282,geojson to topojson python,geojson ke topojson python,geojson ke topojson python update query open error save,8,d18007,0.8468877077102661
q20282,geojson to topojson python,geojson ke topojson python,geojson ke topojson python update query open error save,9,d4861,0.8437687754631042
q20282,geojson to topojson python,geojson ke topojson python,geojson ke topojson python update query open error save,10,d11054,0.8436566591262817
q20283,python get png image dimensions,dapat dimensi gambar png python,dapat dimensi gambar png python parameter integer error update query,1,d18086,0.8360048532485962
q20283,python get png image dimensions,dapat dimensi gambar png python,dapat dimensi gambar png python parameter integer error update query,2,d8580,0.8344069123268127
q20283,python get png image dimensions,dapat dimensi gambar png python,dapat dimensi gambar png python parameter integer error update query,3,d12636,0.8344069123268127
q20283,python get png image dimensions,dapat dimensi gambar png python,dapat dimensi gambar png python parameter integer error update query,4,d20100,0.8344069123268127
q20283,python get png image dimensions,dapat dimensi gambar png python,dapat dimensi gambar png python parameter integer error update query,5,d3905,0.8344069123268127
q20283,python get png image dimensions,dapat dimensi gambar png python,dapat dimensi gambar png python parameter integer error update query,6,d10881,0.8344069123268127
q20283,python get png image dimensions,dapat dimensi gambar png python,dapat dimensi gambar png python parameter integer error update query,7,d1802,0.8344069123268127
q20283,python get png image dimensions,dapat dimensi gambar png python,dapat dimensi gambar png python parameter integer error update query,8,d6295,0.8343378901481628
q20283,python get png image dimensions,dapat dimensi gambar png python,dapat dimensi gambar png python parameter integer error update query,9,d8335,0.8343378901481628
q20283,python get png image dimensions,dapat dimensi gambar png python,dapat dimensi gambar png python parameter integer error update query,10,d3539,0.8343378901481628
q20284,python flask separate functions get and post,flask python pisahkan fungsi get dan post,flask python pisahkan fungsi get dan post get search function query update,1,d2292,0.8448517322540283
q20284,python flask separate functions get and post,flask python pisahkan fungsi get dan post,flask python pisahkan fungsi get dan post get search function query update,2,d12661,0.8448517322540283
q20284,python flask separate functions get and post,flask python pisahkan fungsi get dan post,flask python pisahkan fungsi get dan post get search function query update,3,d12659,0.8448517322540283
q20284,python flask separate functions get and post,flask python pisahkan fungsi get dan post,flask python pisahkan fungsi get dan post get search function query update,4,d10436,0.8448517322540283
q20284,python flask separate functions get and post,flask python pisahkan fungsi get dan post,flask python pisahkan fungsi get dan post get search function query update,5,d252,0.8448517322540283
q20284,python flask separate functions get and post,flask python pisahkan fungsi get dan post,flask python pisahkan fungsi get dan post get search function query update,6,d15052,0.8448517322540283
q20284,python flask separate functions get and post,flask python pisahkan fungsi get dan post,flask python pisahkan fungsi get dan post get search function query update,7,d8708,0.8448517322540283
q20284,python flask separate functions get and post,flask python pisahkan fungsi get dan post,flask python pisahkan fungsi get dan post get search function query update,8,d8277,0.8448517322540283
q20284,python flask separate functions get and post,flask python pisahkan fungsi get dan post,flask python pisahkan fungsi get dan post get search function query update,9,d10741,0.8410816192626953
q20284,python flask separate functions get and post,flask python pisahkan fungsi get dan post,flask python pisahkan fungsi get dan post get search function query update,10,d7838,0.8410816192626953
q20285,return year from date python,kembalikan tahun dari date python,kembalikan tahun dari date python update return error delete query,1,d5214,0.8536847829818726
q20285,return year from date python,kembalikan tahun dari date python,kembalikan tahun dari date python update return error delete query,2,d7294,0.8536847829818726
q20285,return year from date python,kembalikan tahun dari date python,kembalikan tahun dari date python update return error delete query,3,d5216,0.8536847829818726
q20285,return year from date python,kembalikan tahun dari date python,kembalikan tahun dari date python update return error delete query,4,d9011,0.8536847829818726
q20285,return year from date python,kembalikan tahun dari date python,kembalikan tahun dari date python update return error delete query,5,d8899,0.8536847829818726
q20285,return year from date python,kembalikan tahun dari date python,kembalikan tahun dari date python update return error delete query,6,d11429,0.8536847829818726
q20285,return year from date python,kembalikan tahun dari date python,kembalikan tahun dari date python update return error delete query,7,d11427,0.8536847829818726
q20285,return year from date python,kembalikan tahun dari date python,kembalikan tahun dari date python update return error delete query,8,d2806,0.8536847829818726
q20285,return year from date python,kembalikan tahun dari date python,kembalikan tahun dari date python update return error delete query,9,d9062,0.8518158197402954
q20285,return year from date python,kembalikan tahun dari date python,kembalikan tahun dari date python update return error delete query,10,d8918,0.8518158197402954
q20286,how to get all modes python,cara dapat semua mode python,cara dapat semua mode python method update integer save query,1,d20464,0.8519555330276489
q20286,how to get all modes python,cara dapat semua mode python,cara dapat semua mode python method update integer save query,2,d5703,0.8519555330276489
q20286,how to get all modes python,cara dapat semua mode python,cara dapat semua mode python method update integer save query,3,d11823,0.8459503650665283
q20286,how to get all modes python,cara dapat semua mode python,cara dapat semua mode python method update integer save query,4,d13164,0.8427207469940186
q20286,how to get all modes python,cara dapat semua mode python,cara dapat semua mode python method update integer save query,5,d4606,0.8363394737243652
q20286,how to get all modes python,cara dapat semua mode python,cara dapat semua mode python method update integer save query,6,d16364,0.8363394737243652
q20286,how to get all modes python,cara dapat semua mode python,cara dapat semua mode python method update integer save query,7,d10256,0.8363394737243652
q20286,how to get all modes python,cara dapat semua mode python,cara dapat semua mode python method update integer save query,8,d5654,0.8355834484100342
q20286,how to get all modes python,cara dapat semua mode python,cara dapat semua mode python method update integer save query,9,d15610,0.8355834484100342
q20286,how to get all modes python,cara dapat semua mode python,cara dapat semua mode python method update integer save query,10,d7230,0.8355834484100342
q20287,integer and returns a random bitstring of size python,integer dan return bitstring acak ukuran python,integer dan return bitstring acak ukuran python integer return string error parameter,1,d18646,0.8702430725097656
q20287,integer and returns a random bitstring of size python,integer dan return bitstring acak ukuran python,integer dan return bitstring acak ukuran python integer return string error parameter,2,d19081,0.8702430725097656
q20287,integer and returns a random bitstring of size python,integer dan return bitstring acak ukuran python,integer dan return bitstring acak ukuran python integer return string error parameter,3,d19169,0.8702430725097656
q20287,integer and returns a random bitstring of size python,integer dan return bitstring acak ukuran python,integer dan return bitstring acak ukuran python integer return string error parameter,4,d17108,0.8702430725097656
q20287,integer and returns a random bitstring of size python,integer dan return bitstring acak ukuran python,integer dan return bitstring acak ukuran python integer return string error parameter,5,d19626,0.8702430725097656
q20287,integer and returns a random bitstring of size python,integer dan return bitstring acak ukuran python,integer dan return bitstring acak ukuran python integer return string error parameter,6,d6593,0.864969789981842
q20287,integer and returns a random bitstring of size python,integer dan return bitstring acak ukuran python,integer dan return bitstring acak ukuran python integer return string error parameter,7,d8363,0.864969789981842
q20287,integer and returns a random bitstring of size python,integer dan return bitstring acak ukuran python,integer dan return bitstring acak ukuran python integer return string error parameter,8,d13674,0.864969789981842
q20287,integer and returns a random bitstring of size python,integer dan return bitstring acak ukuran python,integer dan return bitstring acak ukuran python integer return string error parameter,9,d864,0.864969789981842
q20287,integer and returns a random bitstring of size python,integer dan return bitstring acak ukuran python,integer dan return bitstring acak ukuran python integer return string error parameter,10,d624,0.864969789981842
q20288,how to get the encoding of a file python,cara dapat encoding file python,cara dapat encoding file python file integer error string write,1,d11460,0.8580217361450195
q20288,how to get the encoding of a file python,cara dapat encoding file python,cara dapat encoding file python file integer error string write,2,d7769,0.8558288216590881
q20288,how to get the encoding of a file python,cara dapat encoding file python,cara dapat encoding file python file integer error string write,3,d15011,0.8558288216590881
q20288,how to get the encoding of a file python,cara dapat encoding file python,cara dapat encoding file python file integer error string write,4,d3451,0.8558288216590881
q20288,how to get the encoding of a file python,cara dapat encoding file python,cara dapat encoding file python file integer error string write,5,d12547,0.8558288216590881
q20288,how to get the encoding of a file python,cara dapat encoding file python,cara dapat encoding file python file integer error string write,6,d4831,0.8558288216590881
q20288,how to get the encoding of a file python,cara dapat encoding file python,cara dapat encoding file python file integer error string write,7,d1362,0.8558288216590881
q20288,how to get the encoding of a file python,cara dapat encoding file python,cara dapat encoding file python file integer error string write,8,d12333,0.8532748222351074
q20288,how to get the encoding of a file python,cara dapat encoding file python,cara dapat encoding file python file integer error string write,9,d553,0.8532748222351074
q20288,how to get the encoding of a file python,cara dapat encoding file python,cara dapat encoding file python file integer error string write,10,d7773,0.8532748222351074
q20289,python connect to aws rds,sambungkan python ke aws rds,sambungkan python ke aws rds query update add error search,1,d20289,0.8619269132614136
q20289,python connect to aws rds,sambungkan python ke aws rds,sambungkan python ke aws rds query update add error search,2,d8256,0.8400474786758423
q20289,python connect to aws rds,sambungkan python ke aws rds,sambungkan python ke aws rds query update add error search,3,d12264,0.8400474786758423
q20289,python connect to aws rds,sambungkan python ke aws rds,sambungkan python ke aws rds query update add error search,4,d14591,0.8400474786758423
q20289,python connect to aws rds,sambungkan python ke aws rds,sambungkan python ke aws rds query update add error search,5,d11054,0.8373295068740845
q20289,python connect to aws rds,sambungkan python ke aws rds,sambungkan python ke aws rds query update add error search,6,d11531,0.8355026245117188
q20289,python connect to aws rds,sambungkan python ke aws rds,sambungkan python ke aws rds query update add error search,7,d8060,0.8355026245117188
q20289,python connect to aws rds,sambungkan python ke aws rds,sambungkan python ke aws rds query update add error search,8,d11823,0.8351314067840576
q20289,python connect to aws rds,sambungkan python ke aws rds,sambungkan python ke aws rds query update add error search,9,d12661,0.835059404373169
q20289,python connect to aws rds,sambungkan python ke aws rds,sambungkan python ke aws rds query update add error search,10,d15052,0.835059404373169
q20290,python cv2 check if image is empty,periksa apakah gambar kosong cv2 python,periksa apakah gambar kosong cv2 python error update file search close,1,d16570,0.8389670848846436
q20290,python cv2 check if image is empty,periksa apakah gambar kosong cv2 python,periksa apakah gambar kosong cv2 python error update file search close,2,d6295,0.8389670848846436
q20290,python cv2 check if image is empty,periksa apakah gambar kosong cv2 python,periksa apakah gambar kosong cv2 python error update file search close,3,d8335,0.8389670848846436
q20290,python cv2 check if image is empty,periksa apakah gambar kosong cv2 python,periksa apakah gambar kosong cv2 python error update file search close,4,d3539,0.8389670848846436
q20290,python cv2 check if image is empty,periksa apakah gambar kosong cv2 python,periksa apakah gambar kosong cv2 python error update file search close,5,d196,0.8389670848846436
q20290,python cv2 check if image is empty,periksa apakah gambar kosong cv2 python,periksa apakah gambar kosong cv2 python error update file search close,6,d8392,0.8389670848846436
q20290,python cv2 check if image is empty,periksa apakah gambar kosong cv2 python,periksa apakah gambar kosong cv2 python error update file search close,7,d18007,0.8380552530288696
q20290,python cv2 check if image is empty,periksa apakah gambar kosong cv2 python,periksa apakah gambar kosong cv2 python error update file search close,8,d8692,0.8379926681518555
q20290,python cv2 check if image is empty,periksa apakah gambar kosong cv2 python,periksa apakah gambar kosong cv2 python error update file search close,9,d8127,0.8379926681518555
q20290,python cv2 check if image is empty,periksa apakah gambar kosong cv2 python,periksa apakah gambar kosong cv2 python error update file search close,10,d3172,0.8379926681518555
q20291,how to hide a window using a button in python,cara sembunyikan jendela menggunakan tombol di python,cara sembunyikan jendela menggunakan tombol di python error open update method file,1,d7691,0.8233189582824707
q20291,how to hide a window using a button in python,cara sembunyikan jendela menggunakan tombol di python,cara sembunyikan jendela menggunakan tombol di python error open update method file,2,d18007,0.8233098983764648
q20291,how to hide a window using a button in python,cara sembunyikan jendela menggunakan tombol di python,cara sembunyikan jendela menggunakan tombol di python error open update method file,3,d3580,0.8201338052749634
q20291,how to hide a window using a button in python,cara sembunyikan jendela menggunakan tombol di python,cara sembunyikan jendela menggunakan tombol di python error open update method file,4,d3578,0.8201338052749634
q20291,how to hide a window using a button in python,cara sembunyikan jendela menggunakan tombol di python,cara sembunyikan jendela menggunakan tombol di python error open update method file,5,d6239,0.8201338052749634
q20291,how to hide a window using a button in python,cara sembunyikan jendela menggunakan tombol di python,cara sembunyikan jendela menggunakan tombol di python error open update method file,6,d8296,0.8201338052749634
q20291,how to hide a window using a button in python,cara sembunyikan jendela menggunakan tombol di python,cara sembunyikan jendela menggunakan tombol di python error open update method file,7,d1410,0.8201338052749634
q20291,how to hide a window using a button in python,cara sembunyikan jendela menggunakan tombol di python,cara sembunyikan jendela menggunakan tombol di python error open update method file,8,d9549,0.8193411827087402
q20291,how to hide a window using a button in python,cara sembunyikan jendela menggunakan tombol di python,cara sembunyikan jendela menggunakan tombol di python error open update method file,9,d13000,0.8193411827087402
q20291,how to hide a window using a button in python,cara sembunyikan jendela menggunakan tombol di python,cara sembunyikan jendela menggunakan tombol di python error open update method file,10,d6243,0.8193411827087402
q20292,python marshmallow validation schema from parent,validasi schema marshmallow dari parent python,validasi schema marshmallow dari parent python parameter error database update save,1,d2088,0.8627728223800659
q20292,python marshmallow validation schema from parent,validasi schema marshmallow dari parent python,validasi schema marshmallow dari parent python parameter error database update save,2,d15284,0.8559074401855469
q20292,python marshmallow validation schema from parent,validasi schema marshmallow dari parent python,validasi schema marshmallow dari parent python parameter error database update save,3,d20141,0.8486426472663879
q20292,python marshmallow validation schema from parent,validasi schema marshmallow dari parent python,validasi schema marshmallow dari parent python parameter error database update save,4,d20292,0.8479942083358765
q20292,python marshmallow validation schema from parent,validasi schema marshmallow dari parent python,validasi schema marshmallow dari parent python parameter error database update save,5,d11580,0.8479942083358765
q20292,python marshmallow validation schema from parent,validasi schema marshmallow dari parent python,validasi schema marshmallow dari parent python parameter error database update save,6,d5920,0.8463158011436462
q20292,python marshmallow validation schema from parent,validasi schema marshmallow dari parent python,validasi schema marshmallow dari parent python parameter error database update save,7,d10034,0.8463158011436462
q20292,python marshmallow validation schema from parent,validasi schema marshmallow dari parent python,validasi schema marshmallow dari parent python parameter error database update save,8,d446,0.8440663814544678
q20292,python marshmallow validation schema from parent,validasi schema marshmallow dari parent python,validasi schema marshmallow dari parent python parameter error database update save,9,d8435,0.8406479954719543
q20292,python marshmallow validation schema from parent,validasi schema marshmallow dari parent python,validasi schema marshmallow dari parent python parameter error database update save,10,d784,0.8406479954719543
q20293,fillna with string for specific columnin python,fillna dengan string untuk kolom spesifik python,fillna dengan string untuk kolom spesifik python string column query close error,1,d18678,0.8590027093887329
q20293,fillna with string for specific columnin python,fillna dengan string untuk kolom spesifik python,fillna dengan string untuk kolom spesifik python string column query close error,2,d17418,0.8590027093887329
q20293,fillna with string for specific columnin python,fillna dengan string untuk kolom spesifik python,fillna dengan string untuk kolom spesifik python string column query close error,3,d17126,0.8590027093887329
q20293,fillna with string for specific columnin python,fillna dengan string untuk kolom spesifik python,fillna dengan string untuk kolom spesifik python string column query close error,4,d19345,0.8590027093887329
q20293,fillna with string for specific columnin python,fillna dengan string untuk kolom spesifik python,fillna dengan string untuk kolom spesifik python string column query close error,5,d17077,0.8590027093887329
q20293,fillna with string for specific columnin python,fillna dengan string untuk kolom spesifik python,fillna dengan string untuk kolom spesifik python string column query close error,6,d17046,0.8590027093887329
q20293,fillna with string for specific columnin python,fillna dengan string untuk kolom spesifik python,fillna dengan string untuk kolom spesifik python string column query close error,7,d19136,0.8590027093887329
q20293,fillna with string for specific columnin python,fillna dengan string untuk kolom spesifik python,fillna dengan string untuk kolom spesifik python string column query close error,8,d16836,0.8590027093887329
q20293,fillna with string for specific columnin python,fillna dengan string untuk kolom spesifik python,fillna dengan string untuk kolom spesifik python string column query close error,9,d17693,0.8590027093887329
q20293,fillna with string for specific columnin python,fillna dengan string untuk kolom spesifik python,fillna dengan string untuk kolom spesifik python string column query close error,10,d16708,0.8590027093887329
q20294,how to separate list elements by white space python,cara pisahkan elemen list dengan spasi python,cara pisahkan elemen list dengan spasi python list integer parameter error column,1,d16406,0.8472281694412231
q20294,how to separate list elements by white space python,cara pisahkan elemen list dengan spasi python,cara pisahkan elemen list dengan spasi python list integer parameter error column,2,d3735,0.8442432284355164
q20294,how to separate list elements by white space python,cara pisahkan elemen list dengan spasi python,cara pisahkan elemen list dengan spasi python list integer parameter error column,3,d6495,0.8442432284355164
q20294,how to separate list elements by white space python,cara pisahkan elemen list dengan spasi python,cara pisahkan elemen list dengan spasi python list integer parameter error column,4,d10414,0.8442432284355164
q20294,how to separate list elements by white space python,cara pisahkan elemen list dengan spasi python,cara pisahkan elemen list dengan spasi python list integer parameter error column,5,d9252,0.8442432284355164
q20294,how to separate list elements by white space python,cara pisahkan elemen list dengan spasi python,cara pisahkan elemen list dengan spasi python list integer parameter error column,6,d11759,0.8442432284355164
q20294,how to separate list elements by white space python,cara pisahkan elemen list dengan spasi python,cara pisahkan elemen list dengan spasi python list integer parameter error column,7,d10418,0.8442432284355164
q20294,how to separate list elements by white space python,cara pisahkan elemen list dengan spasi python,cara pisahkan elemen list dengan spasi python list integer parameter error column,8,d10356,0.8442432284355164
q20294,how to separate list elements by white space python,cara pisahkan elemen list dengan spasi python,cara pisahkan elemen list dengan spasi python list integer parameter error column,9,d9707,0.8442432284355164
q20294,how to separate list elements by white space python,cara pisahkan elemen list dengan spasi python,cara pisahkan elemen list dengan spasi python list integer parameter error column,10,d8224,0.8391781449317932
q20295,how to default value in python,cara nilai default di python,cara nilai default di python error integer parameter variable update,1,d20295,0.8557988405227661
q20295,how to default value in python,cara nilai default di python,cara nilai default di python error integer parameter variable update,2,d9145,0.8557988405227661
q20295,how to default value in python,cara nilai default di python,cara nilai default di python error integer parameter variable update,3,d3752,0.8557988405227661
q20295,how to default value in python,cara nilai default di python,cara nilai default di python error integer parameter variable update,4,d11130,0.8557988405227661
q20295,how to default value in python,cara nilai default di python,cara nilai default di python error integer parameter variable update,5,d19863,0.8557988405227661
q20295,how to default value in python,cara nilai default di python,cara nilai default di python error integer parameter variable update,6,d10283,0.8471190929412842
q20295,how to default value in python,cara nilai default di python,cara nilai default di python error integer parameter variable update,7,d6555,0.845818042755127
q20295,how to default value in python,cara nilai default di python,cara nilai default di python error integer parameter variable update,8,d11512,0.845818042755127
q20295,how to default value in python,cara nilai default di python,cara nilai default di python error integer parameter variable update,9,d10278,0.845818042755127
q20295,how to default value in python,cara nilai default di python,cara nilai default di python error integer parameter variable update,10,d6799,0.845818042755127
q20296,python dict keys lowercase,kunci dictionary huruf kecil python,kunci dictionary huruf kecil python dictionary integer error close query,1,d3151,0.8521193861961365
q20296,python dict keys lowercase,kunci dictionary huruf kecil python,kunci dictionary huruf kecil python dictionary integer error close query,2,d8637,0.8521193861961365
q20296,python dict keys lowercase,kunci dictionary huruf kecil python,kunci dictionary huruf kecil python dictionary integer error close query,3,d16430,0.8510910272598267
q20296,python dict keys lowercase,kunci dictionary huruf kecil python,kunci dictionary huruf kecil python dictionary integer error close query,4,d2290,0.8510910272598267
q20296,python dict keys lowercase,kunci dictionary huruf kecil python,kunci dictionary huruf kecil python dictionary integer error close query,5,d9320,0.8510910272598267
q20296,python dict keys lowercase,kunci dictionary huruf kecil python,kunci dictionary huruf kecil python dictionary integer error close query,6,d6916,0.8487647771835327
q20296,python dict keys lowercase,kunci dictionary huruf kecil python,kunci dictionary huruf kecil python dictionary integer error close query,7,d1829,0.8487647771835327
q20296,python dict keys lowercase,kunci dictionary huruf kecil python,kunci dictionary huruf kecil python dictionary integer error close query,8,d5536,0.8487630486488342
q20296,python dict keys lowercase,kunci dictionary huruf kecil python,kunci dictionary huruf kecil python dictionary integer error close query,9,d824,0.848602294921875
q20296,python dict keys lowercase,kunci dictionary huruf kecil python,kunci dictionary huruf kecil python dictionary integer error close query,10,d2927,0.848602294921875
q20297,python get index of list values that equal,dapat indeks nilai list yang sama python,dapat indeks nilai list yang sama python list integer variable parameter query,1,d15053,0.8461496829986572
q20297,python get index of list values that equal,dapat indeks nilai list yang sama python,dapat indeks nilai list yang sama python list integer variable parameter query,2,d5737,0.8461496829986572
q20297,python get index of list values that equal,dapat indeks nilai list yang sama python,dapat indeks nilai list yang sama python list integer variable parameter query,3,d5546,0.8461496829986572
q20297,python get index of list values that equal,dapat indeks nilai list yang sama python,dapat indeks nilai list yang sama python list integer variable parameter query,4,d20412,0.8461496829986572
q20297,python get index of list values that equal,dapat indeks nilai list yang sama python,dapat indeks nilai list yang sama python list integer variable parameter query,5,d13115,0.8461496829986572
q20297,python get index of list values that equal,dapat indeks nilai list yang sama python,dapat indeks nilai list yang sama python list integer variable parameter query,6,d7031,0.8461496829986572
q20297,python get index of list values that equal,dapat indeks nilai list yang sama python,dapat indeks nilai list yang sama python list integer variable parameter query,7,d6941,0.8461496829986572
q20297,python get index of list values that equal,dapat indeks nilai list yang sama python,dapat indeks nilai list yang sama python list integer variable parameter query,8,d3653,0.8461496829986572
q20297,python get index of list values that equal,dapat indeks nilai list yang sama python,dapat indeks nilai list yang sama python list integer variable parameter query,9,d20015,0.8461496829986572
q20297,python get index of list values that equal,dapat indeks nilai list yang sama python,dapat indeks nilai list yang sama python list integer variable parameter query,10,d6279,0.8431098461151123
q20298,python requests logging not work,logging requests python tidak bekerja,logging requests python tidak bekerja error update search integer delete,1,d13302,0.8500187993049622
q20298,python requests logging not work,logging requests python tidak bekerja,logging requests python tidak bekerja error update search integer delete,2,d15431,0.8500187993049622
q20298,python requests logging not work,logging requests python tidak bekerja,logging requests python tidak bekerja error update search integer delete,3,d13390,0.8459974527359009
q20298,python requests logging not work,logging requests python tidak bekerja,logging requests python tidak bekerja error update search integer delete,4,d10663,0.8459974527359009
q20298,python requests logging not work,logging requests python tidak bekerja,logging requests python tidak bekerja error update search integer delete,5,d10856,0.8459974527359009
q20298,python requests logging not work,logging requests python tidak bekerja,logging requests python tidak bekerja error update search integer delete,6,d7326,0.8459974527359009
q20298,python requests logging not work,logging requests python tidak bekerja,logging requests python tidak bekerja error update search integer delete,7,d8708,0.845238447189331
q20298,python requests logging not work,logging requests python tidak bekerja,logging requests python tidak bekerja error update search integer delete,8,d10436,0.845238447189331
q20298,python requests logging not work,logging requests python tidak bekerja,logging requests python tidak bekerja error update search integer delete,9,d8277,0.845238447189331
q20298,python requests logging not work,logging requests python tidak bekerja,logging requests python tidak bekerja error update search integer delete,10,d12661,0.845238447189331
q20299,python static files flask,file static flask python,file static flask python file error database update column,1,d8797,0.8701993227005005
q20299,python static files flask,file static flask python,file static flask python file error database update column,2,d7616,0.8701993227005005
q20299,python static files flask,file static flask python,file static flask python file error database update column,3,d13659,0.8701993227005005
q20299,python static files flask,file static flask python,file static flask python file error database update column,4,d16042,0.8701993227005005
q20299,python static files flask,file static flask python,file static flask python file error database update column,5,d2322,0.8701993227005005
q20299,python static files flask,file static flask python,file static flask python file error database update column,6,d5878,0.8642805814743042
q20299,python static files flask,file static flask python,file static flask python file error database update column,7,d12742,0.8598664999008179
q20299,python static files flask,file static flask python,file static flask python file error database update column,8,d8781,0.8598664999008179
q20299,python static files flask,file static flask python,file static flask python file error database update column,9,d11823,0.8588799238204956
q20299,python static files flask,file static flask python,file static flask python file error database update column,10,d14870,0.8588302135467529
q20300,rest json schema validation python,validasi schema json rest python,validasi schema json rest python error update column database return,1,d20141,0.8791396617889404
q20300,rest json schema validation python,validasi schema json rest python,validasi schema json rest python error update column database return,2,d2088,0.8786354660987854
q20300,rest json schema validation python,validasi schema json rest python,validasi schema json rest python error update column database return,3,d15284,0.8757444620132446
q20300,rest json schema validation python,validasi schema json rest python,validasi schema json rest python error update column database return,4,d18750,0.8706914186477661
q20300,rest json schema validation python,validasi schema json rest python,validasi schema json rest python error update column database return,5,d20300,0.8706914186477661
q20300,rest json schema validation python,validasi schema json rest python,validasi schema json rest python error update column database return,6,d5878,0.8681468963623047
q20300,rest json schema validation python,validasi schema json rest python,validasi schema json rest python error update column database return,7,d8781,0.8659677505493164
q20300,rest json schema validation python,validasi schema json rest python,validasi schema json rest python error update column database return,8,d12742,0.8659677505493164
q20300,rest json schema validation python,validasi schema json rest python,validasi schema json rest python error update column database return,9,d2322,0.8645635843276978
q20300,rest json schema validation python,validasi schema json rest python,validasi schema json rest python error update column database return,10,d7616,0.8645635843276978
q20301,write in bold and read in color of the print mesaage in python,tulis tebal dan baca warna pesan cetak di python,tulis tebal dan baca warna pesan cetak di python write read row loop file,1,d5500,0.8442928791046143
q20301,write in bold and read in color of the print mesaage in python,tulis tebal dan baca warna pesan cetak di python,tulis tebal dan baca warna pesan cetak di python write read row loop file,2,d15706,0.8442928194999695
q20301,write in bold and read in color of the print mesaage in python,tulis tebal dan baca warna pesan cetak di python,tulis tebal dan baca warna pesan cetak di python write read row loop file,3,d17116,0.8423282504081726
q20301,write in bold and read in color of the print mesaage in python,tulis tebal dan baca warna pesan cetak di python,tulis tebal dan baca warna pesan cetak di python write read row loop file,4,d858,0.8421810865402222
q20301,write in bold and read in color of the print mesaage in python,tulis tebal dan baca warna pesan cetak di python,tulis tebal dan baca warna pesan cetak di python write read row loop file,5,d291,0.8417535424232483
q20301,write in bold and read in color of the print mesaage in python,tulis tebal dan baca warna pesan cetak di python,tulis tebal dan baca warna pesan cetak di python write read row loop file,6,d13267,0.8417535424232483
q20301,write in bold and read in color of the print mesaage in python,tulis tebal dan baca warna pesan cetak di python,tulis tebal dan baca warna pesan cetak di python write read row loop file,7,d11585,0.8417535424232483
q20301,write in bold and read in color of the print mesaage in python,tulis tebal dan baca warna pesan cetak di python,tulis tebal dan baca warna pesan cetak di python write read row loop file,8,d3396,0.8417535424232483
q20301,write in bold and read in color of the print mesaage in python,tulis tebal dan baca warna pesan cetak di python,tulis tebal dan baca warna pesan cetak di python write read row loop file,9,d3917,0.8417535424232483
q20301,write in bold and read in color of the print mesaage in python,tulis tebal dan baca warna pesan cetak di python,tulis tebal dan baca warna pesan cetak di python write read row loop file,10,d15789,0.8417535424232483
q20302,python type cast to bigint,type cast ke bigint python,type cast ke bigint python integer query class variable update,1,d7533,0.8641835451126099
q20302,python type cast to bigint,type cast ke bigint python,type cast ke bigint python integer query class variable update,2,d16722,0.8575965166091919
q20302,python type cast to bigint,type cast ke bigint python,type cast ke bigint python integer query class variable update,3,d19177,0.8575965166091919
q20302,python type cast to bigint,type cast ke bigint python,type cast ke bigint python integer query class variable update,4,d19248,0.8575965166091919
q20302,python type cast to bigint,type cast ke bigint python,type cast ke bigint python integer query class variable update,5,d18641,0.8575965166091919
q20302,python type cast to bigint,type cast ke bigint python,type cast ke bigint python integer query class variable update,6,d19098,0.8575965166091919
q20302,python type cast to bigint,type cast ke bigint python,type cast ke bigint python integer query class variable update,7,d18061,0.8575965166091919
q20302,python type cast to bigint,type cast ke bigint python,type cast ke bigint python integer query class variable update,8,d17904,0.8575965166091919
q20302,python type cast to bigint,type cast ke bigint python,type cast ke bigint python integer query class variable update,9,d18584,0.8575965166091919
q20302,python type cast to bigint,type cast ke bigint python,type cast ke bigint python integer query class variable update,10,d18064,0.8575965166091919
q20303,converts matrix to pictures by python,ubah matriks ke gambar dengan python,ubah matriks ke gambar dengan python update parameter query row error,1,d11823,0.851114809513092
q20303,converts matrix to pictures by python,ubah matriks ke gambar dengan python,ubah matriks ke gambar dengan python update parameter query row error,2,d6171,0.8454552888870239
q20303,converts matrix to pictures by python,ubah matriks ke gambar dengan python,ubah matriks ke gambar dengan python update parameter query row error,3,d6142,0.8441677689552307
q20303,converts matrix to pictures by python,ubah matriks ke gambar dengan python,ubah matriks ke gambar dengan python update parameter query row error,4,d10397,0.8438512086868286
q20303,converts matrix to pictures by python,ubah matriks ke gambar dengan python,ubah matriks ke gambar dengan python update parameter query row error,5,d166,0.8387420177459717
q20303,converts matrix to pictures by python,ubah matriks ke gambar dengan python,ubah matriks ke gambar dengan python update parameter query row error,6,d10658,0.8387420177459717
q20303,converts matrix to pictures by python,ubah matriks ke gambar dengan python,ubah matriks ke gambar dengan python update parameter query row error,7,d2231,0.8379051685333252
q20303,converts matrix to pictures by python,ubah matriks ke gambar dengan python,ubah matriks ke gambar dengan python update parameter query row error,8,d5224,0.8379051685333252
q20303,converts matrix to pictures by python,ubah matriks ke gambar dengan python,ubah matriks ke gambar dengan python update parameter query row error,9,d2512,0.8362804651260376
q20303,converts matrix to pictures by python,ubah matriks ke gambar dengan python,ubah matriks ke gambar dengan python update parameter query row error,10,d2776,0.8362804651260376
q20304,python random selection from function,selection acak dari fungsi python,selection acak dari fungsi python function error parameter query search,1,d8214,0.8590080738067627
q20304,python random selection from function,selection acak dari fungsi python,selection acak dari fungsi python function error parameter query search,2,d3375,0.8487810492515564
q20304,python random selection from function,selection acak dari fungsi python,selection acak dari fungsi python function error parameter query search,3,d11680,0.8487810492515564
q20304,python random selection from function,selection acak dari fungsi python,selection acak dari fungsi python function error parameter query search,4,d6261,0.840430498123169
q20304,python random selection from function,selection acak dari fungsi python,selection acak dari fungsi python function error parameter query search,5,d9928,0.8404124975204468
q20304,python random selection from function,selection acak dari fungsi python,selection acak dari fungsi python function error parameter query search,6,d8154,0.8378907442092896
q20304,python random selection from function,selection acak dari fungsi python,selection acak dari fungsi python function error parameter query search,7,d8283,0.8376966714859009
q20304,python random selection from function,selection acak dari fungsi python,selection acak dari fungsi python function error parameter query search,8,d5858,0.8376950621604919
q20304,python random selection from function,selection acak dari fungsi python,selection acak dari fungsi python function error parameter query search,9,d10102,0.837658703327179
q20304,python random selection from function,selection acak dari fungsi python,selection acak dari fungsi python function error parameter query search,10,d16058,0.8376586437225342
q20305,python keep processpool open until tasks complete,pertahankan processpool terbuka sampai tugas selesai python,pertahankan processpool terbuka sampai tugas selesai python open loop update file save,1,d12581,0.8503034114837646
q20305,python keep processpool open until tasks complete,pertahankan processpool terbuka sampai tugas selesai python,pertahankan processpool terbuka sampai tugas selesai python open loop update file save,2,d4041,0.8503034114837646
q20305,python keep processpool open until tasks complete,pertahankan processpool terbuka sampai tugas selesai python,pertahankan processpool terbuka sampai tugas selesai python open loop update file save,3,d8248,0.8503034114837646
q20305,python keep processpool open until tasks complete,pertahankan processpool terbuka sampai tugas selesai python,pertahankan processpool terbuka sampai tugas selesai python open loop update file save,4,d10346,0.8503034114837646
q20305,python keep processpool open until tasks complete,pertahankan processpool terbuka sampai tugas selesai python,pertahankan processpool terbuka sampai tugas selesai python open loop update file save,5,d6281,0.8503034114837646
q20305,python keep processpool open until tasks complete,pertahankan processpool terbuka sampai tugas selesai python,pertahankan processpool terbuka sampai tugas selesai python open loop update file save,6,d6127,0.8503034114837646
q20305,python keep processpool open until tasks complete,pertahankan processpool terbuka sampai tugas selesai python,pertahankan processpool terbuka sampai tugas selesai python open loop update file save,7,d10312,0.8503034114837646
q20305,python keep processpool open until tasks complete,pertahankan processpool terbuka sampai tugas selesai python,pertahankan processpool terbuka sampai tugas selesai python open loop update file save,8,d14249,0.8503034114837646
q20305,python keep processpool open until tasks complete,pertahankan processpool terbuka sampai tugas selesai python,pertahankan processpool terbuka sampai tugas selesai python open loop update file save,9,d20305,0.8475277423858643
q20305,python keep processpool open until tasks complete,pertahankan processpool terbuka sampai tugas selesai python,pertahankan processpool terbuka sampai tugas selesai python open loop update file save,10,d6511,0.8422300815582275
q20306,running a def a specified amount of time python 3,menjalankan def jumlah waktu tertentu python 3,menjalankan def jumlah waktu tertentu python 3 integer parameter error function query,1,d817,0.860862672328949
q20306,running a def a specified amount of time python 3,menjalankan def jumlah waktu tertentu python 3,menjalankan def jumlah waktu tertentu python 3 integer parameter error function query,2,d7902,0.8595572113990784
q20306,running a def a specified amount of time python 3,menjalankan def jumlah waktu tertentu python 3,menjalankan def jumlah waktu tertentu python 3 integer parameter error function query,3,d8620,0.8595572113990784
q20306,running a def a specified amount of time python 3,menjalankan def jumlah waktu tertentu python 3,menjalankan def jumlah waktu tertentu python 3 integer parameter error function query,4,d15977,0.8595572113990784
q20306,running a def a specified amount of time python 3,menjalankan def jumlah waktu tertentu python 3,menjalankan def jumlah waktu tertentu python 3 integer parameter error function query,5,d5648,0.8595572113990784
q20306,running a def a specified amount of time python 3,menjalankan def jumlah waktu tertentu python 3,menjalankan def jumlah waktu tertentu python 3 integer parameter error function query,6,d12384,0.8595572113990784
q20306,running a def a specified amount of time python 3,menjalankan def jumlah waktu tertentu python 3,menjalankan def jumlah waktu tertentu python 3 integer parameter error function query,7,d9959,0.8589175939559937
q20306,running a def a specified amount of time python 3,menjalankan def jumlah waktu tertentu python 3,menjalankan def jumlah waktu tertentu python 3 integer parameter error function query,8,d13319,0.8589175939559937
q20306,running a def a specified amount of time python 3,menjalankan def jumlah waktu tertentu python 3,menjalankan def jumlah waktu tertentu python 3 integer parameter error function query,9,d6921,0.8526688814163208
q20306,running a def a specified amount of time python 3,menjalankan def jumlah waktu tertentu python 3,menjalankan def jumlah waktu tertentu python 3 integer parameter error function query,10,d3941,0.8526687622070312
q20307,python str to dateal time,str ke datetime python,str ke datetime python string query update database error,1,d12316,0.8771889805793762
q20307,python str to dateal time,str ke datetime python,str ke datetime python string query update database error,2,d6611,0.8771889805793762
q20307,python str to dateal time,str ke datetime python,str ke datetime python string query update database error,3,d7557,0.8771889805793762
q20307,python str to dateal time,str ke datetime python,str ke datetime python string query update database error,4,d10406,0.8771889805793762
q20307,python str to dateal time,str ke datetime python,str ke datetime python string query update database error,5,d16547,0.8771889805793762
q20307,python str to dateal time,str ke datetime python,str ke datetime python string query update database error,6,d8319,0.8734409213066101
q20307,python str to dateal time,str ke datetime python,str ke datetime python string query update database error,7,d14695,0.8734409213066101
q20307,python str to dateal time,str ke datetime python,str ke datetime python string query update database error,8,d6785,0.8734409213066101
q20307,python str to dateal time,str ke datetime python,str ke datetime python string query update database error,9,d2299,0.8734409213066101
q20307,python str to dateal time,str ke datetime python,str ke datetime python string query update database error,10,d8033,0.8734409213066101
q20308,python check if file is executable,periksa apakah file executable python,periksa apakah file executable python file error update query search,1,d18007,0.8592166304588318
q20308,python check if file is executable,periksa apakah file executable python,periksa apakah file executable python file error update query search,2,d16571,0.8490198850631714
q20308,python check if file is executable,periksa apakah file executable python,periksa apakah file executable python file error update query search,3,d15581,0.8474037647247314
q20308,python check if file is executable,periksa apakah file executable python,periksa apakah file executable python file error update query search,4,d2875,0.8474037647247314
q20308,python check if file is executable,periksa apakah file executable python,periksa apakah file executable python file error update query search,5,d14367,0.8461467027664185
q20308,python check if file is executable,periksa apakah file executable python,periksa apakah file executable python file error update query search,6,d12582,0.8461467027664185
q20308,python check if file is executable,periksa apakah file executable python,periksa apakah file executable python file error update query search,7,d13875,0.8461467027664185
q20308,python check if file is executable,periksa apakah file executable python,periksa apakah file executable python file error update query search,8,d6327,0.8461467027664185
q20308,python check if file is executable,periksa apakah file executable python,periksa apakah file executable python file error update query search,9,d4841,0.8461467027664185
q20308,python check if file is executable,periksa apakah file executable python,periksa apakah file executable python file error update query search,10,d20308,0.8461467027664185
q20309,python how to check the queue lenght,cara periksa panjang queue python,cara periksa panjang queue python search row update loop integer,1,d6635,0.8480134606361389
q20309,python how to check the queue lenght,cara periksa panjang queue python,cara periksa panjang queue python search row update loop integer,2,d20190,0.8480134606361389
q20309,python how to check the queue lenght,cara periksa panjang queue python,cara periksa panjang queue python search row update loop integer,3,d12662,0.8480134606361389
q20309,python how to check the queue lenght,cara periksa panjang queue python,cara periksa panjang queue python search row update loop integer,4,d4776,0.8480134606361389
q20309,python how to check the queue lenght,cara periksa panjang queue python,cara periksa panjang queue python search row update loop integer,5,d2618,0.8480134606361389
q20309,python how to check the queue lenght,cara periksa panjang queue python,cara periksa panjang queue python search row update loop integer,6,d8934,0.8480134606361389
q20309,python how to check the queue lenght,cara periksa panjang queue python,cara periksa panjang queue python search row update loop integer,7,d11823,0.8441827893257141
q20309,python how to check the queue lenght,cara periksa panjang queue python,cara periksa panjang queue python search row update loop integer,8,d18007,0.840421199798584
q20309,python how to check the queue lenght,cara periksa panjang queue python,cara periksa panjang queue python search row update loop integer,9,d9979,0.8384774923324585
q20309,python how to check the queue lenght,cara periksa panjang queue python,cara periksa panjang queue python search row update loop integer,10,d10205,0.8373960852622986
q20310,query server objects ldap in python,query objek server ldap di python,query objek server ldap di python database update query integer parameter,1,d11823,0.863789439201355
q20310,query server objects ldap in python,query objek server ldap di python,query objek server ldap di python database update query integer parameter,2,d11519,0.8627798557281494
q20310,query server objects ldap in python,query objek server ldap di python,query objek server ldap di python database update query integer parameter,3,d15422,0.8627798557281494
q20310,query server objects ldap in python,query objek server ldap di python,query objek server ldap di python database update query integer parameter,4,d15610,0.8627798557281494
q20310,query server objects ldap in python,query objek server ldap di python,query objek server ldap di python database update query integer parameter,5,d6350,0.8627798557281494
q20310,query server objects ldap in python,query objek server ldap di python,query objek server ldap di python database update query integer parameter,6,d5654,0.8627798557281494
q20310,query server objects ldap in python,query objek server ldap di python,query objek server ldap di python database update query integer parameter,7,d7230,0.8627798557281494
q20310,query server objects ldap in python,query objek server ldap di python,query objek server ldap di python database update query integer parameter,8,d1935,0.8627151250839233
q20310,query server objects ldap in python,query objek server ldap di python,query objek server ldap di python database update query integer parameter,9,d14147,0.8614470958709717
q20310,query server objects ldap in python,query objek server ldap di python,query objek server ldap di python database update query integer parameter,10,d15354,0.8614470958709717
q20311,python docx document section different page,dokumen docx bagian halaman berbeda python,dokumen docx bagian halaman berbeda python search error update file query,1,d252,0.8612189292907715
q20311,python docx document section different page,dokumen docx bagian halaman berbeda python,dokumen docx bagian halaman berbeda python search error update file query,2,d12659,0.8612189292907715
q20311,python docx document section different page,dokumen docx bagian halaman berbeda python,dokumen docx bagian halaman berbeda python search error update file query,3,d12661,0.8612189292907715
q20311,python docx document section different page,dokumen docx bagian halaman berbeda python,dokumen docx bagian halaman berbeda python search error update file query,4,d8708,0.8612189292907715
q20311,python docx document section different page,dokumen docx bagian halaman berbeda python,dokumen docx bagian halaman berbeda python search error update file query,5,d15052,0.8612189292907715
q20311,python docx document section different page,dokumen docx bagian halaman berbeda python,dokumen docx bagian halaman berbeda python search error update file query,6,d8277,0.8612189292907715
q20311,python docx document section different page,dokumen docx bagian halaman berbeda python,dokumen docx bagian halaman berbeda python search error update file query,7,d2292,0.8612189292907715
q20311,python docx document section different page,dokumen docx bagian halaman berbeda python,dokumen docx bagian halaman berbeda python search error update file query,8,d10436,0.8612189292907715
q20311,python docx document section different page,dokumen docx bagian halaman berbeda python,dokumen docx bagian halaman berbeda python search error update file query,9,d5654,0.8505998849868774
q20311,python docx document section different page,dokumen docx bagian halaman berbeda python,dokumen docx bagian halaman berbeda python search error update file query,10,d6350,0.8505998849868774
q20312,write a json object to file python,tulis objek json ke file python,tulis objek json ke file python file write update query database,1,d7325,0.880463182926178
q20312,write a json object to file python,tulis objek json ke file python,tulis objek json ke file python file write update query database,2,d9391,0.880463182926178
q20312,write a json object to file python,tulis objek json ke file python,tulis objek json ke file python file write update query database,3,d5635,0.880463182926178
q20312,write a json object to file python,tulis objek json ke file python,tulis objek json ke file python file write update query database,4,d13419,0.880463182926178
q20312,write a json object to file python,tulis objek json ke file python,tulis objek json ke file python file write update query database,5,d2838,0.880463182926178
q20312,write a json object to file python,tulis objek json ke file python,tulis objek json ke file python file write update query database,6,d5010,0.880463182926178
q20312,write a json object to file python,tulis objek json ke file python,tulis objek json ke file python file write update query database,7,d15274,0.880463182926178
q20312,write a json object to file python,tulis objek json ke file python,tulis objek json ke file python file write update query database,8,d2282,0.880463182926178
q20312,write a json object to file python,tulis objek json ke file python,tulis objek json ke file python file write update query database,9,d12895,0.880463182926178
q20312,write a json object to file python,tulis objek json ke file python,tulis objek json ke file python file write update query database,10,d17934,0.8774403929710388
q20313,how to compute the minimum value of a tensor in python,cara hitung nilai minimum tensor di python,cara hitung nilai minimum tensor di python integer parameter error update row,1,d2970,0.844083309173584
q20313,how to compute the minimum value of a tensor in python,cara hitung nilai minimum tensor di python,cara hitung nilai minimum tensor di python integer parameter error update row,2,d3239,0.844083309173584
q20313,how to compute the minimum value of a tensor in python,cara hitung nilai minimum tensor di python,cara hitung nilai minimum tensor di python integer parameter error update row,3,d920,0.844083309173584
q20313,how to compute the minimum value of a tensor in python,cara hitung nilai minimum tensor di python,cara hitung nilai minimum tensor di python integer parameter error update row,4,d12519,0.844083309173584
q20313,how to compute the minimum value of a tensor in python,cara hitung nilai minimum tensor di python,cara hitung nilai minimum tensor di python integer parameter error update row,5,d1016,0.844083309173584
q20313,how to compute the minimum value of a tensor in python,cara hitung nilai minimum tensor di python,cara hitung nilai minimum tensor di python integer parameter error update row,6,d8988,0.844083309173584
q20313,how to compute the minimum value of a tensor in python,cara hitung nilai minimum tensor di python,cara hitung nilai minimum tensor di python integer parameter error update row,7,d16005,0.844083309173584
q20313,how to compute the minimum value of a tensor in python,cara hitung nilai minimum tensor di python,cara hitung nilai minimum tensor di python integer parameter error update row,8,d5457,0.844083309173584
q20313,how to compute the minimum value of a tensor in python,cara hitung nilai minimum tensor di python,cara hitung nilai minimum tensor di python integer parameter error update row,9,d15055,0.8421483039855957
q20313,how to compute the minimum value of a tensor in python,cara hitung nilai minimum tensor di python,cara hitung nilai minimum tensor di python integer parameter error update row,10,d10731,0.8421483039855957
q20314,python unittest how to assert 2 lists are almost equal,unittest python cara assert 2 list hampir sama,unittest python cara assert 2 list hampir sama list parameter integer sort error,1,d12360,0.8587794899940491
q20314,python unittest how to assert 2 lists are almost equal,unittest python cara assert 2 list hampir sama,unittest python cara assert 2 list hampir sama list parameter integer sort error,2,d3345,0.8587794899940491
q20314,python unittest how to assert 2 lists are almost equal,unittest python cara assert 2 list hampir sama,unittest python cara assert 2 list hampir sama list parameter integer sort error,3,d909,0.8516089916229248
q20314,python unittest how to assert 2 lists are almost equal,unittest python cara assert 2 list hampir sama,unittest python cara assert 2 list hampir sama list parameter integer sort error,4,d2042,0.8516089916229248
q20314,python unittest how to assert 2 lists are almost equal,unittest python cara assert 2 list hampir sama,unittest python cara assert 2 list hampir sama list parameter integer sort error,5,d15148,0.8516089916229248
q20314,python unittest how to assert 2 lists are almost equal,unittest python cara assert 2 list hampir sama,unittest python cara assert 2 list hampir sama list parameter integer sort error,6,d2621,0.8516089916229248
q20314,python unittest how to assert 2 lists are almost equal,unittest python cara assert 2 list hampir sama,unittest python cara assert 2 list hampir sama list parameter integer sort error,7,d11234,0.8516089916229248
q20314,python unittest how to assert 2 lists are almost equal,unittest python cara assert 2 list hampir sama,unittest python cara assert 2 list hampir sama list parameter integer sort error,8,d2066,0.8516089916229248
q20314,python unittest how to assert 2 lists are almost equal,unittest python cara assert 2 list hampir sama,unittest python cara assert 2 list hampir sama list parameter integer sort error,9,d15411,0.8516089916229248
q20314,python unittest how to assert 2 lists are almost equal,unittest python cara assert 2 list hampir sama,unittest python cara assert 2 list hampir sama list parameter integer sort error,10,d301,0.8516089916229248
q20315,how to check if 2 inputs are equal in python assert equal,cara periksa apakah 2 input sama di python assert equal,cara periksa apakah 2 input sama di python assert equal error integer search update query,1,d2066,0.8578016757965088
q20315,how to check if 2 inputs are equal in python assert equal,cara periksa apakah 2 input sama di python assert equal,cara periksa apakah 2 input sama di python assert equal error integer search update query,2,d2621,0.8578016757965088
q20315,how to check if 2 inputs are equal in python assert equal,cara periksa apakah 2 input sama di python assert equal,cara periksa apakah 2 input sama di python assert equal error integer search update query,3,d2042,0.8578016757965088
q20315,how to check if 2 inputs are equal in python assert equal,cara periksa apakah 2 input sama di python assert equal,cara periksa apakah 2 input sama di python assert equal error integer search update query,4,d11234,0.8578016757965088
q20315,how to check if 2 inputs are equal in python assert equal,cara periksa apakah 2 input sama di python assert equal,cara periksa apakah 2 input sama di python assert equal error integer search update query,5,d15148,0.8578016757965088
q20315,how to check if 2 inputs are equal in python assert equal,cara periksa apakah 2 input sama di python assert equal,cara periksa apakah 2 input sama di python assert equal error integer search update query,6,d909,0.8578016757965088
q20315,how to check if 2 inputs are equal in python assert equal,cara periksa apakah 2 input sama di python assert equal,cara periksa apakah 2 input sama di python assert equal error integer search update query,7,d301,0.8578016757965088
q20315,how to check if 2 inputs are equal in python assert equal,cara periksa apakah 2 input sama di python assert equal,cara periksa apakah 2 input sama di python assert equal error integer search update query,8,d12359,0.8578016757965088
q20315,how to check if 2 inputs are equal in python assert equal,cara periksa apakah 2 input sama di python assert equal,cara periksa apakah 2 input sama di python assert equal error integer search update query,9,d15411,0.8578016757965088
q20315,how to check if 2 inputs are equal in python assert equal,cara periksa apakah 2 input sama di python assert equal,cara periksa apakah 2 input sama di python assert equal error integer search update query,10,d818,0.8467521667480469
q20316,python loop through proxies request,loop melalui proxy request python,loop melalui proxy request python loop row update error query,1,d11823,0.8498979806900024
q20316,python loop through proxies request,loop melalui proxy request python,loop melalui proxy request python loop row update error query,2,d4967,0.8484767079353333
q20316,python loop through proxies request,loop melalui proxy request python,loop melalui proxy request python loop row update error query,3,d12943,0.8484767079353333
q20316,python loop through proxies request,loop melalui proxy request python,loop melalui proxy request python loop row update error query,4,d8290,0.8468554019927979
q20316,python loop through proxies request,loop melalui proxy request python,loop melalui proxy request python loop row update error query,5,d7725,0.8446677923202515
q20316,python loop through proxies request,loop melalui proxy request python,loop melalui proxy request python loop row update error query,6,d6142,0.8429648876190186
q20316,python loop through proxies request,loop melalui proxy request python,loop melalui proxy request python loop row update error query,7,d5936,0.8417540788650513
q20316,python loop through proxies request,loop melalui proxy request python,loop melalui proxy request python loop row update error query,8,d4041,0.8401815891265869
q20316,python loop through proxies request,loop melalui proxy request python,loop melalui proxy request python loop row update error query,9,d14249,0.8401815891265869
q20316,python loop through proxies request,loop melalui proxy request python,loop melalui proxy request python loop row update error query,10,d8248,0.8401815891265869
q20317,python loess with gaussian kernel,loess dengan gaussian kernel python,loess dengan gaussian kernel python error query update integer variable,1,d19342,0.8470132350921631
q20317,python loess with gaussian kernel,loess dengan gaussian kernel python,loess dengan gaussian kernel python error query update integer variable,2,d19034,0.8470132350921631
q20317,python loess with gaussian kernel,loess dengan gaussian kernel python,loess dengan gaussian kernel python error query update integer variable,3,d13029,0.8467956781387329
q20317,python loess with gaussian kernel,loess dengan gaussian kernel python,loess dengan gaussian kernel python error query update integer variable,4,d11379,0.8420417904853821
q20317,python loess with gaussian kernel,loess dengan gaussian kernel python,loess dengan gaussian kernel python error query update integer variable,5,d166,0.8405107259750366
q20317,python loess with gaussian kernel,loess dengan gaussian kernel python,loess dengan gaussian kernel python error query update integer variable,6,d10658,0.8405107259750366
q20317,python loess with gaussian kernel,loess dengan gaussian kernel python,loess dengan gaussian kernel python error query update integer variable,7,d7443,0.8404878377914429
q20317,python loess with gaussian kernel,loess dengan gaussian kernel python,loess dengan gaussian kernel python error query update integer variable,8,d7174,0.8402563333511353
q20317,python loess with gaussian kernel,loess dengan gaussian kernel python,loess dengan gaussian kernel python error query update integer variable,9,d13593,0.8396813273429871
q20317,python loess with gaussian kernel,loess dengan gaussian kernel python,loess dengan gaussian kernel python error query update integer variable,10,d11823,0.8385435342788696
q20318,greatest common divisor function in python,fungsi greatest common divisor di python,fungsi greatest common divisor di python function integer dictionary variable condition,1,d6439,0.863100528717041
q20318,greatest common divisor function in python,fungsi greatest common divisor di python,fungsi greatest common divisor di python function integer dictionary variable condition,2,d13173,0.863100528717041
q20318,greatest common divisor function in python,fungsi greatest common divisor di python,fungsi greatest common divisor di python function integer dictionary variable condition,3,d19915,0.863100528717041
q20318,greatest common divisor function in python,fungsi greatest common divisor di python,fungsi greatest common divisor di python function integer dictionary variable condition,4,d11255,0.863100528717041
q20318,greatest common divisor function in python,fungsi greatest common divisor di python,fungsi greatest common divisor di python function integer dictionary variable condition,5,d11418,0.863100528717041
q20318,greatest common divisor function in python,fungsi greatest common divisor di python,fungsi greatest common divisor di python function integer dictionary variable condition,6,d7087,0.863100528717041
q20318,greatest common divisor function in python,fungsi greatest common divisor di python,fungsi greatest common divisor di python function integer dictionary variable condition,7,d2696,0.863100528717041
q20318,greatest common divisor function in python,fungsi greatest common divisor di python,fungsi greatest common divisor di python function integer dictionary variable condition,8,d323,0.863100528717041
q20318,greatest common divisor function in python,fungsi greatest common divisor di python,fungsi greatest common divisor di python function integer dictionary variable condition,9,d8179,0.863100528717041
q20318,greatest common divisor function in python,fungsi greatest common divisor di python,fungsi greatest common divisor di python function integer dictionary variable condition,10,d18015,0.8565388321876526
q20319,how to clear up memory python,cara bersihkan memori python,cara bersihkan memori python delete error parameter file save,1,d3295,0.8407325744628906
q20319,how to clear up memory python,cara bersihkan memori python,cara bersihkan memori python delete error parameter file save,2,d18208,0.8343615531921387
q20319,how to clear up memory python,cara bersihkan memori python,cara bersihkan memori python delete error parameter file save,3,d16930,0.8343615531921387
q20319,how to clear up memory python,cara bersihkan memori python,cara bersihkan memori python delete error parameter file save,4,d17829,0.8343615531921387
q20319,how to clear up memory python,cara bersihkan memori python,cara bersihkan memori python delete error parameter file save,5,d19352,0.8343615531921387
q20319,how to clear up memory python,cara bersihkan memori python,cara bersihkan memori python delete error parameter file save,6,d3103,0.8340027332305908
q20319,how to clear up memory python,cara bersihkan memori python,cara bersihkan memori python delete error parameter file save,7,d5477,0.8340027332305908
q20319,how to clear up memory python,cara bersihkan memori python,cara bersihkan memori python delete error parameter file save,8,d8095,0.8340027332305908
q20319,how to clear up memory python,cara bersihkan memori python,cara bersihkan memori python delete error parameter file save,9,d4712,0.8327974081039429
q20319,how to clear up memory python,cara bersihkan memori python,cara bersihkan memori python delete error parameter file save,10,d20358,0.8324369192123413
q20320,get eucliedan distance between two vectors python,dapat jarak euclidean antara dua vektor python,dapat jarak euclidean antara dua vektor python integer error query close row,1,d14605,0.8681809902191162
q20320,get eucliedan distance between two vectors python,dapat jarak euclidean antara dua vektor python,dapat jarak euclidean antara dua vektor python integer error query close row,2,d10630,0.8681809902191162
q20320,get eucliedan distance between two vectors python,dapat jarak euclidean antara dua vektor python,dapat jarak euclidean antara dua vektor python integer error query close row,3,d4748,0.8681809902191162
q20320,get eucliedan distance between two vectors python,dapat jarak euclidean antara dua vektor python,dapat jarak euclidean antara dua vektor python integer error query close row,4,d20320,0.8681809902191162
q20320,get eucliedan distance between two vectors python,dapat jarak euclidean antara dua vektor python,dapat jarak euclidean antara dua vektor python integer error query close row,5,d6398,0.8681809902191162
q20320,get eucliedan distance between two vectors python,dapat jarak euclidean antara dua vektor python,dapat jarak euclidean antara dua vektor python integer error query close row,6,d12621,0.8681809902191162
q20320,get eucliedan distance between two vectors python,dapat jarak euclidean antara dua vektor python,dapat jarak euclidean antara dua vektor python integer error query close row,7,d509,0.8681809902191162
q20320,get eucliedan distance between two vectors python,dapat jarak euclidean antara dua vektor python,dapat jarak euclidean antara dua vektor python integer error query close row,8,d4905,0.8681809902191162
q20320,get eucliedan distance between two vectors python,dapat jarak euclidean antara dua vektor python,dapat jarak euclidean antara dua vektor python integer error query close row,9,d20453,0.8604177236557007
q20320,get eucliedan distance between two vectors python,dapat jarak euclidean antara dua vektor python,dapat jarak euclidean antara dua vektor python integer error query close row,10,d2204,0.8589058518409729
q20321,python interactive shell color,warna shell interaktif python,warna shell interaktif python integer error string update class,1,d11794,0.8486640453338623
q20321,python interactive shell color,warna shell interaktif python,warna shell interaktif python integer error string update class,2,d3691,0.8486640453338623
q20321,python interactive shell color,warna shell interaktif python,warna shell interaktif python integer error string update class,3,d20091,0.8486640453338623
q20321,python interactive shell color,warna shell interaktif python,warna shell interaktif python integer error string update class,4,d141,0.8486640453338623
q20321,python interactive shell color,warna shell interaktif python,warna shell interaktif python integer error string update class,5,d726,0.8486640453338623
q20321,python interactive shell color,warna shell interaktif python,warna shell interaktif python integer error string update class,6,d13682,0.8486640453338623
q20321,python interactive shell color,warna shell interaktif python,warna shell interaktif python integer error string update class,7,d13565,0.8486640453338623
q20321,python interactive shell color,warna shell interaktif python,warna shell interaktif python integer error string update class,8,d3575,0.8486640453338623
q20321,python interactive shell color,warna shell interaktif python,warna shell interaktif python integer error string update class,9,d9365,0.8486640453338623
q20321,python interactive shell color,warna shell interaktif python,warna shell interaktif python integer error string update class,10,d8616,0.8480045795440674
q20322,passing a range of values python years,lewatkan rentang nilai tahun python,lewatkan rentang nilai tahun python delete error update integer query,1,d8290,0.8439428806304932
q20322,passing a range of values python years,lewatkan rentang nilai tahun python,lewatkan rentang nilai tahun python delete error update integer query,2,d9108,0.8431960344314575
q20322,passing a range of values python years,lewatkan rentang nilai tahun python,lewatkan rentang nilai tahun python delete error update integer query,3,d13101,0.8431960344314575
q20322,passing a range of values python years,lewatkan rentang nilai tahun python,lewatkan rentang nilai tahun python delete error update integer query,4,d4379,0.8431960344314575
q20322,passing a range of values python years,lewatkan rentang nilai tahun python,lewatkan rentang nilai tahun python delete error update integer query,5,d8918,0.8431960344314575
q20322,passing a range of values python years,lewatkan rentang nilai tahun python,lewatkan rentang nilai tahun python delete error update integer query,6,d2816,0.8431960344314575
q20322,passing a range of values python years,lewatkan rentang nilai tahun python,lewatkan rentang nilai tahun python delete error update integer query,7,d6824,0.8431960344314575
q20322,passing a range of values python years,lewatkan rentang nilai tahun python,lewatkan rentang nilai tahun python delete error update integer query,8,d11019,0.8431959748268127
q20322,passing a range of values python years,lewatkan rentang nilai tahun python,lewatkan rentang nilai tahun python delete error update integer query,9,d9062,0.8431959748268127
q20322,passing a range of values python years,lewatkan rentang nilai tahun python,lewatkan rentang nilai tahun python delete error update integer query,10,d15016,0.8431959748268127
q20323,python yaml for each key value,yaml untuk setiap kunci nilai python,yaml untuk setiap kunci nilai python error integer query row variable,1,d1652,0.8437740206718445
q20323,python yaml for each key value,yaml untuk setiap kunci nilai python,yaml untuk setiap kunci nilai python error integer query row variable,2,d10620,0.8437740206718445
q20323,python yaml for each key value,yaml untuk setiap kunci nilai python,yaml untuk setiap kunci nilai python error integer query row variable,3,d11168,0.8437740206718445
q20323,python yaml for each key value,yaml untuk setiap kunci nilai python,yaml untuk setiap kunci nilai python error integer query row variable,4,d10360,0.8437740206718445
q20323,python yaml for each key value,yaml untuk setiap kunci nilai python,yaml untuk setiap kunci nilai python error integer query row variable,5,d8007,0.8437740206718445
q20323,python yaml for each key value,yaml untuk setiap kunci nilai python,yaml untuk setiap kunci nilai python error integer query row variable,6,d3712,0.8437740206718445
q20323,python yaml for each key value,yaml untuk setiap kunci nilai python,yaml untuk setiap kunci nilai python error integer query row variable,7,d10037,0.8437740206718445
q20323,python yaml for each key value,yaml untuk setiap kunci nilai python,yaml untuk setiap kunci nilai python error integer query row variable,8,d16116,0.8437740206718445
q20323,python yaml for each key value,yaml untuk setiap kunci nilai python,yaml untuk setiap kunci nilai python error integer query row variable,9,d20278,0.8437740206718445
q20323,python yaml for each key value,yaml untuk setiap kunci nilai python,yaml untuk setiap kunci nilai python error integer query row variable,10,d16110,0.8437740206718445
q20324,python test if value is ctypes array,uji apakah nilai adalah array ctypes python,uji apakah nilai adalah array ctypes python array error integer variable parameter,1,d12356,0.8905926942825317
q20324,python test if value is ctypes array,uji apakah nilai adalah array ctypes python,uji apakah nilai adalah array ctypes python array error integer variable parameter,2,d19611,0.8905926942825317
q20324,python test if value is ctypes array,uji apakah nilai adalah array ctypes python,uji apakah nilai adalah array ctypes python array error integer variable parameter,3,d6279,0.8905926942825317
q20324,python test if value is ctypes array,uji apakah nilai adalah array ctypes python,uji apakah nilai adalah array ctypes python array error integer variable parameter,4,d8376,0.8905926942825317
q20324,python test if value is ctypes array,uji apakah nilai adalah array ctypes python,uji apakah nilai adalah array ctypes python array error integer variable parameter,5,d13884,0.8905926942825317
q20324,python test if value is ctypes array,uji apakah nilai adalah array ctypes python,uji apakah nilai adalah array ctypes python array error integer variable parameter,6,d4164,0.8905926942825317
q20324,python test if value is ctypes array,uji apakah nilai adalah array ctypes python,uji apakah nilai adalah array ctypes python array error integer variable parameter,7,d4176,0.8905926942825317
q20324,python test if value is ctypes array,uji apakah nilai adalah array ctypes python,uji apakah nilai adalah array ctypes python array error integer variable parameter,8,d10099,0.8702014684677124
q20324,python test if value is ctypes array,uji apakah nilai adalah array ctypes python,uji apakah nilai adalah array ctypes python array error integer variable parameter,9,d3347,0.8702014684677124
q20324,python test if value is ctypes array,uji apakah nilai adalah array ctypes python,uji apakah nilai adalah array ctypes python array error integer variable parameter,10,d4532,0.8702014684677124
q20325,function return apply async python,fungsi return apply async python,fungsi return apply async python return function error parameter condition,1,d20325,0.8687056303024292
q20325,function return apply async python,fungsi return apply async python,fungsi return apply async python return function error parameter condition,2,d15846,0.8645334243774414
q20325,function return apply async python,fungsi return apply async python,fungsi return apply async python return function error parameter condition,3,d1507,0.8645334243774414
q20325,function return apply async python,fungsi return apply async python,fungsi return apply async python return function error parameter condition,4,d14056,0.8602046966552734
q20325,function return apply async python,fungsi return apply async python,fungsi return apply async python return function error parameter condition,5,d11443,0.8602046966552734
q20325,function return apply async python,fungsi return apply async python,fungsi return apply async python return function error parameter condition,6,d4054,0.8602046966552734
q20325,function return apply async python,fungsi return apply async python,fungsi return apply async python return function error parameter condition,7,d3162,0.8602046966552734
q20325,function return apply async python,fungsi return apply async python,fungsi return apply async python return function error parameter condition,8,d15720,0.8594676852226257
q20325,function return apply async python,fungsi return apply async python,fungsi return apply async python return function error parameter condition,9,d12438,0.8594676852226257
q20325,function return apply async python,fungsi return apply async python,fungsi return apply async python return function error parameter condition,10,d12392,0.8594676852226257
q20326,reload device program code in python,reload kode program device di python,reload kode program device di python update return database file integer,1,d20326,0.8539441823959351
q20326,reload device program code in python,reload kode program device di python,reload kode program device di python update return database file integer,2,d11823,0.8537003993988037
q20326,reload device program code in python,reload kode program device di python,reload kode program device di python update return database file integer,3,d13249,0.853209912776947
q20326,reload device program code in python,reload kode program device di python,reload kode program device di python update return database file integer,4,d13164,0.8478361368179321
q20326,reload device program code in python,reload kode program device di python,reload kode program device di python update return database file integer,5,d19139,0.8475810289382935
q20326,reload device program code in python,reload kode program device di python,reload kode program device di python update return database file integer,6,d1935,0.8459096550941467
q20326,reload device program code in python,reload kode program device di python,reload kode program device di python update return database file integer,7,d5656,0.8452392220497131
q20326,reload device program code in python,reload kode program device di python,reload kode program device di python update return database file integer,8,d20340,0.8452392220497131
q20326,reload device program code in python,reload kode program device di python,reload kode program device di python update return database file integer,9,d8657,0.8452392220497131
q20326,reload device program code in python,reload kode program device di python,reload kode program device di python update return database file integer,10,d5658,0.8452392220497131
q20327,split string into n parts python,pisahkan string menjadi n bagian python,pisahkan string menjadi n bagian python string integer write add file,1,d14037,0.8540254831314087
q20327,split string into n parts python,pisahkan string menjadi n bagian python,pisahkan string menjadi n bagian python string integer write add file,2,d16306,0.8491820693016052
q20327,split string into n parts python,pisahkan string menjadi n bagian python,pisahkan string menjadi n bagian python string integer write add file,3,d18353,0.8481617569923401
q20327,split string into n parts python,pisahkan string menjadi n bagian python,pisahkan string menjadi n bagian python string integer write add file,4,d18130,0.8481617569923401
q20327,split string into n parts python,pisahkan string menjadi n bagian python,pisahkan string menjadi n bagian python string integer write add file,5,d801,0.8481541872024536
q20327,split string into n parts python,pisahkan string menjadi n bagian python,pisahkan string menjadi n bagian python string integer write add file,6,d11725,0.8460839986801147
q20327,split string into n parts python,pisahkan string menjadi n bagian python,pisahkan string menjadi n bagian python string integer write add file,7,d11723,0.8460839986801147
q20327,split string into n parts python,pisahkan string menjadi n bagian python,pisahkan string menjadi n bagian python string integer write add file,8,d3789,0.8460839986801147
q20327,split string into n parts python,pisahkan string menjadi n bagian python,pisahkan string menjadi n bagian python string integer write add file,9,d1228,0.8453715443611145
q20327,split string into n parts python,pisahkan string menjadi n bagian python,pisahkan string menjadi n bagian python string integer write add file,10,d6993,0.8453578352928162
q20328,python get object as dict,dapat objek sebagai dict python,dapat objek sebagai dict python dictionary update condition query integer,1,d3979,0.8883492946624756
q20328,python get object as dict,dapat objek sebagai dict python,dapat objek sebagai dict python dictionary update condition query integer,2,d8041,0.8883492946624756
q20328,python get object as dict,dapat objek sebagai dict python,dapat objek sebagai dict python dictionary update condition query integer,3,d2194,0.8883492946624756
q20328,python get object as dict,dapat objek sebagai dict python,dapat objek sebagai dict python dictionary update condition query integer,4,d14147,0.8883492946624756
q20328,python get object as dict,dapat objek sebagai dict python,dapat objek sebagai dict python dictionary update condition query integer,5,d15354,0.8883492946624756
q20328,python get object as dict,dapat objek sebagai dict python,dapat objek sebagai dict python dictionary update condition query integer,6,d12427,0.8883492946624756
q20328,python get object as dict,dapat objek sebagai dict python,dapat objek sebagai dict python dictionary update condition query integer,7,d7230,0.8764514923095703
q20328,python get object as dict,dapat objek sebagai dict python,dapat objek sebagai dict python dictionary update condition query integer,8,d15610,0.8764514923095703
q20328,python get object as dict,dapat objek sebagai dict python,dapat objek sebagai dict python dictionary update condition query integer,9,d6350,0.8764514923095703
q20328,python get object as dict,dapat objek sebagai dict python,dapat objek sebagai dict python dictionary update condition query integer,10,d15422,0.8764514923095703
q20329,selecting a range of 2d elements from a numpy array gives empty array in python 3,pemilihan rentang elemen 2d dari array numpy menghasilkan array kosong di python 3,pemilihan rentang elemen 2d dari array numpy menghasilkan array kosong di python 3 array error integer row column,1,d16845,0.8720616102218628
q20329,selecting a range of 2d elements from a numpy array gives empty array in python 3,pemilihan rentang elemen 2d dari array numpy menghasilkan array kosong di python 3,pemilihan rentang elemen 2d dari array numpy menghasilkan array kosong di python 3 array error integer row column,2,d4839,0.8624675273895264
q20329,selecting a range of 2d elements from a numpy array gives empty array in python 3,pemilihan rentang elemen 2d dari array numpy menghasilkan array kosong di python 3,pemilihan rentang elemen 2d dari array numpy menghasilkan array kosong di python 3 array error integer row column,3,d10198,0.8624675273895264
q20329,selecting a range of 2d elements from a numpy array gives empty array in python 3,pemilihan rentang elemen 2d dari array numpy menghasilkan array kosong di python 3,pemilihan rentang elemen 2d dari array numpy menghasilkan array kosong di python 3 array error integer row column,4,d7373,0.8624675273895264
q20329,selecting a range of 2d elements from a numpy array gives empty array in python 3,pemilihan rentang elemen 2d dari array numpy menghasilkan array kosong di python 3,pemilihan rentang elemen 2d dari array numpy menghasilkan array kosong di python 3 array error integer row column,5,d5623,0.8609703779220581
q20329,selecting a range of 2d elements from a numpy array gives empty array in python 3,pemilihan rentang elemen 2d dari array numpy menghasilkan array kosong di python 3,pemilihan rentang elemen 2d dari array numpy menghasilkan array kosong di python 3 array error integer row column,6,d17705,0.8592902421951294
q20329,selecting a range of 2d elements from a numpy array gives empty array in python 3,pemilihan rentang elemen 2d dari array numpy menghasilkan array kosong di python 3,pemilihan rentang elemen 2d dari array numpy menghasilkan array kosong di python 3 array error integer row column,7,d19414,0.8592902421951294
q20329,selecting a range of 2d elements from a numpy array gives empty array in python 3,pemilihan rentang elemen 2d dari array numpy menghasilkan array kosong di python 3,pemilihan rentang elemen 2d dari array numpy menghasilkan array kosong di python 3 array error integer row column,8,d17175,0.8592902421951294
q20329,selecting a range of 2d elements from a numpy array gives empty array in python 3,pemilihan rentang elemen 2d dari array numpy menghasilkan array kosong di python 3,pemilihan rentang elemen 2d dari array numpy menghasilkan array kosong di python 3 array error integer row column,9,d17314,0.8592902421951294
q20329,selecting a range of 2d elements from a numpy array gives empty array in python 3,pemilihan rentang elemen 2d dari array numpy menghasilkan array kosong di python 3,pemilihan rentang elemen 2d dari array numpy menghasilkan array kosong di python 3 array error integer row column,10,d16949,0.8592902421951294
q20330,python read tokens from line,baca token dari baris python,baca token dari baris python row read search error integer database,1,d11548,0.8536126613616943
q20330,python read tokens from line,baca token dari baris python,baca token dari baris python row read search error integer database,2,d5430,0.8536126613616943
q20330,python read tokens from line,baca token dari baris python,baca token dari baris python row read search error integer database,3,d2694,0.8531866669654846
q20330,python read tokens from line,baca token dari baris python,baca token dari baris python row read search error integer database,4,d16831,0.8492268323898315
q20330,python read tokens from line,baca token dari baris python,baca token dari baris python row read search error integer database,5,d17190,0.8472903966903687
q20330,python read tokens from line,baca token dari baris python,baca token dari baris python row read search error integer database,6,d2751,0.8449913263320923
q20330,python read tokens from line,baca token dari baris python,baca token dari baris python row read search error integer database,7,d4621,0.8447886109352112
q20330,python read tokens from line,baca token dari baris python,baca token dari baris python row read search error integer database,8,d1054,0.844494104385376
q20330,python read tokens from line,baca token dari baris python,baca token dari baris python row read search error integer database,9,d3869,0.8443118333816528
q20330,python read tokens from line,baca token dari baris python,baca token dari baris python row read search error integer database,10,d15807,0.8443118333816528
q20331,write data into fits file python,tulis data ke file fits python,tulis data ke file fits python file data write database function,1,d14035,0.8903758525848389
q20331,write data into fits file python,tulis data ke file fits python,tulis data ke file fits python file data write database function,2,d9869,0.8903758525848389
q20331,write data into fits file python,tulis data ke file fits python,tulis data ke file fits python file data write database function,3,d20331,0.8800133466720581
q20331,write data into fits file python,tulis data ke file fits python,tulis data ke file fits python file data write database function,4,d16089,0.8800133466720581
q20331,write data into fits file python,tulis data ke file fits python,tulis data ke file fits python file data write database function,5,d10481,0.8800133466720581
q20331,write data into fits file python,tulis data ke file fits python,tulis data ke file fits python file data write database function,6,d10028,0.8800133466720581
q20331,write data into fits file python,tulis data ke file fits python,tulis data ke file fits python file data write database function,7,d20110,0.8800133466720581
q20331,write data into fits file python,tulis data ke file fits python,tulis data ke file fits python file data write database function,8,d14037,0.8657592535018921
q20331,write data into fits file python,tulis data ke file fits python,tulis data ke file fits python file data write database function,9,d6145,0.8653212189674377
q20331,write data into fits file python,tulis data ke file fits python,tulis data ke file fits python file data write database function,10,d322,0.8653212189674377
q20332,python print string with visible ansi codes,cetak string dengan kode ansi terlihat python,cetak string dengan kode ansi terlihat python string integer column add file,1,d801,0.8625810146331787
q20332,python print string with visible ansi codes,cetak string dengan kode ansi terlihat python,cetak string dengan kode ansi terlihat python string integer column add file,2,d14870,0.8601561784744263
q20332,python print string with visible ansi codes,cetak string dengan kode ansi terlihat python,cetak string dengan kode ansi terlihat python string integer column add file,3,d5099,0.855487048625946
q20332,python print string with visible ansi codes,cetak string dengan kode ansi terlihat python,cetak string dengan kode ansi terlihat python string integer column add file,4,d20332,0.855487048625946
q20332,python print string with visible ansi codes,cetak string dengan kode ansi terlihat python,cetak string dengan kode ansi terlihat python string integer column add file,5,d4366,0.855487048625946
q20332,python print string with visible ansi codes,cetak string dengan kode ansi terlihat python,cetak string dengan kode ansi terlihat python string integer column add file,6,d12579,0.855487048625946
q20332,python print string with visible ansi codes,cetak string dengan kode ansi terlihat python,cetak string dengan kode ansi terlihat python string integer column add file,7,d10268,0.855487048625946
q20332,python print string with visible ansi codes,cetak string dengan kode ansi terlihat python,cetak string dengan kode ansi terlihat python string integer column add file,8,d14563,0.855487048625946
q20332,python print string with visible ansi codes,cetak string dengan kode ansi terlihat python,cetak string dengan kode ansi terlihat python string integer column add file,9,d16765,0.8554523587226868
q20332,python print string with visible ansi codes,cetak string dengan kode ansi terlihat python,cetak string dengan kode ansi terlihat python string integer column add file,10,d3975,0.8550398945808411
q20333,python check if value in enum,periksa apakah nilai dalam enum python,periksa apakah nilai dalam enum python integer update variable query error,1,d14546,0.8688672780990601
q20333,python check if value in enum,periksa apakah nilai dalam enum python,periksa apakah nilai dalam enum python integer update variable query error,2,d4128,0.8688672780990601
q20333,python check if value in enum,periksa apakah nilai dalam enum python,periksa apakah nilai dalam enum python integer update variable query error,3,d4130,0.8688672780990601
q20333,python check if value in enum,periksa apakah nilai dalam enum python,periksa apakah nilai dalam enum python integer update variable query error,4,d4415,0.8688672780990601
q20333,python check if value in enum,periksa apakah nilai dalam enum python,periksa apakah nilai dalam enum python integer update variable query error,5,d12364,0.8688672780990601
q20333,python check if value in enum,periksa apakah nilai dalam enum python,periksa apakah nilai dalam enum python integer update variable query error,6,d5874,0.8688672780990601
q20333,python check if value in enum,periksa apakah nilai dalam enum python,periksa apakah nilai dalam enum python integer update variable query error,7,d8634,0.8688672780990601
q20333,python check if value in enum,periksa apakah nilai dalam enum python,periksa apakah nilai dalam enum python integer update variable query error,8,d8733,0.8688672780990601
q20333,python check if value in enum,periksa apakah nilai dalam enum python,periksa apakah nilai dalam enum python integer update variable query error,9,d2112,0.8688672780990601
q20333,python check if value in enum,periksa apakah nilai dalam enum python,periksa apakah nilai dalam enum python integer update variable query error,10,d18007,0.8616722822189331
q20334,python sqlite table names in database,nama tabel sqlite di database python,nama tabel sqlite di database python data database table column row integer,1,d17200,0.8655292391777039
q20334,python sqlite table names in database,nama tabel sqlite di database python,nama tabel sqlite di database python data database table column row integer,2,d18586,0.8655292391777039
q20334,python sqlite table names in database,nama tabel sqlite di database python,nama tabel sqlite di database python data database table column row integer,3,d1080,0.8630194664001465
q20334,python sqlite table names in database,nama tabel sqlite di database python,nama tabel sqlite di database python data database table column row integer,4,d4591,0.8630194664001465
q20334,python sqlite table names in database,nama tabel sqlite di database python,nama tabel sqlite di database python data database table column row integer,5,d1173,0.8630194664001465
q20334,python sqlite table names in database,nama tabel sqlite di database python,nama tabel sqlite di database python data database table column row integer,6,d16299,0.8630194664001465
q20334,python sqlite table names in database,nama tabel sqlite di database python,nama tabel sqlite di database python data database table column row integer,7,d7398,0.8630194664001465
q20334,python sqlite table names in database,nama tabel sqlite di database python,nama tabel sqlite di database python data database table column row integer,8,d6781,0.8630194664001465
q20334,python sqlite table names in database,nama tabel sqlite di database python,nama tabel sqlite di database python data database table column row integer,9,d1814,0.8630194664001465
q20334,python sqlite table names in database,nama tabel sqlite di database python,nama tabel sqlite di database python data database table column row integer,10,d1060,0.8630194664001465
q20335,how to remove all element from a python dictionary,cara hapus semua elemen dari dictionary python,cara hapus semua elemen dari dictionary python dictionary integer delete error column,1,d5991,0.8558812737464905
q20335,how to remove all element from a python dictionary,cara hapus semua elemen dari dictionary python,cara hapus semua elemen dari dictionary python dictionary integer delete error column,2,d6079,0.8558812737464905
q20335,how to remove all element from a python dictionary,cara hapus semua elemen dari dictionary python,cara hapus semua elemen dari dictionary python dictionary integer delete error column,3,d10389,0.8558812737464905
q20335,how to remove all element from a python dictionary,cara hapus semua elemen dari dictionary python,cara hapus semua elemen dari dictionary python dictionary integer delete error column,4,d8147,0.8558812737464905
q20335,how to remove all element from a python dictionary,cara hapus semua elemen dari dictionary python,cara hapus semua elemen dari dictionary python dictionary integer delete error column,5,d7553,0.8558812737464905
q20335,how to remove all element from a python dictionary,cara hapus semua elemen dari dictionary python,cara hapus semua elemen dari dictionary python dictionary integer delete error column,6,d13622,0.8558812737464905
q20335,how to remove all element from a python dictionary,cara hapus semua elemen dari dictionary python,cara hapus semua elemen dari dictionary python dictionary integer delete error column,7,d12174,0.8558812737464905
q20335,how to remove all element from a python dictionary,cara hapus semua elemen dari dictionary python,cara hapus semua elemen dari dictionary python dictionary integer delete error column,8,d12173,0.8558812737464905
q20335,how to remove all element from a python dictionary,cara hapus semua elemen dari dictionary python,cara hapus semua elemen dari dictionary python dictionary integer delete error column,9,d4370,0.8558812737464905
q20335,how to remove all element from a python dictionary,cara hapus semua elemen dari dictionary python,cara hapus semua elemen dari dictionary python dictionary integer delete error column,10,d1319,0.8533681035041809
q20336,python parse query string from url,parsing query string dari url python,parsing query string dari url python query string parameter error integer row,1,d6056,0.883023738861084
q20336,python parse query string from url,parsing query string dari url python,parsing query string dari url python query string parameter error integer row,2,d20336,0.883023738861084
q20336,python parse query string from url,parsing query string dari url python,parsing query string dari url python query string parameter error integer row,3,d3144,0.883023738861084
q20336,python parse query string from url,parsing query string dari url python,parsing query string dari url python query string parameter error integer row,4,d5700,0.883023738861084
q20336,python parse query string from url,parsing query string dari url python,parsing query string dari url python query string parameter error integer row,5,d2265,0.877639651298523
q20336,python parse query string from url,parsing query string dari url python,parsing query string dari url python query string parameter error integer row,6,d15868,0.877639651298523
q20336,python parse query string from url,parsing query string dari url python,parsing query string dari url python query string parameter error integer row,7,d10896,0.8767096996307373
q20336,python parse query string from url,parsing query string dari url python,parsing query string dari url python query string parameter error integer row,8,d1876,0.8749892711639404
q20336,python parse query string from url,parsing query string dari url python,parsing query string dari url python query string parameter error integer row,9,d9698,0.8749892711639404
q20336,python parse query string from url,parsing query string dari url python,parsing query string dari url python query string parameter error integer row,10,d1776,0.8749892711639404
q20337,python remove element set,hapus elemen set python,hapus elemen set python delete error integer parameter update column,1,d10569,0.8565741777420044
q20337,python remove element set,hapus elemen set python,hapus elemen set python delete error integer parameter update column,2,d1302,0.8565741777420044
q20337,python remove element set,hapus elemen set python,hapus elemen set python delete error integer parameter update column,3,d6926,0.8565741777420044
q20337,python remove element set,hapus elemen set python,hapus elemen set python delete error integer parameter update column,4,d4768,0.8565741777420044
q20337,python remove element set,hapus elemen set python,hapus elemen set python delete error integer parameter update column,5,d12916,0.8565741777420044
q20337,python remove element set,hapus elemen set python,hapus elemen set python delete error integer parameter update column,6,d4357,0.8565741777420044
q20337,python remove element set,hapus elemen set python,hapus elemen set python delete error integer parameter update column,7,d3471,0.8565159440040588
q20337,python remove element set,hapus elemen set python,hapus elemen set python delete error integer parameter update column,8,d1319,0.8565159440040588
q20337,python remove element set,hapus elemen set python,hapus elemen set python delete error integer parameter update column,9,d3455,0.8565159440040588
q20337,python remove element set,hapus elemen set python,hapus elemen set python delete error integer parameter update column,10,d19992,0.855437159538269
q20338,manhattan distance in python using longitude and latitude,jarak manhattan di python menggunakan longitude dan latitude,jarak manhattan di python menggunakan longitude dan latitude integer row close query parameter,1,d4620,0.8717162609100342
q20338,manhattan distance in python using longitude and latitude,jarak manhattan di python menggunakan longitude dan latitude,jarak manhattan di python menggunakan longitude dan latitude integer row close query parameter,2,d10748,0.8576713800430298
q20338,manhattan distance in python using longitude and latitude,jarak manhattan di python menggunakan longitude dan latitude,jarak manhattan di python menggunakan longitude dan latitude integer row close query parameter,3,d8615,0.8576713800430298
q20338,manhattan distance in python using longitude and latitude,jarak manhattan di python menggunakan longitude dan latitude,jarak manhattan di python menggunakan longitude dan latitude integer row close query parameter,4,d19632,0.8576713800430298
q20338,manhattan distance in python using longitude and latitude,jarak manhattan di python menggunakan longitude dan latitude,jarak manhattan di python menggunakan longitude dan latitude integer row close query parameter,5,d14926,0.8576713800430298
q20338,manhattan distance in python using longitude and latitude,jarak manhattan di python menggunakan longitude dan latitude,jarak manhattan di python menggunakan longitude dan latitude integer row close query parameter,6,d20338,0.8576713800430298
q20338,manhattan distance in python using longitude and latitude,jarak manhattan di python menggunakan longitude dan latitude,jarak manhattan di python menggunakan longitude dan latitude integer row close query parameter,7,d15067,0.8576713800430298
q20338,manhattan distance in python using longitude and latitude,jarak manhattan di python menggunakan longitude dan latitude,jarak manhattan di python menggunakan longitude dan latitude integer row close query parameter,8,d2413,0.8576713800430298
q20338,manhattan distance in python using longitude and latitude,jarak manhattan di python menggunakan longitude dan latitude,jarak manhattan di python menggunakan longitude dan latitude integer row close query parameter,9,d10022,0.8576713800430298
q20338,manhattan distance in python using longitude and latitude,jarak manhattan di python menggunakan longitude dan latitude,jarak manhattan di python menggunakan longitude dan latitude integer row close query parameter,10,d13919,0.8576713800430298
q20339,how to read from a file to a list python,cara baca dari file ke list python,cara baca dari file ke list python file list read error database,1,d5422,0.8605893850326538
q20339,how to read from a file to a list python,cara baca dari file ke list python,cara baca dari file ke list python file list read error database,2,d20339,0.8605893850326538
q20339,how to read from a file to a list python,cara baca dari file ke list python,cara baca dari file ke list python file list read error database,3,d15809,0.8605893850326538
q20339,how to read from a file to a list python,cara baca dari file ke list python,cara baca dari file ke list python file list read error database,4,d15811,0.8605893850326538
q20339,how to read from a file to a list python,cara baca dari file ke list python,cara baca dari file ke list python file list read error database,5,d15496,0.8605893850326538
q20339,how to read from a file to a list python,cara baca dari file ke list python,cara baca dari file ke list python file list read error database,6,d16831,0.8584061861038208
q20339,how to read from a file to a list python,cara baca dari file ke list python,cara baca dari file ke list python file list read error database,7,d11385,0.85801100730896
q20339,how to read from a file to a list python,cara baca dari file ke list python,cara baca dari file ke list python file list read error database,8,d14564,0.85801100730896
q20339,how to read from a file to a list python,cara baca dari file ke list python,cara baca dari file ke list python file list read error database,9,d4548,0.85801100730896
q20339,how to read from a file to a list python,cara baca dari file ke list python,cara baca dari file ke list python file list read error database,10,d5280,0.85801100730896
q20340,dynamically update value in dictionary python,update nilai dictionary secara dinamis python,update nilai dictionary secara dinamis python update dictionary integer add variable,1,d7229,0.8887936472892761
q20340,dynamically update value in dictionary python,update nilai dictionary secara dinamis python,update nilai dictionary secara dinamis python update dictionary integer add variable,2,d14831,0.8828369379043579
q20340,dynamically update value in dictionary python,update nilai dictionary secara dinamis python,update nilai dictionary secara dinamis python update dictionary integer add variable,3,d14829,0.8828369379043579
q20340,dynamically update value in dictionary python,update nilai dictionary secara dinamis python,update nilai dictionary secara dinamis python update dictionary integer add variable,4,d4429,0.8828369379043579
q20340,dynamically update value in dictionary python,update nilai dictionary secara dinamis python,update nilai dictionary secara dinamis python update dictionary integer add variable,5,d4445,0.8828369379043579
q20340,dynamically update value in dictionary python,update nilai dictionary secara dinamis python,update nilai dictionary secara dinamis python update dictionary integer add variable,6,d2238,0.8828369379043579
q20340,dynamically update value in dictionary python,update nilai dictionary secara dinamis python,update nilai dictionary secara dinamis python update dictionary integer add variable,7,d9952,0.8828369379043579
q20340,dynamically update value in dictionary python,update nilai dictionary secara dinamis python,update nilai dictionary secara dinamis python update dictionary integer add variable,8,d8653,0.8828369379043579
q20340,dynamically update value in dictionary python,update nilai dictionary secara dinamis python,update nilai dictionary secara dinamis python update dictionary integer add variable,9,d189,0.8828369379043579
q20340,dynamically update value in dictionary python,update nilai dictionary secara dinamis python,update nilai dictionary secara dinamis python update dictionary integer add variable,10,d12436,0.8828369379043579
q20341,python replace string from right,ganti string dari kanan python,ganti string dari kanan python string update error return row,1,d11823,0.8626402616500854
q20341,python replace string from right,ganti string dari kanan python,ganti string dari kanan python string update error return row,2,d17911,0.8498483896255493
q20341,python replace string from right,ganti string dari kanan python,ganti string dari kanan python string update error return row,3,d6142,0.8483667373657227
q20341,python replace string from right,ganti string dari kanan python,ganti string dari kanan python string update error return row,4,d11956,0.8478521108627319
q20341,python replace string from right,ganti string dari kanan python,ganti string dari kanan python string update error return row,5,d9903,0.8478521108627319
q20341,python replace string from right,ganti string dari kanan python,ganti string dari kanan python string update error return row,6,d13842,0.8476036190986633
q20341,python replace string from right,ganti string dari kanan python,ganti string dari kanan python string update error return row,7,d5267,0.8475909233093262
q20341,python replace string from right,ganti string dari kanan python,ganti string dari kanan python string update error return row,8,d824,0.8475909233093262
q20341,python replace string from right,ganti string dari kanan python,ganti string dari kanan python string update error return row,9,d9612,0.8475909233093262
q20341,python replace string from right,ganti string dari kanan python,ganti string dari kanan python string update error return row,10,d3398,0.8475909233093262
q20342,how to check if a path is writeable python,cara periksa apakah path dapat ditulis python,cara periksa apakah path dapat ditulis python file query search parameter write,1,d9932,0.8558677434921265
q20342,how to check if a path is writeable python,cara periksa apakah path dapat ditulis python,cara periksa apakah path dapat ditulis python file query search parameter write,2,d15226,0.8558677434921265
q20342,how to check if a path is writeable python,cara periksa apakah path dapat ditulis python,cara periksa apakah path dapat ditulis python file query search parameter write,3,d11098,0.8558677434921265
q20342,how to check if a path is writeable python,cara periksa apakah path dapat ditulis python,cara periksa apakah path dapat ditulis python file query search parameter write,4,d10439,0.8518950939178467
q20342,how to check if a path is writeable python,cara periksa apakah path dapat ditulis python,cara periksa apakah path dapat ditulis python file query search parameter write,5,d3526,0.8479234576225281
q20342,how to check if a path is writeable python,cara periksa apakah path dapat ditulis python,cara periksa apakah path dapat ditulis python file query search parameter write,6,d7840,0.8472235202789307
q20342,how to check if a path is writeable python,cara periksa apakah path dapat ditulis python,cara periksa apakah path dapat ditulis python file query search parameter write,7,d5159,0.8452643752098083
q20342,how to check if a path is writeable python,cara periksa apakah path dapat ditulis python,cara periksa apakah path dapat ditulis python file query search parameter write,8,d10209,0.8452643752098083
q20342,how to check if a path is writeable python,cara periksa apakah path dapat ditulis python,cara periksa apakah path dapat ditulis python file query search parameter write,9,d2341,0.8438712358474731
q20342,how to check if a path is writeable python,cara periksa apakah path dapat ditulis python,cara periksa apakah path dapat ditulis python file query search parameter write,10,d19995,0.8438712358474731
q20343,get attribute type in python,dapat tipe atribut di python,dapat tipe atribut di python integer parameter error method variable,1,d16732,0.8600112199783325
q20343,get attribute type in python,dapat tipe atribut di python,dapat tipe atribut di python integer parameter error method variable,2,d16949,0.8600112199783325
q20343,get attribute type in python,dapat tipe atribut di python,dapat tipe atribut di python integer parameter error method variable,3,d17705,0.8600112199783325
q20343,get attribute type in python,dapat tipe atribut di python,dapat tipe atribut di python integer parameter error method variable,4,d19272,0.8600112199783325
q20343,get attribute type in python,dapat tipe atribut di python,dapat tipe atribut di python integer parameter error method variable,5,d18207,0.8600112199783325
q20343,get attribute type in python,dapat tipe atribut di python,dapat tipe atribut di python integer parameter error method variable,6,d19414,0.8600112199783325
q20343,get attribute type in python,dapat tipe atribut di python,dapat tipe atribut di python integer parameter error method variable,7,d17175,0.8600112199783325
q20343,get attribute type in python,dapat tipe atribut di python,dapat tipe atribut di python integer parameter error method variable,8,d18544,0.8600112199783325
q20343,get attribute type in python,dapat tipe atribut di python,dapat tipe atribut di python integer parameter error method variable,9,d17314,0.8600112199783325
q20343,get attribute type in python,dapat tipe atribut di python,dapat tipe atribut di python integer parameter error method variable,10,d18553,0.8600112199783325
q20344,get fields of object python,dapat field objek python,dapat field objek python update column parameter error file,1,d5878,0.8647493124008179
q20344,get fields of object python,dapat field objek python,dapat field objek python update column parameter error file,2,d14870,0.8628737926483154
q20344,get fields of object python,dapat field objek python,dapat field objek python update column parameter error file,3,d18455,0.8574209213256836
q20344,get fields of object python,dapat field objek python,dapat field objek python update column parameter error file,4,d2194,0.8562206029891968
q20344,get fields of object python,dapat field objek python,dapat field objek python update column parameter error file,5,d8041,0.8562206029891968
q20344,get fields of object python,dapat field objek python,dapat field objek python update column parameter error file,6,d14147,0.8562206029891968
q20344,get fields of object python,dapat field objek python,dapat field objek python update column parameter error file,7,d3979,0.8562206029891968
q20344,get fields of object python,dapat field objek python,dapat field objek python update column parameter error file,8,d12427,0.8562206029891968
q20344,get fields of object python,dapat field objek python,dapat field objek python update column parameter error file,9,d15354,0.8562206029891968
q20344,get fields of object python,dapat field objek python,dapat field objek python update column parameter error file,10,d14588,0.8559801578521729
q20345,how to fetch one value from one row from mysql query in python,cari satu nilai dari satu baris dari query mysql di python,cari satu nilai dari satu baris dari query mysql di python query row database integer search variable error,1,d4164,0.8519507646560669
q20345,how to fetch one value from one row from mysql query in python,cari satu nilai dari satu baris dari query mysql di python,cari satu nilai dari satu baris dari query mysql di python query row database integer search variable error,2,d4176,0.8519507646560669
q20345,how to fetch one value from one row from mysql query in python,cari satu nilai dari satu baris dari query mysql di python,cari satu nilai dari satu baris dari query mysql di python query row database integer search variable error,3,d6279,0.8519507646560669
q20345,how to fetch one value from one row from mysql query in python,cari satu nilai dari satu baris dari query mysql di python,cari satu nilai dari satu baris dari query mysql di python query row database integer search variable error,4,d19611,0.8519507646560669
q20345,how to fetch one value from one row from mysql query in python,cari satu nilai dari satu baris dari query mysql di python,cari satu nilai dari satu baris dari query mysql di python query row database integer search variable error,5,d8376,0.8519507646560669
q20345,how to fetch one value from one row from mysql query in python,cari satu nilai dari satu baris dari query mysql di python,cari satu nilai dari satu baris dari query mysql di python query row database integer search variable error,6,d13884,0.8519507646560669
q20345,how to fetch one value from one row from mysql query in python,cari satu nilai dari satu baris dari query mysql di python,cari satu nilai dari satu baris dari query mysql di python query row database integer search variable error,7,d12356,0.8519507646560669
q20345,how to fetch one value from one row from mysql query in python,cari satu nilai dari satu baris dari query mysql di python,cari satu nilai dari satu baris dari query mysql di python query row database integer search variable error,8,d1243,0.8503957986831665
q20345,how to fetch one value from one row from mysql query in python,cari satu nilai dari satu baris dari query mysql di python,cari satu nilai dari satu baris dari query mysql di python query row database integer search variable error,9,d9415,0.8503957986831665
q20345,how to fetch one value from one row from mysql query in python,cari satu nilai dari satu baris dari query mysql di python,cari satu nilai dari satu baris dari query mysql di python query row database integer search variable error,10,d15023,0.8503957986831665
q20346,python flask routes add,tambahkan route flask python,tambahkan route flask python update add query row file,1,d20346,0.8694927096366882
q20346,python flask routes add,tambahkan route flask python,tambahkan route flask python update add query row file,2,d11823,0.8588558435440063
q20346,python flask routes add,tambahkan route flask python,tambahkan route flask python update add query row file,3,d6142,0.8508388996124268
q20346,python flask routes add,tambahkan route flask python,tambahkan route flask python update add query row file,4,d11054,0.8457971215248108
q20346,python flask routes add,tambahkan route flask python,tambahkan route flask python update add query row file,5,d10745,0.8440411686897278
q20346,python flask routes add,tambahkan route flask python,tambahkan route flask python update add query row file,6,d450,0.8417276740074158
q20346,python flask routes add,tambahkan route flask python,tambahkan route flask python update add query row file,7,d7230,0.8409102559089661
q20346,python flask routes add,tambahkan route flask python,tambahkan route flask python update add query row file,8,d6350,0.8409102559089661
q20346,python flask routes add,tambahkan route flask python,tambahkan route flask python update add query row file,9,d15610,0.8409102559089661
q20346,python flask routes add,tambahkan route flask python,tambahkan route flask python update add query row file,10,d15422,0.8409102559089661
q20347,define function arg type and default values python,tentukan tipe argumen fungsi dan nilai default python,tentukan tipe argumen fungsi dan nilai default python function parameter error integer variable,1,d6799,0.8615385293960571
q20347,define function arg type and default values python,tentukan tipe argumen fungsi dan nilai default python,tentukan tipe argumen fungsi dan nilai default python function parameter error integer variable,2,d12091,0.8615385293960571
q20347,define function arg type and default values python,tentukan tipe argumen fungsi dan nilai default python,tentukan tipe argumen fungsi dan nilai default python function parameter error integer variable,3,d10278,0.8615385293960571
q20347,define function arg type and default values python,tentukan tipe argumen fungsi dan nilai default python,tentukan tipe argumen fungsi dan nilai default python function parameter error integer variable,4,d20206,0.8615385293960571
q20347,define function arg type and default values python,tentukan tipe argumen fungsi dan nilai default python,tentukan tipe argumen fungsi dan nilai default python function parameter error integer variable,5,d11512,0.8615385293960571
q20347,define function arg type and default values python,tentukan tipe argumen fungsi dan nilai default python,tentukan tipe argumen fungsi dan nilai default python function parameter error integer variable,6,d3884,0.8615385293960571
q20347,define function arg type and default values python,tentukan tipe argumen fungsi dan nilai default python,tentukan tipe argumen fungsi dan nilai default python function parameter error integer variable,7,d1753,0.8615385293960571
q20347,define function arg type and default values python,tentukan tipe argumen fungsi dan nilai default python,tentukan tipe argumen fungsi dan nilai default python function parameter error integer variable,8,d13915,0.8615385293960571
q20347,define function arg type and default values python,tentukan tipe argumen fungsi dan nilai default python,tentukan tipe argumen fungsi dan nilai default python function parameter error integer variable,9,d6555,0.8615385293960571
q20347,define function arg type and default values python,tentukan tipe argumen fungsi dan nilai default python,tentukan tipe argumen fungsi dan nilai default python function parameter error integer variable,10,d20599,0.8522912263870239
q20348,python image shape detect,deteksi bentuk gambar python,deteksi bentuk gambar python parameter function integer update row,1,d2231,0.854086697101593
q20348,python image shape detect,deteksi bentuk gambar python,deteksi bentuk gambar python parameter function integer update row,2,d5224,0.854086697101593
q20348,python image shape detect,deteksi bentuk gambar python,deteksi bentuk gambar python parameter function integer update row,3,d13867,0.8489161729812622
q20348,python image shape detect,deteksi bentuk gambar python,deteksi bentuk gambar python parameter function integer update row,4,d9773,0.8489161729812622
q20348,python image shape detect,deteksi bentuk gambar python,deteksi bentuk gambar python parameter function integer update row,5,d2766,0.8489161729812622
q20348,python image shape detect,deteksi bentuk gambar python,deteksi bentuk gambar python parameter function integer update row,6,d19650,0.8489161729812622
q20348,python image shape detect,deteksi bentuk gambar python,deteksi bentuk gambar python parameter function integer update row,7,d20348,0.8489161729812622
q20348,python image shape detect,deteksi bentuk gambar python,deteksi bentuk gambar python parameter function integer update row,8,d3614,0.8489161729812622
q20348,python image shape detect,deteksi bentuk gambar python,deteksi bentuk gambar python parameter function integer update row,9,d12007,0.8477787375450134
q20348,python image shape detect,deteksi bentuk gambar python,deteksi bentuk gambar python parameter function integer update row,10,d10397,0.8463008403778076
q20349,what can iterators be iterated only once in python,apa yang bisa iterator diiterasi hanya sekali di python,apa yang bisa iterator diiterasi hanya sekali di python integer error dictionary query update,1,d13958,0.8604761958122253
q20349,what can iterators be iterated only once in python,apa yang bisa iterator diiterasi hanya sekali di python,apa yang bisa iterator diiterasi hanya sekali di python integer error dictionary query update,2,d16170,0.8604761958122253
q20349,what can iterators be iterated only once in python,apa yang bisa iterator diiterasi hanya sekali di python,apa yang bisa iterator diiterasi hanya sekali di python integer error dictionary query update,3,d19897,0.8604761958122253
q20349,what can iterators be iterated only once in python,apa yang bisa iterator diiterasi hanya sekali di python,apa yang bisa iterator diiterasi hanya sekali di python integer error dictionary query update,4,d4982,0.8604761958122253
q20349,what can iterators be iterated only once in python,apa yang bisa iterator diiterasi hanya sekali di python,apa yang bisa iterator diiterasi hanya sekali di python integer error dictionary query update,5,d3821,0.8507933616638184
q20349,what can iterators be iterated only once in python,apa yang bisa iterator diiterasi hanya sekali di python,apa yang bisa iterator diiterasi hanya sekali di python integer error dictionary query update,6,d2654,0.8485854268074036
q20349,what can iterators be iterated only once in python,apa yang bisa iterator diiterasi hanya sekali di python,apa yang bisa iterator diiterasi hanya sekali di python integer error dictionary query update,7,d2240,0.8478342890739441
q20349,what can iterators be iterated only once in python,apa yang bisa iterator diiterasi hanya sekali di python,apa yang bisa iterator diiterasi hanya sekali di python integer error dictionary query update,8,d1553,0.8478342890739441
q20349,what can iterators be iterated only once in python,apa yang bisa iterator diiterasi hanya sekali di python,apa yang bisa iterator diiterasi hanya sekali di python integer error dictionary query update,9,d10618,0.8478342890739441
q20349,what can iterators be iterated only once in python,apa yang bisa iterator diiterasi hanya sekali di python,apa yang bisa iterator diiterasi hanya sekali di python integer error dictionary query update,10,d4708,0.8478342890739441
q20350,remove all characters in string in python,hapus semua karakter dalam string di python,hapus semua karakter dalam string di python string integer delete error row,1,d13168,0.8549262881278992
q20350,remove all characters in string in python,hapus semua karakter dalam string di python,hapus semua karakter dalam string di python string integer delete error row,2,d6018,0.8549262881278992
q20350,remove all characters in string in python,hapus semua karakter dalam string di python,hapus semua karakter dalam string di python string integer delete error row,3,d16214,0.8549262881278992
q20350,remove all characters in string in python,hapus semua karakter dalam string di python,hapus semua karakter dalam string di python string integer delete error row,4,d9597,0.8549262881278992
q20350,remove all characters in string in python,hapus semua karakter dalam string di python,hapus semua karakter dalam string di python string integer delete error row,5,d961,0.8549262881278992
q20350,remove all characters in string in python,hapus semua karakter dalam string di python,hapus semua karakter dalam string di python string integer delete error row,6,d16222,0.8549262881278992
q20350,remove all characters in string in python,hapus semua karakter dalam string di python,hapus semua karakter dalam string di python string integer delete error row,7,d14998,0.8549262881278992
q20350,remove all characters in string in python,hapus semua karakter dalam string di python,hapus semua karakter dalam string di python string integer delete error row,8,d13614,0.8549262881278992
q20350,remove all characters in string in python,hapus semua karakter dalam string di python,hapus semua karakter dalam string di python string integer delete error row,9,d7553,0.8537138104438782
q20350,remove all characters in string in python,hapus semua karakter dalam string di python,hapus semua karakter dalam string di python string integer delete error row,10,d8147,0.8537138104438782
q20351,python circle in a square bitmap array,lingkaran dalam array bitmap persegi python,lingkaran dalam array bitmap persegi python array integer loop error query,1,d12330,0.8466989994049072
q20351,python circle in a square bitmap array,lingkaran dalam array bitmap persegi python,lingkaran dalam array bitmap persegi python array integer loop error query,2,d5108,0.8466989994049072
q20351,python circle in a square bitmap array,lingkaran dalam array bitmap persegi python,lingkaran dalam array bitmap persegi python array integer loop error query,3,d8363,0.8466989398002625
q20351,python circle in a square bitmap array,lingkaran dalam array bitmap persegi python,lingkaran dalam array bitmap persegi python array integer loop error query,4,d12577,0.8466989398002625
q20351,python circle in a square bitmap array,lingkaran dalam array bitmap persegi python,lingkaran dalam array bitmap persegi python array integer loop error query,5,d624,0.8466989398002625
q20351,python circle in a square bitmap array,lingkaran dalam array bitmap persegi python,lingkaran dalam array bitmap persegi python array integer loop error query,6,d13674,0.8466989398002625
q20351,python circle in a square bitmap array,lingkaran dalam array bitmap persegi python,lingkaran dalam array bitmap persegi python array integer loop error query,7,d6593,0.8466989398002625
q20351,python circle in a square bitmap array,lingkaran dalam array bitmap persegi python,lingkaran dalam array bitmap persegi python array integer loop error query,8,d864,0.8466989398002625
q20351,python circle in a square bitmap array,lingkaran dalam array bitmap persegi python,lingkaran dalam array bitmap persegi python array integer loop error query,9,d2293,0.8466989398002625
q20351,python circle in a square bitmap array,lingkaran dalam array bitmap persegi python,lingkaran dalam array bitmap persegi python array integer loop error query,10,d1910,0.8449097871780396
q20352,location of maya python exe,lokasi maya python exe,lokasi maya python exe query error update database open,1,d11823,0.8525991439819336
q20352,location of maya python exe,lokasi maya python exe,lokasi maya python exe query error update database open,2,d10079,0.8417083621025085
q20352,location of maya python exe,lokasi maya python exe,lokasi maya python exe query error update database open,3,d1935,0.8405213356018066
q20352,location of maya python exe,lokasi maya python exe,lokasi maya python exe query error update database open,4,d20352,0.8352581262588501
q20352,location of maya python exe,lokasi maya python exe,lokasi maya python exe query error update database open,5,d12185,0.8303726315498352
q20352,location of maya python exe,lokasi maya python exe,lokasi maya python exe query error update database open,6,d13249,0.8293359875679016
q20352,location of maya python exe,lokasi maya python exe,lokasi maya python exe query error update database open,7,d18007,0.8289227485656738
q20352,location of maya python exe,lokasi maya python exe,lokasi maya python exe query error update database open,8,d8797,0.8279058933258057
q20352,location of maya python exe,lokasi maya python exe,lokasi maya python exe query error update database open,9,d13659,0.8279058933258057
q20352,location of maya python exe,lokasi maya python exe,lokasi maya python exe query error update database open,10,d2322,0.8279058933258057
q20353,how to make letters uppercase in python skipping spaces,cara buat huruf besar di python lewati spasi,cara buat huruf besar di python lewati spasi integer write file row column,1,d20569,0.8491950035095215
q20353,how to make letters uppercase in python skipping spaces,cara buat huruf besar di python lewati spasi,cara buat huruf besar di python lewati spasi integer write file row column,2,d14037,0.8424565196037292
q20353,how to make letters uppercase in python skipping spaces,cara buat huruf besar di python lewati spasi,cara buat huruf besar di python lewati spasi integer write file row column,3,d9638,0.8377914428710938
q20353,how to make letters uppercase in python skipping spaces,cara buat huruf besar di python lewati spasi,cara buat huruf besar di python lewati spasi integer write file row column,4,d12109,0.8377914428710938
q20353,how to make letters uppercase in python skipping spaces,cara buat huruf besar di python lewati spasi,cara buat huruf besar di python lewati spasi integer write file row column,5,d2769,0.8355007767677307
q20353,how to make letters uppercase in python skipping spaces,cara buat huruf besar di python lewati spasi,cara buat huruf besar di python lewati spasi integer write file row column,6,d12572,0.8331170082092285
q20353,how to make letters uppercase in python skipping spaces,cara buat huruf besar di python lewati spasi,cara buat huruf besar di python lewati spasi integer write file row column,7,d2576,0.8331170082092285
q20353,how to make letters uppercase in python skipping spaces,cara buat huruf besar di python lewati spasi,cara buat huruf besar di python lewati spasi integer write file row column,8,d495,0.8331170082092285
q20353,how to make letters uppercase in python skipping spaces,cara buat huruf besar di python lewati spasi,cara buat huruf besar di python lewati spasi integer write file row column,9,d3202,0.8315327167510986
q20353,how to make letters uppercase in python skipping spaces,cara buat huruf besar di python lewati spasi,cara buat huruf besar di python lewati spasi integer write file row column,10,d12115,0.8315327167510986
q20354,python delete element from set,hapus elemen dari set python,hapus elemen dari set python delete error integer update row,1,d20354,0.8589011430740356
q20354,python delete element from set,hapus elemen dari set python,hapus elemen dari set python delete error integer update row,2,d19992,0.8589011430740356
q20354,python delete element from set,hapus elemen dari set python,hapus elemen dari set python delete error integer update row,3,d16907,0.8589011430740356
q20354,python delete element from set,hapus elemen dari set python,hapus elemen dari set python delete error integer update row,4,d16914,0.8589011430740356
q20354,python delete element from set,hapus elemen dari set python,hapus elemen dari set python delete error integer update row,5,d17522,0.8589011430740356
q20354,python delete element from set,hapus elemen dari set python,hapus elemen dari set python delete error integer update row,6,d20220,0.8589011430740356
q20354,python delete element from set,hapus elemen dari set python,hapus elemen dari set python delete error integer update row,7,d18412,0.8589011430740356
q20354,python delete element from set,hapus elemen dari set python,hapus elemen dari set python delete error integer update row,8,d19347,0.8589011430740356
q20354,python delete element from set,hapus elemen dari set python,hapus elemen dari set python delete error integer update row,9,d18647,0.8589011430740356
q20354,python delete element from set,hapus elemen dari set python,hapus elemen dari set python delete error integer update row,10,d18734,0.8589011430740356
q20355,python get current git branch,dapat branch git saat ini python,dapat branch git saat ini python update get query dictionary error,1,d12843,0.859744668006897
q20355,python get current git branch,dapat branch git saat ini python,dapat branch git saat ini python update get query dictionary error,2,d4677,0.859744668006897
q20355,python get current git branch,dapat branch git saat ini python,dapat branch git saat ini python update get query dictionary error,3,d11135,0.849786639213562
q20355,python get current git branch,dapat branch git saat ini python,dapat branch git saat ini python update get query dictionary error,4,d2989,0.8488290309906006
q20355,python get current git branch,dapat branch git saat ini python,dapat branch git saat ini python update get query dictionary error,5,d715,0.847342848777771
q20355,python get current git branch,dapat branch git saat ini python,dapat branch git saat ini python update get query dictionary error,6,d20146,0.847342848777771
q20355,python get current git branch,dapat branch git saat ini python,dapat branch git saat ini python update get query dictionary error,7,d5003,0.847342848777771
q20355,python get current git branch,dapat branch git saat ini python,dapat branch git saat ini python update get query dictionary error,8,d1078,0.847342848777771
q20355,python get current git branch,dapat branch git saat ini python,dapat branch git saat ini python update get query dictionary error,9,d4961,0.847342848777771
q20355,python get current git branch,dapat branch git saat ini python,dapat branch git saat ini python update get query dictionary error,10,d5131,0.847342848777771
q20356,how to make a restart button using python,cara buat tombol restart menggunakan python,cara buat tombol restart menggunakan python return update error parameter method,1,d13732,0.8698068857192993
q20356,how to make a restart button using python,cara buat tombol restart menggunakan python,cara buat tombol restart menggunakan python return update error parameter method,2,d14641,0.8698068857192993
q20356,how to make a restart button using python,cara buat tombol restart menggunakan python,cara buat tombol restart menggunakan python return update error parameter method,3,d9024,0.8698068857192993
q20356,how to make a restart button using python,cara buat tombol restart menggunakan python,cara buat tombol restart menggunakan python return update error parameter method,4,d7675,0.8698068857192993
q20356,how to make a restart button using python,cara buat tombol restart menggunakan python,cara buat tombol restart menggunakan python return update error parameter method,5,d9710,0.8698068857192993
q20356,how to make a restart button using python,cara buat tombol restart menggunakan python,cara buat tombol restart menggunakan python return update error parameter method,6,d13633,0.8698068857192993
q20356,how to make a restart button using python,cara buat tombol restart menggunakan python,cara buat tombol restart menggunakan python return update error parameter method,7,d13640,0.8578506708145142
q20356,how to make a restart button using python,cara buat tombol restart menggunakan python,cara buat tombol restart menggunakan python return update error parameter method,8,d16291,0.8578506708145142
q20356,how to make a restart button using python,cara buat tombol restart menggunakan python,cara buat tombol restart menggunakan python return update error parameter method,9,d11126,0.8533715605735779
q20356,how to make a restart button using python,cara buat tombol restart menggunakan python,cara buat tombol restart menggunakan python return update error parameter method,10,d7740,0.8533715605735779
q20357,tracing python code execution,tracing eksekusi kode python,tracing eksekusi kode python update error query close condition,1,d6152,0.8508613705635071
q20357,tracing python code execution,tracing eksekusi kode python,tracing eksekusi kode python update error query close condition,2,d4047,0.8508613705635071
q20357,tracing python code execution,tracing eksekusi kode python,tracing eksekusi kode python update error query close condition,3,d9835,0.8508613705635071
q20357,tracing python code execution,tracing eksekusi kode python,tracing eksekusi kode python update error query close condition,4,d2332,0.8508613705635071
q20357,tracing python code execution,tracing eksekusi kode python,tracing eksekusi kode python update error query close condition,5,d14498,0.8508613705635071
q20357,tracing python code execution,tracing eksekusi kode python,tracing eksekusi kode python update error query close condition,6,d15561,0.8508613705635071
q20357,tracing python code execution,tracing eksekusi kode python,tracing eksekusi kode python update error query close condition,7,d78,0.8508613705635071
q20357,tracing python code execution,tracing eksekusi kode python,tracing eksekusi kode python update error query close condition,8,d4531,0.8486758470535278
q20357,tracing python code execution,tracing eksekusi kode python,tracing eksekusi kode python update error query close condition,9,d10970,0.8486758470535278
q20357,tracing python code execution,tracing eksekusi kode python,tracing eksekusi kode python update error query close condition,10,d15261,0.8486758470535278
q20358,delete pyc files from python script,hapus file pyc dari skrip python,hapus file pyc dari skrip python file error delete update query,1,d13396,0.8348226547241211
q20358,delete pyc files from python script,hapus file pyc dari skrip python,hapus file pyc dari skrip python file error delete update query,2,d18007,0.8337715268135071
q20358,delete pyc files from python script,hapus file pyc dari skrip python,hapus file pyc dari skrip python file error delete update query,3,d16448,0.8332927227020264
q20358,delete pyc files from python script,hapus file pyc dari skrip python,hapus file pyc dari skrip python file error delete update query,4,d3295,0.833078145980835
q20358,delete pyc files from python script,hapus file pyc dari skrip python,hapus file pyc dari skrip python file error delete update query,5,d2927,0.8325492143630981
q20358,delete pyc files from python script,hapus file pyc dari skrip python,hapus file pyc dari skrip python file error delete update query,6,d824,0.8325492143630981
q20358,delete pyc files from python script,hapus file pyc dari skrip python,hapus file pyc dari skrip python file error delete update query,7,d3416,0.8325492143630981
q20358,delete pyc files from python script,hapus file pyc dari skrip python,hapus file pyc dari skrip python file error delete update query,8,d9612,0.8325492143630981
q20358,delete pyc files from python script,hapus file pyc dari skrip python,hapus file pyc dari skrip python file error delete update query,9,d3398,0.8325492143630981
q20358,delete pyc files from python script,hapus file pyc dari skrip python,hapus file pyc dari skrip python file error delete update query,10,d5267,0.8325492143630981
q20359,sleep holding up python,sleep menahan python,sleep menahan python save query warning update write,1,d18007,0.854312539100647
q20359,sleep holding up python,sleep menahan python,sleep menahan python save query warning update write,2,d11823,0.852652907371521
q20359,sleep holding up python,sleep menahan python,sleep menahan python save query warning update write,3,d20464,0.8498203158378601
q20359,sleep holding up python,sleep menahan python,sleep menahan python save query warning update write,4,d5703,0.8498203158378601
q20359,sleep holding up python,sleep menahan python,sleep menahan python save query warning update write,5,d9629,0.8493123650550842
q20359,sleep holding up python,sleep menahan python,sleep menahan python save query warning update write,6,d1460,0.8493123650550842
q20359,sleep holding up python,sleep menahan python,sleep menahan python save query warning update write,7,d2724,0.8493123650550842
q20359,sleep holding up python,sleep menahan python,sleep menahan python save query warning update write,8,d1935,0.8492611646652222
q20359,sleep holding up python,sleep menahan python,sleep menahan python save query warning update write,9,d13702,0.8482358455657959
q20359,sleep holding up python,sleep menahan python,sleep menahan python save query warning update write,10,d7715,0.8482358455657959
q20360,traversal in tree in python,traversal di tree python,traversal di tree python loop error file table string,1,d9903,0.8636586666107178
q20360,traversal in tree in python,traversal di tree python,traversal di tree python loop error file table string,2,d11956,0.8636586666107178
q20360,traversal in tree in python,traversal di tree python,traversal di tree python loop error file table string,3,d16305,0.8543510437011719
q20360,traversal in tree in python,traversal di tree python,traversal di tree python loop error file table string,4,d3392,0.8509153127670288
q20360,traversal in tree in python,traversal di tree python,traversal di tree python loop error file table string,5,d7734,0.8509153127670288
q20360,traversal in tree in python,traversal di tree python,traversal di tree python loop error file table string,6,d1258,0.8509153127670288
q20360,traversal in tree in python,traversal di tree python,traversal di tree python loop error file table string,7,d11091,0.8509142398834229
q20360,traversal in tree in python,traversal di tree python,traversal di tree python loop error file table string,8,d11441,0.8509142398834229
q20360,traversal in tree in python,traversal di tree python,traversal di tree python loop error file table string,9,d7367,0.8509142398834229
q20360,traversal in tree in python,traversal di tree python,traversal di tree python loop error file table string,10,d1039,0.8509142398834229
q20361,timing a function call python,timing pemanggilan fungsi python,timing pemanggilan fungsi python function parameter query method update,1,d18881,0.8656023740768433
q20361,timing a function call python,timing pemanggilan fungsi python,timing pemanggilan fungsi python function parameter query method update,2,d19266,0.8656023740768433
q20361,timing a function call python,timing pemanggilan fungsi python,timing pemanggilan fungsi python function parameter query method update,3,d18592,0.8656022548675537
q20361,timing a function call python,timing pemanggilan fungsi python,timing pemanggilan fungsi python function parameter query method update,4,d9959,0.8577483892440796
q20361,timing a function call python,timing pemanggilan fungsi python,timing pemanggilan fungsi python function parameter query method update,5,d13319,0.8577483892440796
q20361,timing a function call python,timing pemanggilan fungsi python,timing pemanggilan fungsi python function parameter query method update,6,d15977,0.8522962927818298
q20361,timing a function call python,timing pemanggilan fungsi python,timing pemanggilan fungsi python function parameter query method update,7,d7902,0.8522962927818298
q20361,timing a function call python,timing pemanggilan fungsi python,timing pemanggilan fungsi python function parameter query method update,8,d8620,0.8522962927818298
q20361,timing a function call python,timing pemanggilan fungsi python,timing pemanggilan fungsi python function parameter query method update,9,d5648,0.8522962927818298
q20361,timing a function call python,timing pemanggilan fungsi python,timing pemanggilan fungsi python function parameter query method update,10,d12384,0.8522962927818298
q20362,python how to stop playsound,cara stop playsound python,cara stop playsound python warning close query error delete,1,d9870,0.866715669631958
q20362,python how to stop playsound,cara stop playsound python,cara stop playsound python warning close query error delete,2,d20362,0.8633819818496704
q20362,python how to stop playsound,cara stop playsound python,cara stop playsound python warning close query error delete,3,d8298,0.8552727699279785
q20362,python how to stop playsound,cara stop playsound python,cara stop playsound python warning close query error delete,4,d1356,0.8534178137779236
q20362,python how to stop playsound,cara stop playsound python,cara stop playsound python warning close query error delete,5,d2385,0.8534178137779236
q20362,python how to stop playsound,cara stop playsound python,cara stop playsound python warning close query error delete,6,d4217,0.8534178137779236
q20362,python how to stop playsound,cara stop playsound python,cara stop playsound python warning close query error delete,7,d3017,0.8529080152511597
q20362,python how to stop playsound,cara stop playsound python,cara stop playsound python warning close query error delete,8,d8454,0.8514333963394165
q20362,python how to stop playsound,cara stop playsound python,cara stop playsound python warning close query error delete,9,d9793,0.8514333963394165
q20362,python how to stop playsound,cara stop playsound python,cara stop playsound python warning close query error delete,10,d5627,0.8514333963394165
q20363,python change dictioinary values in place,ubah nilai dictionary di tempat python,ubah nilai dictionary di tempat python dictionary update error variable integer,1,d7229,0.8750874996185303
q20363,python change dictioinary values in place,ubah nilai dictionary di tempat python,ubah nilai dictionary di tempat python dictionary update error variable integer,2,d11823,0.8702155947685242
q20363,python change dictioinary values in place,ubah nilai dictionary di tempat python,ubah nilai dictionary di tempat python dictionary update error variable integer,3,d4588,0.8665932416915894
q20363,python change dictioinary values in place,ubah nilai dictionary di tempat python,ubah nilai dictionary di tempat python dictionary update error variable integer,4,d12592,0.8650736808776855
q20363,python change dictioinary values in place,ubah nilai dictionary di tempat python,ubah nilai dictionary di tempat python dictionary update error variable integer,5,d8653,0.8632392883300781
q20363,python change dictioinary values in place,ubah nilai dictionary di tempat python,ubah nilai dictionary di tempat python dictionary update error variable integer,6,d2238,0.8632392883300781
q20363,python change dictioinary values in place,ubah nilai dictionary di tempat python,ubah nilai dictionary di tempat python dictionary update error variable integer,7,d4429,0.8632392883300781
q20363,python change dictioinary values in place,ubah nilai dictionary di tempat python,ubah nilai dictionary di tempat python dictionary update error variable integer,8,d189,0.8632392883300781
q20363,python change dictioinary values in place,ubah nilai dictionary di tempat python,ubah nilai dictionary di tempat python dictionary update error variable integer,9,d9952,0.8632392883300781
q20363,python change dictioinary values in place,ubah nilai dictionary di tempat python,ubah nilai dictionary di tempat python dictionary update error variable integer,10,d4445,0.8632392883300781
q20364,can i pass instance method as variable python,bisa lewatkan metode instance sebagai variabel python,bisa lewatkan metode instance sebagai variabel python variable condition method error update,1,d19985,0.8481595516204834
q20364,can i pass instance method as variable python,bisa lewatkan metode instance sebagai variabel python,bisa lewatkan metode instance sebagai variabel python variable condition method error update,2,d7414,0.8481595516204834
q20364,can i pass instance method as variable python,bisa lewatkan metode instance sebagai variabel python,bisa lewatkan metode instance sebagai variabel python variable condition method error update,3,d2933,0.8481595516204834
q20364,can i pass instance method as variable python,bisa lewatkan metode instance sebagai variabel python,bisa lewatkan metode instance sebagai variabel python variable condition method error update,4,d8465,0.8464102745056152
q20364,can i pass instance method as variable python,bisa lewatkan metode instance sebagai variabel python,bisa lewatkan metode instance sebagai variabel python variable condition method error update,5,d3625,0.844845712184906
q20364,can i pass instance method as variable python,bisa lewatkan metode instance sebagai variabel python,bisa lewatkan metode instance sebagai variabel python variable condition method error update,6,d12486,0.8439189791679382
q20364,can i pass instance method as variable python,bisa lewatkan metode instance sebagai variabel python,bisa lewatkan metode instance sebagai variabel python variable condition method error update,7,d8238,0.8432308435440063
q20364,can i pass instance method as variable python,bisa lewatkan metode instance sebagai variabel python,bisa lewatkan metode instance sebagai variabel python variable condition method error update,8,d11066,0.8426913619041443
q20364,can i pass instance method as variable python,bisa lewatkan metode instance sebagai variabel python,bisa lewatkan metode instance sebagai variabel python variable condition method error update,9,d18007,0.8423972129821777
q20364,can i pass instance method as variable python,bisa lewatkan metode instance sebagai variabel python,bisa lewatkan metode instance sebagai variabel python variable condition method error update,10,d19896,0.8409124612808228
q20365,pickle python read entiere file,pickle python baca seluruh file,pickle python baca seluruh file file read query save update,1,d9669,0.8786948919296265
q20365,pickle python read entiere file,pickle python baca seluruh file,pickle python baca seluruh file file read query save update,2,d11357,0.8786948919296265
q20365,pickle python read entiere file,pickle python baca seluruh file,pickle python baca seluruh file file read query save update,3,d7131,0.8786948919296265
q20365,pickle python read entiere file,pickle python baca seluruh file,pickle python baca seluruh file file read query save update,4,d11464,0.8786948919296265
q20365,pickle python read entiere file,pickle python baca seluruh file,pickle python baca seluruh file file read query save update,5,d7632,0.8786948919296265
q20365,pickle python read entiere file,pickle python baca seluruh file,pickle python baca seluruh file file read query save update,6,d3407,0.8786948919296265
q20365,pickle python read entiere file,pickle python baca seluruh file,pickle python baca seluruh file file read query save update,7,d16328,0.8786948919296265
q20365,pickle python read entiere file,pickle python baca seluruh file,pickle python baca seluruh file file read query save update,8,d1353,0.8786948919296265
q20365,pickle python read entiere file,pickle python baca seluruh file,pickle python baca seluruh file file read query save update,9,d4985,0.8786948919296265
q20365,pickle python read entiere file,pickle python baca seluruh file,pickle python baca seluruh file file read query save update,10,d20365,0.8774372339248657
q20366,should there be equal no of columns to concanate two df python,harus ada jumlah kolom yang sama untuk concatenate dua df python,harus ada jumlah kolom yang sama untuk concatenate dua df python column integer database update error,1,d11823,0.8576636910438538
q20366,should there be equal no of columns to concanate two df python,harus ada jumlah kolom yang sama untuk concatenate dua df python,harus ada jumlah kolom yang sama untuk concatenate dua df python column integer database update error,2,d10271,0.8533859252929688
q20366,should there be equal no of columns to concanate two df python,harus ada jumlah kolom yang sama untuk concatenate dua df python,harus ada jumlah kolom yang sama untuk concatenate dua df python column integer database update error,3,d12767,0.8506470322608948
q20366,should there be equal no of columns to concanate two df python,harus ada jumlah kolom yang sama untuk concatenate dua df python,harus ada jumlah kolom yang sama untuk concatenate dua df python column integer database update error,4,d19622,0.8504289984703064
q20366,should there be equal no of columns to concanate two df python,harus ada jumlah kolom yang sama untuk concatenate dua df python,harus ada jumlah kolom yang sama untuk concatenate dua df python column integer database update error,5,d16217,0.8504289984703064
q20366,should there be equal no of columns to concanate two df python,harus ada jumlah kolom yang sama untuk concatenate dua df python,harus ada jumlah kolom yang sama untuk concatenate dua df python column integer database update error,6,d2911,0.8504289984703064
q20366,should there be equal no of columns to concanate two df python,harus ada jumlah kolom yang sama untuk concatenate dua df python,harus ada jumlah kolom yang sama untuk concatenate dua df python column integer database update error,7,d902,0.8504289984703064
q20366,should there be equal no of columns to concanate two df python,harus ada jumlah kolom yang sama untuk concatenate dua df python,harus ada jumlah kolom yang sama untuk concatenate dua df python column integer database update error,8,d20239,0.8504289984703064
q20366,should there be equal no of columns to concanate two df python,harus ada jumlah kolom yang sama untuk concatenate dua df python,harus ada jumlah kolom yang sama untuk concatenate dua df python column integer database update error,9,d3282,0.8504289984703064
q20366,should there be equal no of columns to concanate two df python,harus ada jumlah kolom yang sama untuk concatenate dua df python,harus ada jumlah kolom yang sama untuk concatenate dua df python column integer database update error,10,d20366,0.8504289984703064
q20367,python flatten deep nested list,meratakan list bersarang dalam python,meratakan list bersarang dalam python list integer sort column error,1,d5613,0.8451063632965088
q20367,python flatten deep nested list,meratakan list bersarang dalam python,meratakan list bersarang dalam python list integer sort column error,2,d5575,0.8451063632965088
q20367,python flatten deep nested list,meratakan list bersarang dalam python,meratakan list bersarang dalam python list integer sort column error,3,d1400,0.8451063632965088
q20367,python flatten deep nested list,meratakan list bersarang dalam python,meratakan list bersarang dalam python list integer sort column error,4,d19792,0.8394483327865601
q20367,python flatten deep nested list,meratakan list bersarang dalam python,meratakan list bersarang dalam python list integer sort column error,5,d16406,0.8386523127555847
q20367,python flatten deep nested list,meratakan list bersarang dalam python,meratakan list bersarang dalam python list integer sort column error,6,d4142,0.8375471830368042
q20367,python flatten deep nested list,meratakan list bersarang dalam python,meratakan list bersarang dalam python list integer sort column error,7,d14544,0.8375471830368042
q20367,python flatten deep nested list,meratakan list bersarang dalam python,meratakan list bersarang dalam python list integer sort column error,8,d18932,0.8347830176353455
q20367,python flatten deep nested list,meratakan list bersarang dalam python,meratakan list bersarang dalam python list integer sort column error,9,d19899,0.8347830176353455
q20367,python flatten deep nested list,meratakan list bersarang dalam python,meratakan list bersarang dalam python list integer sort column error,10,d17223,0.8347830176353455
q20368,how to show a variable amount of precision in python string format,cara tampilkan jumlah presisi variabel dalam format string python,cara tampilkan jumlah presisi variabel dalam format string python variable string integer parameter method,1,d14275,0.8728067874908447
q20368,how to show a variable amount of precision in python string format,cara tampilkan jumlah presisi variabel dalam format string python,cara tampilkan jumlah presisi variabel dalam format string python variable string integer parameter method,2,d3596,0.8526706695556641
q20368,how to show a variable amount of precision in python string format,cara tampilkan jumlah presisi variabel dalam format string python,cara tampilkan jumlah presisi variabel dalam format string python variable string integer parameter method,3,d12317,0.8526706695556641
q20368,how to show a variable amount of precision in python string format,cara tampilkan jumlah presisi variabel dalam format string python,cara tampilkan jumlah presisi variabel dalam format string python variable string integer parameter method,4,d878,0.8526706695556641
q20368,how to show a variable amount of precision in python string format,cara tampilkan jumlah presisi variabel dalam format string python,cara tampilkan jumlah presisi variabel dalam format string python variable string integer parameter method,5,d2179,0.8487722873687744
q20368,how to show a variable amount of precision in python string format,cara tampilkan jumlah presisi variabel dalam format string python,cara tampilkan jumlah presisi variabel dalam format string python variable string integer parameter method,6,d3812,0.8487722873687744
q20368,how to show a variable amount of precision in python string format,cara tampilkan jumlah presisi variabel dalam format string python,cara tampilkan jumlah presisi variabel dalam format string python variable string integer parameter method,7,d13008,0.8482565879821777
q20368,how to show a variable amount of precision in python string format,cara tampilkan jumlah presisi variabel dalam format string python,cara tampilkan jumlah presisi variabel dalam format string python variable string integer parameter method,8,d19626,0.8481821417808533
q20368,how to show a variable amount of precision in python string format,cara tampilkan jumlah presisi variabel dalam format string python,cara tampilkan jumlah presisi variabel dalam format string python variable string integer parameter method,9,d17108,0.8481821417808533
q20368,how to show a variable amount of precision in python string format,cara tampilkan jumlah presisi variabel dalam format string python,cara tampilkan jumlah presisi variabel dalam format string python variable string integer parameter method,10,d19081,0.8481821417808533
q20369,python array get element by index with default,dapat elemen array berdasarkan indeks dengan default python,dapat elemen array berdasarkan indeks dengan default python array integer error parameter row,1,d18544,0.8532500267028809
q20369,python array get element by index with default,dapat elemen array berdasarkan indeks dengan default python,dapat elemen array berdasarkan indeks dengan default python array integer error parameter row,2,d17175,0.8532500267028809
q20369,python array get element by index with default,dapat elemen array berdasarkan indeks dengan default python,dapat elemen array berdasarkan indeks dengan default python array integer error parameter row,3,d19414,0.8532500267028809
q20369,python array get element by index with default,dapat elemen array berdasarkan indeks dengan default python,dapat elemen array berdasarkan indeks dengan default python array integer error parameter row,4,d18207,0.8532500267028809
q20369,python array get element by index with default,dapat elemen array berdasarkan indeks dengan default python,dapat elemen array berdasarkan indeks dengan default python array integer error parameter row,5,d17705,0.8532500267028809
q20369,python array get element by index with default,dapat elemen array berdasarkan indeks dengan default python,dapat elemen array berdasarkan indeks dengan default python array integer error parameter row,6,d19272,0.8532500267028809
q20369,python array get element by index with default,dapat elemen array berdasarkan indeks dengan default python,dapat elemen array berdasarkan indeks dengan default python array integer error parameter row,7,d16732,0.8532500267028809
q20369,python array get element by index with default,dapat elemen array berdasarkan indeks dengan default python,dapat elemen array berdasarkan indeks dengan default python array integer error parameter row,8,d17314,0.8532500267028809
q20369,python array get element by index with default,dapat elemen array berdasarkan indeks dengan default python,dapat elemen array berdasarkan indeks dengan default python array integer error parameter row,9,d16949,0.8532500267028809
q20369,python array get element by index with default,dapat elemen array berdasarkan indeks dengan default python,dapat elemen array berdasarkan indeks dengan default python array integer error parameter row,10,d18553,0.8532500267028809
q20370,check if string is int in python,periksa apakah string adalah int di python,periksa apakah string adalah int di python string integer query search error,1,d11293,0.8918415307998657
q20370,check if string is int in python,periksa apakah string adalah int di python,periksa apakah string adalah int di python string integer query search error,2,d2347,0.8918415307998657
q20370,check if string is int in python,periksa apakah string adalah int di python,periksa apakah string adalah int di python string integer query search error,3,d14801,0.8918415307998657
q20370,check if string is int in python,periksa apakah string adalah int di python,periksa apakah string adalah int di python string integer query search error,4,d5015,0.8918415307998657
q20370,check if string is int in python,periksa apakah string adalah int di python,periksa apakah string adalah int di python string integer query search error,5,d4605,0.8918415307998657
q20370,check if string is int in python,periksa apakah string adalah int di python,periksa apakah string adalah int di python string integer query search error,6,d10761,0.8918415307998657
q20370,check if string is int in python,periksa apakah string adalah int di python,periksa apakah string adalah int di python string integer query search error,7,d8762,0.8918415307998657
q20370,check if string is int in python,periksa apakah string adalah int di python,periksa apakah string adalah int di python string integer query search error,8,d19707,0.8779368996620178
q20370,check if string is int in python,periksa apakah string adalah int di python,periksa apakah string adalah int di python string integer query search error,9,d14483,0.8779368996620178
q20370,check if string is int in python,periksa apakah string adalah int di python,periksa apakah string adalah int di python string integer query search error,10,d2200,0.8779368996620178
q20371,how to change numpy array to list in python,cara ubah array numpy ke list di python,cara ubah array numpy ke list di python array list update error integer,1,d11849,0.843725860118866
q20371,how to change numpy array to list in python,cara ubah array numpy ke list di python,cara ubah array numpy ke list di python array list update error integer,2,d11847,0.843725860118866
q20371,how to change numpy array to list in python,cara ubah array numpy ke list di python,cara ubah array numpy ke list di python array list update error integer,3,d15802,0.843725860118866
q20371,how to change numpy array to list in python,cara ubah array numpy ke list di python,cara ubah array numpy ke list di python array list update error integer,4,d4020,0.843725860118866
q20371,how to change numpy array to list in python,cara ubah array numpy ke list di python,cara ubah array numpy ke list di python array list update error integer,5,d9677,0.843725860118866
q20371,how to change numpy array to list in python,cara ubah array numpy ke list di python,cara ubah array numpy ke list di python array list update error integer,6,d9675,0.843725860118866
q20371,how to change numpy array to list in python,cara ubah array numpy ke list di python,cara ubah array numpy ke list di python array list update error integer,7,d8558,0.843725860118866
q20371,how to change numpy array to list in python,cara ubah array numpy ke list di python,cara ubah array numpy ke list di python array list update error integer,8,d9082,0.843725860118866
q20371,how to change numpy array to list in python,cara ubah array numpy ke list di python,cara ubah array numpy ke list di python array list update error integer,9,d14078,0.8373885154724121
q20371,how to change numpy array to list in python,cara ubah array numpy ke list di python,cara ubah array numpy ke list di python array list update error integer,10,d12388,0.8373885154724121
q20372,read a file into a set python,baca file ke set python,baca file ke set python file write read query save,1,d10760,0.8528367280960083
q20372,read a file into a set python,baca file ke set python,baca file ke set python file write read query save,2,d15078,0.8528367280960083
q20372,read a file into a set python,baca file ke set python,baca file ke set python file write read query save,3,d10762,0.8528367280960083
q20372,read a file into a set python,baca file ke set python,baca file ke set python file write read query save,4,d13774,0.8522320985794067
q20372,read a file into a set python,baca file ke set python,baca file ke set python file write read query save,5,d11820,0.8522320985794067
q20372,read a file into a set python,baca file ke set python,baca file ke set python file write read query save,6,d14432,0.8522320985794067
q20372,read a file into a set python,baca file ke set python,baca file ke set python file write read query save,7,d16038,0.8522320985794067
q20372,read a file into a set python,baca file ke set python,baca file ke set python file write read query save,8,d12639,0.8522320985794067
q20372,read a file into a set python,baca file ke set python,baca file ke set python file write read query save,9,d1139,0.8522320985794067
q20372,read a file into a set python,baca file ke set python,baca file ke set python file write read query save,10,d11381,0.8522320985794067
q20373,python round float to int,bulatkan float ke int python,bulatkan float ke int python integer query update function error,1,d8915,0.8572144508361816
q20373,python round float to int,bulatkan float ke int python,bulatkan float ke int python integer query update function error,2,d11825,0.8572144508361816
q20373,python round float to int,bulatkan float ke int python,bulatkan float ke int python integer query update function error,3,d8016,0.8572144508361816
q20373,python round float to int,bulatkan float ke int python,bulatkan float ke int python integer query update function error,4,d1938,0.8572144508361816
q20373,python round float to int,bulatkan float ke int python,bulatkan float ke int python integer query update function error,5,d357,0.8572144508361816
q20373,python round float to int,bulatkan float ke int python,bulatkan float ke int python integer query update function error,6,d14324,0.8572144508361816
q20373,python round float to int,bulatkan float ke int python,bulatkan float ke int python integer query update function error,7,d3623,0.8531520366668701
q20373,python round float to int,bulatkan float ke int python,bulatkan float ke int python integer query update function error,8,d881,0.8531520366668701
q20373,python round float to int,bulatkan float ke int python,bulatkan float ke int python integer query update function error,9,d19621,0.8531520366668701
q20373,python round float to int,bulatkan float ke int python,bulatkan float ke int python integer query update function error,10,d20066,0.8531520366668701
q20374,how to write a parser on python,cara tulis parser di python,cara tulis parser di python integer parameter write error string,1,d14275,0.8603021502494812
q20374,how to write a parser on python,cara tulis parser di python,cara tulis parser di python integer parameter write error string,2,d16406,0.8483836650848389
q20374,how to write a parser on python,cara tulis parser di python,cara tulis parser di python integer parameter write error string,3,d8208,0.8465989828109741
q20374,how to write a parser on python,cara tulis parser di python,cara tulis parser di python integer parameter write error string,4,d14482,0.8441173434257507
q20374,how to write a parser on python,cara tulis parser di python,cara tulis parser di python integer parameter write error string,5,d8204,0.8434821963310242
q20374,how to write a parser on python,cara tulis parser di python,cara tulis parser di python integer parameter write error string,6,d20374,0.8434582948684692
q20374,how to write a parser on python,cara tulis parser di python,cara tulis parser di python integer parameter write error string,7,d16466,0.843294620513916
q20374,how to write a parser on python,cara tulis parser di python,cara tulis parser di python integer parameter write error string,8,d8212,0.843294620513916
q20374,how to write a parser on python,cara tulis parser di python,cara tulis parser di python integer parameter write error string,9,d4378,0.843294620513916
q20374,how to write a parser on python,cara tulis parser di python,cara tulis parser di python integer parameter write error string,10,d19626,0.8426129817962646
q20375,python dict with keys no value,dictionary dengan kunci tanpa nilai python,dictionary dengan kunci tanpa nilai python dictionary integer error query variable,1,d17569,0.8648133873939514
q20375,python dict with keys no value,dictionary dengan kunci tanpa nilai python,dictionary dengan kunci tanpa nilai python dictionary integer error query variable,2,d2355,0.8634095191955566
q20375,python dict with keys no value,dictionary dengan kunci tanpa nilai python,dictionary dengan kunci tanpa nilai python dictionary integer error query variable,3,d10739,0.8634095191955566
q20375,python dict with keys no value,dictionary dengan kunci tanpa nilai python,dictionary dengan kunci tanpa nilai python dictionary integer error query variable,4,d10709,0.8634095191955566
q20375,python dict with keys no value,dictionary dengan kunci tanpa nilai python,dictionary dengan kunci tanpa nilai python dictionary integer error query variable,5,d10966,0.8634095191955566
q20375,python dict with keys no value,dictionary dengan kunci tanpa nilai python,dictionary dengan kunci tanpa nilai python dictionary integer error query variable,6,d2597,0.8625854849815369
q20375,python dict with keys no value,dictionary dengan kunci tanpa nilai python,dictionary dengan kunci tanpa nilai python dictionary integer error query variable,7,d15164,0.8625854849815369
q20375,python dict with keys no value,dictionary dengan kunci tanpa nilai python,dictionary dengan kunci tanpa nilai python dictionary integer error query variable,8,d2232,0.8625854849815369
q20375,python dict with keys no value,dictionary dengan kunci tanpa nilai python,dictionary dengan kunci tanpa nilai python dictionary integer error query variable,9,d19734,0.8619847893714905
q20375,python dict with keys no value,dictionary dengan kunci tanpa nilai python,dictionary dengan kunci tanpa nilai python dictionary integer error query variable,10,d2240,0.8619847893714905
q20376,how to remove blank lines from a text file in python,cara hapus baris kosong dari file teks di python,cara hapus baris kosong dari file teks di python row file database error delete column,1,d13396,0.8421546220779419
q20376,how to remove blank lines from a text file in python,cara hapus baris kosong dari file teks di python,cara hapus baris kosong dari file teks di python row file database error delete column,2,d13719,0.8386094570159912
q20376,how to remove blank lines from a text file in python,cara hapus baris kosong dari file teks di python,cara hapus baris kosong dari file teks di python row file database error delete column,3,d3954,0.8386094570159912
q20376,how to remove blank lines from a text file in python,cara hapus baris kosong dari file teks di python,cara hapus baris kosong dari file teks di python row file database error delete column,4,d14173,0.8386094570159912
q20376,how to remove blank lines from a text file in python,cara hapus baris kosong dari file teks di python,cara hapus baris kosong dari file teks di python row file database error delete column,5,d20025,0.8386094570159912
q20376,how to remove blank lines from a text file in python,cara hapus baris kosong dari file teks di python,cara hapus baris kosong dari file teks di python row file database error delete column,6,d11631,0.8386094570159912
q20376,how to remove blank lines from a text file in python,cara hapus baris kosong dari file teks di python,cara hapus baris kosong dari file teks di python row file database error delete column,7,d6874,0.8386094570159912
q20376,how to remove blank lines from a text file in python,cara hapus baris kosong dari file teks di python,cara hapus baris kosong dari file teks di python row file database error delete column,8,d6042,0.8386094570159912
q20376,how to remove blank lines from a text file in python,cara hapus baris kosong dari file teks di python,cara hapus baris kosong dari file teks di python row file database error delete column,9,d3422,0.8386094570159912
q20376,how to remove blank lines from a text file in python,cara hapus baris kosong dari file teks di python,cara hapus baris kosong dari file teks di python row file database error delete column,10,d20569,0.8368130922317505
q20377,how to hash a binary file in python,cari hash file biner di python,cari hash file biner di python file integer query error search,1,d19362,0.8517090082168579
q20377,how to hash a binary file in python,cari hash file biner di python,cari hash file biner di python file integer query error search,2,d19623,0.8517090082168579
q20377,how to hash a binary file in python,cari hash file biner di python,cari hash file biner di python file integer query error search,3,d16748,0.8517090082168579
q20377,how to hash a binary file in python,cari hash file biner di python,cari hash file biner di python file integer query error search,4,d16686,0.8517090082168579
q20377,how to hash a binary file in python,cari hash file biner di python,cari hash file biner di python file integer query error search,5,d18998,0.8517090082168579
q20377,how to hash a binary file in python,cari hash file biner di python,cari hash file biner di python file integer query error search,6,d17893,0.8517090082168579
q20377,how to hash a binary file in python,cari hash file biner di python,cari hash file biner di python file integer query error search,7,d18013,0.8517090082168579
q20377,how to hash a binary file in python,cari hash file biner di python,cari hash file biner di python file integer query error search,8,d18593,0.8517090082168579
q20377,how to hash a binary file in python,cari hash file biner di python,cari hash file biner di python file integer query error search,9,d18693,0.8517090082168579
q20377,how to hash a binary file in python,cari hash file biner di python,cari hash file biner di python file integer query error search,10,d18775,0.8517090082168579
q20378,python get function keyword names,dapat nama keyword fungsi python,dapat nama keyword fungsi python function parameter query dictionary column,1,d9320,0.8600842952728271
q20378,python get function keyword names,dapat nama keyword fungsi python,dapat nama keyword fungsi python function parameter query dictionary column,2,d2290,0.8600842952728271
q20378,python get function keyword names,dapat nama keyword fungsi python,dapat nama keyword fungsi python function parameter query dictionary column,3,d16430,0.8600842952728271
q20378,python get function keyword names,dapat nama keyword fungsi python,dapat nama keyword fungsi python function parameter query dictionary column,4,d13905,0.8592731952667236
q20378,python get function keyword names,dapat nama keyword fungsi python,dapat nama keyword fungsi python function parameter query dictionary column,5,d4358,0.859129786491394
q20378,python get function keyword names,dapat nama keyword fungsi python,dapat nama keyword fungsi python function parameter query dictionary column,6,d7398,0.8545947670936584
q20378,python get function keyword names,dapat nama keyword fungsi python,dapat nama keyword fungsi python function parameter query dictionary column,7,d1814,0.8545947670936584
q20378,python get function keyword names,dapat nama keyword fungsi python,dapat nama keyword fungsi python function parameter query dictionary column,8,d1060,0.8545947670936584
q20378,python get function keyword names,dapat nama keyword fungsi python,dapat nama keyword fungsi python function parameter query dictionary column,9,d6781,0.8545947670936584
q20378,python get function keyword names,dapat nama keyword fungsi python,dapat nama keyword fungsi python function parameter query dictionary column,10,d16299,0.8545947670936584
q20379,iterate through words in text file python,iterasi melalui kata dalam file teks python,iterasi melalui kata dalam file teks python file error integer dictionary query,1,d6916,0.8463815450668335
q20379,iterate through words in text file python,iterasi melalui kata dalam file teks python,iterasi melalui kata dalam file teks python file error integer dictionary query,2,d1829,0.8463815450668335
q20379,iterate through words in text file python,iterasi melalui kata dalam file teks python,iterasi melalui kata dalam file teks python file error integer dictionary query,3,d6698,0.8449268341064453
q20379,iterate through words in text file python,iterasi melalui kata dalam file teks python,iterasi melalui kata dalam file teks python file error integer dictionary query,4,d812,0.8449268341064453
q20379,iterate through words in text file python,iterasi melalui kata dalam file teks python,iterasi melalui kata dalam file teks python file error integer dictionary query,5,d9171,0.8449268341064453
q20379,iterate through words in text file python,iterasi melalui kata dalam file teks python,iterasi melalui kata dalam file teks python file error integer dictionary query,6,d2041,0.8449268341064453
q20379,iterate through words in text file python,iterasi melalui kata dalam file teks python,iterasi melalui kata dalam file teks python file error integer dictionary query,7,d3725,0.8449268341064453
q20379,iterate through words in text file python,iterasi melalui kata dalam file teks python,iterasi melalui kata dalam file teks python file error integer dictionary query,8,d13169,0.8449268341064453
q20379,iterate through words in text file python,iterasi melalui kata dalam file teks python,iterasi melalui kata dalam file teks python file error integer dictionary query,9,d1486,0.8449268341064453
q20379,iterate through words in text file python,iterasi melalui kata dalam file teks python,iterasi melalui kata dalam file teks python file error integer dictionary query,10,d1551,0.8449268341064453
q20380,python make a put request to restful endpoint,buat request put ke restful endpoint python,buat request put ke restful endpoint python update query search error return,1,d18911,0.8689924478530884
q20380,python make a put request to restful endpoint,buat request put ke restful endpoint python,buat request put ke restful endpoint python update query search error return,2,d20380,0.8689924478530884
q20380,python make a put request to restful endpoint,buat request put ke restful endpoint python,buat request put ke restful endpoint python update query search error return,3,d6017,0.8682137727737427
q20380,python make a put request to restful endpoint,buat request put ke restful endpoint python,buat request put ke restful endpoint python update query search error return,4,d8290,0.8600379228591919
q20380,python make a put request to restful endpoint,buat request put ke restful endpoint python,buat request put ke restful endpoint python update query search error return,5,d1935,0.8566602468490601
q20380,python make a put request to restful endpoint,buat request put ke restful endpoint python,buat request put ke restful endpoint python update query search error return,6,d12632,0.8560260534286499
q20380,python make a put request to restful endpoint,buat request put ke restful endpoint python,buat request put ke restful endpoint python update query search error return,7,d1172,0.8560260534286499
q20380,python make a put request to restful endpoint,buat request put ke restful endpoint python,buat request put ke restful endpoint python update query search error return,8,d5983,0.8558326363563538
q20380,python make a put request to restful endpoint,buat request put ke restful endpoint python,buat request put ke restful endpoint python update query search error return,9,d17825,0.8545955419540405
q20380,python make a put request to restful endpoint,buat request put ke restful endpoint python,buat request put ke restful endpoint python update query search error return,10,d18935,0.854568362236023
q20381,python get the id of the current thread,dapat id thread saat ini python,dapat id thread saat ini python update query add integer string,1,d3811,0.8523714542388916
q20381,python get the id of the current thread,dapat id thread saat ini python,dapat id thread saat ini python update query add integer string,2,d20381,0.8523714542388916
q20381,python get the id of the current thread,dapat id thread saat ini python,dapat id thread saat ini python update query add integer string,3,d3827,0.8523714542388916
q20381,python get the id of the current thread,dapat id thread saat ini python,dapat id thread saat ini python update query add integer string,4,d11823,0.8501441478729248
q20381,python get the id of the current thread,dapat id thread saat ini python,dapat id thread saat ini python update query add integer string,5,d17911,0.8469699621200562
q20381,python get the id of the current thread,dapat id thread saat ini python,dapat id thread saat ini python update query add integer string,6,d16043,0.8462076187133789
q20381,python get the id of the current thread,dapat id thread saat ini python,dapat id thread saat ini python update query add integer string,7,d189,0.8446027040481567
q20381,python get the id of the current thread,dapat id thread saat ini python,dapat id thread saat ini python update query add integer string,8,d8653,0.8446027040481567
q20381,python get the id of the current thread,dapat id thread saat ini python,dapat id thread saat ini python update query add integer string,9,d4429,0.8446027040481567
q20381,python get the id of the current thread,dapat id thread saat ini python,dapat id thread saat ini python update query add integer string,10,d2238,0.8446027040481567
q20382,python function returning a list of all entities is called,fungsi python yang return list semua entitas,fungsi python yang return list semua entitas return function list integer database,1,d20119,0.8539041876792908
q20382,python function returning a list of all entities is called,fungsi python yang return list semua entitas,fungsi python yang return list semua entitas return function list integer database,2,d3262,0.8520082235336304
q20382,python function returning a list of all entities is called,fungsi python yang return list semua entitas,fungsi python yang return list semua entitas return function list integer database,3,d19182,0.8482781052589417
q20382,python function returning a list of all entities is called,fungsi python yang return list semua entitas,fungsi python yang return list semua entitas return function list integer database,4,d14009,0.8472321033477783
q20382,python function returning a list of all entities is called,fungsi python yang return list semua entitas,fungsi python yang return list semua entitas return function list integer database,5,d16411,0.8472321033477783
q20382,python function returning a list of all entities is called,fungsi python yang return list semua entitas,fungsi python yang return list semua entitas return function list integer database,6,d11032,0.8472321033477783
q20382,python function returning a list of all entities is called,fungsi python yang return list semua entitas,fungsi python yang return list semua entitas return function list integer database,7,d10054,0.8472321033477783
q20382,python function returning a list of all entities is called,fungsi python yang return list semua entitas,fungsi python yang return list semua entitas return function list integer database,8,d14858,0.8472321033477783
q20382,python function returning a list of all entities is called,fungsi python yang return list semua entitas,fungsi python yang return list semua entitas return function list integer database,9,d14860,0.8472321033477783
q20382,python function returning a list of all entities is called,fungsi python yang return list semua entitas,fungsi python yang return list semua entitas return function list integer database,10,d5114,0.8472321033477783
q20383,how to flat a list of list python,cara ratakan list of list python,cara ratakan list of list python list integer query parameter sort,1,d5575,0.8569718599319458
q20383,how to flat a list of list python,cara ratakan list of list python,cara ratakan list of list python list integer query parameter sort,2,d5613,0.8569718599319458
q20383,how to flat a list of list python,cara ratakan list of list python,cara ratakan list of list python list integer query parameter sort,3,d1400,0.8569718599319458
q20383,how to flat a list of list python,cara ratakan list of list python,cara ratakan list of list python list integer query parameter sort,4,d19792,0.8525518178939819
q20383,how to flat a list of list python,cara ratakan list of list python,cara ratakan list of list python list integer query parameter sort,5,d4358,0.8499690890312195
q20383,how to flat a list of list python,cara ratakan list of list python,cara ratakan list of list python list integer query parameter sort,6,d5252,0.8460221886634827
q20383,how to flat a list of list python,cara ratakan list of list python,cara ratakan list of list python list integer query parameter sort,7,d3092,0.8460221886634827
q20383,how to flat a list of list python,cara ratakan list of list python,cara ratakan list of list python list integer query parameter sort,8,d5737,0.8445987701416016
q20383,how to flat a list of list python,cara ratakan list of list python,cara ratakan list of list python list integer query parameter sort,9,d6941,0.8445987701416016
q20383,how to flat a list of list python,cara ratakan list of list python,cara ratakan list of list python list integer query parameter sort,10,d13115,0.8445987701416016
q20384,python read yaml to numpy,baca yaml ke numpy python,baca yaml ke numpy python query read error update file,1,d11568,0.8607587814331055
q20384,python read yaml to numpy,baca yaml ke numpy python,baca yaml ke numpy python query read error update file,2,d8926,0.8607587814331055
q20384,python read yaml to numpy,baca yaml ke numpy python,baca yaml ke numpy python query read error update file,3,d11546,0.8563910722732544
q20384,python read yaml to numpy,baca yaml ke numpy python,baca yaml ke numpy python query read error update file,4,d14140,0.8563910722732544
q20384,python read yaml to numpy,baca yaml ke numpy python,baca yaml ke numpy python query read error update file,5,d1292,0.8563910722732544
q20384,python read yaml to numpy,baca yaml ke numpy python,baca yaml ke numpy python query read error update file,6,d13568,0.8563910722732544
q20384,python read yaml to numpy,baca yaml ke numpy python,baca yaml ke numpy python query read error update file,7,d1296,0.855976939201355
q20384,python read yaml to numpy,baca yaml ke numpy python,baca yaml ke numpy python query read error update file,8,d3801,0.855976939201355
q20384,python read yaml to numpy,baca yaml ke numpy python,baca yaml ke numpy python query read error update file,9,d19938,0.855976939201355
q20384,python read yaml to numpy,baca yaml ke numpy python,baca yaml ke numpy python query read error update file,10,d13700,0.855976939201355
q20385,discord python get user from id string,dapatkan user dari id string discord python,dapatkan user dari id string discord python string update search database integer,1,d11823,0.8500366806983948
q20385,discord python get user from id string,dapatkan user dari id string discord python,dapatkan user dari id string discord python string update search database integer,2,d3767,0.849137544631958
q20385,discord python get user from id string,dapatkan user dari id string discord python,dapatkan user dari id string discord python string update search database integer,3,d14611,0.849137544631958
q20385,discord python get user from id string,dapatkan user dari id string discord python,dapatkan user dari id string discord python string update search database integer,4,d10791,0.849137544631958
q20385,discord python get user from id string,dapatkan user dari id string discord python,dapatkan user dari id string discord python string update search database integer,5,d11310,0.849137544631958
q20385,discord python get user from id string,dapatkan user dari id string discord python,dapatkan user dari id string discord python string update search database integer,6,d9848,0.849137544631958
q20385,discord python get user from id string,dapatkan user dari id string discord python,dapatkan user dari id string discord python string update search database integer,7,d10652,0.849137544631958
q20385,discord python get user from id string,dapatkan user dari id string discord python,dapatkan user dari id string discord python string update search database integer,8,d937,0.849137544631958
q20385,discord python get user from id string,dapatkan user dari id string discord python,dapatkan user dari id string discord python string update search database integer,9,d5100,0.849137544631958
q20385,discord python get user from id string,dapatkan user dari id string discord python,dapatkan user dari id string discord python string update search database integer,10,d5732,0.849137544631958
q20386,list of arbitrary objects to counts in python,list objek arbitrer ke hitungan di python,list objek arbitrer ke hitungan di python integer list error parameter array,1,d8781,0.8467725515365601
q20386,list of arbitrary objects to counts in python,list objek arbitrer ke hitungan di python,list objek arbitrer ke hitungan di python integer list error parameter array,2,d12742,0.8467725515365601
q20386,list of arbitrary objects to counts in python,list objek arbitrer ke hitungan di python,list objek arbitrer ke hitungan di python integer list error parameter array,3,d19272,0.8467427492141724
q20386,list of arbitrary objects to counts in python,list objek arbitrer ke hitungan di python,list objek arbitrer ke hitungan di python integer list error parameter array,4,d19414,0.8467427492141724
q20386,list of arbitrary objects to counts in python,list objek arbitrer ke hitungan di python,list objek arbitrer ke hitungan di python integer list error parameter array,5,d18553,0.8467427492141724
q20386,list of arbitrary objects to counts in python,list objek arbitrer ke hitungan di python,list objek arbitrer ke hitungan di python integer list error parameter array,6,d17705,0.8467427492141724
q20386,list of arbitrary objects to counts in python,list objek arbitrer ke hitungan di python,list objek arbitrer ke hitungan di python integer list error parameter array,7,d16949,0.8467427492141724
q20386,list of arbitrary objects to counts in python,list objek arbitrer ke hitungan di python,list objek arbitrer ke hitungan di python integer list error parameter array,8,d16732,0.8467427492141724
q20386,list of arbitrary objects to counts in python,list objek arbitrer ke hitungan di python,list objek arbitrer ke hitungan di python integer list error parameter array,9,d18544,0.8467427492141724
q20386,list of arbitrary objects to counts in python,list objek arbitrer ke hitungan di python,list objek arbitrer ke hitungan di python integer list error parameter array,10,d17314,0.8467427492141724
q20387,how to know queue size in python,cara tahu ukuran queue di python,cara tahu ukuran queue di python integer parameter row update array,1,d457,0.8439878821372986
q20387,how to know queue size in python,cara tahu ukuran queue di python,cara tahu ukuran queue di python integer parameter row update array,2,d20387,0.8439878821372986
q20387,how to know queue size in python,cara tahu ukuran queue di python,cara tahu ukuran queue di python integer parameter row update array,3,d16129,0.8439878821372986
q20387,how to know queue size in python,cara tahu ukuran queue di python,cara tahu ukuran queue di python integer parameter row update array,4,d6843,0.8439878821372986
q20387,how to know queue size in python,cara tahu ukuran queue di python,cara tahu ukuran queue di python integer parameter row update array,5,d16133,0.8439878821372986
q20387,how to know queue size in python,cara tahu ukuran queue di python,cara tahu ukuran queue di python integer parameter row update array,6,d20235,0.8439878821372986
q20387,how to know queue size in python,cara tahu ukuran queue di python,cara tahu ukuran queue di python integer parameter row update array,7,d2794,0.8439878821372986
q20387,how to know queue size in python,cara tahu ukuran queue di python,cara tahu ukuran queue di python integer parameter row update array,8,d11823,0.8426564931869507
q20387,how to know queue size in python,cara tahu ukuran queue di python,cara tahu ukuran queue di python integer parameter row update array,9,d13574,0.8401229381561279
q20387,how to know queue size in python,cara tahu ukuran queue di python,cara tahu ukuran queue di python integer parameter row update array,10,d7700,0.8401229381561279
q20388,impute missing values in python,imputasi nilai hilang di python,imputasi nilai hilang di python integer error delete variable update,1,d13125,0.8436516523361206
q20388,impute missing values in python,imputasi nilai hilang di python,imputasi nilai hilang di python integer error delete variable update,2,d10400,0.8436516523361206
q20388,impute missing values in python,imputasi nilai hilang di python,imputasi nilai hilang di python integer error delete variable update,3,d13541,0.8436516523361206
q20388,impute missing values in python,imputasi nilai hilang di python,imputasi nilai hilang di python integer error delete variable update,4,d20388,0.8436516523361206
q20388,impute missing values in python,imputasi nilai hilang di python,imputasi nilai hilang di python integer error delete variable update,5,d13123,0.8436516523361206
q20388,impute missing values in python,imputasi nilai hilang di python,imputasi nilai hilang di python integer error delete variable update,6,d11471,0.8436516523361206
q20388,impute missing values in python,imputasi nilai hilang di python,imputasi nilai hilang di python integer error delete variable update,7,d13543,0.8436516523361206
q20388,impute missing values in python,imputasi nilai hilang di python,imputasi nilai hilang di python integer error delete variable update,8,d7709,0.8436516523361206
q20388,impute missing values in python,imputasi nilai hilang di python,imputasi nilai hilang di python integer error delete variable update,9,d7443,0.8401923775672913
q20388,impute missing values in python,imputasi nilai hilang di python,imputasi nilai hilang di python integer error delete variable update,10,d11650,0.8361791372299194
q20389,python dict rank by value,peringkat dictionary berdasarkan nilai python,peringkat dictionary berdasarkan nilai python dictionary integer query variable error,1,d1365,0.8531367778778076
q20389,python dict rank by value,peringkat dictionary berdasarkan nilai python,peringkat dictionary berdasarkan nilai python dictionary integer query variable error,2,d5683,0.8531367778778076
q20389,python dict rank by value,peringkat dictionary berdasarkan nilai python,peringkat dictionary berdasarkan nilai python dictionary integer query variable error,3,d4978,0.8531367778778076
q20389,python dict rank by value,peringkat dictionary berdasarkan nilai python,peringkat dictionary berdasarkan nilai python dictionary integer query variable error,4,d3518,0.8531367778778076
q20389,python dict rank by value,peringkat dictionary berdasarkan nilai python,peringkat dictionary berdasarkan nilai python dictionary integer query variable error,5,d7892,0.8531367778778076
q20389,python dict rank by value,peringkat dictionary berdasarkan nilai python,peringkat dictionary berdasarkan nilai python dictionary integer query variable error,6,d2815,0.8531367778778076
q20389,python dict rank by value,peringkat dictionary berdasarkan nilai python,peringkat dictionary berdasarkan nilai python dictionary integer query variable error,7,d13161,0.8531367778778076
q20389,python dict rank by value,peringkat dictionary berdasarkan nilai python,peringkat dictionary berdasarkan nilai python dictionary integer query variable error,8,d2845,0.8518459796905518
q20389,python dict rank by value,peringkat dictionary berdasarkan nilai python,peringkat dictionary berdasarkan nilai python dictionary integer query variable error,9,d2240,0.8518459796905518
q20389,python dict rank by value,peringkat dictionary berdasarkan nilai python,peringkat dictionary berdasarkan nilai python dictionary integer query variable error,10,d10618,0.8518459796905518
q20390,generate short unique id python,hasilkan id unik pendek python,hasilkan id unik pendek python integer update query error parameter,1,d15109,0.8581080436706543
q20390,generate short unique id python,hasilkan id unik pendek python,hasilkan id unik pendek python integer update query error parameter,2,d6986,0.8581080436706543
q20390,generate short unique id python,hasilkan id unik pendek python,hasilkan id unik pendek python integer update query error parameter,3,d15117,0.8577498197555542
q20390,generate short unique id python,hasilkan id unik pendek python,hasilkan id unik pendek python integer update query error parameter,4,d628,0.8577498197555542
q20390,generate short unique id python,hasilkan id unik pendek python,hasilkan id unik pendek python integer update query error parameter,5,d9412,0.8577498197555542
q20390,generate short unique id python,hasilkan id unik pendek python,hasilkan id unik pendek python integer update query error parameter,6,d616,0.8577498197555542
q20390,generate short unique id python,hasilkan id unik pendek python,hasilkan id unik pendek python integer update query error parameter,7,d10545,0.8577498197555542
q20390,generate short unique id python,hasilkan id unik pendek python,hasilkan id unik pendek python integer update query error parameter,8,d6771,0.8577498197555542
q20390,generate short unique id python,hasilkan id unik pendek python,hasilkan id unik pendek python integer update query error parameter,9,d10059,0.8575811386108398
q20390,generate short unique id python,hasilkan id unik pendek python,hasilkan id unik pendek python integer update query error parameter,10,d3459,0.8529055118560791
q20391,python numpy inverse of the matrix,invers matriks numpy python,invers matriks numpy python integer error parameter array function,1,d20391,0.8737217783927917
q20391,python numpy inverse of the matrix,invers matriks numpy python,invers matriks numpy python integer error parameter array function,2,d13949,0.8737217783927917
q20391,python numpy inverse of the matrix,invers matriks numpy python,invers matriks numpy python integer error parameter array function,3,d13953,0.8737217783927917
q20391,python numpy inverse of the matrix,invers matriks numpy python,invers matriks numpy python integer error parameter array function,4,d15217,0.8737217783927917
q20391,python numpy inverse of the matrix,invers matriks numpy python,invers matriks numpy python integer error parameter array function,5,d3784,0.8737217783927917
q20391,python numpy inverse of the matrix,invers matriks numpy python,invers matriks numpy python integer error parameter array function,6,d13348,0.8737217783927917
q20391,python numpy inverse of the matrix,invers matriks numpy python,invers matriks numpy python integer error parameter array function,7,d2733,0.8727239370346069
q20391,python numpy inverse of the matrix,invers matriks numpy python,invers matriks numpy python integer error parameter array function,8,d11589,0.8697187900543213
q20391,python numpy inverse of the matrix,invers matriks numpy python,invers matriks numpy python integer error parameter array function,9,d20258,0.8695751428604126
q20391,python numpy inverse of the matrix,invers matriks numpy python,invers matriks numpy python integer error parameter array function,10,d11101,0.8659870028495789
q20392,python how to mix backslash and forward slashes in path,cara campur backslash dan forward slash dalam path python,cara campur backslash dan forward slash dalam path python parameter string query file function,1,d9698,0.8445196747779846
q20392,python how to mix backslash and forward slashes in path,cara campur backslash dan forward slash dalam path python,cara campur backslash dan forward slash dalam path python parameter string query file function,2,d1876,0.8445196747779846
q20392,python how to mix backslash and forward slashes in path,cara campur backslash dan forward slash dalam path python,cara campur backslash dan forward slash dalam path python parameter string query file function,3,d7653,0.8445196747779846
q20392,python how to mix backslash and forward slashes in path,cara campur backslash dan forward slash dalam path python,cara campur backslash dan forward slash dalam path python parameter string query file function,4,d8054,0.8445196747779846
q20392,python how to mix backslash and forward slashes in path,cara campur backslash dan forward slash dalam path python,cara campur backslash dan forward slash dalam path python parameter string query file function,5,d12334,0.8445196747779846
q20392,python how to mix backslash and forward slashes in path,cara campur backslash dan forward slash dalam path python,cara campur backslash dan forward slash dalam path python parameter string query file function,6,d1776,0.8445196747779846
q20392,python how to mix backslash and forward slashes in path,cara campur backslash dan forward slash dalam path python,cara campur backslash dan forward slash dalam path python parameter string query file function,7,d3144,0.843846321105957
q20392,python how to mix backslash and forward slashes in path,cara campur backslash dan forward slash dalam path python,cara campur backslash dan forward slash dalam path python parameter string query file function,8,d6056,0.843846321105957
q20392,python how to mix backslash and forward slashes in path,cara campur backslash dan forward slash dalam path python,cara campur backslash dan forward slash dalam path python parameter string query file function,9,d20336,0.843846321105957
q20392,python how to mix backslash and forward slashes in path,cara campur backslash dan forward slash dalam path python,cara campur backslash dan forward slash dalam path python parameter string query file function,10,d5700,0.843846321105957
q20393,reduce functon not defined in python,fungsi reduce tidak terdefinisi di python,fungsi reduce tidak terdefinisi di python function error delete integer query,1,d17293,0.8733345866203308
q20393,reduce functon not defined in python,fungsi reduce tidak terdefinisi di python,fungsi reduce tidak terdefinisi di python function error delete integer query,2,d20579,0.8509633541107178
q20393,reduce functon not defined in python,fungsi reduce tidak terdefinisi di python,fungsi reduce tidak terdefinisi di python function error delete integer query,3,d7611,0.8509633541107178
q20393,reduce functon not defined in python,fungsi reduce tidak terdefinisi di python,fungsi reduce tidak terdefinisi di python function error delete integer query,4,d20209,0.8509633541107178
q20393,reduce functon not defined in python,fungsi reduce tidak terdefinisi di python,fungsi reduce tidak terdefinisi di python function error delete integer query,5,d703,0.8509633541107178
q20393,reduce functon not defined in python,fungsi reduce tidak terdefinisi di python,fungsi reduce tidak terdefinisi di python function error delete integer query,6,d19954,0.8509633541107178
q20393,reduce functon not defined in python,fungsi reduce tidak terdefinisi di python,fungsi reduce tidak terdefinisi di python function error delete integer query,7,d10212,0.8509633541107178
q20393,reduce functon not defined in python,fungsi reduce tidak terdefinisi di python,fungsi reduce tidak terdefinisi di python function error delete integer query,8,d3104,0.8509633541107178
q20393,reduce functon not defined in python,fungsi reduce tidak terdefinisi di python,fungsi reduce tidak terdefinisi di python function error delete integer query,9,d13396,0.8350777626037598
q20393,reduce functon not defined in python,fungsi reduce tidak terdefinisi di python,fungsi reduce tidak terdefinisi di python function error delete integer query,10,d3424,0.8339637517929077
q20394,python detect key press linux,deteksi keypress linux python,deteksi keypress linux python query update delete file search,1,d18007,0.8457549214363098
q20394,python detect key press linux,deteksi keypress linux python,deteksi keypress linux python query update delete file search,2,d2618,0.8444892764091492
q20394,python detect key press linux,deteksi keypress linux python,deteksi keypress linux python query update delete file search,3,d12662,0.8444892764091492
q20394,python detect key press linux,deteksi keypress linux python,deteksi keypress linux python query update delete file search,4,d4776,0.8444892764091492
q20394,python detect key press linux,deteksi keypress linux python,deteksi keypress linux python query update delete file search,5,d8934,0.8444892764091492
q20394,python detect key press linux,deteksi keypress linux python,deteksi keypress linux python query update delete file search,6,d6635,0.8444892764091492
q20394,python detect key press linux,deteksi keypress linux python,deteksi keypress linux python query update delete file search,7,d20190,0.8444892764091492
q20394,python detect key press linux,deteksi keypress linux python,deteksi keypress linux python query update delete file search,8,d7326,0.844062089920044
q20394,python detect key press linux,deteksi keypress linux python,deteksi keypress linux python query update delete file search,9,d10856,0.844062089920044
q20394,python detect key press linux,deteksi keypress linux python,deteksi keypress linux python query update delete file search,10,d10663,0.844062089920044
q20395,how to generate random binary tree in python,cara hasilkan binary tree acak di python,cara hasilkan binary tree acak di python integer error row update function,1,d2547,0.8406952619552612
q20395,how to generate random binary tree in python,cara hasilkan binary tree acak di python,cara hasilkan binary tree acak di python integer error row update function,2,d1163,0.8406952619552612
q20395,how to generate random binary tree in python,cara hasilkan binary tree acak di python,cara hasilkan binary tree acak di python integer error row update function,3,d3113,0.8406952619552612
q20395,how to generate random binary tree in python,cara hasilkan binary tree acak di python,cara hasilkan binary tree acak di python integer error row update function,4,d20395,0.8372516632080078
q20395,how to generate random binary tree in python,cara hasilkan binary tree acak di python,cara hasilkan binary tree acak di python integer error row update function,5,d6035,0.8306637406349182
q20395,how to generate random binary tree in python,cara hasilkan binary tree acak di python,cara hasilkan binary tree acak di python integer error row update function,6,d5364,0.8306637406349182
q20395,how to generate random binary tree in python,cara hasilkan binary tree acak di python,cara hasilkan binary tree acak di python integer error row update function,7,d16337,0.8306637406349182
q20395,how to generate random binary tree in python,cara hasilkan binary tree acak di python,cara hasilkan binary tree acak di python integer error row update function,8,d8586,0.8306637406349182
q20395,how to generate random binary tree in python,cara hasilkan binary tree acak di python,cara hasilkan binary tree acak di python integer error row update function,9,d3476,0.828917384147644
q20395,how to generate random binary tree in python,cara hasilkan binary tree acak di python,cara hasilkan binary tree acak di python integer error row update function,10,d11823,0.8272730708122253
q20396,python get epoch milis from datetime,dapat epoch milis dari datetime python,dapat epoch milis dari datetime python update query error integer string,1,d8575,0.8607257604598999
q20396,python get epoch milis from datetime,dapat epoch milis dari datetime python,dapat epoch milis dari datetime python update query error integer string,2,d4373,0.8607257604598999
q20396,python get epoch milis from datetime,dapat epoch milis dari datetime python,dapat epoch milis dari datetime python update query error integer string,3,d12537,0.8607257604598999
q20396,python get epoch milis from datetime,dapat epoch milis dari datetime python,dapat epoch milis dari datetime python update query error integer string,4,d19750,0.8607257008552551
q20396,python get epoch milis from datetime,dapat epoch milis dari datetime python,dapat epoch milis dari datetime python update query error integer string,5,d8871,0.8607257008552551
q20396,python get epoch milis from datetime,dapat epoch milis dari datetime python,dapat epoch milis dari datetime python update query error integer string,6,d12841,0.8607257008552551
q20396,python get epoch milis from datetime,dapat epoch milis dari datetime python,dapat epoch milis dari datetime python update query error integer string,7,d2190,0.8607257008552551
q20396,python get epoch milis from datetime,dapat epoch milis dari datetime python,dapat epoch milis dari datetime python update query error integer string,8,d2521,0.8607257008552551
q20396,python get epoch milis from datetime,dapat epoch milis dari datetime python,dapat epoch milis dari datetime python update query error integer string,9,d15025,0.8547772169113159
q20396,python get epoch milis from datetime,dapat epoch milis dari datetime python,dapat epoch milis dari datetime python update query error integer string,10,d500,0.8547772169113159
q20397,python get environ user windows,dapat environ user windows python,dapat environ user windows python error update query database parameter,1,d11823,0.8594623804092407
q20397,python get environ user windows,dapat environ user windows python,dapat environ user windows python error update query database parameter,2,d10079,0.8571564555168152
q20397,python get environ user windows,dapat environ user windows python,dapat environ user windows python error update query database parameter,3,d1935,0.852427065372467
q20397,python get environ user windows,dapat environ user windows python,dapat environ user windows python error update query database parameter,4,d12742,0.851105809211731
q20397,python get environ user windows,dapat environ user windows python,dapat environ user windows python error update query database parameter,5,d8781,0.851105809211731
q20397,python get environ user windows,dapat environ user windows python,dapat environ user windows python error update query database parameter,6,d3476,0.8453015685081482
q20397,python get environ user windows,dapat environ user windows python,dapat environ user windows python error update query database parameter,7,d5154,0.844935417175293
q20397,python get environ user windows,dapat environ user windows python,dapat environ user windows python error update query database parameter,8,d8797,0.8435578942298889
q20397,python get environ user windows,dapat environ user windows python,dapat environ user windows python error update query database parameter,9,d2322,0.8435578942298889
q20397,python get environ user windows,dapat environ user windows python,dapat environ user windows python error update query database parameter,10,d13659,0.8435578942298889
q20398,iterator is past the end python,iterator sudah melewati akhir python,iterator sudah melewati akhir python integer error close query update,1,d13167,0.8532907962799072
q20398,iterator is past the end python,iterator sudah melewati akhir python,iterator sudah melewati akhir python integer error close query update,2,d15708,0.8532907962799072
q20398,iterator is past the end python,iterator sudah melewati akhir python,iterator sudah melewati akhir python integer error close query update,3,d2654,0.8512604832649231
q20398,iterator is past the end python,iterator sudah melewati akhir python,iterator sudah melewati akhir python integer error close query update,4,d15250,0.8502126932144165
q20398,iterator is past the end python,iterator sudah melewati akhir python,iterator sudah melewati akhir python integer error close query update,5,d798,0.8502126932144165
q20398,iterator is past the end python,iterator sudah melewati akhir python,iterator sudah melewati akhir python integer error close query update,6,d6299,0.8502126932144165
q20398,iterator is past the end python,iterator sudah melewati akhir python,iterator sudah melewati akhir python integer error close query update,7,d7903,0.8502126932144165
q20398,iterator is past the end python,iterator sudah melewati akhir python,iterator sudah melewati akhir python integer error close query update,8,d7923,0.8502126932144165
q20398,iterator is past the end python,iterator sudah melewati akhir python,iterator sudah melewati akhir python integer error close query update,9,d9098,0.8502126932144165
q20398,iterator is past the end python,iterator sudah melewati akhir python,iterator sudah melewati akhir python integer error close query update,10,d20116,0.8497046232223511
q20399,python if file not exist then creat,jika file tidak ada lalu buat python,jika file tidak ada lalu buat python file error delete update save,1,d3107,0.8465768098831177
q20399,python if file not exist then creat,jika file tidak ada lalu buat python,jika file tidak ada lalu buat python file error delete update save,2,d14749,0.8465768098831177
q20399,python if file not exist then creat,jika file tidak ada lalu buat python,jika file tidak ada lalu buat python file error delete update save,3,d8595,0.8465768098831177
q20399,python if file not exist then creat,jika file tidak ada lalu buat python,jika file tidak ada lalu buat python file error delete update save,4,d6567,0.8465768098831177
q20399,python if file not exist then creat,jika file tidak ada lalu buat python,jika file tidak ada lalu buat python file error delete update save,5,d14929,0.8465768098831177
q20399,python if file not exist then creat,jika file tidak ada lalu buat python,jika file tidak ada lalu buat python file error delete update save,6,d14924,0.8465768098831177
q20399,python if file not exist then creat,jika file tidak ada lalu buat python,jika file tidak ada lalu buat python file error delete update save,7,d10996,0.8465768098831177
q20399,python if file not exist then creat,jika file tidak ada lalu buat python,jika file tidak ada lalu buat python file error delete update save,8,d8095,0.8431847095489502
q20399,python if file not exist then creat,jika file tidak ada lalu buat python,jika file tidak ada lalu buat python file error delete update save,9,d3103,0.8431847095489502
q20399,python if file not exist then creat,jika file tidak ada lalu buat python,jika file tidak ada lalu buat python file error delete update save,10,d5477,0.8431847095489502
q20400,python howe to tell if path passed in is absolute or relative,cara tahu apakah path yang dilewatkan absolut atau relatif python,cara tahu apakah path yang dilewatkan absolut atau relatif python open error file integer query,1,d2640,0.8625833988189697
q20400,python howe to tell if path passed in is absolute or relative,cara tahu apakah path yang dilewatkan absolut atau relatif python,cara tahu apakah path yang dilewatkan absolut atau relatif python open error file integer query,2,d15927,0.8625833988189697
q20400,python howe to tell if path passed in is absolute or relative,cara tahu apakah path yang dilewatkan absolut atau relatif python,cara tahu apakah path yang dilewatkan absolut atau relatif python open error file integer query,3,d1135,0.8625833988189697
q20400,python howe to tell if path passed in is absolute or relative,cara tahu apakah path yang dilewatkan absolut atau relatif python,cara tahu apakah path yang dilewatkan absolut atau relatif python open error file integer query,4,d2915,0.8625833988189697
q20400,python howe to tell if path passed in is absolute or relative,cara tahu apakah path yang dilewatkan absolut atau relatif python,cara tahu apakah path yang dilewatkan absolut atau relatif python open error file integer query,5,d92,0.8625833988189697
q20400,python howe to tell if path passed in is absolute or relative,cara tahu apakah path yang dilewatkan absolut atau relatif python,cara tahu apakah path yang dilewatkan absolut atau relatif python open error file integer query,6,d1750,0.8616505265235901
q20400,python howe to tell if path passed in is absolute or relative,cara tahu apakah path yang dilewatkan absolut atau relatif python,cara tahu apakah path yang dilewatkan absolut atau relatif python open error file integer query,7,d15255,0.8616505265235901
q20400,python howe to tell if path passed in is absolute or relative,cara tahu apakah path yang dilewatkan absolut atau relatif python,cara tahu apakah path yang dilewatkan absolut atau relatif python open error file integer query,8,d4878,0.8616505265235901
q20400,python howe to tell if path passed in is absolute or relative,cara tahu apakah path yang dilewatkan absolut atau relatif python,cara tahu apakah path yang dilewatkan absolut atau relatif python open error file integer query,9,d789,0.8616505265235901
q20400,python howe to tell if path passed in is absolute or relative,cara tahu apakah path yang dilewatkan absolut atau relatif python,cara tahu apakah path yang dilewatkan absolut atau relatif python open error file integer query,10,d7840,0.8607325553894043
q20401,maker a string lowercase pythong,buat string huruf kecil python,buat string huruf kecil python string write integer error parameter,1,d3398,0.8664282560348511
q20401,maker a string lowercase pythong,buat string huruf kecil python,buat string huruf kecil python string write integer error parameter,2,d3416,0.8664282560348511
q20401,maker a string lowercase pythong,buat string huruf kecil python,buat string huruf kecil python string write integer error parameter,3,d824,0.8664282560348511
q20401,maker a string lowercase pythong,buat string huruf kecil python,buat string huruf kecil python string write integer error parameter,4,d9612,0.8664282560348511
q20401,maker a string lowercase pythong,buat string huruf kecil python,buat string huruf kecil python string write integer error parameter,5,d2927,0.8664282560348511
q20401,maker a string lowercase pythong,buat string huruf kecil python,buat string huruf kecil python string write integer error parameter,6,d5267,0.8664282560348511
q20401,maker a string lowercase pythong,buat string huruf kecil python,buat string huruf kecil python string write integer error parameter,7,d14037,0.8633760809898376
q20401,maker a string lowercase pythong,buat string huruf kecil python,buat string huruf kecil python string write integer error parameter,8,d19626,0.86226886510849
q20401,maker a string lowercase pythong,buat string huruf kecil python,buat string huruf kecil python string write integer error parameter,9,d18646,0.86226886510849
q20401,maker a string lowercase pythong,buat string huruf kecil python,buat string huruf kecil python string write integer error parameter,10,d19081,0.86226886510849
q20402,python sys stdout write new line,sys stdout tulis baris baru python,sys stdout tulis baris baru python row update write column error integer,1,d11823,0.8607000112533569
q20402,python sys stdout write new line,sys stdout tulis baris baru python,sys stdout tulis baris baru python row update write column error integer,2,d7171,0.8533567786216736
q20402,python sys stdout write new line,sys stdout tulis baris baru python,sys stdout tulis baris baru python row update write column error integer,3,d14686,0.8518357872962952
q20402,python sys stdout write new line,sys stdout tulis baris baru python,sys stdout tulis baris baru python row update write column error integer,4,d9338,0.8518357872962952
q20402,python sys stdout write new line,sys stdout tulis baris baru python,sys stdout tulis baris baru python row update write column error integer,5,d13524,0.8518357872962952
q20402,python sys stdout write new line,sys stdout tulis baris baru python,sys stdout tulis baris baru python row update write column error integer,6,d9496,0.8518357872962952
q20402,python sys stdout write new line,sys stdout tulis baris baru python,sys stdout tulis baris baru python row update write column error integer,7,d1457,0.8511998653411865
q20402,python sys stdout write new line,sys stdout tulis baris baru python,sys stdout tulis baris baru python row update write column error integer,8,d5628,0.8500527143478394
q20402,python sys stdout write new line,sys stdout tulis baris baru python,sys stdout tulis baris baru python row update write column error integer,9,d10476,0.8489800691604614
q20402,python sys stdout write new line,sys stdout tulis baris baru python,sys stdout tulis baris baru python row update write column error integer,10,d5878,0.8488205075263977
q20403,python how to create a iterable,cara buat iterable python,cara buat iterable python integer error method update write,1,d18159,0.851889967918396
q20403,python how to create a iterable,cara buat iterable python,cara buat iterable python integer error method update write,2,d2654,0.8446841835975647
q20403,python how to create a iterable,cara buat iterable python,cara buat iterable python integer error method update write,3,d6373,0.8439798355102539
q20403,python how to create a iterable,cara buat iterable python,cara buat iterable python integer error method update write,4,d15244,0.8430113792419434
q20403,python how to create a iterable,cara buat iterable python,cara buat iterable python integer error method update write,5,d19897,0.8395487070083618
q20403,python how to create a iterable,cara buat iterable python,cara buat iterable python integer error method update write,6,d13958,0.8395487070083618
q20403,python how to create a iterable,cara buat iterable python,cara buat iterable python integer error method update write,7,d16170,0.8395487070083618
q20403,python how to create a iterable,cara buat iterable python,cara buat iterable python integer error method update write,8,d4982,0.8395487070083618
q20403,python how to create a iterable,cara buat iterable python,cara buat iterable python integer error method update write,9,d14613,0.8361756801605225
q20403,python how to create a iterable,cara buat iterable python,cara buat iterable python integer error method update write,10,d13350,0.8361663222312927
q20404,how to use python function in tensorflow,cara gunakan fungsi python di tensorflow,cara gunakan fungsi python di tensorflow function parameter update row string,1,d9840,0.8499101400375366
q20404,how to use python function in tensorflow,cara gunakan fungsi python di tensorflow,cara gunakan fungsi python di tensorflow function parameter update row string,2,d12363,0.8499101400375366
q20404,how to use python function in tensorflow,cara gunakan fungsi python di tensorflow,cara gunakan fungsi python di tensorflow function parameter update row string,3,d14446,0.8499101400375366
q20404,how to use python function in tensorflow,cara gunakan fungsi python di tensorflow,cara gunakan fungsi python di tensorflow function parameter update row string,4,d15942,0.8499101400375366
q20404,how to use python function in tensorflow,cara gunakan fungsi python di tensorflow,cara gunakan fungsi python di tensorflow function parameter update row string,5,d2929,0.8499101400375366
q20404,how to use python function in tensorflow,cara gunakan fungsi python di tensorflow,cara gunakan fungsi python di tensorflow function parameter update row string,6,d14567,0.8487107157707214
q20404,how to use python function in tensorflow,cara gunakan fungsi python di tensorflow,cara gunakan fungsi python di tensorflow function parameter update row string,7,d11823,0.8461456298828125
q20404,how to use python function in tensorflow,cara gunakan fungsi python di tensorflow,cara gunakan fungsi python di tensorflow function parameter update row string,8,d4638,0.8416620492935181
q20404,how to use python function in tensorflow,cara gunakan fungsi python di tensorflow,cara gunakan fungsi python di tensorflow function parameter update row string,9,d6142,0.8410882949829102
q20404,how to use python function in tensorflow,cara gunakan fungsi python di tensorflow,cara gunakan fungsi python di tensorflow function parameter update row string,10,d16745,0.8364770412445068
q20405,python how to get range of array with positive values numpy,cara dapat rentang array dengan nilai positif numpy python,cara dapat rentang array dengan nilai positif numpy python array integer function parameter error,1,d10097,0.858735978603363
q20405,python how to get range of array with positive values numpy,cara dapat rentang array dengan nilai positif numpy python,cara dapat rentang array dengan nilai positif numpy python array integer function parameter error,2,d14078,0.858735978603363
q20405,python how to get range of array with positive values numpy,cara dapat rentang array dengan nilai positif numpy python,cara dapat rentang array dengan nilai positif numpy python array integer function parameter error,3,d12388,0.858735978603363
q20405,python how to get range of array with positive values numpy,cara dapat rentang array dengan nilai positif numpy python,cara dapat rentang array dengan nilai positif numpy python array integer function parameter error,4,d16508,0.858735978603363
q20405,python how to get range of array with positive values numpy,cara dapat rentang array dengan nilai positif numpy python,cara dapat rentang array dengan nilai positif numpy python array integer function parameter error,5,d2484,0.8587359189987183
q20405,python how to get range of array with positive values numpy,cara dapat rentang array dengan nilai positif numpy python,cara dapat rentang array dengan nilai positif numpy python array integer function parameter error,6,d7314,0.8587359189987183
q20405,python how to get range of array with positive values numpy,cara dapat rentang array dengan nilai positif numpy python,cara dapat rentang array dengan nilai positif numpy python array integer function parameter error,7,d13952,0.8587359189987183
q20405,python how to get range of array with positive values numpy,cara dapat rentang array dengan nilai positif numpy python,cara dapat rentang array dengan nilai positif numpy python array integer function parameter error,8,d8376,0.857990562915802
q20405,python how to get range of array with positive values numpy,cara dapat rentang array dengan nilai positif numpy python,cara dapat rentang array dengan nilai positif numpy python array integer function parameter error,9,d19611,0.857990562915802
q20405,python how to get range of array with positive values numpy,cara dapat rentang array dengan nilai positif numpy python,cara dapat rentang array dengan nilai positif numpy python array integer function parameter error,10,d4164,0.857990562915802
q20406,python 3 a build string from iterable,3 build string dari iterable python,3 build string dari iterable python string integer error query update,1,d9848,0.8550143241882324
q20406,python 3 a build string from iterable,3 build string dari iterable python,3 build string dari iterable python string integer error query update,2,d5100,0.8550143241882324
q20406,python 3 a build string from iterable,3 build string dari iterable python,3 build string dari iterable python string integer error query update,3,d10791,0.8550143241882324
q20406,python 3 a build string from iterable,3 build string dari iterable python,3 build string dari iterable python string integer error query update,4,d14611,0.8550143241882324
q20406,python 3 a build string from iterable,3 build string dari iterable python,3 build string dari iterable python string integer error query update,5,d11310,0.8550143241882324
q20406,python 3 a build string from iterable,3 build string dari iterable python,3 build string dari iterable python string integer error query update,6,d5732,0.8550143241882324
q20406,python 3 a build string from iterable,3 build string dari iterable python,3 build string dari iterable python string integer error query update,7,d937,0.8550143241882324
q20406,python 3 a build string from iterable,3 build string dari iterable python,3 build string dari iterable python string integer error query update,8,d10652,0.8550143241882324
q20406,python 3 a build string from iterable,3 build string dari iterable python,3 build string dari iterable python string integer error query update,9,d3767,0.8550143241882324
q20406,python 3 a build string from iterable,3 build string dari iterable python,3 build string dari iterable python string integer error query update,10,d15433,0.8510837554931641
q20407,unchecking a radio button python,uncheck radio button python,uncheck radio button python error update delete row warning,1,d18007,0.8552178144454956
q20407,unchecking a radio button python,uncheck radio button python,uncheck radio button python error update delete row warning,2,d15431,0.8539828062057495
q20407,unchecking a radio button python,uncheck radio button python,uncheck radio button python error update delete row warning,3,d13302,0.8539828062057495
q20407,unchecking a radio button python,uncheck radio button python,uncheck radio button python error update delete row warning,4,d5229,0.8495707511901855
q20407,unchecking a radio button python,uncheck radio button python,uncheck radio button python error update delete row warning,5,d11656,0.8480193614959717
q20407,unchecking a radio button python,uncheck radio button python,uncheck radio button python error update delete row warning,6,d12176,0.8480193614959717
q20407,unchecking a radio button python,uncheck radio button python,uncheck radio button python error update delete row warning,7,d11878,0.8480193614959717
q20407,unchecking a radio button python,uncheck radio button python,uncheck radio button python error update delete row warning,8,d11341,0.8480193614959717
q20407,unchecking a radio button python,uncheck radio button python,uncheck radio button python error update delete row warning,9,d11343,0.8480193614959717
q20407,unchecking a radio button python,uncheck radio button python,uncheck radio button python error update delete row warning,10,d20573,0.8480193614959717
q20408,python expected type sized,tipe yang diharapkan sized python,tipe yang diharapkan sized python integer update parameter column query,1,d18786,0.8593278527259827
q20408,python expected type sized,tipe yang diharapkan sized python,tipe yang diharapkan sized python integer update parameter column query,2,d17008,0.8593278527259827
q20408,python expected type sized,tipe yang diharapkan sized python,tipe yang diharapkan sized python integer update parameter column query,3,d18584,0.8593278527259827
q20408,python expected type sized,tipe yang diharapkan sized python,tipe yang diharapkan sized python integer update parameter column query,4,d18641,0.8593278527259827
q20408,python expected type sized,tipe yang diharapkan sized python,tipe yang diharapkan sized python integer update parameter column query,5,d19098,0.8593278527259827
q20408,python expected type sized,tipe yang diharapkan sized python,tipe yang diharapkan sized python integer update parameter column query,6,d19392,0.8593278527259827
q20408,python expected type sized,tipe yang diharapkan sized python,tipe yang diharapkan sized python integer update parameter column query,7,d19248,0.8593278527259827
q20408,python expected type sized,tipe yang diharapkan sized python,tipe yang diharapkan sized python integer update parameter column query,8,d16722,0.8593278527259827
q20408,python expected type sized,tipe yang diharapkan sized python,tipe yang diharapkan sized python integer update parameter column query,9,d19177,0.8593278527259827
q20408,python expected type sized,tipe yang diharapkan sized python,tipe yang diharapkan sized python integer update parameter column query,10,d18064,0.8593278527259827
q20409,python load csv to numpy array,baca csv ke array numpy python,baca csv ke array numpy python array error read integer save,1,d17985,0.8650222420692444
q20409,python load csv to numpy array,baca csv ke array numpy python,baca csv ke array numpy python array error read integer save,2,d18164,0.8650222420692444
q20409,python load csv to numpy array,baca csv ke array numpy python,baca csv ke array numpy python array error read integer save,3,d19487,0.8650222420692444
q20409,python load csv to numpy array,baca csv ke array numpy python,baca csv ke array numpy python array error read integer save,4,d19304,0.8650222420692444
q20409,python load csv to numpy array,baca csv ke array numpy python,baca csv ke array numpy python array error read integer save,5,d17125,0.8650222420692444
q20409,python load csv to numpy array,baca csv ke array numpy python,baca csv ke array numpy python array error read integer save,6,d17768,0.8650222420692444
q20409,python load csv to numpy array,baca csv ke array numpy python,baca csv ke array numpy python array error read integer save,7,d18319,0.8650222420692444
q20409,python load csv to numpy array,baca csv ke array numpy python,baca csv ke array numpy python array error read integer save,8,d20409,0.8650222420692444
q20409,python load csv to numpy array,baca csv ke array numpy python,baca csv ke array numpy python array error read integer save,9,d18403,0.8650222420692444
q20409,python load csv to numpy array,baca csv ke array numpy python,baca csv ke array numpy python array error read integer save,10,d17475,0.8650222420692444
q20410,python remove element from list time complexity,hapus elemen dari list kompleksitas waktu python,hapus elemen dari list kompleksitas waktu python list integer error delete query,1,d9580,0.8509818911552429
q20410,python remove element from list time complexity,hapus elemen dari list kompleksitas waktu python,hapus elemen dari list kompleksitas waktu python list integer error delete query,2,d20488,0.8509818911552429
q20410,python remove element from list time complexity,hapus elemen dari list kompleksitas waktu python,hapus elemen dari list kompleksitas waktu python list integer error delete query,3,d959,0.8509818911552429
q20410,python remove element from list time complexity,hapus elemen dari list kompleksitas waktu python,hapus elemen dari list kompleksitas waktu python list integer error delete query,4,d20410,0.8509818911552429
q20410,python remove element from list time complexity,hapus elemen dari list kompleksitas waktu python,hapus elemen dari list kompleksitas waktu python list integer error delete query,5,d7644,0.8477687835693359
q20410,python remove element from list time complexity,hapus elemen dari list kompleksitas waktu python,hapus elemen dari list kompleksitas waktu python list integer error delete query,6,d13242,0.8477687835693359
q20410,python remove element from list time complexity,hapus elemen dari list kompleksitas waktu python,hapus elemen dari list kompleksitas waktu python list integer error delete query,7,d1752,0.8477687835693359
q20410,python remove element from list time complexity,hapus elemen dari list kompleksitas waktu python,hapus elemen dari list kompleksitas waktu python list integer error delete query,8,d3687,0.8477687835693359
q20410,python remove element from list time complexity,hapus elemen dari list kompleksitas waktu python,hapus elemen dari list kompleksitas waktu python list integer error delete query,9,d2541,0.8477687835693359
q20410,python remove element from list time complexity,hapus elemen dari list kompleksitas waktu python,hapus elemen dari list kompleksitas waktu python list integer error delete query,10,d6008,0.8477687835693359
q20411,python property by string name,property berdasarkan nama string python,property berdasarkan nama string python string integer variable parameter condition,1,d17286,0.8681027889251709
q20411,python property by string name,property berdasarkan nama string python,property berdasarkan nama string python string integer variable parameter condition,2,d14275,0.8621922731399536
q20411,python property by string name,property berdasarkan nama string python,property berdasarkan nama string python string integer variable parameter condition,3,d8937,0.8575708866119385
q20411,python property by string name,property berdasarkan nama string python,property berdasarkan nama string python string integer variable parameter condition,4,d19955,0.8575708866119385
q20411,python property by string name,property berdasarkan nama string python,property berdasarkan nama string python string integer variable parameter condition,5,d13744,0.8575708866119385
q20411,python property by string name,property berdasarkan nama string python,property berdasarkan nama string python string integer variable parameter condition,6,d16734,0.8566864728927612
q20411,python property by string name,property berdasarkan nama string python,property berdasarkan nama string python string integer variable parameter condition,7,d16016,0.8563872575759888
q20411,python property by string name,property berdasarkan nama string python,property berdasarkan nama string python string integer variable parameter condition,8,d9933,0.8563872575759888
q20411,python property by string name,property berdasarkan nama string python,property berdasarkan nama string python string integer variable parameter condition,9,d9153,0.8560221791267395
q20411,python property by string name,property berdasarkan nama string python,property berdasarkan nama string python string integer variable parameter condition,10,d3637,0.8560221791267395
q20412,index of an entry in a list python,indeks entri dalam list python,indeks entri dalam list python integer list error database parameter,1,d12765,0.8527456521987915
q20412,index of an entry in a list python,indeks entri dalam list python,indeks entri dalam list python integer list error database parameter,2,d20417,0.8459012508392334
q20412,index of an entry in a list python,indeks entri dalam list python,indeks entri dalam list python integer list error database parameter,3,d5546,0.8449455499649048
q20412,index of an entry in a list python,indeks entri dalam list python,indeks entri dalam list python integer list error database parameter,4,d3653,0.8449455499649048
q20412,index of an entry in a list python,indeks entri dalam list python,indeks entri dalam list python integer list error database parameter,5,d20015,0.8449455499649048
q20412,index of an entry in a list python,indeks entri dalam list python,indeks entri dalam list python integer list error database parameter,6,d13115,0.8449455499649048
q20412,index of an entry in a list python,indeks entri dalam list python,indeks entri dalam list python integer list error database parameter,7,d5737,0.8449455499649048
q20412,index of an entry in a list python,indeks entri dalam list python,indeks entri dalam list python integer list error database parameter,8,d15053,0.8449455499649048
q20412,index of an entry in a list python,indeks entri dalam list python,indeks entri dalam list python integer list error database parameter,9,d6941,0.8449455499649048
q20412,index of an entry in a list python,indeks entri dalam list python,indeks entri dalam list python integer list error database parameter,10,d20412,0.8449455499649048
q20413,python how to determine if an iterable is iterable,cara tentukan apakah iterable adalah iterable python,cara tentukan apakah iterable adalah iterable python integer error function dictionary condition,1,d12432,0.88221275806427
q20413,python how to determine if an iterable is iterable,cara tentukan apakah iterable adalah iterable python,cara tentukan apakah iterable adalah iterable python integer error function dictionary condition,2,d10231,0.88221275806427
q20413,python how to determine if an iterable is iterable,cara tentukan apakah iterable adalah iterable python,cara tentukan apakah iterable adalah iterable python integer error function dictionary condition,3,d10571,0.88221275806427
q20413,python how to determine if an iterable is iterable,cara tentukan apakah iterable adalah iterable python,cara tentukan apakah iterable adalah iterable python integer error function dictionary condition,4,d13110,0.88221275806427
q20413,python how to determine if an iterable is iterable,cara tentukan apakah iterable adalah iterable python,cara tentukan apakah iterable adalah iterable python integer error function dictionary condition,5,d4933,0.88221275806427
q20413,python how to determine if an iterable is iterable,cara tentukan apakah iterable adalah iterable python,cara tentukan apakah iterable adalah iterable python integer error function dictionary condition,6,d11080,0.88221275806427
q20413,python how to determine if an iterable is iterable,cara tentukan apakah iterable adalah iterable python,cara tentukan apakah iterable adalah iterable python integer error function dictionary condition,7,d6329,0.88221275806427
q20413,python how to determine if an iterable is iterable,cara tentukan apakah iterable adalah iterable python,cara tentukan apakah iterable adalah iterable python integer error function dictionary condition,8,d16140,0.88221275806427
q20413,python how to determine if an iterable is iterable,cara tentukan apakah iterable adalah iterable python,cara tentukan apakah iterable adalah iterable python integer error function dictionary condition,9,d12157,0.8745550513267517
q20413,python how to determine if an iterable is iterable,cara tentukan apakah iterable adalah iterable python,cara tentukan apakah iterable adalah iterable python integer error function dictionary condition,10,d8132,0.8745550513267517
q20414,python how to create date from string,cara buat date dari string python,cara buat date dari string python string integer database error update,1,d11823,0.8546625375747681
q20414,python how to create date from string,cara buat date dari string python,cara buat date dari string python string integer database error update,2,d17861,0.8517347574234009
q20414,python how to create date from string,cara buat date dari string python,cara buat date dari string python string integer database error update,3,d1420,0.8504093885421753
q20414,python how to create date from string,cara buat date dari string python,cara buat date dari string python string integer database error update,4,d5680,0.8504093885421753
q20414,python how to create date from string,cara buat date dari string python,cara buat date dari string python string integer database error update,5,d8778,0.8497908115386963
q20414,python how to create date from string,cara buat date dari string python,cara buat date dari string python string integer database error update,6,d4129,0.8497908115386963
q20414,python how to create date from string,cara buat date dari string python,cara buat date dari string python string integer database error update,7,d14891,0.8497908115386963
q20414,python how to create date from string,cara buat date dari string python,cara buat date dari string python string integer database error update,8,d11417,0.8497908115386963
q20414,python how to create date from string,cara buat date dari string python,cara buat date dari string python string integer database error update,9,d15022,0.8497908115386963
q20414,python how to create date from string,cara buat date dari string python,cara buat date dari string python string integer database error update,10,d14673,0.8497908115386963
q20415,how to append a line in a file in the middle of file in python,cara tambahkan baris dalam file di tengah file di python,cara tambahkan baris dalam file di tengah file di python add row file integer database update error,1,d11823,0.846235454082489
q20415,how to append a line in a file in the middle of file in python,cara tambahkan baris dalam file di tengah file di python,cara tambahkan baris dalam file di tengah file di python add row file integer database update error,2,d6142,0.839266836643219
q20415,how to append a line in a file in the middle of file in python,cara tambahkan baris dalam file di tengah file di python,cara tambahkan baris dalam file di tengah file di python add row file integer database update error,3,d9675,0.8290718793869019
q20415,how to append a line in a file in the middle of file in python,cara tambahkan baris dalam file di tengah file di python,cara tambahkan baris dalam file di tengah file di python add row file integer database update error,4,d9082,0.8290718793869019
q20415,how to append a line in a file in the middle of file in python,cara tambahkan baris dalam file di tengah file di python,cara tambahkan baris dalam file di tengah file di python add row file integer database update error,5,d4020,0.8290718793869019
q20415,how to append a line in a file in the middle of file in python,cara tambahkan baris dalam file di tengah file di python,cara tambahkan baris dalam file di tengah file di python add row file integer database update error,6,d9677,0.8290718793869019
q20415,how to append a line in a file in the middle of file in python,cara tambahkan baris dalam file di tengah file di python,cara tambahkan baris dalam file di tengah file di python add row file integer database update error,7,d11847,0.8290718793869019
q20415,how to append a line in a file in the middle of file in python,cara tambahkan baris dalam file di tengah file di python,cara tambahkan baris dalam file di tengah file di python add row file integer database update error,8,d8558,0.8290718793869019
q20415,how to append a line in a file in the middle of file in python,cara tambahkan baris dalam file di tengah file di python,cara tambahkan baris dalam file di tengah file di python add row file integer database update error,9,d11849,0.8290718793869019
q20415,how to append a line in a file in the middle of file in python,cara tambahkan baris dalam file di tengah file di python,cara tambahkan baris dalam file di tengah file di python add row file integer database update error,10,d15802,0.8290718793869019
q20416,how to split a string by every character in python,cara pisahkan string per karakter di python,cara pisahkan string per karakter di python string integer parameter file write,1,d14275,0.8468798398971558
q20416,how to split a string by every character in python,cara pisahkan string per karakter di python,cara pisahkan string per karakter di python string integer parameter file write,2,d14037,0.8425294160842896
q20416,how to split a string by every character in python,cara pisahkan string per karakter di python,cara pisahkan string per karakter di python string integer parameter file write,3,d5908,0.8339819312095642
q20416,how to split a string by every character in python,cara pisahkan string per karakter di python,cara pisahkan string per karakter di python string integer parameter file write,4,d11659,0.8339819312095642
q20416,how to split a string by every character in python,cara pisahkan string per karakter di python,cara pisahkan string per karakter di python string integer parameter file write,5,d3781,0.8339819312095642
q20416,how to split a string by every character in python,cara pisahkan string per karakter di python,cara pisahkan string per karakter di python string integer parameter file write,6,d6993,0.8339819312095642
q20416,how to split a string by every character in python,cara pisahkan string per karakter di python,cara pisahkan string per karakter di python string integer parameter file write,7,d12807,0.8339819312095642
q20416,how to split a string by every character in python,cara pisahkan string per karakter di python,cara pisahkan string per karakter di python string integer parameter file write,8,d16032,0.8339819312095642
q20416,how to split a string by every character in python,cara pisahkan string per karakter di python,cara pisahkan string per karakter di python string integer parameter file write,9,d16406,0.8327388763427734
q20416,how to split a string by every character in python,cara pisahkan string per karakter di python,cara pisahkan string per karakter di python string integer parameter file write,10,d16303,0.8324415683746338
q20417,python get index of element each time it appears in list,dapat indeks elemen setiap muncul dalam list python,dapat indeks elemen setiap muncul dalam list python list integer error column parameter,1,d4986,0.8541191816329956
q20417,python get index of element each time it appears in list,dapat indeks elemen setiap muncul dalam list python,dapat indeks elemen setiap muncul dalam list python list integer error column parameter,2,d3391,0.8541191816329956
q20417,python get index of element each time it appears in list,dapat indeks elemen setiap muncul dalam list python,dapat indeks elemen setiap muncul dalam list python list integer error column parameter,3,d9167,0.8541191816329956
q20417,python get index of element each time it appears in list,dapat indeks elemen setiap muncul dalam list python,dapat indeks elemen setiap muncul dalam list python list integer error column parameter,4,d11048,0.8541191816329956
q20417,python get index of element each time it appears in list,dapat indeks elemen setiap muncul dalam list python,dapat indeks elemen setiap muncul dalam list python list integer error column parameter,5,d4702,0.8541191816329956
q20417,python get index of element each time it appears in list,dapat indeks elemen setiap muncul dalam list python,dapat indeks elemen setiap muncul dalam list python list integer error column parameter,6,d15021,0.8541191816329956
q20417,python get index of element each time it appears in list,dapat indeks elemen setiap muncul dalam list python,dapat indeks elemen setiap muncul dalam list python list integer error column parameter,7,d8862,0.8541191816329956
q20417,python get index of element each time it appears in list,dapat indeks elemen setiap muncul dalam list python,dapat indeks elemen setiap muncul dalam list python list integer error column parameter,8,d7018,0.8541191816329956
q20417,python get index of element each time it appears in list,dapat indeks elemen setiap muncul dalam list python,dapat indeks elemen setiap muncul dalam list python list integer error column parameter,9,d2782,0.8541191816329956
q20417,python get index of element each time it appears in list,dapat indeks elemen setiap muncul dalam list python,dapat indeks elemen setiap muncul dalam list python list integer error column parameter,10,d4142,0.8470910787582397
q20418,python how to make dot character,cara buat karakter titik python,cara buat karakter titik python parameter integer method query write,1,d17108,0.8462048768997192
q20418,python how to make dot character,cara buat karakter titik python,cara buat karakter titik python parameter integer method query write,2,d18646,0.8462048768997192
q20418,python how to make dot character,cara buat karakter titik python,cara buat karakter titik python parameter integer method query write,3,d19169,0.8462048768997192
q20418,python how to make dot character,cara buat karakter titik python,cara buat karakter titik python parameter integer method query write,4,d19081,0.8462048768997192
q20418,python how to make dot character,cara buat karakter titik python,cara buat karakter titik python parameter integer method query write,5,d19626,0.8462048768997192
q20418,python how to make dot character,cara buat karakter titik python,cara buat karakter titik python parameter integer method query write,6,d6516,0.8434433937072754
q20418,python how to make dot character,cara buat karakter titik python,cara buat karakter titik python parameter integer method query write,7,d6514,0.8434433937072754
q20418,python how to make dot character,cara buat karakter titik python,cara buat karakter titik python parameter integer method query write,8,d5726,0.8434433937072754
q20418,python how to make dot character,cara buat karakter titik python,cara buat karakter titik python parameter integer method query write,9,d9878,0.8434433937072754
q20418,python how to make dot character,cara buat karakter titik python,cara buat karakter titik python parameter integer method query write,10,d2152,0.8434433937072754
q20419,python heap top element,elemen teratas heap python,elemen teratas heap python column integer parameter query error,1,d5878,0.8612293601036072
q20419,python heap top element,elemen teratas heap python,elemen teratas heap python column integer parameter query error,2,d10398,0.8565994501113892
q20419,python heap top element,elemen teratas heap python,elemen teratas heap python column integer parameter query error,3,d4982,0.8544633984565735
q20419,python heap top element,elemen teratas heap python,elemen teratas heap python column integer parameter query error,4,d16170,0.8544633984565735
q20419,python heap top element,elemen teratas heap python,elemen teratas heap python column integer parameter query error,5,d13958,0.8544633984565735
q20419,python heap top element,elemen teratas heap python,elemen teratas heap python column integer parameter query error,6,d19897,0.8544633984565735
q20419,python heap top element,elemen teratas heap python,elemen teratas heap python column integer parameter query error,7,d18584,0.8513429760932922
q20419,python heap top element,elemen teratas heap python,elemen teratas heap python column integer parameter query error,8,d18786,0.8513429760932922
q20419,python heap top element,elemen teratas heap python,elemen teratas heap python column integer parameter query error,9,d19177,0.8513429760932922
q20419,python heap top element,elemen teratas heap python,elemen teratas heap python column integer parameter query error,10,d19392,0.8513429760932922
q20420,"in python, how to print strings in different colours",cara cetak string dengan warna berbeda di python,cara cetak string dengan warna berbeda di python string update integer error row,1,d6153,0.8505322933197021
q20420,"in python, how to print strings in different colours",cara cetak string dengan warna berbeda di python,cara cetak string dengan warna berbeda di python string update integer error row,2,d10496,0.8505322933197021
q20420,"in python, how to print strings in different colours",cara cetak string dengan warna berbeda di python,cara cetak string dengan warna berbeda di python string update integer error row,3,d8468,0.8505322933197021
q20420,"in python, how to print strings in different colours",cara cetak string dengan warna berbeda di python,cara cetak string dengan warna berbeda di python string update integer error row,4,d6419,0.8505322933197021
q20420,"in python, how to print strings in different colours",cara cetak string dengan warna berbeda di python,cara cetak string dengan warna berbeda di python string update integer error row,5,d13660,0.8472917079925537
q20420,"in python, how to print strings in different colours",cara cetak string dengan warna berbeda di python,cara cetak string dengan warna berbeda di python string update integer error row,6,d5502,0.8472917079925537
q20420,"in python, how to print strings in different colours",cara cetak string dengan warna berbeda di python,cara cetak string dengan warna berbeda di python string update integer error row,7,d5500,0.8455922603607178
q20420,"in python, how to print strings in different colours",cara cetak string dengan warna berbeda di python,cara cetak string dengan warna berbeda di python string update integer error row,8,d15706,0.845592200756073
q20420,"in python, how to print strings in different colours",cara cetak string dengan warna berbeda di python,cara cetak string dengan warna berbeda di python string update integer error row,9,d11530,0.8444026708602905
q20420,"in python, how to print strings in different colours",cara cetak string dengan warna berbeda di python,cara cetak string dengan warna berbeda di python string update integer error row,10,d1017,0.8438867330551147
q20421,python yield unsupported operand type(s),yield tipe operand yang tidak didukung python,yield tipe operand yang tidak didukung python error integer open query parameter,1,d2088,0.8492916226387024
q20421,python yield unsupported operand type(s),yield tipe operand yang tidak didukung python,yield tipe operand yang tidak didukung python error integer open query parameter,2,d446,0.8456829786300659
q20421,python yield unsupported operand type(s),yield tipe operand yang tidak didukung python,yield tipe operand yang tidak didukung python error integer open query parameter,3,d177,0.8452692627906799
q20421,python yield unsupported operand type(s),yield tipe operand yang tidak didukung python,yield tipe operand yang tidak didukung python error integer open query parameter,4,d11469,0.8452692627906799
q20421,python yield unsupported operand type(s),yield tipe operand yang tidak didukung python,yield tipe operand yang tidak didukung python error integer open query parameter,5,d17569,0.8442378044128418
q20421,python yield unsupported operand type(s),yield tipe operand yang tidak didukung python,yield tipe operand yang tidak didukung python error integer open query parameter,6,d14938,0.8418558835983276
q20421,python yield unsupported operand type(s),yield tipe operand yang tidak didukung python,yield tipe operand yang tidak didukung python error integer open query parameter,7,d8373,0.8418558835983276
q20421,python yield unsupported operand type(s),yield tipe operand yang tidak didukung python,yield tipe operand yang tidak didukung python error integer open query parameter,8,d6659,0.8418558835983276
q20421,python yield unsupported operand type(s),yield tipe operand yang tidak didukung python,yield tipe operand yang tidak didukung python error integer open query parameter,9,d14708,0.8418558835983276
q20421,python yield unsupported operand type(s),yield tipe operand yang tidak didukung python,yield tipe operand yang tidak didukung python error integer open query parameter,10,d7938,0.8418558835983276
q20422,how to sort files by filename python,cara urutkan file berdasarkan nama file python,cara urutkan file berdasarkan nama file python sort file database error integer update,1,d15859,0.8441704511642456
q20422,how to sort files by filename python,cara urutkan file berdasarkan nama file python,cara urutkan file berdasarkan nama file python sort file database error integer update,2,d20422,0.8441704511642456
q20422,how to sort files by filename python,cara urutkan file berdasarkan nama file python,cara urutkan file berdasarkan nama file python sort file database error integer update,3,d1360,0.8441704511642456
q20422,how to sort files by filename python,cara urutkan file berdasarkan nama file python,cara urutkan file berdasarkan nama file python sort file database error integer update,4,d807,0.8441704511642456
q20422,how to sort files by filename python,cara urutkan file berdasarkan nama file python,cara urutkan file berdasarkan nama file python sort file database error integer update,5,d11789,0.8441704511642456
q20422,how to sort files by filename python,cara urutkan file berdasarkan nama file python,cara urutkan file berdasarkan nama file python sort file database error integer update,6,d3496,0.8441704511642456
q20422,how to sort files by filename python,cara urutkan file berdasarkan nama file python,cara urutkan file berdasarkan nama file python sort file database error integer update,7,d11791,0.8441704511642456
q20422,how to sort files by filename python,cara urutkan file berdasarkan nama file python,cara urutkan file berdasarkan nama file python sort file database error integer update,8,d3520,0.8441704511642456
q20422,how to sort files by filename python,cara urutkan file berdasarkan nama file python,cara urutkan file berdasarkan nama file python sort file database error integer update,9,d3522,0.8441704511642456
q20422,how to sort files by filename python,cara urutkan file berdasarkan nama file python,cara urutkan file berdasarkan nama file python sort file database error integer update,10,d3500,0.8441704511642456
q20423,how to change the axis range in a plot in python for subplots,cara ubah rentang sumbu dalam plot di python untuk subplots,cara ubah rentang sumbu dalam plot di python untuk subplots update column error parameter query,1,d10397,0.8547813892364502
q20423,how to change the axis range in a plot in python for subplots,cara ubah rentang sumbu dalam plot di python untuk subplots,cara ubah rentang sumbu dalam plot di python untuk subplots update column error parameter query,2,d10190,0.8502793908119202
q20423,how to change the axis range in a plot in python for subplots,cara ubah rentang sumbu dalam plot di python untuk subplots,cara ubah rentang sumbu dalam plot di python untuk subplots update column error parameter query,3,d7194,0.8402498960494995
q20423,how to change the axis range in a plot in python for subplots,cara ubah rentang sumbu dalam plot di python untuk subplots,cara ubah rentang sumbu dalam plot di python untuk subplots update column error parameter query,4,d3227,0.8402498960494995
q20423,how to change the axis range in a plot in python for subplots,cara ubah rentang sumbu dalam plot di python untuk subplots,cara ubah rentang sumbu dalam plot di python untuk subplots update column error parameter query,5,d9972,0.8402498960494995
q20423,how to change the axis range in a plot in python for subplots,cara ubah rentang sumbu dalam plot di python untuk subplots,cara ubah rentang sumbu dalam plot di python untuk subplots update column error parameter query,6,d15410,0.8402498960494995
q20423,how to change the axis range in a plot in python for subplots,cara ubah rentang sumbu dalam plot di python untuk subplots,cara ubah rentang sumbu dalam plot di python untuk subplots update column error parameter query,7,d13491,0.8402498960494995
q20423,how to change the axis range in a plot in python for subplots,cara ubah rentang sumbu dalam plot di python untuk subplots,cara ubah rentang sumbu dalam plot di python untuk subplots update column error parameter query,8,d899,0.8402498960494995
q20423,how to change the axis range in a plot in python for subplots,cara ubah rentang sumbu dalam plot di python untuk subplots,cara ubah rentang sumbu dalam plot di python untuk subplots update column error parameter query,9,d7929,0.8402498960494995
q20423,how to change the axis range in a plot in python for subplots,cara ubah rentang sumbu dalam plot di python untuk subplots,cara ubah rentang sumbu dalam plot di python untuk subplots update column error parameter query,10,d5390,0.8402498960494995
q20424,python view vector to asimuth elevation,view vektor ke azimuth elevation python,view vektor ke azimuth elevation python query update error row column,1,d6142,0.8601065874099731
q20424,python view vector to asimuth elevation,view vektor ke azimuth elevation python,view vektor ke azimuth elevation python query update error row column,2,d11823,0.8587526082992554
q20424,python view vector to asimuth elevation,view vektor ke azimuth elevation python,view vektor ke azimuth elevation python query update error row column,3,d1935,0.8516603708267212
q20424,python view vector to asimuth elevation,view vektor ke azimuth elevation python,view vektor ke azimuth elevation python query update error row column,4,d16485,0.8465827703475952
q20424,python view vector to asimuth elevation,view vektor ke azimuth elevation python,view vektor ke azimuth elevation python query update error row column,5,d3688,0.8465827703475952
q20424,python view vector to asimuth elevation,view vektor ke azimuth elevation python,view vektor ke azimuth elevation python query update error row column,6,d1516,0.8465827703475952
q20424,python view vector to asimuth elevation,view vektor ke azimuth elevation python,view vektor ke azimuth elevation python query update error row column,7,d7916,0.8465827703475952
q20424,python view vector to asimuth elevation,view vektor ke azimuth elevation python,view vektor ke azimuth elevation python query update error row column,8,d13910,0.8465827703475952
q20424,python view vector to asimuth elevation,view vektor ke azimuth elevation python,view vektor ke azimuth elevation python query update error row column,9,d3710,0.8465827703475952
q20424,python view vector to asimuth elevation,view vektor ke azimuth elevation python,view vektor ke azimuth elevation python query update error row column,10,d11945,0.8465827703475952
q20425,python sort data by variable,urutkan data berdasarkan variabel python,urutkan data berdasarkan variabel python sort variable data database integer parameter,1,d5617,0.8587374687194824
q20425,python sort data by variable,urutkan data berdasarkan variabel python,urutkan data berdasarkan variabel python sort variable data database integer parameter,2,d19889,0.8587374687194824
q20425,python sort data by variable,urutkan data berdasarkan variabel python,urutkan data berdasarkan variabel python sort variable data database integer parameter,3,d11697,0.8587373495101929
q20425,python sort data by variable,urutkan data berdasarkan variabel python,urutkan data berdasarkan variabel python sort variable data database integer parameter,4,d4078,0.8587373495101929
q20425,python sort data by variable,urutkan data berdasarkan variabel python,urutkan data berdasarkan variabel python sort variable data database integer parameter,5,d6209,0.8587373495101929
q20425,python sort data by variable,urutkan data berdasarkan variabel python,urutkan data berdasarkan variabel python sort variable data database integer parameter,6,d8555,0.8587373495101929
q20425,python sort data by variable,urutkan data berdasarkan variabel python,urutkan data berdasarkan variabel python sort variable data database integer parameter,7,d15935,0.8587373495101929
q20425,python sort data by variable,urutkan data berdasarkan variabel python,urutkan data berdasarkan variabel python sort variable data database integer parameter,8,d11793,0.8587373495101929
q20425,python sort data by variable,urutkan data berdasarkan variabel python,urutkan data berdasarkan variabel python sort variable data database integer parameter,9,d14302,0.856499969959259
q20425,python sort data by variable,urutkan data berdasarkan variabel python,urutkan data berdasarkan variabel python sort variable data database integer parameter,10,d14308,0.856499969959259
q20426,compute the middle index in list python,hitung indeks tengah dalam list python,hitung indeks tengah dalam list python integer list row parameter error,1,d10982,0.8533444404602051
q20426,compute the middle index in list python,hitung indeks tengah dalam list python,hitung indeks tengah dalam list python integer list row parameter error,2,d623,0.8466020822525024
q20426,compute the middle index in list python,hitung indeks tengah dalam list python,hitung indeks tengah dalam list python integer list row parameter error,3,d5447,0.8466020822525024
q20426,compute the middle index in list python,hitung indeks tengah dalam list python,hitung indeks tengah dalam list python integer list row parameter error,4,d452,0.8466020822525024
q20426,compute the middle index in list python,hitung indeks tengah dalam list python,hitung indeks tengah dalam list python integer list row parameter error,5,d10632,0.8457270264625549
q20426,compute the middle index in list python,hitung indeks tengah dalam list python,hitung indeks tengah dalam list python integer list row parameter error,6,d4651,0.8457270264625549
q20426,compute the middle index in list python,hitung indeks tengah dalam list python,hitung indeks tengah dalam list python integer list row parameter error,7,d12526,0.8457270264625549
q20426,compute the middle index in list python,hitung indeks tengah dalam list python,hitung indeks tengah dalam list python integer list row parameter error,8,d3378,0.8432137370109558
q20426,compute the middle index in list python,hitung indeks tengah dalam list python,hitung indeks tengah dalam list python integer list row parameter error,9,d19657,0.8432137370109558
q20426,compute the middle index in list python,hitung indeks tengah dalam list python,hitung indeks tengah dalam list python integer list row parameter error,10,d8038,0.8429794907569885
q20427,python josn dump to file,json dump ke file python,json dump ke file python file error update query database,1,d12067,0.8740590214729309
q20427,python josn dump to file,json dump ke file python,json dump ke file python file error update query database,2,d11903,0.8730695247650146
q20427,python josn dump to file,json dump ke file python,json dump ke file python file error update query database,3,d11162,0.8730695247650146
q20427,python josn dump to file,json dump ke file python,json dump ke file python file error update query database,4,d5788,0.8730695247650146
q20427,python josn dump to file,json dump ke file python,json dump ke file python file error update query database,5,d7068,0.8730695247650146
q20427,python josn dump to file,json dump ke file python,json dump ke file python file error update query database,6,d778,0.8730695247650146
q20427,python josn dump to file,json dump ke file python,json dump ke file python file error update query database,7,d16375,0.8730695247650146
q20427,python josn dump to file,json dump ke file python,json dump ke file python file error update query database,8,d2832,0.8730695247650146
q20427,python josn dump to file,json dump ke file python,json dump ke file python file error update query database,9,d2834,0.8730695247650146
q20427,python josn dump to file,json dump ke file python,json dump ke file python file error update query database,10,d5792,0.868816077709198
q20428,python remove condition apply to dict,hapus kondisi terapkan ke dict python,hapus kondisi terapkan ke dict python dictionary update condition delete error,1,d11823,0.855172872543335
q20428,python remove condition apply to dict,hapus kondisi terapkan ke dict python,hapus kondisi terapkan ke dict python dictionary update condition delete error,2,d7229,0.8528498411178589
q20428,python remove condition apply to dict,hapus kondisi terapkan ke dict python,hapus kondisi terapkan ke dict python dictionary update condition delete error,3,d4588,0.8506804704666138
q20428,python remove condition apply to dict,hapus kondisi terapkan ke dict python,hapus kondisi terapkan ke dict python dictionary update condition delete error,4,d2194,0.8500603437423706
q20428,python remove condition apply to dict,hapus kondisi terapkan ke dict python,hapus kondisi terapkan ke dict python dictionary update condition delete error,5,d8041,0.8500603437423706
q20428,python remove condition apply to dict,hapus kondisi terapkan ke dict python,hapus kondisi terapkan ke dict python dictionary update condition delete error,6,d15354,0.8500603437423706
q20428,python remove condition apply to dict,hapus kondisi terapkan ke dict python,hapus kondisi terapkan ke dict python dictionary update condition delete error,7,d14147,0.8500603437423706
q20428,python remove condition apply to dict,hapus kondisi terapkan ke dict python,hapus kondisi terapkan ke dict python dictionary update condition delete error,8,d12427,0.8500603437423706
q20428,python remove condition apply to dict,hapus kondisi terapkan ke dict python,hapus kondisi terapkan ke dict python dictionary update condition delete error,9,d3979,0.8500603437423706
q20428,python remove condition apply to dict,hapus kondisi terapkan ke dict python,hapus kondisi terapkan ke dict python dictionary update condition delete error,10,d14551,0.8500574231147766
q20429,python remove directory tree if no files,hapus tree direktori jika tidak ada file python,hapus tree direktori jika tidak ada file python error delete file update query,1,d3103,0.8574144244194031
q20429,python remove directory tree if no files,hapus tree direktori jika tidak ada file python,hapus tree direktori jika tidak ada file python error delete file update query,2,d5477,0.8574144244194031
q20429,python remove directory tree if no files,hapus tree direktori jika tidak ada file python,hapus tree direktori jika tidak ada file python error delete file update query,3,d8095,0.8574144244194031
q20429,python remove directory tree if no files,hapus tree direktori jika tidak ada file python,hapus tree direktori jika tidak ada file python error delete file update query,4,d2641,0.853422999382019
q20429,python remove directory tree if no files,hapus tree direktori jika tidak ada file python,hapus tree direktori jika tidak ada file python error delete file update query,5,d4790,0.853422999382019
q20429,python remove directory tree if no files,hapus tree direktori jika tidak ada file python,hapus tree direktori jika tidak ada file python error delete file update query,6,d6810,0.853422999382019
q20429,python remove directory tree if no files,hapus tree direktori jika tidak ada file python,hapus tree direktori jika tidak ada file python error delete file update query,7,d14720,0.853422999382019
q20429,python remove directory tree if no files,hapus tree direktori jika tidak ada file python,hapus tree direktori jika tidak ada file python error delete file update query,8,d10863,0.853422999382019
q20429,python remove directory tree if no files,hapus tree direktori jika tidak ada file python,hapus tree direktori jika tidak ada file python error delete file update query,9,d15832,0.853422999382019
q20429,python remove directory tree if no files,hapus tree direktori jika tidak ada file python,hapus tree direktori jika tidak ada file python error delete file update query,10,d14257,0.853422999382019
q20430,how to pop a node off a stack python,cara pop node dari stack python,cara pop node dari stack python update error method row integer,1,d802,0.8528181910514832
q20430,how to pop a node off a stack python,cara pop node dari stack python,cara pop node dari stack python update error method row integer,2,d12372,0.8528181910514832
q20430,how to pop a node off a stack python,cara pop node dari stack python,cara pop node dari stack python update error method row integer,3,d10858,0.8528181910514832
q20430,how to pop a node off a stack python,cara pop node dari stack python,cara pop node dari stack python update error method row integer,4,d8197,0.8389555215835571
q20430,how to pop a node off a stack python,cara pop node dari stack python,cara pop node dari stack python update error method row integer,5,d6142,0.8365300297737122
q20430,how to pop a node off a stack python,cara pop node dari stack python,cara pop node dari stack python update error method row integer,6,d11823,0.836310088634491
q20430,how to pop a node off a stack python,cara pop node dari stack python,cara pop node dari stack python update error method row integer,7,d6239,0.8335163593292236
q20430,how to pop a node off a stack python,cara pop node dari stack python,cara pop node dari stack python update error method row integer,8,d8296,0.8335163593292236
q20430,how to pop a node off a stack python,cara pop node dari stack python,cara pop node dari stack python update error method row integer,9,d3578,0.8335163593292236
q20430,how to pop a node off a stack python,cara pop node dari stack python,cara pop node dari stack python update error method row integer,10,d3580,0.8335163593292236
q20431,python open file with exclusive access permissions,buka file dengan izin akses eksklusif python,buka file dengan izin akses eksklusif python open file update query error,1,d18007,0.8445241451263428
q20431,python open file with exclusive access permissions,buka file dengan izin akses eksklusif python,buka file dengan izin akses eksklusif python open file update query error,2,d991,0.8416922688484192
q20431,python open file with exclusive access permissions,buka file dengan izin akses eksklusif python,buka file dengan izin akses eksklusif python open file update query error,3,d14094,0.8396070003509521
q20431,python open file with exclusive access permissions,buka file dengan izin akses eksklusif python,buka file dengan izin akses eksklusif python open file update query error,4,d13914,0.8396070003509521
q20431,python open file with exclusive access permissions,buka file dengan izin akses eksklusif python,buka file dengan izin akses eksklusif python open file update query error,5,d20133,0.8396070003509521
q20431,python open file with exclusive access permissions,buka file dengan izin akses eksklusif python,buka file dengan izin akses eksklusif python open file update query error,6,d8489,0.8396070003509521
q20431,python open file with exclusive access permissions,buka file dengan izin akses eksklusif python,buka file dengan izin akses eksklusif python open file update query error,7,d10520,0.8396070003509521
q20431,python open file with exclusive access permissions,buka file dengan izin akses eksklusif python,buka file dengan izin akses eksklusif python open file update query error,8,d15965,0.8396070003509521
q20431,python open file with exclusive access permissions,buka file dengan izin akses eksklusif python,buka file dengan izin akses eksklusif python open file update query error,9,d11939,0.8396070003509521
q20431,python open file with exclusive access permissions,buka file dengan izin akses eksklusif python,buka file dengan izin akses eksklusif python open file update query error,10,d20245,0.8393886089324951
q20432,python gevent combine multiprocessing,gevent kombinasikan multiprocessing python,gevent kombinasikan multiprocessing python parameter update query integer get,1,d8943,0.8535459041595459
q20432,python gevent combine multiprocessing,gevent kombinasikan multiprocessing python,gevent kombinasikan multiprocessing python parameter update query integer get,2,d18455,0.8502968549728394
q20432,python gevent combine multiprocessing,gevent kombinasikan multiprocessing python,gevent kombinasikan multiprocessing python parameter update query integer get,3,d7247,0.8494805693626404
q20432,python gevent combine multiprocessing,gevent kombinasikan multiprocessing python,gevent kombinasikan multiprocessing python parameter update query integer get,4,d3965,0.8494805693626404
q20432,python gevent combine multiprocessing,gevent kombinasikan multiprocessing python,gevent kombinasikan multiprocessing python parameter update query integer get,5,d3019,0.8494805693626404
q20432,python gevent combine multiprocessing,gevent kombinasikan multiprocessing python,gevent kombinasikan multiprocessing python parameter update query integer get,6,d948,0.8494805693626404
q20432,python gevent combine multiprocessing,gevent kombinasikan multiprocessing python,gevent kombinasikan multiprocessing python parameter update query integer get,7,d13364,0.8494805693626404
q20432,python gevent combine multiprocessing,gevent kombinasikan multiprocessing python,gevent kombinasikan multiprocessing python parameter update query integer get,8,d9331,0.8494805693626404
q20432,python gevent combine multiprocessing,gevent kombinasikan multiprocessing python,gevent kombinasikan multiprocessing python parameter update query integer get,9,d1938,0.8492308259010315
q20432,python gevent combine multiprocessing,gevent kombinasikan multiprocessing python,gevent kombinasikan multiprocessing python parameter update query integer get,10,d14324,0.8492308259010315
q20433,create copy that doesn't alter original python,buat salinan yang tidak mengubah asli python,buat salinan yang tidak mengubah asli python error update integer write query,1,d18007,0.8533834218978882
q20433,create copy that doesn't alter original python,buat salinan yang tidak mengubah asli python,buat salinan yang tidak mengubah asli python error update integer write query,2,d8353,0.8493900299072266
q20433,create copy that doesn't alter original python,buat salinan yang tidak mengubah asli python,buat salinan yang tidak mengubah asli python error update integer write query,3,d2857,0.8493900299072266
q20433,create copy that doesn't alter original python,buat salinan yang tidak mengubah asli python,buat salinan yang tidak mengubah asli python error update integer write query,4,d2927,0.8488919138908386
q20433,create copy that doesn't alter original python,buat salinan yang tidak mengubah asli python,buat salinan yang tidak mengubah asli python error update integer write query,5,d9612,0.8488919138908386
q20433,create copy that doesn't alter original python,buat salinan yang tidak mengubah asli python,buat salinan yang tidak mengubah asli python error update integer write query,6,d5267,0.8488919138908386
q20433,create copy that doesn't alter original python,buat salinan yang tidak mengubah asli python,buat salinan yang tidak mengubah asli python error update integer write query,7,d3398,0.8488919138908386
q20433,create copy that doesn't alter original python,buat salinan yang tidak mengubah asli python,buat salinan yang tidak mengubah asli python error update integer write query,8,d3416,0.8488919138908386
q20433,create copy that doesn't alter original python,buat salinan yang tidak mengubah asli python,buat salinan yang tidak mengubah asli python error update integer write query,9,d824,0.8488919138908386
q20433,create copy that doesn't alter original python,buat salinan yang tidak mengubah asli python,buat salinan yang tidak mengubah asli python error update integer write query,10,d7229,0.8478769063949585
q20434,remove trailing whitespace in python,hapus whitespace di akhir python,hapus whitespace di akhir python update delete error integer query,1,d2126,0.8744863271713257
q20434,remove trailing whitespace in python,hapus whitespace di akhir python,hapus whitespace di akhir python update delete error integer query,2,d8927,0.8744863271713257
q20434,remove trailing whitespace in python,hapus whitespace di akhir python,hapus whitespace di akhir python update delete error integer query,3,d3840,0.8459764719009399
q20434,remove trailing whitespace in python,hapus whitespace di akhir python,hapus whitespace di akhir python update delete error integer query,4,d2466,0.8459764719009399
q20434,remove trailing whitespace in python,hapus whitespace di akhir python,hapus whitespace di akhir python update delete error integer query,5,d4272,0.8459764719009399
q20434,remove trailing whitespace in python,hapus whitespace di akhir python,hapus whitespace di akhir python update delete error integer query,6,d3980,0.8459764719009399
q20434,remove trailing whitespace in python,hapus whitespace di akhir python,hapus whitespace di akhir python update delete error integer query,7,d7438,0.8459764719009399
q20434,remove trailing whitespace in python,hapus whitespace di akhir python,hapus whitespace di akhir python update delete error integer query,8,d15905,0.8459764719009399
q20434,remove trailing whitespace in python,hapus whitespace di akhir python,hapus whitespace di akhir python update delete error integer query,9,d19726,0.8459764719009399
q20434,remove trailing whitespace in python,hapus whitespace di akhir python,hapus whitespace di akhir python update delete error integer query,10,d11823,0.84360671043396
q20435,python default menuitem select,menuitem default select python,menuitem default select python error delete column query open,1,d9774,0.8559556603431702
q20435,python default menuitem select,menuitem default select python,menuitem default select python error delete column query open,2,d8284,0.8559556603431702
q20435,python default menuitem select,menuitem default select python,menuitem default select python error delete column query open,3,d12296,0.8559556603431702
q20435,python default menuitem select,menuitem default select python,menuitem default select python error delete column query open,4,d14581,0.8559556603431702
q20435,python default menuitem select,menuitem default select python,menuitem default select python error delete column query open,5,d13396,0.8554840087890625
q20435,python default menuitem select,menuitem default select python,menuitem default select python error delete column query open,6,d11831,0.8547918796539307
q20435,python default menuitem select,menuitem default select python,menuitem default select python error delete column query open,7,d6625,0.8547821044921875
q20435,python default menuitem select,menuitem default select python,menuitem default select python error delete column query open,8,d15974,0.854272723197937
q20435,python default menuitem select,menuitem default select python,menuitem default select python error delete column query open,9,d953,0.8542696237564087
q20435,python default menuitem select,menuitem default select python,menuitem default select python error delete column query open,10,d6040,0.8542696237564087
q20436,get sort indexes in a list python,dapat indeks urut dalam list python,dapat indeks urut dalam list python sort list integer error update query,1,d2374,0.8435150384902954
q20436,get sort indexes in a list python,dapat indeks urut dalam list python,dapat indeks urut dalam list python sort list integer error update query,2,d1114,0.8435150384902954
q20436,get sort indexes in a list python,dapat indeks urut dalam list python,dapat indeks urut dalam list python sort list integer error update query,3,d1116,0.8435150384902954
q20436,get sort indexes in a list python,dapat indeks urut dalam list python,dapat indeks urut dalam list python sort list integer error update query,4,d11858,0.8435150384902954
q20436,get sort indexes in a list python,dapat indeks urut dalam list python,dapat indeks urut dalam list python sort list integer error update query,5,d13937,0.8435150384902954
q20436,get sort indexes in a list python,dapat indeks urut dalam list python,dapat indeks urut dalam list python sort list integer error update query,6,d7030,0.8435150384902954
q20436,get sort indexes in a list python,dapat indeks urut dalam list python,dapat indeks urut dalam list python sort list integer error update query,7,d5575,0.8355262279510498
q20436,get sort indexes in a list python,dapat indeks urut dalam list python,dapat indeks urut dalam list python sort list integer error update query,8,d1400,0.8355262279510498
q20436,get sort indexes in a list python,dapat indeks urut dalam list python,dapat indeks urut dalam list python sort list integer error update query,9,d5613,0.8355262279510498
q20436,get sort indexes in a list python,dapat indeks urut dalam list python,dapat indeks urut dalam list python sort list integer error update query,10,d15053,0.834214985370636
q20437,how to start a new line in python gui,cara mulai baris baru di gui python,cara mulai baris baru di gui python row update open error parameter variable,1,d11823,0.8309495449066162
q20437,how to start a new line in python gui,cara mulai baris baru di gui python,cara mulai baris baru di gui python row update open error parameter variable,2,d9840,0.8301936984062195
q20437,how to start a new line in python gui,cara mulai baris baru di gui python,cara mulai baris baru di gui python row update open error parameter variable,3,d15942,0.8301936984062195
q20437,how to start a new line in python gui,cara mulai baris baru di gui python,cara mulai baris baru di gui python row update open error parameter variable,4,d14446,0.8301936984062195
q20437,how to start a new line in python gui,cara mulai baris baru di gui python,cara mulai baris baru di gui python row update open error parameter variable,5,d12363,0.8301936984062195
q20437,how to start a new line in python gui,cara mulai baris baru di gui python,cara mulai baris baru di gui python row update open error parameter variable,6,d2929,0.8301936984062195
q20437,how to start a new line in python gui,cara mulai baris baru di gui python,cara mulai baris baru di gui python row update open error parameter variable,7,d1298,0.8285598754882812
q20437,how to start a new line in python gui,cara mulai baris baru di gui python,cara mulai baris baru di gui python row update open error parameter variable,8,d13316,0.8285598754882812
q20437,how to start a new line in python gui,cara mulai baris baru di gui python,cara mulai baris baru di gui python row update open error parameter variable,9,d1038,0.8285598754882812
q20437,how to start a new line in python gui,cara mulai baris baru di gui python,cara mulai baris baru di gui python row update open error parameter variable,10,d1862,0.8285597562789917
q20438,how to get tuple of colors in image python,cara dapat tuple warna dalam gambar python,cara dapat tuple warna dalam gambar python row update error file integer,1,d1937,0.8412837982177734
q20438,how to get tuple of colors in image python,cara dapat tuple warna dalam gambar python,cara dapat tuple warna dalam gambar python row update error file integer,2,d13655,0.8412837982177734
q20438,how to get tuple of colors in image python,cara dapat tuple warna dalam gambar python,cara dapat tuple warna dalam gambar python row update error file integer,3,d14590,0.8412837982177734
q20438,how to get tuple of colors in image python,cara dapat tuple warna dalam gambar python,cara dapat tuple warna dalam gambar python row update error file integer,4,d6113,0.8412837982177734
q20438,how to get tuple of colors in image python,cara dapat tuple warna dalam gambar python,cara dapat tuple warna dalam gambar python row update error file integer,5,d4265,0.8412837386131287
q20438,how to get tuple of colors in image python,cara dapat tuple warna dalam gambar python,cara dapat tuple warna dalam gambar python row update error file integer,6,d20438,0.8412837386131287
q20438,how to get tuple of colors in image python,cara dapat tuple warna dalam gambar python,cara dapat tuple warna dalam gambar python row update error file integer,7,d10967,0.8402525186538696
q20438,how to get tuple of colors in image python,cara dapat tuple warna dalam gambar python,cara dapat tuple warna dalam gambar python row update error file integer,8,d2829,0.8402525186538696
q20438,how to get tuple of colors in image python,cara dapat tuple warna dalam gambar python,cara dapat tuple warna dalam gambar python row update error file integer,9,d2761,0.8402525186538696
q20438,how to get tuple of colors in image python,cara dapat tuple warna dalam gambar python,cara dapat tuple warna dalam gambar python row update error file integer,10,d11395,0.8402525186538696
q20439,make datetime aware python,jadikan datetime aware python,jadikan datetime aware python update query database parameter save,1,d5703,0.863554835319519
q20439,make datetime aware python,jadikan datetime aware python,jadikan datetime aware python update query database parameter save,2,d20464,0.863554835319519
q20439,make datetime aware python,jadikan datetime aware python,jadikan datetime aware python update query database parameter save,3,d11823,0.8627593517303467
q20439,make datetime aware python,jadikan datetime aware python,jadikan datetime aware python update query database parameter save,4,d12455,0.8569444417953491
q20439,make datetime aware python,jadikan datetime aware python,jadikan datetime aware python update query database parameter save,5,d1935,0.8557252287864685
q20439,make datetime aware python,jadikan datetime aware python,jadikan datetime aware python update query database parameter save,6,d18020,0.8543286323547363
q20439,make datetime aware python,jadikan datetime aware python,jadikan datetime aware python update query database parameter save,7,d18440,0.8543286323547363
q20439,make datetime aware python,jadikan datetime aware python,jadikan datetime aware python update query database parameter save,8,d17707,0.8543286323547363
q20439,make datetime aware python,jadikan datetime aware python,jadikan datetime aware python update query database parameter save,9,d17524,0.8543286323547363
q20439,make datetime aware python,jadikan datetime aware python,jadikan datetime aware python update query database parameter save,10,d18007,0.8517069816589355
q20440,python dict drop empty,drop dictionary kosong python,drop dictionary kosong python dictionary delete error close update,1,d1018,0.8523342609405518
q20440,python dict drop empty,drop dictionary kosong python,drop dictionary kosong python dictionary delete error close update,2,d6181,0.8521777391433716
q20440,python dict drop empty,drop dictionary kosong python,drop dictionary kosong python dictionary delete error close update,3,d15669,0.8515626192092896
q20440,python dict drop empty,drop dictionary kosong python,drop dictionary kosong python dictionary delete error close update,4,d191,0.8515626192092896
q20440,python dict drop empty,drop dictionary kosong python,drop dictionary kosong python dictionary delete error close update,5,d12848,0.8515626192092896
q20440,python dict drop empty,drop dictionary kosong python,drop dictionary kosong python dictionary delete error close update,6,d6586,0.8515626192092896
q20440,python dict drop empty,drop dictionary kosong python,drop dictionary kosong python dictionary delete error close update,7,d792,0.8510096073150635
q20440,python dict drop empty,drop dictionary kosong python,drop dictionary kosong python dictionary delete error close update,8,d19807,0.8510096073150635
q20440,python dict drop empty,drop dictionary kosong python,drop dictionary kosong python dictionary delete error close update,9,d7229,0.8505407571792603
q20440,python dict drop empty,drop dictionary kosong python,drop dictionary kosong python dictionary delete error close update,10,d6625,0.8494338393211365
q20441,python pretty print without sort,pretty print tanpa urut python,pretty print tanpa urut python sort query integer file error update,1,d19776,0.8665800094604492
q20441,python pretty print without sort,pretty print tanpa urut python,pretty print tanpa urut python sort query integer file error update,2,d14481,0.8665800094604492
q20441,python pretty print without sort,pretty print tanpa urut python,pretty print tanpa urut python sort query integer file error update,3,d14291,0.8665800094604492
q20441,python pretty print without sort,pretty print tanpa urut python,pretty print tanpa urut python sort query integer file error update,4,d3192,0.8665800094604492
q20441,python pretty print without sort,pretty print tanpa urut python,pretty print tanpa urut python sort query integer file error update,5,d3386,0.8665800094604492
q20441,python pretty print without sort,pretty print tanpa urut python,pretty print tanpa urut python sort query integer file error update,6,d6021,0.8665800094604492
q20441,python pretty print without sort,pretty print tanpa urut python,pretty print tanpa urut python sort query integer file error update,7,d15126,0.8665800094604492
q20441,python pretty print without sort,pretty print tanpa urut python,pretty print tanpa urut python sort query integer file error update,8,d5507,0.858889102935791
q20441,python pretty print without sort,pretty print tanpa urut python,pretty print tanpa urut python sort query integer file error update,9,d14887,0.858889102935791
q20441,python pretty print without sort,pretty print tanpa urut python,pretty print tanpa urut python sort query integer file error update,10,d1697,0.8508574962615967
q20442,python check if interactive,periksa apakah interaktif python,periksa apakah interaktif python integer error update query search,1,d9365,0.8489944934844971
q20442,python check if interactive,periksa apakah interaktif python,periksa apakah interaktif python integer error update query search,2,d726,0.8489944934844971
q20442,python check if interactive,periksa apakah interaktif python,periksa apakah interaktif python integer error update query search,3,d20091,0.8489944934844971
q20442,python check if interactive,periksa apakah interaktif python,periksa apakah interaktif python integer error update query search,4,d13682,0.8489944934844971
q20442,python check if interactive,periksa apakah interaktif python,periksa apakah interaktif python integer error update query search,5,d13565,0.8489944934844971
q20442,python check if interactive,periksa apakah interaktif python,periksa apakah interaktif python integer error update query search,6,d11794,0.8489944934844971
q20442,python check if interactive,periksa apakah interaktif python,periksa apakah interaktif python integer error update query search,7,d3575,0.8489944934844971
q20442,python check if interactive,periksa apakah interaktif python,periksa apakah interaktif python integer error update query search,8,d3691,0.8489944934844971
q20442,python check if interactive,periksa apakah interaktif python,periksa apakah interaktif python integer error update query search,9,d141,0.8489944934844971
q20442,python check if interactive,periksa apakah interaktif python,periksa apakah interaktif python integer error update query search,10,d18007,0.8483107089996338
q20443,python pid determine existence,pid tentukan keberadaan python,pid tentukan keberadaan python file query function integer database,1,d14378,0.8553065061569214
q20443,python pid determine existence,pid tentukan keberadaan python,pid tentukan keberadaan python file query function integer database,2,d4166,0.8553065061569214
q20443,python pid determine existence,pid tentukan keberadaan python,pid tentukan keberadaan python file query function integer database,3,d584,0.8553065061569214
q20443,python pid determine existence,pid tentukan keberadaan python,pid tentukan keberadaan python file query function integer database,4,d2093,0.8553065061569214
q20443,python pid determine existence,pid tentukan keberadaan python,pid tentukan keberadaan python file query function integer database,5,d2036,0.8553065061569214
q20443,python pid determine existence,pid tentukan keberadaan python,pid tentukan keberadaan python file query function integer database,6,d4409,0.8553065061569214
q20443,python pid determine existence,pid tentukan keberadaan python,pid tentukan keberadaan python file query function integer database,7,d14357,0.8553065061569214
q20443,python pid determine existence,pid tentukan keberadaan python,pid tentukan keberadaan python file query function integer database,8,d20443,0.8553065061569214
q20443,python pid determine existence,pid tentukan keberadaan python,pid tentukan keberadaan python file query function integer database,9,d20491,0.8553065061569214
q20443,python pid determine existence,pid tentukan keberadaan python,pid tentukan keberadaan python file query function integer database,10,d12417,0.8553065061569214
q20444,python pymongo insert without duplicatte,pymongo insert tanpa duplikat python,pymongo insert tanpa duplikat python integer error update file column,1,d20444,0.861618161201477
q20444,python pymongo insert without duplicatte,pymongo insert tanpa duplikat python,pymongo insert tanpa duplikat python integer error update file column,2,d5154,0.8608766198158264
q20444,python pymongo insert without duplicatte,pymongo insert tanpa duplikat python,pymongo insert tanpa duplikat python integer error update file column,3,d15422,0.8570750951766968
q20444,python pymongo insert without duplicatte,pymongo insert tanpa duplikat python,pymongo insert tanpa duplikat python integer error update file column,4,d6350,0.8570750951766968
q20444,python pymongo insert without duplicatte,pymongo insert tanpa duplikat python,pymongo insert tanpa duplikat python integer error update file column,5,d11519,0.8570750951766968
q20444,python pymongo insert without duplicatte,pymongo insert tanpa duplikat python,pymongo insert tanpa duplikat python integer error update file column,6,d5654,0.8570750951766968
q20444,python pymongo insert without duplicatte,pymongo insert tanpa duplikat python,pymongo insert tanpa duplikat python integer error update file column,7,d15610,0.8570750951766968
q20444,python pymongo insert without duplicatte,pymongo insert tanpa duplikat python,pymongo insert tanpa duplikat python integer error update file column,8,d7230,0.8570750951766968
q20444,python pymongo insert without duplicatte,pymongo insert tanpa duplikat python,pymongo insert tanpa duplikat python integer error update file column,9,d18455,0.8569312691688538
q20444,python pymongo insert without duplicatte,pymongo insert tanpa duplikat python,pymongo insert tanpa duplikat python integer error update file column,10,d10059,0.8534518480300903
q20445,how to read json files with multiple object python,cara baca file json dengan banyak objek python,cara baca file json dengan banyak objek python file read search integer sort,1,d13934,0.8696253299713135
q20445,how to read json files with multiple object python,cara baca file json dengan banyak objek python,cara baca file json dengan banyak objek python file read search integer sort,2,d11559,0.8696253299713135
q20445,how to read json files with multiple object python,cara baca file json dengan banyak objek python,cara baca file json dengan banyak objek python file read search integer sort,3,d7480,0.8696253299713135
q20445,how to read json files with multiple object python,cara baca file json dengan banyak objek python,cara baca file json dengan banyak objek python file read search integer sort,4,d5420,0.8696253299713135
q20445,how to read json files with multiple object python,cara baca file json dengan banyak objek python,cara baca file json dengan banyak objek python file read search integer sort,5,d20445,0.8696253299713135
q20445,how to read json files with multiple object python,cara baca file json dengan banyak objek python,cara baca file json dengan banyak objek python file read search integer sort,6,d8077,0.8696253299713135
q20445,how to read json files with multiple object python,cara baca file json dengan banyak objek python,cara baca file json dengan banyak objek python file read search integer sort,7,d5987,0.8696253299713135
q20445,how to read json files with multiple object python,cara baca file json dengan banyak objek python,cara baca file json dengan banyak objek python file read search integer sort,8,d14478,0.860442578792572
q20445,how to read json files with multiple object python,cara baca file json dengan banyak objek python,cara baca file json dengan banyak objek python file read search integer sort,9,d5430,0.8488403558731079
q20445,how to read json files with multiple object python,cara baca file json dengan banyak objek python,cara baca file json dengan banyak objek python file read search integer sort,10,d11548,0.8488403558731079
q20446,python discord leave voice channel,discord python keluar voice channel,discord python keluar voice channel update query error warning delete,1,d8669,0.8500102162361145
q20446,python discord leave voice channel,discord python keluar voice channel,discord python keluar voice channel update query error warning delete,2,d97,0.8482238054275513
q20446,python discord leave voice channel,discord python keluar voice channel,discord python keluar voice channel update query error warning delete,3,d18007,0.8439898490905762
q20446,python discord leave voice channel,discord python keluar voice channel,discord python keluar voice channel update query error warning delete,4,d613,0.8421711921691895
q20446,python discord leave voice channel,discord python keluar voice channel,discord python keluar voice channel update query error warning delete,5,d9335,0.8421711921691895
q20446,python discord leave voice channel,discord python keluar voice channel,discord python keluar voice channel update query error warning delete,6,d2679,0.8421711921691895
q20446,python discord leave voice channel,discord python keluar voice channel,discord python keluar voice channel update query error warning delete,7,d7841,0.8421711921691895
q20446,python discord leave voice channel,discord python keluar voice channel,discord python keluar voice channel update query error warning delete,8,d9305,0.8421711921691895
q20446,python discord leave voice channel,discord python keluar voice channel,discord python keluar voice channel update query error warning delete,9,d12026,0.8421711921691895
q20446,python discord leave voice channel,discord python keluar voice channel,discord python keluar voice channel update query error warning delete,10,d12616,0.841957151889801
q20447,python unittest make tests discoverable,unittest python buat test bisa ditemukan,unittest python buat test bisa ditemukan update search integer query parameter,1,d7230,0.8606226444244385
q20447,python unittest make tests discoverable,unittest python buat test bisa ditemukan,unittest python buat test bisa ditemukan update search integer query parameter,2,d11519,0.8606226444244385
q20447,python unittest make tests discoverable,unittest python buat test bisa ditemukan,unittest python buat test bisa ditemukan update search integer query parameter,3,d6350,0.8606226444244385
q20447,python unittest make tests discoverable,unittest python buat test bisa ditemukan,unittest python buat test bisa ditemukan update search integer query parameter,4,d5654,0.8606226444244385
q20447,python unittest make tests discoverable,unittest python buat test bisa ditemukan,unittest python buat test bisa ditemukan update search integer query parameter,5,d15422,0.8606226444244385
q20447,python unittest make tests discoverable,unittest python buat test bisa ditemukan,unittest python buat test bisa ditemukan update search integer query parameter,6,d15610,0.8606226444244385
q20447,python unittest make tests discoverable,unittest python buat test bisa ditemukan,unittest python buat test bisa ditemukan update search integer query parameter,7,d9665,0.8573609590530396
q20447,python unittest make tests discoverable,unittest python buat test bisa ditemukan,unittest python buat test bisa ditemukan update search integer query parameter,8,d9731,0.8573609590530396
q20447,python unittest make tests discoverable,unittest python buat test bisa ditemukan,unittest python buat test bisa ditemukan update search integer query parameter,9,d10242,0.8573609590530396
q20447,python unittest make tests discoverable,unittest python buat test bisa ditemukan,unittest python buat test bisa ditemukan update search integer query parameter,10,d16030,0.8573609590530396
q20448,multiline text send message python,kirim pesan teks multi-baris python,kirim pesan teks multi-baris python row parameter update error variable file,1,d7511,0.8555966019630432
q20448,multiline text send message python,kirim pesan teks multi-baris python,kirim pesan teks multi-baris python row parameter update error variable file,2,d13660,0.8445429801940918
q20448,multiline text send message python,kirim pesan teks multi-baris python,kirim pesan teks multi-baris python row parameter update error variable file,3,d5502,0.8445429801940918
q20448,multiline text send message python,kirim pesan teks multi-baris python,kirim pesan teks multi-baris python row parameter update error variable file,4,d9646,0.8419585227966309
q20448,multiline text send message python,kirim pesan teks multi-baris python,kirim pesan teks multi-baris python row parameter update error variable file,5,d20301,0.8401437997817993
q20448,multiline text send message python,kirim pesan teks multi-baris python,kirim pesan teks multi-baris python row parameter update error variable file,6,d11190,0.8401437997817993
q20448,multiline text send message python,kirim pesan teks multi-baris python,kirim pesan teks multi-baris python row parameter update error variable file,7,d391,0.8401437997817993
q20448,multiline text send message python,kirim pesan teks multi-baris python,kirim pesan teks multi-baris python row parameter update error variable file,8,d5451,0.8401437997817993
q20448,multiline text send message python,kirim pesan teks multi-baris python,kirim pesan teks multi-baris python row parameter update error variable file,9,d11583,0.8401437997817993
q20448,multiline text send message python,kirim pesan teks multi-baris python,kirim pesan teks multi-baris python row parameter update error variable file,10,d7182,0.8401437997817993
q20449,extract integers from string in python,ekstrak integer dari string di python,ekstrak integer dari string di python integer string error parameter variable,1,d14275,0.8613283038139343
q20449,extract integers from string in python,ekstrak integer dari string di python,ekstrak integer dari string di python integer string error parameter variable,2,d19626,0.8605606555938721
q20449,extract integers from string in python,ekstrak integer dari string di python,ekstrak integer dari string di python integer string error parameter variable,3,d18646,0.8605606555938721
q20449,extract integers from string in python,ekstrak integer dari string di python,ekstrak integer dari string di python integer string error parameter variable,4,d19169,0.8605606555938721
q20449,extract integers from string in python,ekstrak integer dari string di python,ekstrak integer dari string di python integer string error parameter variable,5,d17108,0.8605606555938721
q20449,extract integers from string in python,ekstrak integer dari string di python,ekstrak integer dari string di python integer string error parameter variable,6,d19081,0.8605606555938721
q20449,extract integers from string in python,ekstrak integer dari string di python,ekstrak integer dari string di python integer string error parameter variable,7,d15951,0.8577159643173218
q20449,extract integers from string in python,ekstrak integer dari string di python,ekstrak integer dari string di python integer string error parameter variable,8,d11724,0.8577159643173218
q20449,extract integers from string in python,ekstrak integer dari string di python,ekstrak integer dari string di python integer string error parameter variable,9,d3306,0.8577159643173218
q20449,extract integers from string in python,ekstrak integer dari string di python,ekstrak integer dari string di python integer string error parameter variable,10,d13835,0.8577159643173218
q20450,python take a string after the title,ambil string setelah title python,ambil string setelah title python get string update file error write,1,d801,0.8549911975860596
q20450,python take a string after the title,ambil string setelah title python,ambil string setelah title python get string update file error write,2,d1236,0.8486942052841187
q20450,python take a string after the title,ambil string setelah title python,ambil string setelah title python get string update file error write,3,d9052,0.8486942052841187
q20450,python take a string after the title,ambil string setelah title python,ambil string setelah title python get string update file error write,4,d15652,0.8486942052841187
q20450,python take a string after the title,ambil string setelah title python,ambil string setelah title python get string update file error write,5,d4792,0.8486942052841187
q20450,python take a string after the title,ambil string setelah title python,ambil string setelah title python get string update file error write,6,d15874,0.8486942052841187
q20450,python take a string after the title,ambil string setelah title python,ambil string setelah title python get string update file error write,7,d20452,0.8486942052841187
q20450,python take a string after the title,ambil string setelah title python,ambil string setelah title python get string update file error write,8,d11166,0.8486942052841187
q20450,python take a string after the title,ambil string setelah title python,ambil string setelah title python get string update file error write,9,d12319,0.8486942052841187
q20450,python take a string after the title,ambil string setelah title python,ambil string setelah title python get string update file error write,10,d3245,0.8486942052841187
q20451,how to randomly select rows in ndarray in python,cara pilih baris acak dalam ndarray python,cara pilih baris acak dalam ndarray python array error parameter integer row database,1,d20000,0.8483690023422241
q20451,how to randomly select rows in ndarray in python,cara pilih baris acak dalam ndarray python,cara pilih baris acak dalam ndarray python array error parameter integer row database,2,d7514,0.8483690023422241
q20451,how to randomly select rows in ndarray in python,cara pilih baris acak dalam ndarray python,cara pilih baris acak dalam ndarray python array error parameter integer row database,3,d8558,0.8432690501213074
q20451,how to randomly select rows in ndarray in python,cara pilih baris acak dalam ndarray python,cara pilih baris acak dalam ndarray python array error parameter integer row database,4,d11849,0.8432690501213074
q20451,how to randomly select rows in ndarray in python,cara pilih baris acak dalam ndarray python,cara pilih baris acak dalam ndarray python array error parameter integer row database,5,d11847,0.8432690501213074
q20451,how to randomly select rows in ndarray in python,cara pilih baris acak dalam ndarray python,cara pilih baris acak dalam ndarray python array error parameter integer row database,6,d15802,0.8432690501213074
q20451,how to randomly select rows in ndarray in python,cara pilih baris acak dalam ndarray python,cara pilih baris acak dalam ndarray python array error parameter integer row database,7,d9675,0.8432690501213074
q20451,how to randomly select rows in ndarray in python,cara pilih baris acak dalam ndarray python,cara pilih baris acak dalam ndarray python array error parameter integer row database,8,d4020,0.8432690501213074
q20451,how to randomly select rows in ndarray in python,cara pilih baris acak dalam ndarray python,cara pilih baris acak dalam ndarray python array error parameter integer row database,9,d9082,0.8432690501213074
q20451,how to randomly select rows in ndarray in python,cara pilih baris acak dalam ndarray python,cara pilih baris acak dalam ndarray python array error parameter integer row database,10,d9677,0.8432690501213074
q20452,how to open a file with a path in python,cara buka file dengan path di python,cara buka file dengan path di python file open error update search,1,d3526,0.8366913795471191
q20452,how to open a file with a path in python,cara buka file dengan path di python,cara buka file dengan path di python file open error update search,2,d13088,0.835293710231781
q20452,how to open a file with a path in python,cara buka file dengan path di python,cara buka file dengan path di python file open error update search,3,d3156,0.8344728946685791
q20452,how to open a file with a path in python,cara buka file dengan path di python,cara buka file dengan path di python file open error update search,4,d10701,0.8344728946685791
q20452,how to open a file with a path in python,cara buka file dengan path di python,cara buka file dengan path di python file open error update search,5,d4820,0.8344728946685791
q20452,how to open a file with a path in python,cara buka file dengan path di python,cara buka file dengan path di python file open error update search,6,d8414,0.8344728946685791
q20452,how to open a file with a path in python,cara buka file dengan path di python,cara buka file dengan path di python file open error update search,7,d10421,0.8344728946685791
q20452,how to open a file with a path in python,cara buka file dengan path di python,cara buka file dengan path di python file open error update search,8,d10443,0.8344728946685791
q20452,how to open a file with a path in python,cara buka file dengan path di python,cara buka file dengan path di python file open error update search,9,d11258,0.8344728946685791
q20452,how to open a file with a path in python,cara buka file dengan path di python,cara buka file dengan path di python file open error update search,10,d12430,0.8344728946685791
q20453,python count distance between two vectors,hitung jarak antara dua vektor python,hitung jarak antara dua vektor python integer close error row function,1,d20453,0.8743922710418701
q20453,python count distance between two vectors,hitung jarak antara dua vektor python,hitung jarak antara dua vektor python integer close error row function,2,d12559,0.8719024658203125
q20453,python count distance between two vectors,hitung jarak antara dua vektor python,hitung jarak antara dua vektor python integer close error row function,3,d8537,0.8719024658203125
q20453,python count distance between two vectors,hitung jarak antara dua vektor python,hitung jarak antara dua vektor python integer close error row function,4,d4364,0.8719024658203125
q20453,python count distance between two vectors,hitung jarak antara dua vektor python,hitung jarak antara dua vektor python integer close error row function,5,d2678,0.8719024658203125
q20453,python count distance between two vectors,hitung jarak antara dua vektor python,hitung jarak antara dua vektor python integer close error row function,6,d6497,0.8719024658203125
q20453,python count distance between two vectors,hitung jarak antara dua vektor python,hitung jarak antara dua vektor python integer close error row function,7,d1958,0.8719024658203125
q20453,python count distance between two vectors,hitung jarak antara dua vektor python,hitung jarak antara dua vektor python integer close error row function,8,d3995,0.8719024658203125
q20453,python count distance between two vectors,hitung jarak antara dua vektor python,hitung jarak antara dua vektor python integer close error row function,9,d2204,0.8719024658203125
q20453,python count distance between two vectors,hitung jarak antara dua vektor python,hitung jarak antara dua vektor python integer close error row function,10,d20320,0.8673869371414185
q20454,python get dimensions of list,dapat dimensi list python,dapat dimensi list python list integer parameter error column,1,d12909,0.8545536398887634
q20454,python get dimensions of list,dapat dimensi list python,dapat dimensi list python list integer parameter error column,2,d806,0.8545536398887634
q20454,python get dimensions of list,dapat dimensi list python,dapat dimensi list python list integer parameter error column,3,d5585,0.8545536398887634
q20454,python get dimensions of list,dapat dimensi list python,dapat dimensi list python list integer parameter error column,4,d2659,0.8545536398887634
q20454,python get dimensions of list,dapat dimensi list python,dapat dimensi list python list integer parameter error column,5,d4687,0.8545536398887634
q20454,python get dimensions of list,dapat dimensi list python,dapat dimensi list python list integer parameter error column,6,d8894,0.8545536398887634
q20454,python get dimensions of list,dapat dimensi list python,dapat dimensi list python list integer parameter error column,7,d11005,0.8545536398887634
q20454,python get dimensions of list,dapat dimensi list python,dapat dimensi list python list integer parameter error column,8,d1070,0.8545536398887634
q20454,python get dimensions of list,dapat dimensi list python,dapat dimensi list python list integer parameter error column,9,d12360,0.8482604026794434
q20454,python get dimensions of list,dapat dimensi list python,dapat dimensi list python list integer parameter error column,10,d3345,0.8482604026794434
q20455,python filter lowpass minmum cutoff frequency,filter lowpass frekuensi cutoff minimum python,filter lowpass frekuensi cutoff minimum python filter error update query integer,1,d1940,0.8642858266830444
q20455,python filter lowpass minmum cutoff frequency,filter lowpass frekuensi cutoff minimum python,filter lowpass frekuensi cutoff minimum python filter error update query integer,2,d20455,0.8642858266830444
q20455,python filter lowpass minmum cutoff frequency,filter lowpass frekuensi cutoff minimum python,filter lowpass frekuensi cutoff minimum python filter error update query integer,3,d12709,0.8642858266830444
q20455,python filter lowpass minmum cutoff frequency,filter lowpass frekuensi cutoff minimum python,filter lowpass frekuensi cutoff minimum python filter error update query integer,4,d20034,0.8642858266830444
q20455,python filter lowpass minmum cutoff frequency,filter lowpass frekuensi cutoff minimum python,filter lowpass frekuensi cutoff minimum python filter error update query integer,5,d14739,0.8642858266830444
q20455,python filter lowpass minmum cutoff frequency,filter lowpass frekuensi cutoff minimum python,filter lowpass frekuensi cutoff minimum python filter error update query integer,6,d6692,0.8642858266830444
q20455,python filter lowpass minmum cutoff frequency,filter lowpass frekuensi cutoff minimum python,filter lowpass frekuensi cutoff minimum python filter error update query integer,7,d10873,0.8642858266830444
q20455,python filter lowpass minmum cutoff frequency,filter lowpass frekuensi cutoff minimum python,filter lowpass frekuensi cutoff minimum python filter error update query integer,8,d7828,0.8505780696868896
q20455,python filter lowpass minmum cutoff frequency,filter lowpass frekuensi cutoff minimum python,filter lowpass frekuensi cutoff minimum python filter error update query integer,9,d14869,0.8505780696868896
q20455,python filter lowpass minmum cutoff frequency,filter lowpass frekuensi cutoff minimum python,filter lowpass frekuensi cutoff minimum python filter error update query integer,10,d10602,0.8505780696868896
q20456,"python 3, seperate a string into a list at comma",python 3 pisahkan string menjadi list di koma,python 3 pisahkan string menjadi list di koma string list sort loop column,1,d7967,0.8533475399017334
q20456,"python 3, seperate a string into a list at comma",python 3 pisahkan string menjadi list di koma,python 3 pisahkan string menjadi list di koma string list sort loop column,2,d13339,0.8533475399017334
q20456,"python 3, seperate a string into a list at comma",python 3 pisahkan string menjadi list di koma,python 3 pisahkan string menjadi list di koma string list sort loop column,3,d15693,0.8505334854125977
q20456,"python 3, seperate a string into a list at comma",python 3 pisahkan string menjadi list di koma,python 3 pisahkan string menjadi list di koma string list sort loop column,4,d6326,0.8505334854125977
q20456,"python 3, seperate a string into a list at comma",python 3 pisahkan string menjadi list di koma,python 3 pisahkan string menjadi list di koma string list sort loop column,5,d12672,0.8505334854125977
q20456,"python 3, seperate a string into a list at comma",python 3 pisahkan string menjadi list di koma,python 3 pisahkan string menjadi list di koma string list sort loop column,6,d3604,0.8505334854125977
q20456,"python 3, seperate a string into a list at comma",python 3 pisahkan string menjadi list di koma,python 3 pisahkan string menjadi list di koma string list sort loop column,7,d13858,0.8505334854125977
q20456,"python 3, seperate a string into a list at comma",python 3 pisahkan string menjadi list di koma,python 3 pisahkan string menjadi list di koma string list sort loop column,8,d12401,0.8505334854125977
q20456,"python 3, seperate a string into a list at comma",python 3 pisahkan string menjadi list di koma,python 3 pisahkan string menjadi list di koma string list sort loop column,9,d16261,0.8505334854125977
q20456,"python 3, seperate a string into a list at comma",python 3 pisahkan string menjadi list di koma,python 3 pisahkan string menjadi list di koma string list sort loop column,10,d7657,0.8505334854125977
q20457,how to delete an element in a python dictionary,cara hapus elemen dalam dictionary python,cara hapus elemen dalam dictionary python dictionary integer error delete parameter,1,d3455,0.8587802648544312
q20457,how to delete an element in a python dictionary,cara hapus elemen dalam dictionary python,cara hapus elemen dalam dictionary python dictionary integer error delete parameter,2,d3471,0.8587802648544312
q20457,how to delete an element in a python dictionary,cara hapus elemen dalam dictionary python,cara hapus elemen dalam dictionary python dictionary integer error delete parameter,3,d1319,0.8587802648544312
q20457,how to delete an element in a python dictionary,cara hapus elemen dalam dictionary python,cara hapus elemen dalam dictionary python dictionary integer error delete parameter,4,d18412,0.852999746799469
q20457,how to delete an element in a python dictionary,cara hapus elemen dalam dictionary python,cara hapus elemen dalam dictionary python dictionary integer error delete parameter,5,d19347,0.852999746799469
q20457,how to delete an element in a python dictionary,cara hapus elemen dalam dictionary python,cara hapus elemen dalam dictionary python dictionary integer error delete parameter,6,d20354,0.852999746799469
q20457,how to delete an element in a python dictionary,cara hapus elemen dalam dictionary python,cara hapus elemen dalam dictionary python dictionary integer error delete parameter,7,d16914,0.852999746799469
q20457,how to delete an element in a python dictionary,cara hapus elemen dalam dictionary python,cara hapus elemen dalam dictionary python dictionary integer error delete parameter,8,d20220,0.852999746799469
q20457,how to delete an element in a python dictionary,cara hapus elemen dalam dictionary python,cara hapus elemen dalam dictionary python dictionary integer error delete parameter,9,d18734,0.852999746799469
q20457,how to delete an element in a python dictionary,cara hapus elemen dalam dictionary python,cara hapus elemen dalam dictionary python dictionary integer error delete parameter,10,d18647,0.852999746799469
q20458,how know if the box was selected in checkbox in python,cari tahu apakah kotak dipilih di checkbox python,cari tahu apakah kotak dipilih di checkbox python search update query error open,1,d18007,0.8607760071754456
q20458,how know if the box was selected in checkbox in python,cari tahu apakah kotak dipilih di checkbox python,cari tahu apakah kotak dipilih di checkbox python search update query error open,2,d13302,0.8564049005508423
q20458,how know if the box was selected in checkbox in python,cari tahu apakah kotak dipilih di checkbox python,cari tahu apakah kotak dipilih di checkbox python search update query error open,3,d15431,0.8564049005508423
q20458,how know if the box was selected in checkbox in python,cari tahu apakah kotak dipilih di checkbox python,cari tahu apakah kotak dipilih di checkbox python search update query error open,4,d6261,0.8532856702804565
q20458,how know if the box was selected in checkbox in python,cari tahu apakah kotak dipilih di checkbox python,cari tahu apakah kotak dipilih di checkbox python search update query error open,5,d1169,0.846855640411377
q20458,how know if the box was selected in checkbox in python,cari tahu apakah kotak dipilih di checkbox python,cari tahu apakah kotak dipilih di checkbox python search update query error open,6,d5678,0.846855640411377
q20458,how know if the box was selected in checkbox in python,cari tahu apakah kotak dipilih di checkbox python,cari tahu apakah kotak dipilih di checkbox python search update query error open,7,d715,0.845618724822998
q20458,how know if the box was selected in checkbox in python,cari tahu apakah kotak dipilih di checkbox python,cari tahu apakah kotak dipilih di checkbox python search update query error open,8,d5131,0.845618724822998
q20458,how know if the box was selected in checkbox in python,cari tahu apakah kotak dipilih di checkbox python,cari tahu apakah kotak dipilih di checkbox python search update query error open,9,d4961,0.845618724822998
q20458,how know if the box was selected in checkbox in python,cari tahu apakah kotak dipilih di checkbox python,cari tahu apakah kotak dipilih di checkbox python search update query error open,10,d20146,0.845618724822998
q20459,standard scalar function in python,fungsi standard scalar di python,fungsi standard scalar di python function integer parameter string query,1,d3027,0.8508499264717102
q20459,standard scalar function in python,fungsi standard scalar di python,fungsi standard scalar di python function integer parameter string query,2,d3375,0.8483325242996216
q20459,standard scalar function in python,fungsi standard scalar di python,fungsi standard scalar di python function integer parameter string query,3,d11680,0.8483325242996216
q20459,standard scalar function in python,fungsi standard scalar di python,fungsi standard scalar di python function integer parameter string query,4,d13905,0.8410139083862305
q20459,standard scalar function in python,fungsi standard scalar di python,fungsi standard scalar di python function integer parameter string query,5,d14977,0.8404015302658081
q20459,standard scalar function in python,fungsi standard scalar di python,fungsi standard scalar di python function integer parameter string query,6,d9736,0.8404015302658081
q20459,standard scalar function in python,fungsi standard scalar di python,fungsi standard scalar di python function integer parameter string query,7,d12321,0.8404015302658081
q20459,standard scalar function in python,fungsi standard scalar di python,fungsi standard scalar di python function integer parameter string query,8,d12323,0.8404015302658081
q20459,standard scalar function in python,fungsi standard scalar di python,fungsi standard scalar di python function integer parameter string query,9,d4381,0.8404015302658081
q20459,standard scalar function in python,fungsi standard scalar di python,fungsi standard scalar di python function integer parameter string query,10,d12273,0.8404015302658081
q20460,python random gaussian distribution noise,noise distribusi gaussian acak python,noise distribusi gaussian acak python parameter error integer update search,1,d7174,0.8574948310852051
q20460,python random gaussian distribution noise,noise distribusi gaussian acak python,noise distribusi gaussian acak python parameter error integer update search,2,d11319,0.8566133975982666
q20460,python random gaussian distribution noise,noise distribusi gaussian acak python,noise distribusi gaussian acak python parameter error integer update search,3,d10814,0.8522686958312988
q20460,python random gaussian distribution noise,noise distribusi gaussian acak python,noise distribusi gaussian acak python parameter error integer update search,4,d8658,0.8522686958312988
q20460,python random gaussian distribution noise,noise distribusi gaussian acak python,noise distribusi gaussian acak python parameter error integer update search,5,d13029,0.8517090082168579
q20460,python random gaussian distribution noise,noise distribusi gaussian acak python,noise distribusi gaussian acak python parameter error integer update search,6,d16768,0.8458860516548157
q20460,python random gaussian distribution noise,noise distribusi gaussian acak python,noise distribusi gaussian acak python parameter error integer update search,7,d13593,0.8455328345298767
q20460,python random gaussian distribution noise,noise distribusi gaussian acak python,noise distribusi gaussian acak python parameter error integer update search,8,d10104,0.8410968780517578
q20460,python random gaussian distribution noise,noise distribusi gaussian acak python,noise distribusi gaussian acak python parameter error integer update search,9,d19737,0.8410968780517578
q20460,python random gaussian distribution noise,noise distribusi gaussian acak python,noise distribusi gaussian acak python parameter error integer update search,10,d15285,0.8410968780517578
q20461,return the number of numeric attributes in python,kembalikan jumlah atribut numerik di python,kembalikan jumlah atribut numerik di python integer return parameter update error,1,d19626,0.8724037408828735
q20461,return the number of numeric attributes in python,kembalikan jumlah atribut numerik di python,kembalikan jumlah atribut numerik di python integer return parameter update error,2,d18646,0.8724037408828735
q20461,return the number of numeric attributes in python,kembalikan jumlah atribut numerik di python,kembalikan jumlah atribut numerik di python integer return parameter update error,3,d17108,0.8724037408828735
q20461,return the number of numeric attributes in python,kembalikan jumlah atribut numerik di python,kembalikan jumlah atribut numerik di python integer return parameter update error,4,d19169,0.8724037408828735
q20461,return the number of numeric attributes in python,kembalikan jumlah atribut numerik di python,kembalikan jumlah atribut numerik di python integer return parameter update error,5,d19081,0.8724037408828735
q20461,return the number of numeric attributes in python,kembalikan jumlah atribut numerik di python,kembalikan jumlah atribut numerik di python integer return parameter update error,6,d1032,0.857345700263977
q20461,return the number of numeric attributes in python,kembalikan jumlah atribut numerik di python,kembalikan jumlah atribut numerik di python integer return parameter update error,7,d1034,0.857345700263977
q20461,return the number of numeric attributes in python,kembalikan jumlah atribut numerik di python,kembalikan jumlah atribut numerik di python integer return parameter update error,8,d15593,0.857345700263977
q20461,return the number of numeric attributes in python,kembalikan jumlah atribut numerik di python,kembalikan jumlah atribut numerik di python integer return parameter update error,9,d9217,0.857345700263977
q20461,return the number of numeric attributes in python,kembalikan jumlah atribut numerik di python,kembalikan jumlah atribut numerik di python integer return parameter update error,10,d2408,0.857345700263977
q20462,python pil camera capture,capture kamera pil python,capture kamera pil python query update filter file column,1,d20462,0.8560960292816162
q20462,python pil camera capture,capture kamera pil python,capture kamera pil python query update filter file column,2,d3876,0.8432159423828125
q20462,python pil camera capture,capture kamera pil python,capture kamera pil python query update filter file column,3,d10925,0.8432159423828125
q20462,python pil camera capture,capture kamera pil python,capture kamera pil python query update filter file column,4,d9445,0.8432159423828125
q20462,python pil camera capture,capture kamera pil python,capture kamera pil python query update filter file column,5,d8061,0.8432159423828125
q20462,python pil camera capture,capture kamera pil python,capture kamera pil python query update filter file column,6,d13647,0.8432159423828125
q20462,python pil camera capture,capture kamera pil python,capture kamera pil python query update filter file column,7,d15772,0.8432159423828125
q20462,python pil camera capture,capture kamera pil python,capture kamera pil python query update filter file column,8,d19815,0.8432159423828125
q20462,python pil camera capture,capture kamera pil python,capture kamera pil python query update filter file column,9,d6171,0.8414270877838135
q20462,python pil camera capture,capture kamera pil python,capture kamera pil python query update filter file column,10,d18007,0.8398457765579224
q20463,python flask create cookie expiration,flask buat cookie expiration python,flask buat cookie expiration python error update filter warning file,1,d8781,0.8550431728363037
q20463,python flask create cookie expiration,flask buat cookie expiration python,flask buat cookie expiration python error update filter warning file,2,d12742,0.8550431728363037
q20463,python flask create cookie expiration,flask buat cookie expiration python,flask buat cookie expiration python error update filter warning file,3,d7616,0.852827787399292
q20463,python flask create cookie expiration,flask buat cookie expiration python,flask buat cookie expiration python error update filter warning file,4,d2322,0.852827787399292
q20463,python flask create cookie expiration,flask buat cookie expiration python,flask buat cookie expiration python error update filter warning file,5,d16042,0.852827787399292
q20463,python flask create cookie expiration,flask buat cookie expiration python,flask buat cookie expiration python error update filter warning file,6,d8797,0.852827787399292
q20463,python flask create cookie expiration,flask buat cookie expiration python,flask buat cookie expiration python error update filter warning file,7,d13659,0.852827787399292
q20463,python flask create cookie expiration,flask buat cookie expiration python,flask buat cookie expiration python error update filter warning file,8,d13947,0.8526430130004883
q20463,python flask create cookie expiration,flask buat cookie expiration python,flask buat cookie expiration python error update filter warning file,9,d2387,0.8526430130004883
q20463,python flask create cookie expiration,flask buat cookie expiration python,flask buat cookie expiration python error update filter warning file,10,d2377,0.8526430130004883
q20464,python sqlalchemy model *,sqlalchemy model python,sqlalchemy model python column database parameter error method,1,d5878,0.8851656913757324
q20464,python sqlalchemy model *,sqlalchemy model python,sqlalchemy model python column database parameter error method,2,d13905,0.866657018661499
q20464,python sqlalchemy model *,sqlalchemy model python,sqlalchemy model python column database parameter error method,3,d16727,0.8640192747116089
q20464,python sqlalchemy model *,sqlalchemy model python,sqlalchemy model python column database parameter error method,4,d18421,0.8640192747116089
q20464,python sqlalchemy model *,sqlalchemy model python,sqlalchemy model python column database parameter error method,5,d338,0.863851010799408
q20464,python sqlalchemy model *,sqlalchemy model python,sqlalchemy model python column database parameter error method,6,d1935,0.8629027605056763
q20464,python sqlalchemy model *,sqlalchemy model python,sqlalchemy model python column database parameter error method,7,d9770,0.8628956079483032
q20464,python sqlalchemy model *,sqlalchemy model python,sqlalchemy model python column database parameter error method,8,d2322,0.8621279001235962
q20464,python sqlalchemy model *,sqlalchemy model python,sqlalchemy model python column database parameter error method,9,d13659,0.8621279001235962
q20464,python sqlalchemy model *,sqlalchemy model python,sqlalchemy model python column database parameter error method,10,d8797,0.8621279001235962
q20465,python how to move to next command in for loop,cara pindah ke perintah berikutnya dalam for loop python,cara pindah ke perintah berikutnya dalam for loop python loop row update string sort,1,d15122,0.841341495513916
q20465,python how to move to next command in for loop,cara pindah ke perintah berikutnya dalam for loop python,cara pindah ke perintah berikutnya dalam for loop python loop row update string sort,2,d20568,0.8401801586151123
q20465,python how to move to next command in for loop,cara pindah ke perintah berikutnya dalam for loop python,cara pindah ke perintah berikutnya dalam for loop python loop row update string sort,3,d2995,0.8401801586151123
q20465,python how to move to next command in for loop,cara pindah ke perintah berikutnya dalam for loop python,cara pindah ke perintah berikutnya dalam for loop python loop row update string sort,4,d15752,0.8401801586151123
q20465,python how to move to next command in for loop,cara pindah ke perintah berikutnya dalam for loop python,cara pindah ke perintah berikutnya dalam for loop python loop row update string sort,5,d15831,0.8401801586151123
q20465,python how to move to next command in for loop,cara pindah ke perintah berikutnya dalam for loop python,cara pindah ke perintah berikutnya dalam for loop python loop row update string sort,6,d4424,0.8401801586151123
q20465,python how to move to next command in for loop,cara pindah ke perintah berikutnya dalam for loop python,cara pindah ke perintah berikutnya dalam for loop python loop row update string sort,7,d1477,0.8401801586151123
q20465,python how to move to next command in for loop,cara pindah ke perintah berikutnya dalam for loop python,cara pindah ke perintah berikutnya dalam for loop python loop row update string sort,8,d7571,0.8401801586151123
q20465,python how to move to next command in for loop,cara pindah ke perintah berikutnya dalam for loop python,cara pindah ke perintah berikutnya dalam for loop python loop row update string sort,9,d5755,0.8401801586151123
q20465,python how to move to next command in for loop,cara pindah ke perintah berikutnya dalam for loop python,cara pindah ke perintah berikutnya dalam for loop python loop row update string sort,10,d3643,0.8374694585800171
q20466,python check if object is a char,periksa apakah objek adalah char python,periksa apakah objek adalah char python integer string query function update,1,d156,0.8623281717300415
q20466,python check if object is a char,periksa apakah objek adalah char python,periksa apakah objek adalah char python integer string query function update,2,d11680,0.8621373772621155
q20466,python check if object is a char,periksa apakah objek adalah char python,periksa apakah objek adalah char python integer string query function update,3,d3375,0.8621373772621155
q20466,python check if object is a char,periksa apakah objek adalah char python,periksa apakah objek adalah char python integer string query function update,4,d14801,0.861431896686554
q20466,python check if object is a char,periksa apakah objek adalah char python,periksa apakah objek adalah char python integer string query function update,5,d10761,0.861431896686554
q20466,python check if object is a char,periksa apakah objek adalah char python,periksa apakah objek adalah char python integer string query function update,6,d5015,0.861431896686554
q20466,python check if object is a char,periksa apakah objek adalah char python,periksa apakah objek adalah char python integer string query function update,7,d8762,0.861431896686554
q20466,python check if object is a char,periksa apakah objek adalah char python,periksa apakah objek adalah char python integer string query function update,8,d2347,0.861431896686554
q20466,python check if object is a char,periksa apakah objek adalah char python,periksa apakah objek adalah char python integer string query function update,9,d11293,0.861431896686554
q20466,python check if object is a char,periksa apakah objek adalah char python,periksa apakah objek adalah char python integer string query function update,10,d4605,0.861431896686554
q20467,how to achieve logarithmic complexity in python,cara capai kompleksitas logaritmik di python,cara capai kompleksitas logaritmik di python integer error query update function,1,d11154,0.8362693786621094
q20467,how to achieve logarithmic complexity in python,cara capai kompleksitas logaritmik di python,cara capai kompleksitas logaritmik di python integer error query update function,2,d18998,0.8324775695800781
q20467,how to achieve logarithmic complexity in python,cara capai kompleksitas logaritmik di python,cara capai kompleksitas logaritmik di python integer error query update function,3,d17742,0.8324775695800781
q20467,how to achieve logarithmic complexity in python,cara capai kompleksitas logaritmik di python,cara capai kompleksitas logaritmik di python integer error query update function,4,d17628,0.8324775695800781
q20467,how to achieve logarithmic complexity in python,cara capai kompleksitas logaritmik di python,cara capai kompleksitas logaritmik di python integer error query update function,5,d18011,0.8324775695800781
q20467,how to achieve logarithmic complexity in python,cara capai kompleksitas logaritmik di python,cara capai kompleksitas logaritmik di python integer error query update function,6,d18013,0.8324775695800781
q20467,how to achieve logarithmic complexity in python,cara capai kompleksitas logaritmik di python,cara capai kompleksitas logaritmik di python integer error query update function,7,d17762,0.8324775695800781
q20467,how to achieve logarithmic complexity in python,cara capai kompleksitas logaritmik di python,cara capai kompleksitas logaritmik di python integer error query update function,8,d17893,0.8324775695800781
q20467,how to achieve logarithmic complexity in python,cara capai kompleksitas logaritmik di python,cara capai kompleksitas logaritmik di python integer error query update function,9,d16686,0.8324775695800781
q20467,how to achieve logarithmic complexity in python,cara capai kompleksitas logaritmik di python,cara capai kompleksitas logaritmik di python integer error query update function,10,d19362,0.8324775695800781
q20468,python listbox scrollbar not tk,listbox scrollbar bukan tk python,listbox scrollbar bukan tk python open error list close update row,1,d20468,0.8738576173782349
q20468,python listbox scrollbar not tk,listbox scrollbar bukan tk python,listbox scrollbar bukan tk python open error list close update row,2,d15973,0.8738576173782349
q20468,python listbox scrollbar not tk,listbox scrollbar bukan tk python,listbox scrollbar bukan tk python open error list close update row,3,d3951,0.8738576173782349
q20468,python listbox scrollbar not tk,listbox scrollbar bukan tk python,listbox scrollbar bukan tk python open error list close update row,4,d13912,0.8636358976364136
q20468,python listbox scrollbar not tk,listbox scrollbar bukan tk python,listbox scrollbar bukan tk python open error list close update row,5,d16616,0.8458178639411926
q20468,python listbox scrollbar not tk,listbox scrollbar bukan tk python,listbox scrollbar bukan tk python open error list close update row,6,d16002,0.8406004905700684
q20468,python listbox scrollbar not tk,listbox scrollbar bukan tk python,listbox scrollbar bukan tk python open error list close update row,7,d8375,0.8406004905700684
q20468,python listbox scrollbar not tk,listbox scrollbar bukan tk python,listbox scrollbar bukan tk python open error list close update row,8,d4621,0.8384506106376648
q20468,python listbox scrollbar not tk,listbox scrollbar bukan tk python,listbox scrollbar bukan tk python open error list close update row,9,d8142,0.8373242616653442
q20468,python listbox scrollbar not tk,listbox scrollbar bukan tk python,listbox scrollbar bukan tk python open error list close update row,10,d7887,0.8373242616653442
q20469,identify the most common number in an array python,identifikasi angka paling umum dalam array python,identifikasi angka paling umum dalam array python array integer parameter query database,1,d3806,0.8426913022994995
q20469,identify the most common number in an array python,identifikasi angka paling umum dalam array python,identifikasi angka paling umum dalam array python array integer parameter query database,2,d10935,0.8426913022994995
q20469,identify the most common number in an array python,identifikasi angka paling umum dalam array python,identifikasi angka paling umum dalam array python array integer parameter query database,3,d6101,0.8426913022994995
q20469,identify the most common number in an array python,identifikasi angka paling umum dalam array python,identifikasi angka paling umum dalam array python array integer parameter query database,4,d925,0.8426913022994995
q20469,identify the most common number in an array python,identifikasi angka paling umum dalam array python,identifikasi angka paling umum dalam array python array integer parameter query database,5,d3804,0.8426913022994995
q20469,identify the most common number in an array python,identifikasi angka paling umum dalam array python,identifikasi angka paling umum dalam array python array integer parameter query database,6,d9314,0.8408175706863403
q20469,identify the most common number in an array python,identifikasi angka paling umum dalam array python,identifikasi angka paling umum dalam array python array integer parameter query database,7,d5158,0.8408175706863403
q20469,identify the most common number in an array python,identifikasi angka paling umum dalam array python,identifikasi angka paling umum dalam array python array integer parameter query database,8,d16470,0.8408175706863403
q20469,identify the most common number in an array python,identifikasi angka paling umum dalam array python,identifikasi angka paling umum dalam array python array integer parameter query database,9,d5772,0.8408175706863403
q20469,identify the most common number in an array python,identifikasi angka paling umum dalam array python,identifikasi angka paling umum dalam array python array integer parameter query database,10,d10780,0.8408175706863403
q20470,pull multiple values to make table python,tarik banyak nilai untuk buat tabel python,tarik banyak nilai untuk buat tabel python table integer row variable column,1,d12109,0.8614437580108643
q20470,pull multiple values to make table python,tarik banyak nilai untuk buat tabel python,tarik banyak nilai untuk buat tabel python table integer row variable column,2,d9638,0.8614437580108643
q20470,pull multiple values to make table python,tarik banyak nilai untuk buat tabel python,tarik banyak nilai untuk buat tabel python table integer row variable column,3,d7114,0.8500432968139648
q20470,pull multiple values to make table python,tarik banyak nilai untuk buat tabel python,tarik banyak nilai untuk buat tabel python table integer row variable column,4,d1479,0.8476899862289429
q20470,pull multiple values to make table python,tarik banyak nilai untuk buat tabel python,tarik banyak nilai untuk buat tabel python table integer row variable column,5,d19925,0.8469535112380981
q20470,pull multiple values to make table python,tarik banyak nilai untuk buat tabel python,tarik banyak nilai untuk buat tabel python table integer row variable column,6,d16523,0.8461561799049377
q20470,pull multiple values to make table python,tarik banyak nilai untuk buat tabel python,tarik banyak nilai untuk buat tabel python table integer row variable column,7,d2257,0.8461561799049377
q20470,pull multiple values to make table python,tarik banyak nilai untuk buat tabel python,tarik banyak nilai untuk buat tabel python table integer row variable column,8,d8939,0.8461561799049377
q20470,pull multiple values to make table python,tarik banyak nilai untuk buat tabel python,tarik banyak nilai untuk buat tabel python table integer row variable column,9,d15684,0.8458954095840454
q20470,pull multiple values to make table python,tarik banyak nilai untuk buat tabel python,tarik banyak nilai untuk buat tabel python table integer row variable column,10,d6524,0.8445743322372437
q20471,python adjust data to normal distribution,sesuaikan data ke distribusi normal python,sesuaikan data ke distribusi normal python data database parameter update integer,1,d11823,0.8651294708251953
q20471,python adjust data to normal distribution,sesuaikan data ke distribusi normal python,sesuaikan data ke distribusi normal python data database parameter update integer,2,d10397,0.8594968318939209
q20471,python adjust data to normal distribution,sesuaikan data ke distribusi normal python,sesuaikan data ke distribusi normal python data database parameter update integer,3,d14435,0.8570106625556946
q20471,python adjust data to normal distribution,sesuaikan data ke distribusi normal python,sesuaikan data ke distribusi normal python data database parameter update integer,4,d8657,0.8570106625556946
q20471,python adjust data to normal distribution,sesuaikan data ke distribusi normal python,sesuaikan data ke distribusi normal python data database parameter update integer,5,d20340,0.8570106625556946
q20471,python adjust data to normal distribution,sesuaikan data ke distribusi normal python,sesuaikan data ke distribusi normal python data database parameter update integer,6,d5658,0.8570106625556946
q20471,python adjust data to normal distribution,sesuaikan data ke distribusi normal python,sesuaikan data ke distribusi normal python data database parameter update integer,7,d5656,0.8570106625556946
q20471,python adjust data to normal distribution,sesuaikan data ke distribusi normal python,sesuaikan data ke distribusi normal python data database parameter update integer,8,d9954,0.8570106625556946
q20471,python adjust data to normal distribution,sesuaikan data ke distribusi normal python,sesuaikan data ke distribusi normal python data database parameter update integer,9,d4734,0.8570106625556946
q20471,python adjust data to normal distribution,sesuaikan data ke distribusi normal python,sesuaikan data ke distribusi normal python data database parameter update integer,10,d16504,0.8570106625556946
q20472,python check if float has no floating points,periksa apakah float tidak punya titik desimal python,periksa apakah float tidak punya titik desimal python error query integer update function,1,d20082,0.8568276166915894
q20472,python check if float has no floating points,periksa apakah float tidak punya titik desimal python,periksa apakah float tidak punya titik desimal python error query integer update function,2,d19621,0.8568276166915894
q20472,python check if float has no floating points,periksa apakah float tidak punya titik desimal python,periksa apakah float tidak punya titik desimal python error query integer update function,3,d20066,0.8568276166915894
q20472,python check if float has no floating points,periksa apakah float tidak punya titik desimal python,periksa apakah float tidak punya titik desimal python error query integer update function,4,d881,0.8568276166915894
q20472,python check if float has no floating points,periksa apakah float tidak punya titik desimal python,periksa apakah float tidak punya titik desimal python error query integer update function,5,d3623,0.8568276166915894
q20472,python check if float has no floating points,periksa apakah float tidak punya titik desimal python,periksa apakah float tidak punya titik desimal python error query integer update function,6,d10465,0.8568276166915894
q20472,python check if float has no floating points,periksa apakah float tidak punya titik desimal python,periksa apakah float tidak punya titik desimal python error query integer update function,7,d746,0.854718804359436
q20472,python check if float has no floating points,periksa apakah float tidak punya titik desimal python,periksa apakah float tidak punya titik desimal python error query integer update function,8,d12412,0.854718804359436
q20472,python check if float has no floating points,periksa apakah float tidak punya titik desimal python,periksa apakah float tidak punya titik desimal python error query integer update function,9,d4528,0.854718804359436
q20472,python check if float has no floating points,periksa apakah float tidak punya titik desimal python,periksa apakah float tidak punya titik desimal python error query integer update function,10,d13303,0.8539038896560669
q20473,string remove the last blank python,hapus spasi terakhir string python,hapus spasi terakhir string python string delete update error query,1,d9698,0.8556879758834839
q20473,string remove the last blank python,hapus spasi terakhir string python,hapus spasi terakhir string python string delete update error query,2,d8054,0.8556879758834839
q20473,string remove the last blank python,hapus spasi terakhir string python,hapus spasi terakhir string python string delete update error query,3,d1776,0.8556879758834839
q20473,string remove the last blank python,hapus spasi terakhir string python,hapus spasi terakhir string python string delete update error query,4,d1876,0.8556879758834839
q20473,string remove the last blank python,hapus spasi terakhir string python,hapus spasi terakhir string python string delete update error query,5,d7653,0.8556879758834839
q20473,string remove the last blank python,hapus spasi terakhir string python,hapus spasi terakhir string python string delete update error query,6,d12334,0.8556879758834839
q20473,string remove the last blank python,hapus spasi terakhir string python,hapus spasi terakhir string python string delete update error query,7,d8927,0.8529842495918274
q20473,string remove the last blank python,hapus spasi terakhir string python,hapus spasi terakhir string python string delete update error query,8,d2126,0.8529842495918274
q20473,string remove the last blank python,hapus spasi terakhir string python,hapus spasi terakhir string python string delete update error query,9,d8314,0.8501842021942139
q20473,string remove the last blank python,hapus spasi terakhir string python,hapus spasi terakhir string python string delete update error query,10,d10179,0.8501842021942139
q20474,python how to display object attributes,cara tampilkan atribut objek python,cara tampilkan atribut objek python integer parameter column update row,1,d8041,0.8601200580596924
q20474,python how to display object attributes,cara tampilkan atribut objek python,cara tampilkan atribut objek python integer parameter column update row,2,d3979,0.8601200580596924
q20474,python how to display object attributes,cara tampilkan atribut objek python,cara tampilkan atribut objek python integer parameter column update row,3,d15354,0.8601200580596924
q20474,python how to display object attributes,cara tampilkan atribut objek python,cara tampilkan atribut objek python integer parameter column update row,4,d12427,0.8601200580596924
q20474,python how to display object attributes,cara tampilkan atribut objek python,cara tampilkan atribut objek python integer parameter column update row,5,d2194,0.8601200580596924
q20474,python how to display object attributes,cara tampilkan atribut objek python,cara tampilkan atribut objek python integer parameter column update row,6,d14147,0.8601200580596924
q20474,python how to display object attributes,cara tampilkan atribut objek python,cara tampilkan atribut objek python integer parameter column update row,7,d11823,0.8487980961799622
q20474,python how to display object attributes,cara tampilkan atribut objek python,cara tampilkan atribut objek python integer parameter column update row,8,d14597,0.8446961641311646
q20474,python how to display object attributes,cara tampilkan atribut objek python,cara tampilkan atribut objek python integer parameter column update row,9,d11525,0.8446961641311646
q20474,python how to display object attributes,cara tampilkan atribut objek python,cara tampilkan atribut objek python integer parameter column update row,10,d6254,0.8446961641311646
q20475,determine if a list of numbers contains duplicates python,tentukan apakah list angka berisi duplikat python,tentukan apakah list angka berisi duplikat python list integer error dictionary database,1,d19541,0.8753429651260376
q20475,determine if a list of numbers contains duplicates python,tentukan apakah list angka berisi duplikat python,tentukan apakah list angka berisi duplikat python list integer error dictionary database,2,d18732,0.8753429651260376
q20475,determine if a list of numbers contains duplicates python,tentukan apakah list angka berisi duplikat python,tentukan apakah list angka berisi duplikat python list integer error dictionary database,3,d19117,0.8753429651260376
q20475,determine if a list of numbers contains duplicates python,tentukan apakah list angka berisi duplikat python,tentukan apakah list angka berisi duplikat python list integer error dictionary database,4,d19181,0.8753429651260376
q20475,determine if a list of numbers contains duplicates python,tentukan apakah list angka berisi duplikat python,tentukan apakah list angka berisi duplikat python list integer error dictionary database,5,d18776,0.8753429651260376
q20475,determine if a list of numbers contains duplicates python,tentukan apakah list angka berisi duplikat python,tentukan apakah list angka berisi duplikat python list integer error dictionary database,6,d18929,0.8753429651260376
q20475,determine if a list of numbers contains duplicates python,tentukan apakah list angka berisi duplikat python,tentukan apakah list angka berisi duplikat python list integer error dictionary database,7,d18933,0.8753429651260376
q20475,determine if a list of numbers contains duplicates python,tentukan apakah list angka berisi duplikat python,tentukan apakah list angka berisi duplikat python list integer error dictionary database,8,d18910,0.8753429651260376
q20475,determine if a list of numbers contains duplicates python,tentukan apakah list angka berisi duplikat python,tentukan apakah list angka berisi duplikat python list integer error dictionary database,9,d18916,0.8753429651260376
q20475,determine if a list of numbers contains duplicates python,tentukan apakah list angka berisi duplikat python,tentukan apakah list angka berisi duplikat python list integer error dictionary database,10,d19379,0.8753429651260376
q20476,python figure add title label size,figure python tambahkan label title size,figure python tambahkan label title size update add integer column table,1,d16737,0.8538822531700134
q20476,python figure add title label size,figure python tambahkan label title size,figure python tambahkan label title size update add integer column table,2,d9638,0.8524341583251953
q20476,python figure add title label size,figure python tambahkan label title size,figure python tambahkan label title size update add integer column table,3,d12109,0.8524341583251953
q20476,python figure add title label size,figure python tambahkan label title size,figure python tambahkan label title size update add integer column table,4,d14870,0.851957380771637
q20476,python figure add title label size,figure python tambahkan label title size,figure python tambahkan label title size update add integer column table,5,d4177,0.8517959117889404
q20476,python figure add title label size,figure python tambahkan label title size,figure python tambahkan label title size update add integer column table,6,d13935,0.8517959117889404
q20476,python figure add title label size,figure python tambahkan label title size,figure python tambahkan label title size update add integer column table,7,d15043,0.8517959117889404
q20476,python figure add title label size,figure python tambahkan label title size,figure python tambahkan label title size update add integer column table,8,d11872,0.8517959117889404
q20476,python figure add title label size,figure python tambahkan label title size,figure python tambahkan label title size update add integer column table,9,d9991,0.8504681587219238
q20476,python figure add title label size,figure python tambahkan label title size,figure python tambahkan label title size update add integer column table,10,d11852,0.8502589464187622
q20477,python networkx longest path directed acyclic graph,networkx path terpanjang directed acyclic graph python,networkx path terpanjang directed acyclic graph python query integer loop row dictionary,1,d12458,0.8753060102462769
q20477,python networkx longest path directed acyclic graph,networkx path terpanjang directed acyclic graph python,networkx path terpanjang directed acyclic graph python query integer loop row dictionary,2,d17727,0.8663880228996277
q20477,python networkx longest path directed acyclic graph,networkx path terpanjang directed acyclic graph python,networkx path terpanjang directed acyclic graph python query integer loop row dictionary,3,d19589,0.8663880228996277
q20477,python networkx longest path directed acyclic graph,networkx path terpanjang directed acyclic graph python,networkx path terpanjang directed acyclic graph python query integer loop row dictionary,4,d19633,0.8663880228996277
q20477,python networkx longest path directed acyclic graph,networkx path terpanjang directed acyclic graph python,networkx path terpanjang directed acyclic graph python query integer loop row dictionary,5,d20477,0.8663880228996277
q20477,python networkx longest path directed acyclic graph,networkx path terpanjang directed acyclic graph python,networkx path terpanjang directed acyclic graph python query integer loop row dictionary,6,d19045,0.8663880228996277
q20477,python networkx longest path directed acyclic graph,networkx path terpanjang directed acyclic graph python,networkx path terpanjang directed acyclic graph python query integer loop row dictionary,7,d18908,0.8663880228996277
q20477,python networkx longest path directed acyclic graph,networkx path terpanjang directed acyclic graph python,networkx path terpanjang directed acyclic graph python query integer loop row dictionary,8,d18424,0.8663880228996277
q20477,python networkx longest path directed acyclic graph,networkx path terpanjang directed acyclic graph python,networkx path terpanjang directed acyclic graph python query integer loop row dictionary,9,d18283,0.8663880228996277
q20477,python networkx longest path directed acyclic graph,networkx path terpanjang directed acyclic graph python,networkx path terpanjang directed acyclic graph python query integer loop row dictionary,10,d17476,0.8663880228996277
q20478,how to take list as input in python seperated with spaces,cara ambil list sebagai input di python dipisahkan dengan spasi,cara ambil list sebagai input di python dipisahkan dengan spasi get list integer loop parameter update,1,d11476,0.8551769256591797
q20478,how to take list as input in python seperated with spaces,cara ambil list sebagai input di python dipisahkan dengan spasi,cara ambil list sebagai input di python dipisahkan dengan spasi get list integer loop parameter update,2,d19648,0.8551769256591797
q20478,how to take list as input in python seperated with spaces,cara ambil list sebagai input di python dipisahkan dengan spasi,cara ambil list sebagai input di python dipisahkan dengan spasi get list integer loop parameter update,3,d5745,0.8551769256591797
q20478,how to take list as input in python seperated with spaces,cara ambil list sebagai input di python dipisahkan dengan spasi,cara ambil list sebagai input di python dipisahkan dengan spasi get list integer loop parameter update,4,d13941,0.8551769256591797
q20478,how to take list as input in python seperated with spaces,cara ambil list sebagai input di python dipisahkan dengan spasi,cara ambil list sebagai input di python dipisahkan dengan spasi get list integer loop parameter update,5,d9208,0.8551769256591797
q20478,how to take list as input in python seperated with spaces,cara ambil list sebagai input di python dipisahkan dengan spasi,cara ambil list sebagai input di python dipisahkan dengan spasi get list integer loop parameter update,6,d7866,0.8551769256591797
q20478,how to take list as input in python seperated with spaces,cara ambil list sebagai input di python dipisahkan dengan spasi,cara ambil list sebagai input di python dipisahkan dengan spasi get list integer loop parameter update,7,d9344,0.8551769256591797
q20478,how to take list as input in python seperated with spaces,cara ambil list sebagai input di python dipisahkan dengan spasi,cara ambil list sebagai input di python dipisahkan dengan spasi get list integer loop parameter update,8,d15196,0.8551769256591797
q20478,how to take list as input in python seperated with spaces,cara ambil list sebagai input di python dipisahkan dengan spasi,cara ambil list sebagai input di python dipisahkan dengan spasi get list integer loop parameter update,9,d6924,0.8551769256591797
q20478,how to take list as input in python seperated with spaces,cara ambil list sebagai input di python dipisahkan dengan spasi,cara ambil list sebagai input di python dipisahkan dengan spasi get list integer loop parameter update,10,d16406,0.8513554930686951
q20479,is a list in python an array,apakah list di python adalah array,apakah list di python adalah array array list integer error row,1,d12356,0.842025876045227
q20479,is a list in python an array,apakah list di python adalah array,apakah list di python adalah array array list integer error row,2,d13884,0.842025876045227
q20479,is a list in python an array,apakah list di python adalah array,apakah list di python adalah array array list integer error row,3,d6279,0.842025876045227
q20479,is a list in python an array,apakah list di python adalah array,apakah list di python adalah array array list integer error row,4,d19611,0.842025876045227
q20479,is a list in python an array,apakah list di python adalah array,apakah list di python adalah array array list integer error row,5,d4176,0.842025876045227
q20479,is a list in python an array,apakah list di python adalah array,apakah list di python adalah array array list integer error row,6,d4164,0.842025876045227
q20479,is a list in python an array,apakah list di python adalah array,apakah list di python adalah array array list integer error row,7,d8376,0.842025876045227
q20479,is a list in python an array,apakah list di python adalah array,apakah list di python adalah array array list integer error row,8,d15196,0.8410354852676392
q20479,is a list in python an array,apakah list di python adalah array,apakah list di python adalah array array list integer error row,9,d5745,0.8410354852676392
q20479,is a list in python an array,apakah list di python adalah array,apakah list di python adalah array array list integer error row,10,d9208,0.8410354852676392
q20480,python cosine similarity of two vectors,cosine similarity dua vektor python,cosine similarity dua vektor python query column variable condition class,1,d106,0.8582602739334106
q20480,python cosine similarity of two vectors,cosine similarity dua vektor python,cosine similarity dua vektor python query column variable condition class,2,d2461,0.8582602739334106
q20480,python cosine similarity of two vectors,cosine similarity dua vektor python,cosine similarity dua vektor python query column variable condition class,3,d2450,0.8582602739334106
q20480,python cosine similarity of two vectors,cosine similarity dua vektor python,cosine similarity dua vektor python query column variable condition class,4,d343,0.8582602739334106
q20480,python cosine similarity of two vectors,cosine similarity dua vektor python,cosine similarity dua vektor python query column variable condition class,5,d17611,0.8526390790939331
q20480,python cosine similarity of two vectors,cosine similarity dua vektor python,cosine similarity dua vektor python query column variable condition class,6,d10525,0.851102352142334
q20480,python cosine similarity of two vectors,cosine similarity dua vektor python,cosine similarity dua vektor python query column variable condition class,7,d4262,0.851102352142334
q20480,python cosine similarity of two vectors,cosine similarity dua vektor python,cosine similarity dua vektor python query column variable condition class,8,d14391,0.8503055572509766
q20480,python cosine similarity of two vectors,cosine similarity dua vektor python,cosine similarity dua vektor python query column variable condition class,9,d14522,0.8433473110198975
q20480,python cosine similarity of two vectors,cosine similarity dua vektor python,cosine similarity dua vektor python query column variable condition class,10,d14359,0.8433473110198975
q20481,how to model a sphere python,cara model bola python,cara model bola python parameter query error update row,1,d10397,0.8561854958534241
q20481,how to model a sphere python,cara model bola python,cara model bola python parameter query error update row,2,d14324,0.8537660837173462
q20481,how to model a sphere python,cara model bola python,cara model bola python parameter query error update row,3,d8915,0.8537660837173462
q20481,how to model a sphere python,cara model bola python,cara model bola python parameter query error update row,4,d357,0.8537660837173462
q20481,how to model a sphere python,cara model bola python,cara model bola python parameter query error update row,5,d8016,0.8537660837173462
q20481,how to model a sphere python,cara model bola python,cara model bola python parameter query error update row,6,d11825,0.8537660837173462
q20481,how to model a sphere python,cara model bola python,cara model bola python parameter query error update row,7,d1938,0.8537660837173462
q20481,how to model a sphere python,cara model bola python,cara model bola python parameter query error update row,8,d6142,0.8525991439819336
q20481,how to model a sphere python,cara model bola python,cara model bola python parameter query error update row,9,d18007,0.8525928854942322
q20481,how to model a sphere python,cara model bola python,cara model bola python parameter query error update row,10,d5502,0.8504260778427124
q20482,how to check paths in python,cara periksa path di python,cara periksa path di python query file search parameter error,1,d7840,0.8422051668167114
q20482,how to check paths in python,cara periksa path di python,cara periksa path di python query file search parameter error,2,d17124,0.8420282006263733
q20482,how to check paths in python,cara periksa path di python,cara periksa path di python query file search parameter error,3,d18693,0.8420282006263733
q20482,how to check paths in python,cara periksa path di python,cara periksa path di python query file search parameter error,4,d17628,0.8420282006263733
q20482,how to check paths in python,cara periksa path di python,cara periksa path di python query file search parameter error,5,d19623,0.8420282006263733
q20482,how to check paths in python,cara periksa path di python,cara periksa path di python query file search parameter error,6,d17051,0.8420282006263733
q20482,how to check paths in python,cara periksa path di python,cara periksa path di python query file search parameter error,7,d17762,0.8420282006263733
q20482,how to check paths in python,cara periksa path di python,cara periksa path di python query file search parameter error,8,d17070,0.8420282006263733
q20482,how to check paths in python,cara periksa path di python,cara periksa path di python query file search parameter error,9,d18775,0.8420282006263733
q20482,how to check paths in python,cara periksa path di python,cara periksa path di python query file search parameter error,10,d19362,0.8420282006263733
q20483,python test truth value of list,uji nilai kebenaran list python,uji nilai kebenaran list python list error update integer function,1,d6552,0.8486924767494202
q20483,python test truth value of list,uji nilai kebenaran list python,uji nilai kebenaran list python list error update integer function,2,d3417,0.8486924767494202
q20483,python test truth value of list,uji nilai kebenaran list python,uji nilai kebenaran list python list error update integer function,3,d16241,0.8486924767494202
q20483,python test truth value of list,uji nilai kebenaran list python,uji nilai kebenaran list python list error update integer function,4,d13604,0.8451642990112305
q20483,python test truth value of list,uji nilai kebenaran list python,uji nilai kebenaran list python list error update integer function,5,d14483,0.8451642990112305
q20483,python test truth value of list,uji nilai kebenaran list python,uji nilai kebenaran list python list error update integer function,6,d2235,0.8451642990112305
q20483,python test truth value of list,uji nilai kebenaran list python,uji nilai kebenaran list python list error update integer function,7,d19707,0.8451642990112305
q20483,python test truth value of list,uji nilai kebenaran list python,uji nilai kebenaran list python list error update integer function,8,d2200,0.8451642990112305
q20483,python test truth value of list,uji nilai kebenaran list python,uji nilai kebenaran list python list error update integer function,9,d722,0.8451642990112305
q20483,python test truth value of list,uji nilai kebenaran list python,uji nilai kebenaran list python list error update integer function,10,d10220,0.8451642990112305
q20484,python string value of enum,nilai string enum python,nilai string enum python string integer variable error update,1,d20484,0.8764797449111938
q20484,python string value of enum,nilai string enum python,nilai string enum python string integer variable error update,2,d14811,0.8764797449111938
q20484,python string value of enum,nilai string enum python,nilai string enum python string integer variable error update,3,d10186,0.8764797449111938
q20484,python string value of enum,nilai string enum python,nilai string enum python string integer variable error update,4,d514,0.8764797449111938
q20484,python string value of enum,nilai string enum python,nilai string enum python string integer variable error update,5,d6650,0.8764797449111938
q20484,python string value of enum,nilai string enum python,nilai string enum python string integer variable error update,6,d2901,0.8744074106216431
q20484,python string value of enum,nilai string enum python,nilai string enum python string integer variable error update,7,d639,0.8744074106216431
q20484,python string value of enum,nilai string enum python,nilai string enum python string integer variable error update,8,d14542,0.8724758625030518
q20484,python string value of enum,nilai string enum python,nilai string enum python string integer variable error update,9,d4130,0.8712890148162842
q20484,python string value of enum,nilai string enum python,nilai string enum python string integer variable error update,10,d4128,0.8712890148162842
q20485,python create null pointer with ctypes,buat null pointer dengan ctypes python,buat null pointer dengan ctypes python integer error query parameter loop,1,d9878,0.8747297525405884
q20485,python create null pointer with ctypes,buat null pointer dengan ctypes python,buat null pointer dengan ctypes python integer error query parameter loop,2,d2160,0.8747297525405884
q20485,python create null pointer with ctypes,buat null pointer dengan ctypes python,buat null pointer dengan ctypes python integer error query parameter loop,3,d14519,0.8747297525405884
q20485,python create null pointer with ctypes,buat null pointer dengan ctypes python,buat null pointer dengan ctypes python integer error query parameter loop,4,d2152,0.8747297525405884
q20485,python create null pointer with ctypes,buat null pointer dengan ctypes python,buat null pointer dengan ctypes python integer error query parameter loop,5,d20485,0.8747297525405884
q20485,python create null pointer with ctypes,buat null pointer dengan ctypes python,buat null pointer dengan ctypes python integer error query parameter loop,6,d6514,0.8747297525405884
q20485,python create null pointer with ctypes,buat null pointer dengan ctypes python,buat null pointer dengan ctypes python integer error query parameter loop,7,d12245,0.8747297525405884
q20485,python create null pointer with ctypes,buat null pointer dengan ctypes python,buat null pointer dengan ctypes python integer error query parameter loop,8,d6516,0.8747297525405884
q20485,python create null pointer with ctypes,buat null pointer dengan ctypes python,buat null pointer dengan ctypes python integer error query parameter loop,9,d12502,0.8747297525405884
q20485,python create null pointer with ctypes,buat null pointer dengan ctypes python,buat null pointer dengan ctypes python integer error query parameter loop,10,d5726,0.8747297525405884
q20486,python md5 hash string,md5 hash string python,md5 hash string python string integer database variable parameter,1,d14618,0.8936386108398438
q20486,python md5 hash string,md5 hash string python,md5 hash string python string integer database variable parameter,2,d15597,0.8936386108398438
q20486,python md5 hash string,md5 hash string python,md5 hash string python string integer database variable parameter,3,d14036,0.8936386108398438
q20486,python md5 hash string,md5 hash string python,md5 hash string python string integer database variable parameter,4,d7989,0.8936386108398438
q20486,python md5 hash string,md5 hash string python,md5 hash string python string integer database variable parameter,5,d5950,0.8936386108398438
q20486,python md5 hash string,md5 hash string python,md5 hash string python string integer database variable parameter,6,d10064,0.8936386108398438
q20486,python md5 hash string,md5 hash string python,md5 hash string python string integer database variable parameter,7,d20486,0.8936386108398438
q20486,python md5 hash string,md5 hash string python,md5 hash string python string integer database variable parameter,8,d15903,0.8936386108398438
q20486,python md5 hash string,md5 hash string python,md5 hash string python string integer database variable parameter,9,d1418,0.8936386108398438
q20486,python md5 hash string,md5 hash string python,md5 hash string python string integer database variable parameter,10,d13318,0.875253438949585
q20487,python how to match dictionarys,cara cocokkan dictionary python,cara cocokkan dictionary python dictionary integer error query write,1,d6916,0.860568106174469
q20487,python how to match dictionarys,cara cocokkan dictionary python,cara cocokkan dictionary python dictionary integer error query write,2,d1829,0.860568106174469
q20487,python how to match dictionarys,cara cocokkan dictionary python,cara cocokkan dictionary python dictionary integer error query write,3,d8921,0.853906512260437
q20487,python how to match dictionarys,cara cocokkan dictionary python,cara cocokkan dictionary python dictionary integer error query write,4,d3348,0.8539063930511475
q20487,python how to match dictionarys,cara cocokkan dictionary python,cara cocokkan dictionary python dictionary integer error query write,5,d4433,0.8539063930511475
q20487,python how to match dictionarys,cara cocokkan dictionary python,cara cocokkan dictionary python dictionary integer error query write,6,d5396,0.8539063930511475
q20487,python how to match dictionarys,cara cocokkan dictionary python,cara cocokkan dictionary python dictionary integer error query write,7,d8651,0.8539063930511475
q20487,python how to match dictionarys,cara cocokkan dictionary python,cara cocokkan dictionary python dictionary integer error query write,8,d10410,0.8539063930511475
q20487,python how to match dictionarys,cara cocokkan dictionary python,cara cocokkan dictionary python dictionary integer error query write,9,d199,0.8539063930511475
q20487,python how to match dictionarys,cara cocokkan dictionary python,cara cocokkan dictionary python dictionary integer error query write,10,d201,0.8539063930511475
q20488,"select elements from a list, then delete these elements in the original list python",pilih elemen dari list lalu hapus elemen ini dalam list asli python,pilih elemen dari list lalu hapus elemen ini dalam list asli python list delete error column row,1,d12372,0.860603928565979
q20488,"select elements from a list, then delete these elements in the original list python",pilih elemen dari list lalu hapus elemen ini dalam list asli python,pilih elemen dari list lalu hapus elemen ini dalam list asli python list delete error column row,2,d10858,0.860603928565979
q20488,"select elements from a list, then delete these elements in the original list python",pilih elemen dari list lalu hapus elemen ini dalam list asli python,pilih elemen dari list lalu hapus elemen ini dalam list asli python list delete error column row,3,d802,0.860603928565979
q20488,"select elements from a list, then delete these elements in the original list python",pilih elemen dari list lalu hapus elemen ini dalam list asli python,pilih elemen dari list lalu hapus elemen ini dalam list asli python list delete error column row,4,d5229,0.857629656791687
q20488,"select elements from a list, then delete these elements in the original list python",pilih elemen dari list lalu hapus elemen ini dalam list asli python,pilih elemen dari list lalu hapus elemen ini dalam list asli python list delete error column row,5,d20488,0.8574972152709961
q20488,"select elements from a list, then delete these elements in the original list python",pilih elemen dari list lalu hapus elemen ini dalam list asli python,pilih elemen dari list lalu hapus elemen ini dalam list asli python list delete error column row,6,d20410,0.8574972152709961
q20488,"select elements from a list, then delete these elements in the original list python",pilih elemen dari list lalu hapus elemen ini dalam list asli python,pilih elemen dari list lalu hapus elemen ini dalam list asli python list delete error column row,7,d9580,0.8574972152709961
q20488,"select elements from a list, then delete these elements in the original list python",pilih elemen dari list lalu hapus elemen ini dalam list asli python,pilih elemen dari list lalu hapus elemen ini dalam list asli python list delete error column row,8,d959,0.8574972152709961
q20488,"select elements from a list, then delete these elements in the original list python",pilih elemen dari list lalu hapus elemen ini dalam list asli python,pilih elemen dari list lalu hapus elemen ini dalam list asli python list delete error column row,9,d16147,0.8570290207862854
q20488,"select elements from a list, then delete these elements in the original list python",pilih elemen dari list lalu hapus elemen ini dalam list asli python,pilih elemen dari list lalu hapus elemen ini dalam list asli python list delete error column row,10,d15591,0.8570290207862854
q20489,pybool to c++ python 3,pybool ke c++ python 3,pybool ke c++ python 3 query loop error update file,1,d18007,0.8572491407394409
q20489,pybool to c++ python 3,pybool ke c++ python 3,pybool ke c++ python 3 query loop error update file,2,d15431,0.849091649055481
q20489,pybool to c++ python 3,pybool ke c++ python 3,pybool ke c++ python 3 query loop error update file,3,d13302,0.849091649055481
q20489,pybool to c++ python 3,pybool ke c++ python 3,pybool ke c++ python 3 query loop error update file,4,d1935,0.8480703830718994
q20489,pybool to c++ python 3,pybool ke c++ python 3,pybool ke c++ python 3 query loop error update file,5,d991,0.8463507890701294
q20489,pybool to c++ python 3,pybool ke c++ python 3,pybool ke c++ python 3 query loop error update file,6,d18072,0.8461446762084961
q20489,pybool to c++ python 3,pybool ke c++ python 3,pybool ke c++ python 3 query loop error update file,7,d8669,0.8458568453788757
q20489,pybool to c++ python 3,pybool ke c++ python 3,pybool ke c++ python 3 query loop error update file,8,d1004,0.8449538946151733
q20489,pybool to c++ python 3,pybool ke c++ python 3,pybool ke c++ python 3 query loop error update file,9,d11823,0.844218909740448
q20489,pybool to c++ python 3,pybool ke c++ python 3,pybool ke c++ python 3 query loop error update file,10,d11091,0.8425203561782837
q20490,how to add a ? in python url,cara tambahkan tanda tanya di url python,cara tambahkan tanda tanya di url python update add query error string,1,d17070,0.8409100770950317
q20490,how to add a ? in python url,cara tambahkan tanda tanya di url python,cara tambahkan tanda tanya di url python update add query error string,2,d18693,0.8409100770950317
q20490,how to add a ? in python url,cara tambahkan tanda tanya di url python,cara tambahkan tanda tanya di url python update add query error string,3,d17051,0.8409100770950317
q20490,how to add a ? in python url,cara tambahkan tanda tanya di url python,cara tambahkan tanda tanya di url python update add query error string,4,d17413,0.8409100770950317
q20490,how to add a ? in python url,cara tambahkan tanda tanya di url python,cara tambahkan tanda tanya di url python update add query error string,5,d17628,0.8409100770950317
q20490,how to add a ? in python url,cara tambahkan tanda tanya di url python,cara tambahkan tanda tanya di url python update add query error string,6,d17124,0.8409100770950317
q20490,how to add a ? in python url,cara tambahkan tanda tanya di url python,cara tambahkan tanda tanya di url python update add query error string,7,d19623,0.8409100770950317
q20490,how to add a ? in python url,cara tambahkan tanda tanya di url python,cara tambahkan tanda tanya di url python update add query error string,8,d17227,0.8409100770950317
q20490,how to add a ? in python url,cara tambahkan tanda tanya di url python,cara tambahkan tanda tanya di url python update add query error string,9,d17893,0.8409100770950317
q20490,how to add a ? in python url,cara tambahkan tanda tanya di url python,cara tambahkan tanda tanya di url python update add query error string,10,d18998,0.8409100770950317
q20491,python how to check whether the process with pid exist,cara periksa apakah proses dengan pid ada python,cara periksa apakah proses dengan pid ada python file update query error search,1,d18007,0.8611670136451721
q20491,python how to check whether the process with pid exist,cara periksa apakah proses dengan pid ada python,cara periksa apakah proses dengan pid ada python file update query error search,2,d14378,0.8541600704193115
q20491,python how to check whether the process with pid exist,cara periksa apakah proses dengan pid ada python,cara periksa apakah proses dengan pid ada python file update query error search,3,d14357,0.8541600704193115
q20491,python how to check whether the process with pid exist,cara periksa apakah proses dengan pid ada python,cara periksa apakah proses dengan pid ada python file update query error search,4,d4409,0.8541600704193115
q20491,python how to check whether the process with pid exist,cara periksa apakah proses dengan pid ada python,cara periksa apakah proses dengan pid ada python file update query error search,5,d4166,0.8541600704193115
q20491,python how to check whether the process with pid exist,cara periksa apakah proses dengan pid ada python,cara periksa apakah proses dengan pid ada python file update query error search,6,d12417,0.8541600704193115
q20491,python how to check whether the process with pid exist,cara periksa apakah proses dengan pid ada python,cara periksa apakah proses dengan pid ada python file update query error search,7,d20443,0.8541600704193115
q20491,python how to check whether the process with pid exist,cara periksa apakah proses dengan pid ada python,cara periksa apakah proses dengan pid ada python file update query error search,8,d2093,0.8541600704193115
q20491,python how to check whether the process with pid exist,cara periksa apakah proses dengan pid ada python,cara periksa apakah proses dengan pid ada python file update query error search,9,d20491,0.8541600704193115
q20491,python how to check whether the process with pid exist,cara periksa apakah proses dengan pid ada python,cara periksa apakah proses dengan pid ada python file update query error search,10,d2036,0.8541600704193115
q20492,how to cehck if somethign is a constant python,cara periksa apakah sesuatu adalah konstanta python,cara periksa apakah sesuatu adalah konstanta python integer condition query function search,1,d11680,0.8656300902366638
q20492,how to cehck if somethign is a constant python,cara periksa apakah sesuatu adalah konstanta python,cara periksa apakah sesuatu adalah konstanta python integer condition query function search,2,d3375,0.8656300902366638
q20492,how to cehck if somethign is a constant python,cara periksa apakah sesuatu adalah konstanta python,cara periksa apakah sesuatu adalah konstanta python integer condition query function search,3,d6261,0.8609457015991211
q20492,how to cehck if somethign is a constant python,cara periksa apakah sesuatu adalah konstanta python,cara periksa apakah sesuatu adalah konstanta python integer condition query function search,4,d18072,0.8576507568359375
q20492,how to cehck if somethign is a constant python,cara periksa apakah sesuatu adalah konstanta python,cara periksa apakah sesuatu adalah konstanta python integer condition query function search,5,d15053,0.8547050356864929
q20492,how to cehck if somethign is a constant python,cara periksa apakah sesuatu adalah konstanta python,cara periksa apakah sesuatu adalah konstanta python integer condition query function search,6,d3653,0.8547050356864929
q20492,how to cehck if somethign is a constant python,cara periksa apakah sesuatu adalah konstanta python,cara periksa apakah sesuatu adalah konstanta python integer condition query function search,7,d5737,0.8547050356864929
q20492,how to cehck if somethign is a constant python,cara periksa apakah sesuatu adalah konstanta python,cara periksa apakah sesuatu adalah konstanta python integer condition query function search,8,d20412,0.8547050356864929
q20492,how to cehck if somethign is a constant python,cara periksa apakah sesuatu adalah konstanta python,cara periksa apakah sesuatu adalah konstanta python integer condition query function search,9,d5546,0.8547050356864929
q20492,how to cehck if somethign is a constant python,cara periksa apakah sesuatu adalah konstanta python,cara periksa apakah sesuatu adalah konstanta python integer condition query function search,10,d13115,0.8547050356864929
q20493,python check if variable exists in locals,periksa apakah variabel ada di locals python,periksa apakah variabel ada di locals python variable integer update error function,1,d18007,0.8568366765975952
q20493,python check if variable exists in locals,periksa apakah variabel ada di locals python,periksa apakah variabel ada di locals python variable integer update error function,2,d14359,0.8559094667434692
q20493,python check if variable exists in locals,periksa apakah variabel ada di locals python,periksa apakah variabel ada di locals python variable integer update error function,3,d4561,0.8559094667434692
q20493,python check if variable exists in locals,periksa apakah variabel ada di locals python,periksa apakah variabel ada di locals python variable integer update error function,4,d5785,0.8559094667434692
q20493,python check if variable exists in locals,periksa apakah variabel ada di locals python,periksa apakah variabel ada di locals python variable integer update error function,5,d10474,0.8559094667434692
q20493,python check if variable exists in locals,periksa apakah variabel ada di locals python,periksa apakah variabel ada di locals python variable integer update error function,6,d6673,0.8559094667434692
q20493,python check if variable exists in locals,periksa apakah variabel ada di locals python,periksa apakah variabel ada di locals python variable integer update error function,7,d12725,0.8559094667434692
q20493,python check if variable exists in locals,periksa apakah variabel ada di locals python,periksa apakah variabel ada di locals python variable integer update error function,8,d16588,0.8559094667434692
q20493,python check if variable exists in locals,periksa apakah variabel ada di locals python,periksa apakah variabel ada di locals python variable integer update error function,9,d14522,0.8559094667434692
q20493,python check if variable exists in locals,periksa apakah variabel ada di locals python,periksa apakah variabel ada di locals python variable integer update error function,10,d14070,0.854076087474823
q20494,python filter a dictionary by value,filter dictionary berdasarkan nilai python,filter dictionary berdasarkan nilai python filter dictionary integer variable error,1,d18973,0.8610260486602783
q20494,python filter a dictionary by value,filter dictionary berdasarkan nilai python,filter dictionary berdasarkan nilai python filter dictionary integer variable error,2,d16777,0.8594474792480469
q20494,python filter a dictionary by value,filter dictionary berdasarkan nilai python,filter dictionary berdasarkan nilai python filter dictionary integer variable error,3,d13884,0.8592967391014099
q20494,python filter a dictionary by value,filter dictionary berdasarkan nilai python,filter dictionary berdasarkan nilai python filter dictionary integer variable error,4,d6279,0.8592967391014099
q20494,python filter a dictionary by value,filter dictionary berdasarkan nilai python,filter dictionary berdasarkan nilai python filter dictionary integer variable error,5,d8376,0.8592967391014099
q20494,python filter a dictionary by value,filter dictionary berdasarkan nilai python,filter dictionary berdasarkan nilai python filter dictionary integer variable error,6,d12356,0.8592967391014099
q20494,python filter a dictionary by value,filter dictionary berdasarkan nilai python,filter dictionary berdasarkan nilai python filter dictionary integer variable error,7,d4164,0.8592967391014099
q20494,python filter a dictionary by value,filter dictionary berdasarkan nilai python,filter dictionary berdasarkan nilai python filter dictionary integer variable error,8,d4176,0.8592967391014099
q20494,python filter a dictionary by value,filter dictionary berdasarkan nilai python,filter dictionary berdasarkan nilai python filter dictionary integer variable error,9,d19611,0.8592967391014099
q20494,python filter a dictionary by value,filter dictionary berdasarkan nilai python,filter dictionary berdasarkan nilai python filter dictionary integer variable error,10,d2088,0.8566721677780151
q20495,read json file and turn into dictionary using python,baca file json dan ubah menjadi dictionary menggunakan python,baca file json dan ubah menjadi dictionary menggunakan python update dictionary read write file,1,d8077,0.8735626935958862
q20495,read json file and turn into dictionary using python,baca file json dan ubah menjadi dictionary menggunakan python,baca file json dan ubah menjadi dictionary menggunakan python update dictionary read write file,2,d5987,0.8735626935958862
q20495,read json file and turn into dictionary using python,baca file json dan ubah menjadi dictionary menggunakan python,baca file json dan ubah menjadi dictionary menggunakan python update dictionary read write file,3,d20445,0.8735626935958862
q20495,read json file and turn into dictionary using python,baca file json dan ubah menjadi dictionary menggunakan python,baca file json dan ubah menjadi dictionary menggunakan python update dictionary read write file,4,d7480,0.8735626935958862
q20495,read json file and turn into dictionary using python,baca file json dan ubah menjadi dictionary menggunakan python,baca file json dan ubah menjadi dictionary menggunakan python update dictionary read write file,5,d5420,0.8735626935958862
q20495,read json file and turn into dictionary using python,baca file json dan ubah menjadi dictionary menggunakan python,baca file json dan ubah menjadi dictionary menggunakan python update dictionary read write file,6,d13934,0.8735626935958862
q20495,read json file and turn into dictionary using python,baca file json dan ubah menjadi dictionary menggunakan python,baca file json dan ubah menjadi dictionary menggunakan python update dictionary read write file,7,d11559,0.8735626935958862
q20495,read json file and turn into dictionary using python,baca file json dan ubah menjadi dictionary menggunakan python,baca file json dan ubah menjadi dictionary menggunakan python update dictionary read write file,8,d7229,0.8713023662567139
q20495,read json file and turn into dictionary using python,baca file json dan ubah menjadi dictionary menggunakan python,baca file json dan ubah menjadi dictionary menggunakan python update dictionary read write file,9,d7569,0.8697514533996582
q20495,read json file and turn into dictionary using python,baca file json dan ubah menjadi dictionary menggunakan python,baca file json dan ubah menjadi dictionary menggunakan python update dictionary read write file,10,d16009,0.8697514533996582
q20496,python change the shape of list,ubah bentuk list python,ubah bentuk list python list update parameter function error,1,d15878,0.8465609550476074
q20496,python change the shape of list,ubah bentuk list python,ubah bentuk list python list update parameter function error,2,d3800,0.8465609550476074
q20496,python change the shape of list,ubah bentuk list python,ubah bentuk list python list update parameter function error,3,d13799,0.8465609550476074
q20496,python change the shape of list,ubah bentuk list python,ubah bentuk list python list update parameter function error,4,d505,0.8465609550476074
q20496,python change the shape of list,ubah bentuk list python,ubah bentuk list python list update parameter function error,5,d545,0.8465609550476074
q20496,python change the shape of list,ubah bentuk list python,ubah bentuk list python list update parameter function error,6,d5658,0.846172571182251
q20496,python change the shape of list,ubah bentuk list python,ubah bentuk list python list update parameter function error,7,d8657,0.846172571182251
q20496,python change the shape of list,ubah bentuk list python,ubah bentuk list python list update parameter function error,8,d14435,0.846172571182251
q20496,python change the shape of list,ubah bentuk list python,ubah bentuk list python list update parameter function error,9,d20340,0.846172571182251
q20496,python change the shape of list,ubah bentuk list python,ubah bentuk list python list update parameter function error,10,d5656,0.846172571182251
q20497,how to get the datatypes in python,cara dapat tipe data di python,cara dapat tipe data di python data database method parameter integer,1,d10398,0.8576658964157104
q20497,how to get the datatypes in python,cara dapat tipe data di python,cara dapat tipe data di python data database method parameter integer,2,d13507,0.8549115657806396
q20497,how to get the datatypes in python,cara dapat tipe data di python,cara dapat tipe data di python data database method parameter integer,3,d5339,0.8549115657806396
q20497,how to get the datatypes in python,cara dapat tipe data di python,cara dapat tipe data di python data database method parameter integer,4,d3533,0.8549115657806396
q20497,how to get the datatypes in python,cara dapat tipe data di python,cara dapat tipe data di python data database method parameter integer,5,d693,0.8549115657806396
q20497,how to get the datatypes in python,cara dapat tipe data di python,cara dapat tipe data di python data database method parameter integer,6,d4724,0.8549115657806396
q20497,how to get the datatypes in python,cara dapat tipe data di python,cara dapat tipe data di python data database method parameter integer,7,d13112,0.8549115657806396
q20497,how to get the datatypes in python,cara dapat tipe data di python,cara dapat tipe data di python data database method parameter integer,8,d2657,0.8549115657806396
q20497,how to get the datatypes in python,cara dapat tipe data di python,cara dapat tipe data di python data database method parameter integer,9,d9118,0.8549115657806396
q20497,how to get the datatypes in python,cara dapat tipe data di python,cara dapat tipe data di python data database method parameter integer,10,d19996,0.8488994240760803
q20498,initializing an empty string with a size python,inisialisasi string kosong dengan ukuran python,inisialisasi string kosong dengan ukuran python string integer parameter query function,1,d16979,0.8537154793739319
q20498,initializing an empty string with a size python,inisialisasi string kosong dengan ukuran python,inisialisasi string kosong dengan ukuran python string integer parameter query function,2,d19212,0.8537154793739319
q20498,initializing an empty string with a size python,inisialisasi string kosong dengan ukuran python,inisialisasi string kosong dengan ukuran python string integer parameter query function,3,d18960,0.8537154793739319
q20498,initializing an empty string with a size python,inisialisasi string kosong dengan ukuran python,inisialisasi string kosong dengan ukuran python string integer parameter query function,4,d18834,0.8537154793739319
q20498,initializing an empty string with a size python,inisialisasi string kosong dengan ukuran python,inisialisasi string kosong dengan ukuran python string integer parameter query function,5,d17096,0.8537154793739319
q20498,initializing an empty string with a size python,inisialisasi string kosong dengan ukuran python,inisialisasi string kosong dengan ukuran python string integer parameter query function,6,d17357,0.8537154793739319
q20498,initializing an empty string with a size python,inisialisasi string kosong dengan ukuran python,inisialisasi string kosong dengan ukuran python string integer parameter query function,7,d19062,0.8537154793739319
q20498,initializing an empty string with a size python,inisialisasi string kosong dengan ukuran python,inisialisasi string kosong dengan ukuran python string integer parameter query function,8,d18093,0.8537154793739319
q20498,initializing an empty string with a size python,inisialisasi string kosong dengan ukuran python,inisialisasi string kosong dengan ukuran python string integer parameter query function,9,d20537,0.8537154793739319
q20498,initializing an empty string with a size python,inisialisasi string kosong dengan ukuran python,inisialisasi string kosong dengan ukuran python string integer parameter query function,10,d17527,0.8537154793739319
q20499,cast str as int in python,cast str sebagai int di python,cast str sebagai int di python integer string query sort row,1,d16855,0.8692760467529297
q20499,cast str as int in python,cast str sebagai int di python,cast str sebagai int di python integer string query sort row,2,d18155,0.8692760467529297
q20499,cast str as int in python,cast str sebagai int di python,cast str sebagai int di python integer string query sort row,3,d19295,0.8692760467529297
q20499,cast str as int in python,cast str sebagai int di python,cast str sebagai int di python integer string query sort row,4,d19133,0.8692760467529297
q20499,cast str as int in python,cast str sebagai int di python,cast str sebagai int di python integer string query sort row,5,d16758,0.8692760467529297
q20499,cast str as int in python,cast str sebagai int di python,cast str sebagai int di python integer string query sort row,6,d17426,0.8692760467529297
q20499,cast str as int in python,cast str sebagai int di python,cast str sebagai int di python integer string query sort row,7,d16689,0.8692760467529297
q20499,cast str as int in python,cast str sebagai int di python,cast str sebagai int di python integer string query sort row,8,d17555,0.8692760467529297
q20499,cast str as int in python,cast str sebagai int di python,cast str sebagai int di python integer string query sort row,9,d19225,0.8692760467529297
q20499,cast str as int in python,cast str sebagai int di python,cast str sebagai int di python integer string query sort row,10,d17899,0.8692760467529297
q20500,"python, sql table column details",detail kolom tabel sql python,detail kolom tabel sql python column table database row integer,1,d6781,0.8667337894439697
q20500,"python, sql table column details",detail kolom tabel sql python,detail kolom tabel sql python column table database row integer,2,d7398,0.8667337894439697
q20500,"python, sql table column details",detail kolom tabel sql python,detail kolom tabel sql python column table database row integer,3,d4591,0.8667337894439697
q20500,"python, sql table column details",detail kolom tabel sql python,detail kolom tabel sql python column table database row integer,4,d1080,0.8667337894439697
q20500,"python, sql table column details",detail kolom tabel sql python,detail kolom tabel sql python column table database row integer,5,d1060,0.8667337894439697
q20500,"python, sql table column details",detail kolom tabel sql python,detail kolom tabel sql python column table database row integer,6,d1173,0.8667337894439697
q20500,"python, sql table column details",detail kolom tabel sql python,detail kolom tabel sql python column table database row integer,7,d1814,0.8667337894439697
q20500,"python, sql table column details",detail kolom tabel sql python,detail kolom tabel sql python column table database row integer,8,d16299,0.8667337894439697
q20500,"python, sql table column details",detail kolom tabel sql python,detail kolom tabel sql python column table database row integer,9,d11437,0.8614357113838196
q20500,"python, sql table column details",detail kolom tabel sql python,detail kolom tabel sql python column table database row integer,10,d12153,0.8610773086547852
q20501,python pathlib to traverse directories,pathlib untuk traversir direktori python,pathlib untuk traversir direktori python file error integer parameter query,1,d5870,0.8631284832954407
q20501,python pathlib to traverse directories,pathlib untuk traversir direktori python,pathlib untuk traversir direktori python file error integer parameter query,2,d15171,0.8631284832954407
q20501,python pathlib to traverse directories,pathlib untuk traversir direktori python,pathlib untuk traversir direktori python file error integer parameter query,3,d15929,0.8631284236907959
q20501,python pathlib to traverse directories,pathlib untuk traversir direktori python,pathlib untuk traversir direktori python file error integer parameter query,4,d1370,0.8631284236907959
q20501,python pathlib to traverse directories,pathlib untuk traversir direktori python,pathlib untuk traversir direktori python file error integer parameter query,5,d15165,0.8631284236907959
q20501,python pathlib to traverse directories,pathlib untuk traversir direktori python,pathlib untuk traversir direktori python file error integer parameter query,6,d1004,0.8485889434814453
q20501,python pathlib to traverse directories,pathlib untuk traversir direktori python,pathlib untuk traversir direktori python file error integer parameter query,7,d13236,0.8466253280639648
q20501,python pathlib to traverse directories,pathlib untuk traversir direktori python,pathlib untuk traversir direktori python file error integer parameter query,8,d4645,0.8466253280639648
q20501,python pathlib to traverse directories,pathlib untuk traversir direktori python,pathlib untuk traversir direktori python file error integer parameter query,9,d13878,0.8466253280639648
q20501,python pathlib to traverse directories,pathlib untuk traversir direktori python,pathlib untuk traversir direktori python file error integer parameter query,10,d11406,0.8466253280639648
q20502,python create list of columns with their dtype,buat list kolom dengan dtype mereka python,buat list kolom dengan dtype mereka python column list write integer loop,1,d19378,0.8623888492584229
q20502,python create list of columns with their dtype,buat list kolom dengan dtype mereka python,buat list kolom dengan dtype mereka python column list write integer loop,2,d17056,0.8623888492584229
q20502,python create list of columns with their dtype,buat list kolom dengan dtype mereka python,buat list kolom dengan dtype mereka python column list write integer loop,3,d20497,0.8623888492584229
q20502,python create list of columns with their dtype,buat list kolom dengan dtype mereka python,buat list kolom dengan dtype mereka python column list write integer loop,4,d18569,0.8623888492584229
q20502,python create list of columns with their dtype,buat list kolom dengan dtype mereka python,buat list kolom dengan dtype mereka python column list write integer loop,5,d18602,0.8623888492584229
q20502,python create list of columns with their dtype,buat list kolom dengan dtype mereka python,buat list kolom dengan dtype mereka python column list write integer loop,6,d19846,0.8623888492584229
q20502,python create list of columns with their dtype,buat list kolom dengan dtype mereka python,buat list kolom dengan dtype mereka python column list write integer loop,7,d18721,0.8623888492584229
q20502,python create list of columns with their dtype,buat list kolom dengan dtype mereka python,buat list kolom dengan dtype mereka python column list write integer loop,8,d17756,0.8623888492584229
q20502,python create list of columns with their dtype,buat list kolom dengan dtype mereka python,buat list kolom dengan dtype mereka python column list write integer loop,9,d17544,0.8623888492584229
q20502,python create list of columns with their dtype,buat list kolom dengan dtype mereka python,buat list kolom dengan dtype mereka python column list write integer loop,10,d19176,0.8623888492584229
q20503,python turn all nested object to dict,ubah semua objek bersarang ke dict python,ubah semua objek bersarang ke dict python update dictionary integer add delete,1,d3979,0.8853409290313721
q20503,python turn all nested object to dict,ubah semua objek bersarang ke dict python,ubah semua objek bersarang ke dict python update dictionary integer add delete,2,d8041,0.8853409290313721
q20503,python turn all nested object to dict,ubah semua objek bersarang ke dict python,ubah semua objek bersarang ke dict python update dictionary integer add delete,3,d12427,0.8853409290313721
q20503,python turn all nested object to dict,ubah semua objek bersarang ke dict python,ubah semua objek bersarang ke dict python update dictionary integer add delete,4,d14147,0.8853409290313721
q20503,python turn all nested object to dict,ubah semua objek bersarang ke dict python,ubah semua objek bersarang ke dict python update dictionary integer add delete,5,d15354,0.8853409290313721
q20503,python turn all nested object to dict,ubah semua objek bersarang ke dict python,ubah semua objek bersarang ke dict python update dictionary integer add delete,6,d2194,0.8853409290313721
q20503,python turn all nested object to dict,ubah semua objek bersarang ke dict python,ubah semua objek bersarang ke dict python update dictionary integer add delete,7,d7229,0.8826030492782593
q20503,python turn all nested object to dict,ubah semua objek bersarang ke dict python,ubah semua objek bersarang ke dict python update dictionary integer add delete,8,d9952,0.8767829537391663
q20503,python turn all nested object to dict,ubah semua objek bersarang ke dict python,ubah semua objek bersarang ke dict python update dictionary integer add delete,9,d14831,0.8767829537391663
q20503,python turn all nested object to dict,ubah semua objek bersarang ke dict python,ubah semua objek bersarang ke dict python update dictionary integer add delete,10,d8653,0.8767829537391663
q20504,python read dicom images,baca gambar dicom python,baca gambar dicom python read update query search file,1,d7230,0.8586076498031616
q20504,python read dicom images,baca gambar dicom python,baca gambar dicom python read update query search file,2,d15422,0.8586076498031616
q20504,python read dicom images,baca gambar dicom python,baca gambar dicom python read update query search file,3,d6350,0.8586076498031616
q20504,python read dicom images,baca gambar dicom python,baca gambar dicom python read update query search file,4,d15610,0.8586076498031616
q20504,python read dicom images,baca gambar dicom python,baca gambar dicom python read update query search file,5,d5654,0.8586076498031616
q20504,python read dicom images,baca gambar dicom python,baca gambar dicom python read update query search file,6,d11519,0.8586076498031616
q20504,python read dicom images,baca gambar dicom python,baca gambar dicom python read update query search file,7,d2061,0.857556164264679
q20504,python read dicom images,baca gambar dicom python,baca gambar dicom python read update query search file,8,d16294,0.857556164264679
q20504,python read dicom images,baca gambar dicom python,baca gambar dicom python read update query search file,9,d18007,0.8572224378585815
q20504,python read dicom images,baca gambar dicom python,baca gambar dicom python read update query search file,10,d20462,0.8556562662124634
q20505,python making string lower case,membuat string huruf kecil python,membuat string huruf kecil python string integer write error parameter,1,d14037,0.8578841686248779
q20505,python making string lower case,membuat string huruf kecil python,membuat string huruf kecil python string integer write error parameter,2,d824,0.8577539920806885
q20505,python making string lower case,membuat string huruf kecil python,membuat string huruf kecil python string integer write error parameter,3,d2927,0.8577539920806885
q20505,python making string lower case,membuat string huruf kecil python,membuat string huruf kecil python string integer write error parameter,4,d9612,0.8577539920806885
q20505,python making string lower case,membuat string huruf kecil python,membuat string huruf kecil python string integer write error parameter,5,d3416,0.8577539920806885
q20505,python making string lower case,membuat string huruf kecil python,membuat string huruf kecil python string integer write error parameter,6,d5267,0.8577539920806885
q20505,python making string lower case,membuat string huruf kecil python,membuat string huruf kecil python string integer write error parameter,7,d3398,0.8577539920806885
q20505,python making string lower case,membuat string huruf kecil python,membuat string huruf kecil python string integer write error parameter,8,d14275,0.8557882308959961
q20505,python making string lower case,membuat string huruf kecil python,membuat string huruf kecil python string integer write error parameter,9,d19169,0.8551433682441711
q20505,python making string lower case,membuat string huruf kecil python,membuat string huruf kecil python string integer write error parameter,10,d19626,0.8551433682441711
q20506,how to implement a macro in python,cara implementasi makro di python,cara implementasi makro di python parameter function update error method,1,d10397,0.8357142210006714
q20506,how to implement a macro in python,cara implementasi makro di python,cara implementasi makro di python parameter function update error method,2,d9928,0.8346376419067383
q20506,how to implement a macro in python,cara implementasi makro di python,cara implementasi makro di python parameter function update error method,3,d16364,0.8294522166252136
q20506,how to implement a macro in python,cara implementasi makro di python,cara implementasi makro di python parameter function update error method,4,d10256,0.8294522166252136
q20506,how to implement a macro in python,cara implementasi makro di python,cara implementasi makro di python parameter function update error method,5,d4606,0.8294522166252136
q20506,how to implement a macro in python,cara implementasi makro di python,cara implementasi makro di python parameter function update error method,6,d10283,0.8267903923988342
q20506,how to implement a macro in python,cara implementasi makro di python,cara implementasi makro di python parameter function update error method,7,d19139,0.8234877586364746
q20506,how to implement a macro in python,cara implementasi makro di python,cara implementasi makro di python parameter function update error method,8,d20506,0.8233765363693237
q20506,how to implement a macro in python,cara implementasi makro di python,cara implementasi makro di python parameter function update error method,9,d16930,0.8228969573974609
q20506,how to implement a macro in python,cara implementasi makro di python,cara implementasi makro di python parameter function update error method,10,d19352,0.8228969573974609
q20507,python subprocess close stdin,subprocess tutup stdin python,subprocess tutup stdin python close string error file loop update,1,d5330,0.8681890964508057
q20507,python subprocess close stdin,subprocess tutup stdin python,subprocess tutup stdin python close string error file loop update,2,d5328,0.8681890964508057
q20507,python subprocess close stdin,subprocess tutup stdin python,subprocess tutup stdin python close string error file loop update,3,d5433,0.8646965026855469
q20507,python subprocess close stdin,subprocess tutup stdin python,subprocess tutup stdin python close string error file loop update,4,d5405,0.8646965026855469
q20507,python subprocess close stdin,subprocess tutup stdin python,subprocess tutup stdin python close string error file loop update,5,d595,0.8646965026855469
q20507,python subprocess close stdin,subprocess tutup stdin python,subprocess tutup stdin python close string error file loop update,6,d1077,0.8646965026855469
q20507,python subprocess close stdin,subprocess tutup stdin python,subprocess tutup stdin python close string error file loop update,7,d9692,0.8646965026855469
q20507,python subprocess close stdin,subprocess tutup stdin python,subprocess tutup stdin python close string error file loop update,8,d13000,0.8646965026855469
q20507,python subprocess close stdin,subprocess tutup stdin python,subprocess tutup stdin python close string error file loop update,9,d9549,0.8646965026855469
q20507,python subprocess close stdin,subprocess tutup stdin python,subprocess tutup stdin python close string error file loop update,10,d8740,0.8646965026855469
q20508,sum within a comprehension python,sum dalam comprehension python,sum dalam comprehension python integer function query error parameter,1,d9936,0.8609884977340698
q20508,sum within a comprehension python,sum dalam comprehension python,sum dalam comprehension python integer function query error parameter,2,d11474,0.8609884977340698
q20508,sum within a comprehension python,sum dalam comprehension python,sum dalam comprehension python integer function query error parameter,3,d13857,0.8609884977340698
q20508,sum within a comprehension python,sum dalam comprehension python,sum dalam comprehension python integer function query error parameter,4,d3519,0.8609884977340698
q20508,sum within a comprehension python,sum dalam comprehension python,sum dalam comprehension python integer function query error parameter,5,d3624,0.8609884977340698
q20508,sum within a comprehension python,sum dalam comprehension python,sum dalam comprehension python integer function query error parameter,6,d3134,0.8609884977340698
q20508,sum within a comprehension python,sum dalam comprehension python,sum dalam comprehension python integer function query error parameter,7,d18646,0.855192244052887
q20508,sum within a comprehension python,sum dalam comprehension python,sum dalam comprehension python integer function query error parameter,8,d19626,0.855192244052887
q20508,sum within a comprehension python,sum dalam comprehension python,sum dalam comprehension python integer function query error parameter,9,d19081,0.855192244052887
q20508,sum within a comprehension python,sum dalam comprehension python,sum dalam comprehension python integer function query error parameter,10,d17108,0.855192244052887
q20509,python timedelta without microseconds,timedelta tanpa mikrodetik python,timedelta tanpa mikrodetik python delete integer update error query,1,d3636,0.8606703877449036
q20509,python timedelta without microseconds,timedelta tanpa mikrodetik python,timedelta tanpa mikrodetik python delete integer update error query,2,d4171,0.8606703877449036
q20509,python timedelta without microseconds,timedelta tanpa mikrodetik python,timedelta tanpa mikrodetik python delete integer update error query,3,d20509,0.8529866933822632
q20509,python timedelta without microseconds,timedelta tanpa mikrodetik python,timedelta tanpa mikrodetik python delete integer update error query,4,d14096,0.8529866933822632
q20509,python timedelta without microseconds,timedelta tanpa mikrodetik python,timedelta tanpa mikrodetik python delete integer update error query,5,d5267,0.8493199944496155
q20509,python timedelta without microseconds,timedelta tanpa mikrodetik python,timedelta tanpa mikrodetik python delete integer update error query,6,d824,0.8493199944496155
q20509,python timedelta without microseconds,timedelta tanpa mikrodetik python,timedelta tanpa mikrodetik python delete integer update error query,7,d9612,0.8493199944496155
q20509,python timedelta without microseconds,timedelta tanpa mikrodetik python,timedelta tanpa mikrodetik python delete integer update error query,8,d3398,0.8493199944496155
q20509,python timedelta without microseconds,timedelta tanpa mikrodetik python,timedelta tanpa mikrodetik python delete integer update error query,9,d2927,0.8493199944496155
q20509,python timedelta without microseconds,timedelta tanpa mikrodetik python,timedelta tanpa mikrodetik python delete integer update error query,10,d3416,0.8493199944496155
q20510,change python object to string,ubah objek python ke string,ubah objek python ke string string update error parameter query,1,d156,0.8673782348632812
q20510,change python object to string,ubah objek python ke string,ubah objek python ke string string update error parameter query,2,d11823,0.8648497462272644
q20510,change python object to string,ubah objek python ke string,ubah objek python ke string string update error parameter query,3,d10256,0.861771285533905
q20510,change python object to string,ubah objek python ke string,ubah objek python ke string string update error parameter query,4,d4606,0.861771285533905
q20510,change python object to string,ubah objek python ke string,ubah objek python ke string string update error parameter query,5,d16364,0.861771285533905
q20510,change python object to string,ubah objek python ke string,ubah objek python ke string string update error parameter query,6,d10059,0.8603315353393555
q20510,change python object to string,ubah objek python ke string,ubah objek python ke string string update error parameter query,7,d16043,0.8594005107879639
q20510,change python object to string,ubah objek python ke string,ubah objek python ke string string update error parameter query,8,d3979,0.8576658368110657
q20510,change python object to string,ubah objek python ke string,ubah objek python ke string string update error parameter query,9,d2194,0.8576658368110657
q20510,change python object to string,ubah objek python ke string,ubah objek python ke string string update error parameter query,10,d15354,0.8576658368110657
q20511,eit request header in python flask,header request eit di flask python,header request eit di flask python error integer search update database,1,d12742,0.8711774349212646
q20511,eit request header in python flask,header request eit di flask python,header request eit di flask python error integer search update database,2,d8781,0.8711774349212646
q20511,eit request header in python flask,header request eit di flask python,header request eit di flask python error integer search update database,3,d7616,0.8610796332359314
q20511,eit request header in python flask,header request eit di flask python,header request eit di flask python error integer search update database,4,d13659,0.8610796332359314
q20511,eit request header in python flask,header request eit di flask python,header request eit di flask python error integer search update database,5,d2322,0.8610796332359314
q20511,eit request header in python flask,header request eit di flask python,header request eit di flask python error integer search update database,6,d8797,0.8610796332359314
q20511,eit request header in python flask,header request eit di flask python,header request eit di flask python error integer search update database,7,d16042,0.8610796332359314
q20511,eit request header in python flask,header request eit di flask python,header request eit di flask python error integer search update database,8,d6635,0.8531885147094727
q20511,eit request header in python flask,header request eit di flask python,header request eit di flask python error integer search update database,9,d20190,0.8531885147094727
q20511,eit request header in python flask,header request eit di flask python,header request eit di flask python error integer search update database,10,d12662,0.8531885147094727
q20512,python lower all elements in list,lowercase semua elemen dalam list python,lowercase semua elemen dalam list python list loop integer error row,1,d6266,0.8445512056350708
q20512,python lower all elements in list,lowercase semua elemen dalam list python,lowercase semua elemen dalam list python list loop integer error row,2,d3119,0.8445512056350708
q20512,python lower all elements in list,lowercase semua elemen dalam list python,lowercase semua elemen dalam list python list loop integer error row,3,d737,0.8445512056350708
q20512,python lower all elements in list,lowercase semua elemen dalam list python,lowercase semua elemen dalam list python list loop integer error row,4,d19911,0.8445512056350708
q20512,python lower all elements in list,lowercase semua elemen dalam list python,lowercase semua elemen dalam list python list loop integer error row,5,d11243,0.8445512056350708
q20512,python lower all elements in list,lowercase semua elemen dalam list python,lowercase semua elemen dalam list python list loop integer error row,6,d5036,0.8445512056350708
q20512,python lower all elements in list,lowercase semua elemen dalam list python,lowercase semua elemen dalam list python list loop integer error row,7,d9100,0.8445512056350708
q20512,python lower all elements in list,lowercase semua elemen dalam list python,lowercase semua elemen dalam list python list loop integer error row,8,d15542,0.8445512056350708
q20512,python lower all elements in list,lowercase semua elemen dalam list python,lowercase semua elemen dalam list python list loop integer error row,9,d3010,0.8445512056350708
q20512,python lower all elements in list,lowercase semua elemen dalam list python,lowercase semua elemen dalam list python list loop integer error row,10,d15375,0.8443843722343445
q20513,using sort to move element in to new position in list python,gunakan sort untuk pindahkan elemen ke posisi baru dalam list python,gunakan sort untuk pindahkan elemen ke posisi baru dalam list python sort list update column add,1,d5589,0.8627986907958984
q20513,using sort to move element in to new position in list python,gunakan sort untuk pindahkan elemen ke posisi baru dalam list python,gunakan sort untuk pindahkan elemen ke posisi baru dalam list python sort list update column add,2,d10271,0.8588173389434814
q20513,using sort to move element in to new position in list python,gunakan sort untuk pindahkan elemen ke posisi baru dalam list python,gunakan sort untuk pindahkan elemen ke posisi baru dalam list python sort list update column add,3,d9161,0.8581366539001465
q20513,using sort to move element in to new position in list python,gunakan sort untuk pindahkan elemen ke posisi baru dalam list python,gunakan sort untuk pindahkan elemen ke posisi baru dalam list python sort list update column add,4,d18159,0.8564829230308533
q20513,using sort to move element in to new position in list python,gunakan sort untuk pindahkan elemen ke posisi baru dalam list python,gunakan sort untuk pindahkan elemen ke posisi baru dalam list python sort list update column add,5,d13355,0.8544081449508667
q20513,using sort to move element in to new position in list python,gunakan sort untuk pindahkan elemen ke posisi baru dalam list python,gunakan sort untuk pindahkan elemen ke posisi baru dalam list python sort list update column add,6,d4313,0.8544081449508667
q20513,using sort to move element in to new position in list python,gunakan sort untuk pindahkan elemen ke posisi baru dalam list python,gunakan sort untuk pindahkan elemen ke posisi baru dalam list python sort list update column add,7,d13555,0.8544081449508667
q20513,using sort to move element in to new position in list python,gunakan sort untuk pindahkan elemen ke posisi baru dalam list python,gunakan sort untuk pindahkan elemen ke posisi baru dalam list python sort list update column add,8,d14831,0.8540128469467163
q20513,using sort to move element in to new position in list python,gunakan sort untuk pindahkan elemen ke posisi baru dalam list python,gunakan sort untuk pindahkan elemen ke posisi baru dalam list python sort list update column add,9,d12436,0.8540128469467163
q20513,using sort to move element in to new position in list python,gunakan sort untuk pindahkan elemen ke posisi baru dalam list python,gunakan sort untuk pindahkan elemen ke posisi baru dalam list python sort list update column add,10,d4429,0.8540128469467163
q20514,remove special characters from column names in python,hapus karakter khusus dari nama kolom di python,hapus karakter khusus dari nama kolom di python delete column integer error row parameter,1,d6926,0.8542512655258179
q20514,remove special characters from column names in python,hapus karakter khusus dari nama kolom di python,hapus karakter khusus dari nama kolom di python delete column integer error row parameter,2,d4768,0.8542512655258179
q20514,remove special characters from column names in python,hapus karakter khusus dari nama kolom di python,hapus karakter khusus dari nama kolom di python delete column integer error row parameter,3,d4357,0.8542512655258179
q20514,remove special characters from column names in python,hapus karakter khusus dari nama kolom di python,hapus karakter khusus dari nama kolom di python delete column integer error row parameter,4,d1302,0.8542512655258179
q20514,remove special characters from column names in python,hapus karakter khusus dari nama kolom di python,hapus karakter khusus dari nama kolom di python delete column integer error row parameter,5,d12916,0.8542512655258179
q20514,remove special characters from column names in python,hapus karakter khusus dari nama kolom di python,hapus karakter khusus dari nama kolom di python delete column integer error row parameter,6,d10569,0.8542512655258179
q20514,remove special characters from column names in python,hapus karakter khusus dari nama kolom di python,hapus karakter khusus dari nama kolom di python delete column integer error row parameter,7,d16836,0.849879264831543
q20514,remove special characters from column names in python,hapus karakter khusus dari nama kolom di python,hapus karakter khusus dari nama kolom di python delete column integer error row parameter,8,d17418,0.849879264831543
q20514,remove special characters from column names in python,hapus karakter khusus dari nama kolom di python,hapus karakter khusus dari nama kolom di python delete column integer error row parameter,9,d20601,0.849879264831543
q20514,remove special characters from column names in python,hapus karakter khusus dari nama kolom di python,hapus karakter khusus dari nama kolom di python delete column integer error row parameter,10,d17693,0.849879264831543
q20515,calculate the average of a given list in python,hitung rata-rata list yang diberikan di python,hitung rata-rata list yang diberikan di python list integer parameter function query,1,d4358,0.8399481773376465
q20515,calculate the average of a given list in python,hitung rata-rata list yang diberikan di python,hitung rata-rata list yang diberikan di python list integer parameter function query,2,d11907,0.839537501335144
q20515,calculate the average of a given list in python,hitung rata-rata list yang diberikan di python,hitung rata-rata list yang diberikan di python list integer parameter function query,3,d1737,0.8372937440872192
q20515,calculate the average of a given list in python,hitung rata-rata list yang diberikan di python,hitung rata-rata list yang diberikan di python list integer parameter function query,4,d19452,0.83675217628479
q20515,calculate the average of a given list in python,hitung rata-rata list yang diberikan di python,hitung rata-rata list yang diberikan di python list integer parameter function query,5,d6917,0.8358139991760254
q20515,calculate the average of a given list in python,hitung rata-rata list yang diberikan di python,hitung rata-rata list yang diberikan di python list integer parameter function query,6,d20515,0.8347788453102112
q20515,calculate the average of a given list in python,hitung rata-rata list yang diberikan di python,hitung rata-rata list yang diberikan di python list integer parameter function query,7,d14585,0.8347788453102112
q20515,calculate the average of a given list in python,hitung rata-rata list yang diberikan di python,hitung rata-rata list yang diberikan di python list integer parameter function query,8,d12350,0.8347788453102112
q20515,calculate the average of a given list in python,hitung rata-rata list yang diberikan di python,hitung rata-rata list yang diberikan di python list integer parameter function query,9,d1539,0.8347788453102112
q20515,calculate the average of a given list in python,hitung rata-rata list yang diberikan di python,hitung rata-rata list yang diberikan di python list integer parameter function query,10,d10636,0.8347788453102112
q20516,past python git clone,clone git python lalu,clone git python lalu close update column loop delete,1,d7701,0.8569667935371399
q20516,past python git clone,clone git python lalu,clone git python lalu close update column loop delete,2,d9386,0.8524302244186401
q20516,past python git clone,clone git python lalu,clone git python lalu close update column loop delete,3,d4454,0.8509281873703003
q20516,past python git clone,clone git python lalu,clone git python lalu close update column loop delete,4,d1095,0.8501133918762207
q20516,past python git clone,clone git python lalu,clone git python lalu close update column loop delete,5,d14777,0.8468140363693237
q20516,past python git clone,clone git python lalu,clone git python lalu close update column loop delete,6,d12516,0.8468140363693237
q20516,past python git clone,clone git python lalu,clone git python lalu close update column loop delete,7,d7041,0.8468140363693237
q20516,past python git clone,clone git python lalu,clone git python lalu close update column loop delete,8,d14968,0.8468140363693237
q20516,past python git clone,clone git python lalu,clone git python lalu close update column loop delete,9,d15681,0.8468140363693237
q20516,past python git clone,clone git python lalu,clone git python lalu close update column loop delete,10,d10742,0.8468140363693237
q20517,python lambda function with 3 params,fungsi lambda dengan 3 parameter python,fungsi lambda dengan 3 parameter python parameter function integer variable database,1,d10448,0.8617318868637085
q20517,python lambda function with 3 params,fungsi lambda dengan 3 parameter python,fungsi lambda dengan 3 parameter python parameter function integer variable database,2,d7961,0.8617318868637085
q20517,python lambda function with 3 params,fungsi lambda dengan 3 parameter python,fungsi lambda dengan 3 parameter python parameter function integer variable database,3,d12289,0.8617318868637085
q20517,python lambda function with 3 params,fungsi lambda dengan 3 parameter python,fungsi lambda dengan 3 parameter python parameter function integer variable database,4,d13212,0.8617318868637085
q20517,python lambda function with 3 params,fungsi lambda dengan 3 parameter python,fungsi lambda dengan 3 parameter python parameter function integer variable database,5,d11178,0.8617318868637085
q20517,python lambda function with 3 params,fungsi lambda dengan 3 parameter python,fungsi lambda dengan 3 parameter python parameter function integer variable database,6,d6070,0.8617318868637085
q20517,python lambda function with 3 params,fungsi lambda dengan 3 parameter python,fungsi lambda dengan 3 parameter python parameter function integer variable database,7,d13551,0.8617318868637085
q20517,python lambda function with 3 params,fungsi lambda dengan 3 parameter python,fungsi lambda dengan 3 parameter python parameter function integer variable database,8,d7920,0.8617318272590637
q20517,python lambda function with 3 params,fungsi lambda dengan 3 parameter python,fungsi lambda dengan 3 parameter python parameter function integer variable database,9,d11176,0.8617318272590637
q20517,python lambda function with 3 params,fungsi lambda dengan 3 parameter python,fungsi lambda dengan 3 parameter python parameter function integer variable database,10,d7918,0.8617318272590637
q20518,check for punctuation python,periksa tanda baca python,periksa tanda baca python read search query update error,1,d18007,0.8588737845420837
q20518,check for punctuation python,periksa tanda baca python,periksa tanda baca python read search query update error,2,d6635,0.8552062511444092
q20518,check for punctuation python,periksa tanda baca python,periksa tanda baca python read search query update error,3,d8934,0.8552062511444092
q20518,check for punctuation python,periksa tanda baca python,periksa tanda baca python read search query update error,4,d12662,0.8552062511444092
q20518,check for punctuation python,periksa tanda baca python,periksa tanda baca python read search query update error,5,d2618,0.8552062511444092
q20518,check for punctuation python,periksa tanda baca python,periksa tanda baca python read search query update error,6,d20190,0.8552062511444092
q20518,check for punctuation python,periksa tanda baca python,periksa tanda baca python read search query update error,7,d4776,0.8552062511444092
q20518,check for punctuation python,periksa tanda baca python,periksa tanda baca python read search query update error,8,d11823,0.8542529344558716
q20518,check for punctuation python,periksa tanda baca python,periksa tanda baca python read search query update error,9,d8708,0.8522544503211975
q20518,check for punctuation python,periksa tanda baca python,periksa tanda baca python read search query update error,10,d252,0.8522544503211975
q20519,unsupported media type json python,tipe media tidak didukung json python,tipe media tidak didukung json python error file update database data,1,d4150,0.8507494926452637
q20519,unsupported media type json python,tipe media tidak didukung json python,tipe media tidak didukung json python error file update database data,2,d2339,0.8507494926452637
q20519,unsupported media type json python,tipe media tidak didukung json python,tipe media tidak didukung json python error file update database data,3,d5149,0.8507494926452637
q20519,unsupported media type json python,tipe media tidak didukung json python,tipe media tidak didukung json python error file update database data,4,d10685,0.8507494926452637
q20519,unsupported media type json python,tipe media tidak didukung json python,tipe media tidak didukung json python error file update database data,5,d192,0.8507494926452637
q20519,unsupported media type json python,tipe media tidak didukung json python,tipe media tidak didukung json python error file update database data,6,d8731,0.8507494926452637
q20519,unsupported media type json python,tipe media tidak didukung json python,tipe media tidak didukung json python error file update database data,7,d4543,0.8507494926452637
q20519,unsupported media type json python,tipe media tidak didukung json python,tipe media tidak didukung json python error file update database data,8,d8398,0.8507494926452637
q20519,unsupported media type json python,tipe media tidak didukung json python,tipe media tidak didukung json python error file update database data,9,d13268,0.8502030372619629
q20519,unsupported media type json python,tipe media tidak didukung json python,tipe media tidak didukung json python error file update database data,10,d16401,0.8502030372619629
q20520,python separate string to list,pisahkan string ke list python,pisahkan string ke list python string list write loop row,1,d16261,0.8625677227973938
q20520,python separate string to list,pisahkan string ke list python,pisahkan string ke list python string list write loop row,2,d3604,0.8625677227973938
q20520,python separate string to list,pisahkan string ke list python,pisahkan string ke list python string list write loop row,3,d13858,0.8625677227973938
q20520,python separate string to list,pisahkan string ke list python,pisahkan string ke list python string list write loop row,4,d4234,0.8625677227973938
q20520,python separate string to list,pisahkan string ke list python,pisahkan string ke list python string list write loop row,5,d12672,0.8625677227973938
q20520,python separate string to list,pisahkan string ke list python,pisahkan string ke list python string list write loop row,6,d12401,0.8625677227973938
q20520,python separate string to list,pisahkan string ke list python,pisahkan string ke list python string list write loop row,7,d15693,0.8625677227973938
q20520,python separate string to list,pisahkan string ke list python,pisahkan string ke list python string list write loop row,8,d6326,0.8625677227973938
q20520,python separate string to list,pisahkan string ke list python,pisahkan string ke list python string list write loop row,9,d7657,0.8625677227973938
q20520,python separate string to list,pisahkan string ke list python,pisahkan string ke list python string list write loop row,10,d17998,0.8615315556526184
q20521,python remove phrase from list of strings,hapus frasa dari list string python,hapus frasa dari list string python string list delete error sort,1,d16406,0.8549531698226929
q20521,python remove phrase from list of strings,hapus frasa dari list string python,hapus frasa dari list string python string list delete error sort,2,d9206,0.8503828644752502
q20521,python remove phrase from list of strings,hapus frasa dari list string python,hapus frasa dari list string python string list delete error sort,3,d5630,0.8503828644752502
q20521,python remove phrase from list of strings,hapus frasa dari list string python,hapus frasa dari list string python string list delete error sort,4,d9982,0.8503828644752502
q20521,python remove phrase from list of strings,hapus frasa dari list string python,hapus frasa dari list string python string list delete error sort,5,d15591,0.8503828644752502
q20521,python remove phrase from list of strings,hapus frasa dari list string python,hapus frasa dari list string python string list delete error sort,6,d3143,0.8503828644752502
q20521,python remove phrase from list of strings,hapus frasa dari list string python,hapus frasa dari list string python string list delete error sort,7,d16147,0.8503828644752502
q20521,python remove phrase from list of strings,hapus frasa dari list string python,hapus frasa dari list string python string list delete error sort,8,d19830,0.8503828644752502
q20521,python remove phrase from list of strings,hapus frasa dari list string python,hapus frasa dari list string python string list delete error sort,9,d821,0.8503828644752502
q20521,python remove phrase from list of strings,hapus frasa dari list string python,hapus frasa dari list string python string list delete error sort,10,d7547,0.8492516279220581
q20522,python fastest way to load data,cara tercepat memuat data python,cara tercepat memuat data python database data update row file,1,d11823,0.8537054061889648
q20522,python fastest way to load data,cara tercepat memuat data python,cara tercepat memuat data python database data update row file,2,d12455,0.8471654057502747
q20522,python fastest way to load data,cara tercepat memuat data python,cara tercepat memuat data python database data update row file,3,d6142,0.8450319170951843
q20522,python fastest way to load data,cara tercepat memuat data python,cara tercepat memuat data python database data update row file,4,d9183,0.8364554643630981
q20522,python fastest way to load data,cara tercepat memuat data python,cara tercepat memuat data python database data update row file,5,d3195,0.8364554643630981
q20522,python fastest way to load data,cara tercepat memuat data python,cara tercepat memuat data python database data update row file,6,d1593,0.8364554643630981
q20522,python fastest way to load data,cara tercepat memuat data python,cara tercepat memuat data python database data update row file,7,d5047,0.8364554643630981
q20522,python fastest way to load data,cara tercepat memuat data python,cara tercepat memuat data python database data update row file,8,d697,0.8364554643630981
q20522,python fastest way to load data,cara tercepat memuat data python,cara tercepat memuat data python database data update row file,9,d659,0.8364554643630981
q20522,python fastest way to load data,cara tercepat memuat data python,cara tercepat memuat data python database data update row file,10,d9730,0.8364554643630981
q20523,add noise to the audio python,tambahkan noise ke audio python,tambahkan noise ke audio python update add query warning write,1,d11823,0.845664381980896
q20523,add noise to the audio python,tambahkan noise ke audio python,tambahkan noise ke audio python update add query warning write,2,d1861,0.8455617427825928
q20523,add noise to the audio python,tambahkan noise ke audio python,tambahkan noise ke audio python update add query warning write,3,d8525,0.8455617427825928
q20523,add noise to the audio python,tambahkan noise ke audio python,tambahkan noise ke audio python update add query warning write,4,d7891,0.8455617427825928
q20523,add noise to the audio python,tambahkan noise ke audio python,tambahkan noise ke audio python update add query warning write,5,d8170,0.8455617427825928
q20523,add noise to the audio python,tambahkan noise ke audio python,tambahkan noise ke audio python update add query warning write,6,d1645,0.8455617427825928
q20523,add noise to the audio python,tambahkan noise ke audio python,tambahkan noise ke audio python update add query warning write,7,d15205,0.8455617427825928
q20523,add noise to the audio python,tambahkan noise ke audio python,tambahkan noise ke audio python update add query warning write,8,d727,0.8455617427825928
q20523,add noise to the audio python,tambahkan noise ke audio python,tambahkan noise ke audio python update add query warning write,9,d7229,0.8455355167388916
q20523,add noise to the audio python,tambahkan noise ke audio python,tambahkan noise ke audio python update add query warning write,10,d18007,0.8451520204544067
q20524,object with commas turned into list python,objek dengan koma diubah menjadi list python,objek dengan koma diubah menjadi list python list update column integer add,1,d14597,0.8710997104644775
q20524,object with commas turned into list python,objek dengan koma diubah menjadi list python,objek dengan koma diubah menjadi list python list update column integer add,2,d6065,0.8710997104644775
q20524,object with commas turned into list python,objek dengan koma diubah menjadi list python,objek dengan koma diubah menjadi list python list update column integer add,3,d19894,0.8710997104644775
q20524,object with commas turned into list python,objek dengan koma diubah menjadi list python,objek dengan koma diubah menjadi list python list update column integer add,4,d6391,0.8710997104644775
q20524,object with commas turned into list python,objek dengan koma diubah menjadi list python,objek dengan koma diubah menjadi list python list update column integer add,5,d6254,0.8710997104644775
q20524,object with commas turned into list python,objek dengan koma diubah menjadi list python,objek dengan koma diubah menjadi list python list update column integer add,6,d11525,0.8710997104644775
q20524,object with commas turned into list python,objek dengan koma diubah menjadi list python,objek dengan koma diubah menjadi list python list update column integer add,7,d14147,0.8595593571662903
q20524,object with commas turned into list python,objek dengan koma diubah menjadi list python,objek dengan koma diubah menjadi list python list update column integer add,8,d15354,0.8595593571662903
q20524,object with commas turned into list python,objek dengan koma diubah menjadi list python,objek dengan koma diubah menjadi list python list update column integer add,9,d3979,0.8595593571662903
q20524,object with commas turned into list python,objek dengan koma diubah menjadi list python,objek dengan koma diubah menjadi list python list update column integer add,10,d8041,0.8595593571662903
q20525,python set limits on x axis,atur batas sumbu x python,atur batas sumbu x python update query error column integer,1,d11823,0.8649989366531372
q20525,python set limits on x axis,atur batas sumbu x python,atur batas sumbu x python update query error column integer,2,d5152,0.8561123013496399
q20525,python set limits on x axis,atur batas sumbu x python,atur batas sumbu x python update query error column integer,3,d14588,0.8561123013496399
q20525,python set limits on x axis,atur batas sumbu x python,atur batas sumbu x python update query error column integer,4,d14215,0.8561123013496399
q20525,python set limits on x axis,atur batas sumbu x python,atur batas sumbu x python update query error column integer,5,d18007,0.8535857200622559
q20525,python set limits on x axis,atur batas sumbu x python,atur batas sumbu x python update query error column integer,6,d15422,0.8528811931610107
q20525,python set limits on x axis,atur batas sumbu x python,atur batas sumbu x python update query error column integer,7,d6350,0.8528811931610107
q20525,python set limits on x axis,atur batas sumbu x python,atur batas sumbu x python update query error column integer,8,d7230,0.8528811931610107
q20525,python set limits on x axis,atur batas sumbu x python,atur batas sumbu x python update query error column integer,9,d11519,0.8528811931610107
q20525,python set limits on x axis,atur batas sumbu x python,atur batas sumbu x python update query error column integer,10,d15610,0.8528811931610107
q20526,is python ssl socket connection thread safe,apakah koneksi socket ssl python thread safe,apakah koneksi socket ssl python thread safe string update error close query,1,d15779,0.8500397801399231
q20526,is python ssl socket connection thread safe,apakah koneksi socket ssl python thread safe,apakah koneksi socket ssl python thread safe string update error close query,2,d13818,0.8429103493690491
q20526,is python ssl socket connection thread safe,apakah koneksi socket ssl python thread safe,apakah koneksi socket ssl python thread safe string update error close query,3,d5660,0.8429103493690491
q20526,is python ssl socket connection thread safe,apakah koneksi socket ssl python thread safe,apakah koneksi socket ssl python thread safe string update error close query,4,d4632,0.8429103493690491
q20526,is python ssl socket connection thread safe,apakah koneksi socket ssl python thread safe,apakah koneksi socket ssl python thread safe string update error close query,5,d12911,0.8429103493690491
q20526,is python ssl socket connection thread safe,apakah koneksi socket ssl python thread safe,apakah koneksi socket ssl python thread safe string update error close query,6,d6438,0.8429103493690491
q20526,is python ssl socket connection thread safe,apakah koneksi socket ssl python thread safe,apakah koneksi socket ssl python thread safe string update error close query,7,d13771,0.8429103493690491
q20526,is python ssl socket connection thread safe,apakah koneksi socket ssl python thread safe,apakah koneksi socket ssl python thread safe string update error close query,8,d7176,0.8429103493690491
q20526,is python ssl socket connection thread safe,apakah koneksi socket ssl python thread safe,apakah koneksi socket ssl python thread safe string update error close query,9,d4432,0.8429103493690491
q20526,is python ssl socket connection thread safe,apakah koneksi socket ssl python thread safe,apakah koneksi socket ssl python thread safe string update error close query,10,d20526,0.8429103493690491
q20527,python3 encode decode bytes,encode decode bytes python3,encode decode bytes python3 integer error file string array,1,d1910,0.8972591161727905
q20527,python3 encode decode bytes,encode decode bytes python3,encode decode bytes python3 integer error file string array,2,d1709,0.8972591161727905
q20527,python3 encode decode bytes,encode decode bytes python3,encode decode bytes python3 integer error file string array,3,d12244,0.8972591161727905
q20527,python3 encode decode bytes,encode decode bytes python3,encode decode bytes python3 integer error file string array,4,d6616,0.8972591161727905
q20527,python3 encode decode bytes,encode decode bytes python3,encode decode bytes python3 integer error file string array,5,d18109,0.8919137716293335
q20527,python3 encode decode bytes,encode decode bytes python3,encode decode bytes python3 integer error file string array,6,d17842,0.8919137716293335
q20527,python3 encode decode bytes,encode decode bytes python3,encode decode bytes python3 integer error file string array,7,d18138,0.8919137716293335
q20527,python3 encode decode bytes,encode decode bytes python3,encode decode bytes python3 integer error file string array,8,d20591,0.8919137716293335
q20527,python3 encode decode bytes,encode decode bytes python3,encode decode bytes python3 integer error file string array,9,d17981,0.8909803628921509
q20527,python3 encode decode bytes,encode decode bytes python3,encode decode bytes python3 integer error file string array,10,d19389,0.8909803628921509
q20528,xsd file to python object,file xsd ke objek python,file xsd ke objek python file error query update string,1,d1837,0.8637506365776062
q20528,xsd file to python object,file xsd ke objek python,file xsd ke objek python file error query update string,2,d2002,0.8637506365776062
q20528,xsd file to python object,file xsd ke objek python,file xsd ke objek python file error query update string,3,d5294,0.8637506365776062
q20528,xsd file to python object,file xsd ke objek python,file xsd ke objek python file error query update string,4,d19694,0.8637506365776062
q20528,xsd file to python object,file xsd ke objek python,file xsd ke objek python file error query update string,5,d9058,0.8637506365776062
q20528,xsd file to python object,file xsd ke objek python,file xsd ke objek python file error query update string,6,d13704,0.8637506365776062
q20528,xsd file to python object,file xsd ke objek python,file xsd ke objek python file error query update string,7,d4886,0.8637506365776062
q20528,xsd file to python object,file xsd ke objek python,file xsd ke objek python file error query update string,8,d9544,0.8637506365776062
q20528,xsd file to python object,file xsd ke objek python,file xsd ke objek python file error query update string,9,d18007,0.8581963777542114
q20528,xsd file to python object,file xsd ke objek python,file xsd ke objek python file error query update string,10,d3416,0.8543228507041931
q20529,python expand a path,ekspansi path python,ekspansi path python update query parameter file function,1,d13471,0.8731119632720947
q20529,python expand a path,ekspansi path python,ekspansi path python update query parameter file function,2,d20490,0.8641433715820312
q20529,python expand a path,ekspansi path python,ekspansi path python update query parameter file function,3,d20529,0.8602299690246582
q20529,python expand a path,ekspansi path python,ekspansi path python update query parameter file function,4,d6660,0.8602299690246582
q20529,python expand a path,ekspansi path python,ekspansi path python update query parameter file function,5,d11823,0.856199324131012
q20529,python expand a path,ekspansi path python,ekspansi path python update query parameter file function,6,d15643,0.8559919595718384
q20529,python expand a path,ekspansi path python,ekspansi path python update query parameter file function,7,d15852,0.8559919595718384
q20529,python expand a path,ekspansi path python,ekspansi path python update query parameter file function,8,d13725,0.8559919595718384
q20529,python expand a path,ekspansi path python,ekspansi path python update query parameter file function,9,d13723,0.8559919595718384
q20529,python expand a path,ekspansi path python,ekspansi path python update query parameter file function,10,d3563,0.8559919595718384
q20530,python flask template table example,contoh tabel template flask python,contoh tabel template flask python table column database row error,1,d6142,0.8649848103523254
q20530,python flask template table example,contoh tabel template flask python,contoh tabel template flask python table column database row error,2,d7616,0.8636664748191833
q20530,python flask template table example,contoh tabel template flask python,contoh tabel template flask python table column database row error,3,d16042,0.8636664748191833
q20530,python flask template table example,contoh tabel template flask python,contoh tabel template flask python table column database row error,4,d8797,0.8636664748191833
q20530,python flask template table example,contoh tabel template flask python,contoh tabel template flask python table column database row error,5,d2322,0.8636664748191833
q20530,python flask template table example,contoh tabel template flask python,contoh tabel template flask python table column database row error,6,d13659,0.8636664748191833
q20530,python flask template table example,contoh tabel template flask python,contoh tabel template flask python table column database row error,7,d450,0.8623887300491333
q20530,python flask template table example,contoh tabel template flask python,contoh tabel template flask python table column database row error,8,d5878,0.8604313135147095
q20530,python flask template table example,contoh tabel template flask python,contoh tabel template flask python table column database row error,9,d9638,0.8487164974212646
q20530,python flask template table example,contoh tabel template flask python,contoh tabel template flask python table column database row error,10,d12109,0.8487164974212646
q20531,how to check if object defined python,cara periksa apakah objek terdefinisi python,cara periksa apakah objek terdefinisi python integer search query function parameter,1,d11680,0.8587269186973572
q20531,how to check if object defined python,cara periksa apakah objek terdefinisi python,cara periksa apakah objek terdefinisi python integer search query function parameter,2,d3375,0.8587269186973572
q20531,how to check if object defined python,cara periksa apakah objek terdefinisi python,cara periksa apakah objek terdefinisi python integer search query function parameter,3,d3653,0.850695013999939
q20531,how to check if object defined python,cara periksa apakah objek terdefinisi python,cara periksa apakah objek terdefinisi python integer search query function parameter,4,d15053,0.850695013999939
q20531,how to check if object defined python,cara periksa apakah objek terdefinisi python,cara periksa apakah objek terdefinisi python integer search query function parameter,5,d5737,0.850695013999939
q20531,how to check if object defined python,cara periksa apakah objek terdefinisi python,cara periksa apakah objek terdefinisi python integer search query function parameter,6,d13115,0.850695013999939
q20531,how to check if object defined python,cara periksa apakah objek terdefinisi python,cara periksa apakah objek terdefinisi python integer search query function parameter,7,d7031,0.850695013999939
q20531,how to check if object defined python,cara periksa apakah objek terdefinisi python,cara periksa apakah objek terdefinisi python integer search query function parameter,8,d20015,0.850695013999939
q20531,how to check if object defined python,cara periksa apakah objek terdefinisi python,cara periksa apakah objek terdefinisi python integer search query function parameter,9,d6941,0.850695013999939
q20531,how to check if object defined python,cara periksa apakah objek terdefinisi python,cara periksa apakah objek terdefinisi python integer search query function parameter,10,d20412,0.850695013999939
q20532,s3 sync between bucket python,sync s3 antar bucket python,sync s3 antar bucket python integer error update close string,1,d13926,0.8571752309799194
q20532,s3 sync between bucket python,sync s3 antar bucket python,sync s3 antar bucket python integer error update close string,2,d8419,0.8571752309799194
q20532,s3 sync between bucket python,sync s3 antar bucket python,sync s3 antar bucket python integer error update close string,3,d10349,0.8551843762397766
q20532,s3 sync between bucket python,sync s3 antar bucket python,sync s3 antar bucket python integer error update close string,4,d4381,0.8531286716461182
q20532,s3 sync between bucket python,sync s3 antar bucket python,sync s3 antar bucket python integer error update close string,5,d12273,0.8531286716461182
q20532,s3 sync between bucket python,sync s3 antar bucket python,sync s3 antar bucket python integer error update close string,6,d14977,0.8531286716461182
q20532,s3 sync between bucket python,sync s3 antar bucket python,sync s3 antar bucket python integer error update close string,7,d12323,0.8531286716461182
q20532,s3 sync between bucket python,sync s3 antar bucket python,sync s3 antar bucket python integer error update close string,8,d4311,0.8531286716461182
q20532,s3 sync between bucket python,sync s3 antar bucket python,sync s3 antar bucket python integer error update close string,9,d2028,0.8531286716461182
q20532,s3 sync between bucket python,sync s3 antar bucket python,sync s3 antar bucket python integer error update close string,10,d12321,0.8531286716461182
q20533,change the position of 3d coordinate in python,ubah posisi koordinat 3d di python,ubah posisi koordinat 3d di python update sort integer query row,1,d5589,0.8472569584846497
q20533,change the position of 3d coordinate in python,ubah posisi koordinat 3d di python,ubah posisi koordinat 3d di python update sort integer query row,2,d16981,0.8388922810554504
q20533,change the position of 3d coordinate in python,ubah posisi koordinat 3d di python,ubah posisi koordinat 3d di python update sort integer query row,3,d18527,0.8388922810554504
q20533,change the position of 3d coordinate in python,ubah posisi koordinat 3d di python,ubah posisi koordinat 3d di python update sort integer query row,4,d12025,0.8383001685142517
q20533,change the position of 3d coordinate in python,ubah posisi koordinat 3d di python,ubah posisi koordinat 3d di python update sort integer query row,5,d3770,0.8383001685142517
q20533,change the position of 3d coordinate in python,ubah posisi koordinat 3d di python,ubah posisi koordinat 3d di python update sort integer query row,6,d3808,0.8383001685142517
q20533,change the position of 3d coordinate in python,ubah posisi koordinat 3d di python,ubah posisi koordinat 3d di python update sort integer query row,7,d5597,0.8383001685142517
q20533,change the position of 3d coordinate in python,ubah posisi koordinat 3d di python,ubah posisi koordinat 3d di python update sort integer query row,8,d11823,0.8349448442459106
q20533,change the position of 3d coordinate in python,ubah posisi koordinat 3d di python,ubah posisi koordinat 3d di python update sort integer query row,9,d7230,0.8336349129676819
q20533,change the position of 3d coordinate in python,ubah posisi koordinat 3d di python,ubah posisi koordinat 3d di python update sort integer query row,10,d15610,0.8336349129676819
q20534,python how to get the number of cores in a computer,cara dapat jumlah core di komputer python,cara dapat jumlah core di komputer python integer sort update file row,1,d18078,0.8292186260223389
q20534,python how to get the number of cores in a computer,cara dapat jumlah core di komputer python,cara dapat jumlah core di komputer python integer sort update file row,2,d5589,0.829190731048584
q20534,python how to get the number of cores in a computer,cara dapat jumlah core di komputer python,cara dapat jumlah core di komputer python integer sort update file row,3,d13164,0.826498806476593
q20534,python how to get the number of cores in a computer,cara dapat jumlah core di komputer python,cara dapat jumlah core di komputer python integer sort update file row,4,d3013,0.8263622522354126
q20534,python how to get the number of cores in a computer,cara dapat jumlah core di komputer python,cara dapat jumlah core di komputer python integer sort update file row,5,d3015,0.8263622522354126
q20534,python how to get the number of cores in a computer,cara dapat jumlah core di komputer python,cara dapat jumlah core di komputer python integer sort update file row,6,d1457,0.8260294198989868
q20534,python how to get the number of cores in a computer,cara dapat jumlah core di komputer python,cara dapat jumlah core di komputer python integer sort update file row,7,d1400,0.8258059620857239
q20534,python how to get the number of cores in a computer,cara dapat jumlah core di komputer python,cara dapat jumlah core di komputer python integer sort update file row,8,d5613,0.8258059620857239
q20534,python how to get the number of cores in a computer,cara dapat jumlah core di komputer python,cara dapat jumlah core di komputer python integer sort update file row,9,d5575,0.8258059620857239
q20534,python how to get the number of cores in a computer,cara dapat jumlah core di komputer python,cara dapat jumlah core di komputer python integer sort update file row,10,d12716,0.8248914480209351
q20535,python how to use pdb set trace,cara gunakan pdb set trace python,cara gunakan pdb set trace python database parameter error update query,1,d20535,0.8712326884269714
q20535,python how to use pdb set trace,cara gunakan pdb set trace python,cara gunakan pdb set trace python database parameter error update query,2,d5320,0.8712326884269714
q20535,python how to use pdb set trace,cara gunakan pdb set trace python,cara gunakan pdb set trace python database parameter error update query,3,d1043,0.8712326884269714
q20535,python how to use pdb set trace,cara gunakan pdb set trace python,cara gunakan pdb set trace python database parameter error update query,4,d20172,0.8712326884269714
q20535,python how to use pdb set trace,cara gunakan pdb set trace python,cara gunakan pdb set trace python database parameter error update query,5,d19931,0.8712326884269714
q20535,python how to use pdb set trace,cara gunakan pdb set trace python,cara gunakan pdb set trace python database parameter error update query,6,d1041,0.8712326884269714
q20535,python how to use pdb set trace,cara gunakan pdb set trace python,cara gunakan pdb set trace python database parameter error update query,7,d15539,0.8712326884269714
q20535,python how to use pdb set trace,cara gunakan pdb set trace python,cara gunakan pdb set trace python database parameter error update query,8,d9433,0.8712326884269714
q20535,python how to use pdb set trace,cara gunakan pdb set trace python,cara gunakan pdb set trace python database parameter error update query,9,d10079,0.8605043888092041
q20535,python how to use pdb set trace,cara gunakan pdb set trace python,cara gunakan pdb set trace python database parameter error update query,10,d7367,0.8570681810379028
q20536,python dictionary url encode,url encode dictionary python,url encode dictionary python dictionary integer error string parameter,1,d20536,0.8950077295303345
q20536,python dictionary url encode,url encode dictionary python,url encode dictionary python dictionary integer error string parameter,2,d11986,0.8950077295303345
q20536,python dictionary url encode,url encode dictionary python,url encode dictionary python dictionary integer error string parameter,3,d3740,0.8950077295303345
q20536,python dictionary url encode,url encode dictionary python,url encode dictionary python dictionary integer error string parameter,4,d8921,0.88250732421875
q20536,python dictionary url encode,url encode dictionary python,url encode dictionary python dictionary integer error string parameter,5,d10410,0.8825072050094604
q20536,python dictionary url encode,url encode dictionary python,url encode dictionary python dictionary integer error string parameter,6,d3348,0.8825072050094604
q20536,python dictionary url encode,url encode dictionary python,url encode dictionary python dictionary integer error string parameter,7,d5396,0.8825072050094604
q20536,python dictionary url encode,url encode dictionary python,url encode dictionary python dictionary integer error string parameter,8,d8651,0.8825072050094604
q20536,python dictionary url encode,url encode dictionary python,url encode dictionary python dictionary integer error string parameter,9,d199,0.8825072050094604
q20536,python dictionary url encode,url encode dictionary python,url encode dictionary python dictionary integer error string parameter,10,d201,0.8825072050094604
q20537,how to check whether a string is int in python,cara periksa apakah string adalah int di python,cara periksa apakah string adalah int di python string integer search query database,1,d11293,0.8799254894256592
q20537,how to check whether a string is int in python,cara periksa apakah string adalah int di python,cara periksa apakah string adalah int di python string integer search query database,2,d8762,0.8799254894256592
q20537,how to check whether a string is int in python,cara periksa apakah string adalah int di python,cara periksa apakah string adalah int di python string integer search query database,3,d14801,0.8799254894256592
q20537,how to check whether a string is int in python,cara periksa apakah string adalah int di python,cara periksa apakah string adalah int di python string integer search query database,4,d2347,0.8799254894256592
q20537,how to check whether a string is int in python,cara periksa apakah string adalah int di python,cara periksa apakah string adalah int di python string integer search query database,5,d10761,0.8799254894256592
q20537,how to check whether a string is int in python,cara periksa apakah string adalah int di python,cara periksa apakah string adalah int di python string integer search query database,6,d5015,0.8799254894256592
q20537,how to check whether a string is int in python,cara periksa apakah string adalah int di python,cara periksa apakah string adalah int di python string integer search query database,7,d4605,0.8799254894256592
q20537,how to check whether a string is int in python,cara periksa apakah string adalah int di python,cara periksa apakah string adalah int di python string integer search query database,8,d3375,0.8725739121437073
q20537,how to check whether a string is int in python,cara periksa apakah string adalah int di python,cara periksa apakah string adalah int di python string integer search query database,9,d11680,0.8725739121437073
q20537,how to check whether a string is int in python,cara periksa apakah string adalah int di python,cara periksa apakah string adalah int di python string integer search query database,10,d7535,0.863205075263977
q20538,python 3 change permission of file chmod,python 3 ubah izin file chmod,python 3 ubah izin file chmod update query file error delete,1,d8739,0.8537460565567017
q20538,python 3 change permission of file chmod,python 3 ubah izin file chmod,python 3 ubah izin file chmod update query file error delete,2,d8422,0.8537460565567017
q20538,python 3 change permission of file chmod,python 3 ubah izin file chmod,python 3 ubah izin file chmod update query file error delete,3,d2120,0.8537460565567017
q20538,python 3 change permission of file chmod,python 3 ubah izin file chmod,python 3 ubah izin file chmod update query file error delete,4,d1368,0.8511735200881958
q20538,python 3 change permission of file chmod,python 3 ubah izin file chmod,python 3 ubah izin file chmod update query file error delete,5,d9182,0.8511735200881958
q20538,python 3 change permission of file chmod,python 3 ubah izin file chmod,python 3 ubah izin file chmod update query file error delete,6,d14843,0.8511735200881958
q20538,python 3 change permission of file chmod,python 3 ubah izin file chmod,python 3 ubah izin file chmod update query file error delete,7,d8168,0.8511735200881958
q20538,python 3 change permission of file chmod,python 3 ubah izin file chmod,python 3 ubah izin file chmod update query file error delete,8,d13426,0.8511735200881958
q20538,python 3 change permission of file chmod,python 3 ubah izin file chmod,python 3 ubah izin file chmod update query file error delete,9,d4765,0.8511735200881958
q20538,python 3 change permission of file chmod,python 3 ubah izin file chmod,python 3 ubah izin file chmod update query file error delete,10,d20431,0.8511735200881958
q20539,python gaussian filter array,filter gaussian array python,filter gaussian array python filter array error data parameter,1,d13593,0.8805658221244812
q20539,python gaussian filter array,filter gaussian array python,filter gaussian array python filter array error data parameter,2,d7174,0.8729443550109863
q20539,python gaussian filter array,filter gaussian array python,filter gaussian array python filter array error data parameter,3,d10812,0.868090033531189
q20539,python gaussian filter array,filter gaussian array python,filter gaussian array python filter array error data parameter,4,d15107,0.868090033531189
q20539,python gaussian filter array,filter gaussian array python,filter gaussian array python filter array error data parameter,5,d2937,0.868090033531189
q20539,python gaussian filter array,filter gaussian array python,filter gaussian array python filter array error data parameter,6,d402,0.868090033531189
q20539,python gaussian filter array,filter gaussian array python,filter gaussian array python filter array error data parameter,7,d20539,0.868090033531189
q20539,python gaussian filter array,filter gaussian array python,filter gaussian array python filter array error data parameter,8,d10815,0.868090033531189
q20539,python gaussian filter array,filter gaussian array python,filter gaussian array python filter array error data parameter,9,d9371,0.8677819967269897
q20539,python gaussian filter array,filter gaussian array python,filter gaussian array python filter array error data parameter,10,d12734,0.8677819967269897
q20540,how to cut off a calculated number to two decimals in python,cara potong angka yang dihitung ke dua desimal di python,cara potong angka yang dihitung ke dua desimal di python integer method parameter error function,1,d13142,0.8487241864204407
q20540,how to cut off a calculated number to two decimals in python,cara potong angka yang dihitung ke dua desimal di python,cara potong angka yang dihitung ke dua desimal di python integer method parameter error function,2,d10982,0.8455783128738403
q20540,how to cut off a calculated number to two decimals in python,cara potong angka yang dihitung ke dua desimal di python,cara potong angka yang dihitung ke dua desimal di python integer method parameter error function,3,d62,0.8406634330749512
q20540,how to cut off a calculated number to two decimals in python,cara potong angka yang dihitung ke dua desimal di python,cara potong angka yang dihitung ke dua desimal di python integer method parameter error function,4,d1838,0.8406634330749512
q20540,how to cut off a calculated number to two decimals in python,cara potong angka yang dihitung ke dua desimal di python,cara potong angka yang dihitung ke dua desimal di python integer method parameter error function,5,d9768,0.8406634330749512
q20540,how to cut off a calculated number to two decimals in python,cara potong angka yang dihitung ke dua desimal di python,cara potong angka yang dihitung ke dua desimal di python integer method parameter error function,6,d3482,0.8406634330749512
q20540,how to cut off a calculated number to two decimals in python,cara potong angka yang dihitung ke dua desimal di python,cara potong angka yang dihitung ke dua desimal di python integer method parameter error function,7,d12219,0.8406634330749512
q20540,how to cut off a calculated number to two decimals in python,cara potong angka yang dihitung ke dua desimal di python,cara potong angka yang dihitung ke dua desimal di python integer method parameter error function,8,d20202,0.8406634330749512
q20540,how to cut off a calculated number to two decimals in python,cara potong angka yang dihitung ke dua desimal di python,cara potong angka yang dihitung ke dua desimal di python integer method parameter error function,9,d15861,0.8406634330749512
q20540,how to cut off a calculated number to two decimals in python,cara potong angka yang dihitung ke dua desimal di python,cara potong angka yang dihitung ke dua desimal di python integer method parameter error function,10,d12680,0.8406634330749512
q20541,replace many value at once in python,ganti banyak nilai sekaligus python,ganti banyak nilai sekaligus python variable integer update parameter loop,1,d11823,0.8575649261474609
q20541,replace many value at once in python,ganti banyak nilai sekaligus python,ganti banyak nilai sekaligus python variable integer update parameter loop,2,d16364,0.8568097352981567
q20541,replace many value at once in python,ganti banyak nilai sekaligus python,ganti banyak nilai sekaligus python variable integer update parameter loop,3,d4606,0.8568097352981567
q20541,replace many value at once in python,ganti banyak nilai sekaligus python,ganti banyak nilai sekaligus python variable integer update parameter loop,4,d10256,0.8568097352981567
q20541,replace many value at once in python,ganti banyak nilai sekaligus python,ganti banyak nilai sekaligus python variable integer update parameter loop,5,d10397,0.8541195392608643
q20541,replace many value at once in python,ganti banyak nilai sekaligus python,ganti banyak nilai sekaligus python variable integer update parameter loop,6,d19169,0.8536452651023865
q20541,replace many value at once in python,ganti banyak nilai sekaligus python,ganti banyak nilai sekaligus python variable integer update parameter loop,7,d18646,0.8536452651023865
q20541,replace many value at once in python,ganti banyak nilai sekaligus python,ganti banyak nilai sekaligus python variable integer update parameter loop,8,d19081,0.8536452651023865
q20541,replace many value at once in python,ganti banyak nilai sekaligus python,ganti banyak nilai sekaligus python variable integer update parameter loop,9,d17108,0.8536452651023865
q20541,replace many value at once in python,ganti banyak nilai sekaligus python,ganti banyak nilai sekaligus python variable integer update parameter loop,10,d19626,0.8536452651023865
q20542,python numpy conver to float64,konversi numpy ke float64 python,konversi numpy ke float64 python update error integer file function,1,d15593,0.8577771782875061
q20542,python numpy conver to float64,konversi numpy ke float64 python,konversi numpy ke float64 python update error integer file function,2,d9217,0.8577771782875061
q20542,python numpy conver to float64,konversi numpy ke float64 python,konversi numpy ke float64 python update error integer file function,3,d1032,0.8577771782875061
q20542,python numpy conver to float64,konversi numpy ke float64 python,konversi numpy ke float64 python update error integer file function,4,d2408,0.8577771782875061
q20542,python numpy conver to float64,konversi numpy ke float64 python,konversi numpy ke float64 python update error integer file function,5,d1034,0.8577771782875061
q20542,python numpy conver to float64,konversi numpy ke float64 python,konversi numpy ke float64 python update error integer file function,6,d67,0.8567346334457397
q20542,python numpy conver to float64,konversi numpy ke float64 python,konversi numpy ke float64 python update error integer file function,7,d5996,0.8567346334457397
q20542,python numpy conver to float64,konversi numpy ke float64 python,konversi numpy ke float64 python update error integer file function,8,d3988,0.8567346334457397
q20542,python numpy conver to float64,konversi numpy ke float64 python,konversi numpy ke float64 python update error integer file function,9,d14661,0.8567346334457397
q20542,python numpy conver to float64,konversi numpy ke float64 python,konversi numpy ke float64 python update error integer file function,10,d5045,0.8567346334457397
q20543,python how to rank a list object,cara ranking objek list python,cara ranking objek list python list integer parameter sort column,1,d5252,0.8644049167633057
q20543,python how to rank a list object,cara ranking objek list python,cara ranking objek list python list integer parameter sort column,2,d3092,0.8644049167633057
q20543,python how to rank a list object,cara ranking objek list python,cara ranking objek list python list integer parameter sort column,3,d6211,0.8552519083023071
q20543,python how to rank a list object,cara ranking objek list python,cara ranking objek list python list integer parameter sort column,4,d16073,0.8552519083023071
q20543,python how to rank a list object,cara ranking objek list python,cara ranking objek list python list integer parameter sort column,5,d15319,0.8552519083023071
q20543,python how to rank a list object,cara ranking objek list python,cara ranking objek list python list integer parameter sort column,6,d11703,0.8552519083023071
q20543,python how to rank a list object,cara ranking objek list python,cara ranking objek list python list integer parameter sort column,7,d11786,0.8552519083023071
q20543,python how to rank a list object,cara ranking objek list python,cara ranking objek list python list integer parameter sort column,8,d11701,0.8552519083023071
q20543,python how to rank a list object,cara ranking objek list python,cara ranking objek list python list integer parameter sort column,9,d13817,0.8552519083023071
q20543,python how to rank a list object,cara ranking objek list python,cara ranking objek list python list integer parameter sort column,10,d15855,0.8552519083023071
q20544,how to check if file doesn't exist in python,cara periksa apakah file tidak ada di python,cara periksa apakah file tidak ada di python file error update search database,1,d13311,0.8458589315414429
q20544,how to check if file doesn't exist in python,cara periksa apakah file tidak ada di python,cara periksa apakah file tidak ada di python file error update search database,2,d18007,0.8434009552001953
q20544,how to check if file doesn't exist in python,cara periksa apakah file tidak ada di python,cara periksa apakah file tidak ada di python file error update search database,3,d18516,0.8392682075500488
q20544,how to check if file doesn't exist in python,cara periksa apakah file tidak ada di python,cara periksa apakah file tidak ada di python file error update search database,4,d18492,0.8392682075500488
q20544,how to check if file doesn't exist in python,cara periksa apakah file tidak ada di python,cara periksa apakah file tidak ada di python file error update search database,5,d17358,0.8392682075500488
q20544,how to check if file doesn't exist in python,cara periksa apakah file tidak ada di python,cara periksa apakah file tidak ada di python file error update search database,6,d18433,0.8392682075500488
q20544,how to check if file doesn't exist in python,cara periksa apakah file tidak ada di python,cara periksa apakah file tidak ada di python file error update search database,7,d17962,0.8392682075500488
q20544,how to check if file doesn't exist in python,cara periksa apakah file tidak ada di python,cara periksa apakah file tidak ada di python file error update search database,8,d18885,0.8392682075500488
q20544,how to check if file doesn't exist in python,cara periksa apakah file tidak ada di python,cara periksa apakah file tidak ada di python file error update search database,9,d18892,0.8392682075500488
q20544,how to check if file doesn't exist in python,cara periksa apakah file tidak ada di python,cara periksa apakah file tidak ada di python file error update search database,10,d18982,0.8392682075500488
q20545,how to get the parent directory in python,cara dapat direktori parent di python,cara dapat direktori parent di python file database error list parameter,1,d4727,0.8403280973434448
q20545,how to get the parent directory in python,cara dapat direktori parent di python,cara dapat direktori parent di python file database error list parameter,2,d20545,0.8403280973434448
q20545,how to get the parent directory in python,cara dapat direktori parent di python,cara dapat direktori parent di python file database error list parameter,3,d2474,0.8403280973434448
q20545,how to get the parent directory in python,cara dapat direktori parent di python,cara dapat direktori parent di python file database error list parameter,4,d2518,0.8403280973434448
q20545,how to get the parent directory in python,cara dapat direktori parent di python,cara dapat direktori parent di python file database error list parameter,5,d10889,0.8403280973434448
q20545,how to get the parent directory in python,cara dapat direktori parent di python,cara dapat direktori parent di python file database error list parameter,6,d9431,0.8403280973434448
q20545,how to get the parent directory in python,cara dapat direktori parent di python,cara dapat direktori parent di python file database error list parameter,7,d447,0.8403280973434448
q20545,how to get the parent directory in python,cara dapat direktori parent di python,cara dapat direktori parent di python file database error list parameter,8,d13081,0.8352863788604736
q20545,how to get the parent directory in python,cara dapat direktori parent di python,cara dapat direktori parent di python file database error list parameter,9,d13236,0.8352863788604736
q20545,how to get the parent directory in python,cara dapat direktori parent di python,cara dapat direktori parent di python file database error list parameter,10,d4645,0.8352863788604736
q20546,resize an image python pil,resize gambar pil python,resize gambar pil python update file error column parameter,1,d3174,0.8836899995803833
q20546,resize an image python pil,resize gambar pil python,resize gambar pil python update file error column parameter,2,d20546,0.8836899995803833
q20546,resize an image python pil,resize gambar pil python,resize gambar pil python update file error column parameter,3,d2762,0.8836899995803833
q20546,resize an image python pil,resize gambar pil python,resize gambar pil python update file error column parameter,4,d11093,0.8797348141670227
q20546,resize an image python pil,resize gambar pil python,resize gambar pil python update file error column parameter,5,d1355,0.8797348141670227
q20546,resize an image python pil,resize gambar pil python,resize gambar pil python update file error column parameter,6,d8199,0.8797348141670227
q20546,resize an image python pil,resize gambar pil python,resize gambar pil python update file error column parameter,7,d1525,0.8682084679603577
q20546,resize an image python pil,resize gambar pil python,resize gambar pil python update file error column parameter,8,d3361,0.8682084679603577
q20546,resize an image python pil,resize gambar pil python,resize gambar pil python update file error column parameter,9,d9225,0.8682084679603577
q20546,resize an image python pil,resize gambar pil python,resize gambar pil python update file error column parameter,10,d7590,0.8682084679603577
q20547,python boxplot data frame,boxplot dataframe python,boxplot dataframe python column database data error row,1,d5878,0.86970454454422
q20547,python boxplot data frame,boxplot dataframe python,boxplot dataframe python column database data error row,2,d10607,0.8681740760803223
q20547,python boxplot data frame,boxplot dataframe python,boxplot dataframe python column database data error row,3,d14261,0.8681740760803223
q20547,python boxplot data frame,boxplot dataframe python,boxplot dataframe python column database data error row,4,d14265,0.8681740760803223
q20547,python boxplot data frame,boxplot dataframe python,boxplot dataframe python column database data error row,5,d4422,0.8681740760803223
q20547,python boxplot data frame,boxplot dataframe python,boxplot dataframe python column database data error row,6,d14263,0.8681740760803223
q20547,python boxplot data frame,boxplot dataframe python,boxplot dataframe python column database data error row,7,d13003,0.8681740760803223
q20547,python boxplot data frame,boxplot dataframe python,boxplot dataframe python column database data error row,8,d10165,0.8681740760803223
q20547,python boxplot data frame,boxplot dataframe python,boxplot dataframe python column database data error row,9,d20547,0.8681740760803223
q20547,python boxplot data frame,boxplot dataframe python,boxplot dataframe python column database data error row,10,d9053,0.8622912168502808
q20548,python glpk read from lp file,glpk baca dari file lp python,glpk baca dari file lp python file read error query loop,1,d20548,0.8845645785331726
q20548,python glpk read from lp file,glpk baca dari file lp python,glpk baca dari file lp python file read error query loop,2,d16831,0.8415039777755737
q20548,python glpk read from lp file,glpk baca dari file lp python,glpk baca dari file lp python file read error query loop,3,d1258,0.840986967086792
q20548,python glpk read from lp file,glpk baca dari file lp python,glpk baca dari file lp python file read error query loop,4,d7734,0.840986967086792
q20548,python glpk read from lp file,glpk baca dari file lp python,glpk baca dari file lp python file read error query loop,5,d3392,0.840986967086792
q20548,python glpk read from lp file,glpk baca dari file lp python,glpk baca dari file lp python file read error query loop,6,d15045,0.8396511673927307
q20548,python glpk read from lp file,glpk baca dari file lp python,glpk baca dari file lp python file read error query loop,7,d16042,0.8355337977409363
q20548,python glpk read from lp file,glpk baca dari file lp python,glpk baca dari file lp python file read error query loop,8,d13659,0.8355337977409363
q20548,python glpk read from lp file,glpk baca dari file lp python,glpk baca dari file lp python file read error query loop,9,d2322,0.8355337977409363
q20548,python glpk read from lp file,glpk baca dari file lp python,glpk baca dari file lp python file read error query loop,10,d7616,0.8355337977409363
q20549,python threadpool close join,threadpool tutup join python,threadpool tutup join python close loop row add error column,1,d7219,0.8838953971862793
q20549,python threadpool close join,threadpool tutup join python,threadpool tutup join python close loop row add error column,2,d13894,0.8838953971862793
q20549,python threadpool close join,threadpool tutup join python,threadpool tutup join python close loop row add error column,3,d13892,0.8838953971862793
q20549,python threadpool close join,threadpool tutup join python,threadpool tutup join python close loop row add error column,4,d1496,0.8838953971862793
q20549,python threadpool close join,threadpool tutup join python,threadpool tutup join python close loop row add error column,5,d20549,0.8838953971862793
q20549,python threadpool close join,threadpool tutup join python,threadpool tutup join python close loop row add error column,6,d11463,0.8838953971862793
q20549,python threadpool close join,threadpool tutup join python,threadpool tutup join python close loop row add error column,7,d3672,0.8838953971862793
q20549,python threadpool close join,threadpool tutup join python,threadpool tutup join python close loop row add error column,8,d1498,0.8838953971862793
q20549,python threadpool close join,threadpool tutup join python,threadpool tutup join python close loop row add error column,9,d13896,0.8747690320014954
q20549,python threadpool close join,threadpool tutup join python,threadpool tutup join python close loop row add error column,10,d7701,0.8606835603713989
q20550,python sklearn onehotencoder string values,nilai string sklearn onehotencoder python,nilai string sklearn onehotencoder python string integer variable parameter update,1,d14976,0.8601589202880859
q20550,python sklearn onehotencoder string values,nilai string sklearn onehotencoder python,nilai string sklearn onehotencoder python string integer variable parameter update,2,d14275,0.8577148914337158
q20550,python sklearn onehotencoder string values,nilai string sklearn onehotencoder python,nilai string sklearn onehotencoder python string integer variable parameter update,3,d1787,0.8574162721633911
q20550,python sklearn onehotencoder string values,nilai string sklearn onehotencoder python,nilai string sklearn onehotencoder python string integer variable parameter update,4,d10397,0.8567709922790527
q20550,python sklearn onehotencoder string values,nilai string sklearn onehotencoder python,nilai string sklearn onehotencoder python string integer variable parameter update,5,d10518,0.8565542101860046
q20550,python sklearn onehotencoder string values,nilai string sklearn onehotencoder python,nilai string sklearn onehotencoder python string integer variable parameter update,6,d4750,0.8561197519302368
q20550,python sklearn onehotencoder string values,nilai string sklearn onehotencoder python,nilai string sklearn onehotencoder python string integer variable parameter update,7,d15949,0.8547824621200562
q20550,python sklearn onehotencoder string values,nilai string sklearn onehotencoder python,nilai string sklearn onehotencoder python string integer variable parameter update,8,d4176,0.854492723941803
q20550,python sklearn onehotencoder string values,nilai string sklearn onehotencoder python,nilai string sklearn onehotencoder python string integer variable parameter update,9,d8376,0.854492723941803
q20550,python sklearn onehotencoder string values,nilai string sklearn onehotencoder python,nilai string sklearn onehotencoder python string integer variable parameter update,10,d6279,0.854492723941803
q20551,python change to bytes,ubah ke bytes python,ubah ke bytes python update error query integer file,1,d17999,0.8637748956680298
q20551,python change to bytes,ubah ke bytes python,ubah ke bytes python update error query integer file,2,d16888,0.8637748956680298
q20551,python change to bytes,ubah ke bytes python,ubah ke bytes python update error query integer file,3,d17047,0.8637748956680298
q20551,python change to bytes,ubah ke bytes python,ubah ke bytes python update error query integer file,4,d17504,0.8637748956680298
q20551,python change to bytes,ubah ke bytes python,ubah ke bytes python update error query integer file,5,d17521,0.8637748956680298
q20551,python change to bytes,ubah ke bytes python,ubah ke bytes python update error query integer file,6,d16822,0.8637748956680298
q20551,python change to bytes,ubah ke bytes python,ubah ke bytes python update error query integer file,7,d16833,0.8637748956680298
q20551,python change to bytes,ubah ke bytes python,ubah ke bytes python update error query integer file,8,d16733,0.8637748956680298
q20551,python change to bytes,ubah ke bytes python,ubah ke bytes python update error query integer file,9,d12716,0.8610368371009827
q20551,python change to bytes,ubah ke bytes python,ubah ke bytes python update error query integer file,10,d18007,0.8597277402877808
q20552,python json loads try,json loads coba python,json loads coba python column update error loop file,1,d13934,0.8573373556137085
q20552,python json loads try,json loads coba python,json loads coba python column update error loop file,2,d5420,0.8573373556137085
q20552,python json loads try,json loads coba python,json loads coba python column update error loop file,3,d7480,0.8573373556137085
q20552,python json loads try,json loads coba python,json loads coba python column update error loop file,4,d11559,0.8573373556137085
q20552,python json loads try,json loads coba python,json loads coba python column update error loop file,5,d20445,0.8573373556137085
q20552,python json loads try,json loads coba python,json loads coba python column update error loop file,6,d8077,0.8573373556137085
q20552,python json loads try,json loads coba python,json loads coba python column update error loop file,7,d5987,0.8573373556137085
q20552,python json loads try,json loads coba python,json loads coba python column update error loop file,8,d5061,0.8556603193283081
q20552,python json loads try,json loads coba python,json loads coba python column update error loop file,9,d799,0.8556603193283081
q20552,python json loads try,json loads coba python,json loads coba python column update error loop file,10,d18007,0.8535277843475342
q20553,create an empty column in data frame python,buat kolom kosong dalam dataframe python,buat kolom kosong dalam dataframe python data column database error close row,1,d13719,0.8722819685935974
q20553,create an empty column in data frame python,buat kolom kosong dalam dataframe python,buat kolom kosong dalam dataframe python data column database error close row,2,d14173,0.8722819685935974
q20553,create an empty column in data frame python,buat kolom kosong dalam dataframe python,buat kolom kosong dalam dataframe python data column database error close row,3,d11631,0.8722819685935974
q20553,create an empty column in data frame python,buat kolom kosong dalam dataframe python,buat kolom kosong dalam dataframe python data column database error close row,4,d20025,0.8722819685935974
q20553,create an empty column in data frame python,buat kolom kosong dalam dataframe python,buat kolom kosong dalam dataframe python data column database error close row,5,d6042,0.8722819685935974
q20553,create an empty column in data frame python,buat kolom kosong dalam dataframe python,buat kolom kosong dalam dataframe python data column database error close row,6,d6874,0.8722819685935974
q20553,create an empty column in data frame python,buat kolom kosong dalam dataframe python,buat kolom kosong dalam dataframe python data column database error close row,7,d3422,0.8722819685935974
q20553,create an empty column in data frame python,buat kolom kosong dalam dataframe python,buat kolom kosong dalam dataframe python data column database error close row,8,d3954,0.8722819685935974
q20553,create an empty column in data frame python,buat kolom kosong dalam dataframe python,buat kolom kosong dalam dataframe python data column database error close row,9,d15044,0.8606207370758057
q20553,create an empty column in data frame python,buat kolom kosong dalam dataframe python,buat kolom kosong dalam dataframe python data column database error close row,10,d2941,0.8606207370758057
q20554,remove whitespace at end of line in python,hapus whitespace di akhir baris di python,hapus whitespace di akhir baris di python delete row error database variable update integer,1,d2126,0.8723417520523071
q20554,remove whitespace at end of line in python,hapus whitespace di akhir baris di python,hapus whitespace di akhir baris di python delete row error database variable update integer,2,d8927,0.8723417520523071
q20554,remove whitespace at end of line in python,hapus whitespace di akhir baris di python,hapus whitespace di akhir baris di python delete row error database variable update integer,3,d11823,0.8626782894134521
q20554,remove whitespace at end of line in python,hapus whitespace di akhir baris di python,hapus whitespace di akhir baris di python delete row error database variable update integer,4,d3924,0.8465307950973511
q20554,remove whitespace at end of line in python,hapus whitespace di akhir baris di python,hapus whitespace di akhir baris di python delete row error database variable update integer,5,d10149,0.8457606434822083
q20554,remove whitespace at end of line in python,hapus whitespace di akhir baris di python,hapus whitespace di akhir baris di python delete row error database variable update integer,6,d14674,0.8457606434822083
q20554,remove whitespace at end of line in python,hapus whitespace di akhir baris di python,hapus whitespace di akhir baris di python delete row error database variable update integer,7,d1760,0.8457606434822083
q20554,remove whitespace at end of line in python,hapus whitespace di akhir baris di python,hapus whitespace di akhir baris di python delete row error database variable update integer,8,d19977,0.8457606434822083
q20554,remove whitespace at end of line in python,hapus whitespace di akhir baris di python,hapus whitespace di akhir baris di python delete row error database variable update integer,9,d19283,0.8439480066299438
q20554,remove whitespace at end of line in python,hapus whitespace di akhir baris di python,hapus whitespace di akhir baris di python delete row error database variable update integer,10,d13396,0.8432576656341553
q20555,python file opening modes,mode pembukaan file python,mode pembukaan file python file open update error method,1,d20555,0.8692036867141724
q20555,python file opening modes,mode pembukaan file python,mode pembukaan file python file open update error method,2,d15040,0.8692036867141724
q20555,python file opening modes,mode pembukaan file python,mode pembukaan file python file open update error method,3,d5730,0.8692036867141724
q20555,python file opening modes,mode pembukaan file python,mode pembukaan file python file open update error method,4,d14095,0.8692036867141724
q20555,python file opening modes,mode pembukaan file python,mode pembukaan file python file open update error method,5,d6700,0.8692036867141724
q20555,python file opening modes,mode pembukaan file python,mode pembukaan file python file open update error method,6,d16288,0.8692036867141724
q20555,python file opening modes,mode pembukaan file python,mode pembukaan file python file open update error method,7,d2356,0.8692036867141724
q20555,python file opening modes,mode pembukaan file python,mode pembukaan file python file open update error method,8,d6511,0.8668231964111328
q20555,python file opening modes,mode pembukaan file python,mode pembukaan file python file open update error method,9,d6320,0.8641356825828552
q20555,python file opening modes,mode pembukaan file python,mode pembukaan file python file open update error method,10,d7756,0.8553155064582825
q20556,python code input prompt for questions,input prompt kode python untuk pertanyaan,input prompt kode python untuk pertanyaan parameter integer error update condition,1,d1827,0.8685480356216431
q20556,python code input prompt for questions,input prompt kode python untuk pertanyaan,input prompt kode python untuk pertanyaan parameter integer error update condition,2,d10052,0.8685480356216431
q20556,python code input prompt for questions,input prompt kode python untuk pertanyaan,input prompt kode python untuk pertanyaan parameter integer error update condition,3,d8861,0.8685480356216431
q20556,python code input prompt for questions,input prompt kode python untuk pertanyaan,input prompt kode python untuk pertanyaan parameter integer error update condition,4,d8048,0.8685480356216431
q20556,python code input prompt for questions,input prompt kode python untuk pertanyaan,input prompt kode python untuk pertanyaan parameter integer error update condition,5,d12429,0.8685480356216431
q20556,python code input prompt for questions,input prompt kode python untuk pertanyaan,input prompt kode python untuk pertanyaan parameter integer error update condition,6,d8591,0.8685480356216431
q20556,python code input prompt for questions,input prompt kode python untuk pertanyaan,input prompt kode python untuk pertanyaan parameter integer error update condition,7,d4387,0.8685480356216431
q20556,python code input prompt for questions,input prompt kode python untuk pertanyaan,input prompt kode python untuk pertanyaan parameter integer error update condition,8,d16377,0.8633416891098022
q20556,python code input prompt for questions,input prompt kode python untuk pertanyaan,input prompt kode python untuk pertanyaan parameter integer error update condition,9,d11775,0.8633416891098022
q20556,python code input prompt for questions,input prompt kode python untuk pertanyaan,input prompt kode python untuk pertanyaan parameter integer error update condition,10,d7550,0.8633416891098022
q20557,python parse a log file that is logging,parsing file log yang di-logging python,parsing file log yang di-logging python file loop integer row update,1,d12716,0.8526427149772644
q20557,python parse a log file that is logging,parsing file log yang di-logging python,parsing file log yang di-logging python file loop integer row update,2,d10114,0.8520150184631348
q20557,python parse a log file that is logging,parsing file log yang di-logging python,parsing file log yang di-logging python file loop integer row update,3,d174,0.8504410982131958
q20557,python parse a log file that is logging,parsing file log yang di-logging python,parsing file log yang di-logging python file loop integer row update,4,d5089,0.8504410982131958
q20557,python parse a log file that is logging,parsing file log yang di-logging python,parsing file log yang di-logging python file loop integer row update,5,d13277,0.8504410982131958
q20557,python parse a log file that is logging,parsing file log yang di-logging python,parsing file log yang di-logging python file loop integer row update,6,d19808,0.8504410982131958
q20557,python parse a log file that is logging,parsing file log yang di-logging python,parsing file log yang di-logging python file loop integer row update,7,d12152,0.8504410982131958
q20557,python parse a log file that is logging,parsing file log yang di-logging python,parsing file log yang di-logging python file loop integer row update,8,d2912,0.8504410982131958
q20557,python parse a log file that is logging,parsing file log yang di-logging python,parsing file log yang di-logging python file loop integer row update,9,d8136,0.8504410982131958
q20557,python parse a log file that is logging,parsing file log yang di-logging python,parsing file log yang di-logging python file loop integer row update,10,d15521,0.8492287397384644
q20558,remove an entry from a dict python,hapus entri dari dict python,hapus entri dari dict python dictionary error delete integer query,1,d12123,0.8574532866477966
q20558,remove an entry from a dict python,hapus entri dari dict python,hapus entri dari dict python dictionary error delete integer query,2,d5324,0.8574532866477966
q20558,remove an entry from a dict python,hapus entri dari dict python,hapus entri dari dict python dictionary error delete integer query,3,d10146,0.8574532866477966
q20558,remove an entry from a dict python,hapus entri dari dict python,hapus entri dari dict python dictionary error delete integer query,4,d3424,0.8574532866477966
q20558,remove an entry from a dict python,hapus entri dari dict python,hapus entri dari dict python dictionary error delete integer query,5,d20457,0.8475823998451233
q20558,remove an entry from a dict python,hapus entri dari dict python,hapus entri dari dict python dictionary error delete integer query,6,d16680,0.8475823998451233
q20558,remove an entry from a dict python,hapus entri dari dict python,hapus entri dari dict python dictionary error delete integer query,7,d18464,0.8475823998451233
q20558,remove an entry from a dict python,hapus entri dari dict python,hapus entri dari dict python dictionary error delete integer query,8,d18265,0.8475823998451233
q20558,remove an entry from a dict python,hapus entri dari dict python,hapus entri dari dict python dictionary error delete integer query,9,d18059,0.8475823998451233
q20558,remove an entry from a dict python,hapus entri dari dict python,hapus entri dari dict python dictionary error delete integer query,10,d18624,0.8475823998451233
q20559,new line statemnt pythong write,statement baris baru python tulis,statement baris baru python tulis row update write integer variable error,1,d11823,0.8666825294494629
q20559,new line statemnt pythong write,statement baris baru python tulis,statement baris baru python tulis row update write integer variable error,2,d14686,0.8535122871398926
q20559,new line statemnt pythong write,statement baris baru python tulis,statement baris baru python tulis row update write integer variable error,3,d9496,0.8535122871398926
q20559,new line statemnt pythong write,statement baris baru python tulis,statement baris baru python tulis row update write integer variable error,4,d13524,0.8535122871398926
q20559,new line statemnt pythong write,statement baris baru python tulis,statement baris baru python tulis row update write integer variable error,5,d9338,0.8535122871398926
q20559,new line statemnt pythong write,statement baris baru python tulis,statement baris baru python tulis row update write integer variable error,6,d7171,0.852857768535614
q20559,new line statemnt pythong write,statement baris baru python tulis,statement baris baru python tulis row update write integer variable error,7,d18007,0.8481147289276123
q20559,new line statemnt pythong write,statement baris baru python tulis,statement baris baru python tulis row update write integer variable error,8,d1457,0.8461999893188477
q20559,new line statemnt pythong write,statement baris baru python tulis,statement baris baru python tulis row update write integer variable error,9,d6142,0.8447051048278809
q20559,new line statemnt pythong write,statement baris baru python tulis,statement baris baru python tulis row update write integer variable error,10,d7229,0.8434334397315979
q20560,python view as series column format string,view sebagai format string kolom series python,view sebagai format string kolom series python column string row sort integer,1,d13775,0.8651981353759766
q20560,python view as series column format string,view sebagai format string kolom series python,view sebagai format string kolom series python column string row sort integer,2,d18527,0.863914966583252
q20560,python view as series column format string,view sebagai format string kolom series python,view sebagai format string kolom series python column string row sort integer,3,d16981,0.863914966583252
q20560,python view as series column format string,view sebagai format string kolom series python,view sebagai format string kolom series python column string row sort integer,4,d20560,0.8622193336486816
q20560,python view as series column format string,view sebagai format string kolom series python,view sebagai format string kolom series python column string row sort integer,5,d8471,0.8622193336486816
q20560,python view as series column format string,view sebagai format string kolom series python,view sebagai format string kolom series python column string row sort integer,6,d13339,0.8612953424453735
q20560,python view as series column format string,view sebagai format string kolom series python,view sebagai format string kolom series python column string row sort integer,7,d7967,0.8612953424453735
q20560,python view as series column format string,view sebagai format string kolom series python,view sebagai format string kolom series python column string row sort integer,8,d11697,0.8595998287200928
q20560,python view as series column format string,view sebagai format string kolom series python,view sebagai format string kolom series python column string row sort integer,9,d11793,0.8595998287200928
q20560,python view as series column format string,view sebagai format string kolom series python,view sebagai format string kolom series python column string row sort integer,10,d8555,0.8595998287200928
q20561,python select not null column values,pilih nilai kolom bukan null python,pilih nilai kolom bukan null python open column error integer parameter row,1,d19774,0.8653371334075928
q20561,python select not null column values,pilih nilai kolom bukan null python,pilih nilai kolom bukan null python open column error integer parameter row,2,d18211,0.8653371334075928
q20561,python select not null column values,pilih nilai kolom bukan null python,pilih nilai kolom bukan null python open column error integer parameter row,3,d17992,0.8653371334075928
q20561,python select not null column values,pilih nilai kolom bukan null python,pilih nilai kolom bukan null python open column error integer parameter row,4,d18756,0.8653371334075928
q20561,python select not null column values,pilih nilai kolom bukan null python,pilih nilai kolom bukan null python open column error integer parameter row,5,d18808,0.8653371334075928
q20561,python select not null column values,pilih nilai kolom bukan null python,pilih nilai kolom bukan null python open column error integer parameter row,6,d16759,0.8653371334075928
q20561,python select not null column values,pilih nilai kolom bukan null python,pilih nilai kolom bukan null python open column error integer parameter row,7,d17887,0.8653371334075928
q20561,python select not null column values,pilih nilai kolom bukan null python,pilih nilai kolom bukan null python open column error integer parameter row,8,d19351,0.8653371334075928
q20561,python select not null column values,pilih nilai kolom bukan null python,pilih nilai kolom bukan null python open column error integer parameter row,9,d18443,0.8653371334075928
q20561,python select not null column values,pilih nilai kolom bukan null python,pilih nilai kolom bukan null python open column error integer parameter row,10,d17654,0.8653371334075928
q20562,how do functions in python know the parametr type,cara fungsi di python tahu tipe parameter,cara fungsi di python tahu tipe parameter parameter function method integer variable,1,d11469,0.8485854864120483
q20562,how do functions in python know the parametr type,cara fungsi di python tahu tipe parameter,cara fungsi di python tahu tipe parameter parameter function method integer variable,2,d177,0.8485854864120483
q20562,how do functions in python know the parametr type,cara fungsi di python tahu tipe parameter,cara fungsi di python tahu tipe parameter parameter function method integer variable,3,d15611,0.8482962846755981
q20562,how do functions in python know the parametr type,cara fungsi di python tahu tipe parameter,cara fungsi di python tahu tipe parameter parameter function method integer variable,4,d4386,0.8470513820648193
q20562,how do functions in python know the parametr type,cara fungsi di python tahu tipe parameter,cara fungsi di python tahu tipe parameter parameter function method integer variable,5,d857,0.8470513820648193
q20562,how do functions in python know the parametr type,cara fungsi di python tahu tipe parameter,cara fungsi di python tahu tipe parameter parameter function method integer variable,6,d13884,0.8448902368545532
q20562,how do functions in python know the parametr type,cara fungsi di python tahu tipe parameter,cara fungsi di python tahu tipe parameter parameter function method integer variable,7,d6279,0.8448902368545532
q20562,how do functions in python know the parametr type,cara fungsi di python tahu tipe parameter,cara fungsi di python tahu tipe parameter parameter function method integer variable,8,d19611,0.8448902368545532
q20562,how do functions in python know the parametr type,cara fungsi di python tahu tipe parameter,cara fungsi di python tahu tipe parameter parameter function method integer variable,9,d8376,0.8448902368545532
q20562,how do functions in python know the parametr type,cara fungsi di python tahu tipe parameter,cara fungsi di python tahu tipe parameter parameter function method integer variable,10,d4176,0.8448902368545532
q20563,cursor positioning python windows,positioning kursor python windows,positioning kursor python windows integer error search open parameter,1,d3808,0.8885809779167175
q20563,cursor positioning python windows,positioning kursor python windows,positioning kursor python windows integer error search open parameter,2,d3770,0.8885809779167175
q20563,cursor positioning python windows,positioning kursor python windows,positioning kursor python windows integer error search open parameter,3,d12025,0.8885809779167175
q20563,cursor positioning python windows,positioning kursor python windows,positioning kursor python windows integer error search open parameter,4,d5597,0.8885809779167175
q20563,cursor positioning python windows,positioning kursor python windows,positioning kursor python windows integer error search open parameter,5,d17583,0.878286600112915
q20563,cursor positioning python windows,positioning kursor python windows,positioning kursor python windows integer error search open parameter,6,d16688,0.878286600112915
q20563,cursor positioning python windows,positioning kursor python windows,positioning kursor python windows integer error search open parameter,7,d18094,0.8660153150558472
q20563,cursor positioning python windows,positioning kursor python windows,positioning kursor python windows integer error search open parameter,8,d18614,0.8660153150558472
q20563,cursor positioning python windows,positioning kursor python windows,positioning kursor python windows integer error search open parameter,9,d17492,0.8660153150558472
q20563,cursor positioning python windows,positioning kursor python windows,positioning kursor python windows integer error search open parameter,10,d18683,0.8660153150558472
q20564,python how to equally space points in an ellipse,cara sama rata titik ruang di ellipse python,cara sama rata titik ruang di ellipse python error row query parameter integer,1,d1192,0.8489331603050232
q20564,python how to equally space points in an ellipse,cara sama rata titik ruang di ellipse python,cara sama rata titik ruang di ellipse python error row query parameter integer,2,d20564,0.8489331603050232
q20564,python how to equally space points in an ellipse,cara sama rata titik ruang di ellipse python,cara sama rata titik ruang di ellipse python error row query parameter integer,3,d2616,0.8393909335136414
q20564,python how to equally space points in an ellipse,cara sama rata titik ruang di ellipse python,cara sama rata titik ruang di ellipse python error row query parameter integer,4,d6635,0.8380775451660156
q20564,python how to equally space points in an ellipse,cara sama rata titik ruang di ellipse python,cara sama rata titik ruang di ellipse python error row query parameter integer,5,d4776,0.8380775451660156
q20564,python how to equally space points in an ellipse,cara sama rata titik ruang di ellipse python,cara sama rata titik ruang di ellipse python error row query parameter integer,6,d20190,0.8380775451660156
q20564,python how to equally space points in an ellipse,cara sama rata titik ruang di ellipse python,cara sama rata titik ruang di ellipse python error row query parameter integer,7,d8934,0.8380775451660156
q20564,python how to equally space points in an ellipse,cara sama rata titik ruang di ellipse python,cara sama rata titik ruang di ellipse python error row query parameter integer,8,d12662,0.8380775451660156
q20564,python how to equally space points in an ellipse,cara sama rata titik ruang di ellipse python,cara sama rata titik ruang di ellipse python error row query parameter integer,9,d2618,0.8380775451660156
q20564,python how to equally space points in an ellipse,cara sama rata titik ruang di ellipse python,cara sama rata titik ruang di ellipse python error row query parameter integer,10,d8089,0.8305999040603638
q20565,how to see how similar two images are in python,cara lihat seberapa mirip dua gambar di python,cara lihat seberapa mirip dua gambar di python integer file update search parameter,1,d13867,0.8471179604530334
q20565,how to see how similar two images are in python,cara lihat seberapa mirip dua gambar di python,cara lihat seberapa mirip dua gambar di python integer file update search parameter,2,d3614,0.8471179604530334
q20565,how to see how similar two images are in python,cara lihat seberapa mirip dua gambar di python,cara lihat seberapa mirip dua gambar di python integer file update search parameter,3,d19650,0.8471179604530334
q20565,how to see how similar two images are in python,cara lihat seberapa mirip dua gambar di python,cara lihat seberapa mirip dua gambar di python integer file update search parameter,4,d9773,0.8471179604530334
q20565,how to see how similar two images are in python,cara lihat seberapa mirip dua gambar di python,cara lihat seberapa mirip dua gambar di python integer file update search parameter,5,d2766,0.8471179604530334
q20565,how to see how similar two images are in python,cara lihat seberapa mirip dua gambar di python,cara lihat seberapa mirip dua gambar di python integer file update search parameter,6,d20348,0.8471179604530334
q20565,how to see how similar two images are in python,cara lihat seberapa mirip dua gambar di python,cara lihat seberapa mirip dua gambar di python integer file update search parameter,7,d14803,0.8406466841697693
q20565,how to see how similar two images are in python,cara lihat seberapa mirip dua gambar di python,cara lihat seberapa mirip dua gambar di python integer file update search parameter,8,d12007,0.8391429781913757
q20565,how to see how similar two images are in python,cara lihat seberapa mirip dua gambar di python,cara lihat seberapa mirip dua gambar di python integer file update search parameter,9,d10446,0.8380615711212158
q20565,how to see how similar two images are in python,cara lihat seberapa mirip dua gambar di python,cara lihat seberapa mirip dua gambar di python integer file update search parameter,10,d904,0.8370621204376221
q20566,how to make a input to have no spaces in python\,cara buat input tidak punya spasi di python,cara buat input tidak punya spasi di python error integer update column file,1,d5878,0.8370349407196045
q20566,how to make a input to have no spaces in python\,cara buat input tidak punya spasi di python,cara buat input tidak punya spasi di python error integer update column file,2,d18081,0.8331377506256104
q20566,how to make a input to have no spaces in python\,cara buat input tidak punya spasi di python,cara buat input tidak punya spasi di python error integer update column file,3,d18518,0.8331377506256104
q20566,how to make a input to have no spaces in python\,cara buat input tidak punya spasi di python,cara buat input tidak punya spasi di python error integer update column file,4,d19489,0.8331377506256104
q20566,how to make a input to have no spaces in python\,cara buat input tidak punya spasi di python,cara buat input tidak punya spasi di python error integer update column file,5,d19594,0.8331377506256104
q20566,how to make a input to have no spaces in python\,cara buat input tidak punya spasi di python,cara buat input tidak punya spasi di python error integer update column file,6,d17105,0.8331377506256104
q20566,how to make a input to have no spaces in python\,cara buat input tidak punya spasi di python,cara buat input tidak punya spasi di python error integer update column file,7,d17684,0.8331377506256104
q20566,how to make a input to have no spaces in python\,cara buat input tidak punya spasi di python,cara buat input tidak punya spasi di python error integer update column file,8,d12716,0.8327836990356445
q20566,how to make a input to have no spaces in python\,cara buat input tidak punya spasi di python,cara buat input tidak punya spasi di python error integer update column file,9,d9549,0.8315308094024658
q20566,how to make a input to have no spaces in python\,cara buat input tidak punya spasi di python,cara buat input tidak punya spasi di python error integer update column file,10,d595,0.8315308094024658
q20567,next line to read in python,baris berikutnya baca di python,baris berikutnya baca di python row read integer update search database,1,d11823,0.8643105030059814
q20567,next line to read in python,baris berikutnya baca di python,baris berikutnya baca di python row read integer update search database,2,d20567,0.8614369630813599
q20567,next line to read in python,baris berikutnya baca di python,baris berikutnya baca di python row read integer update search database,3,d20061,0.8614369630813599
q20567,next line to read in python,baris berikutnya baca di python,baris berikutnya baca di python row read integer update search database,4,d11548,0.8568894863128662
q20567,next line to read in python,baris berikutnya baca di python,baris berikutnya baca di python row read integer update search database,5,d5430,0.8568894863128662
q20567,next line to read in python,baris berikutnya baca di python,baris berikutnya baca di python row read integer update search database,6,d13249,0.8543034195899963
q20567,next line to read in python,baris berikutnya baca di python,baris berikutnya baca di python row read integer update search database,7,d6380,0.8507751822471619
q20567,next line to read in python,baris berikutnya baca di python,baris berikutnya baca di python row read integer update search database,8,d6350,0.8507217168807983
q20567,next line to read in python,baris berikutnya baca di python,baris berikutnya baca di python row read integer update search database,9,d15610,0.8507217168807983
q20567,next line to read in python,baris berikutnya baca di python,baris berikutnya baca di python row read integer update search database,10,d15422,0.8507217168807983
q20568,move an item in list to front python,pindahkan item dalam list ke depan python,pindahkan item dalam list ke depan python list loop add integer row,1,d15752,0.8673681616783142
q20568,move an item in list to front python,pindahkan item dalam list ke depan python,pindahkan item dalam list ke depan python list loop add integer row,2,d15831,0.8673681616783142
q20568,move an item in list to front python,pindahkan item dalam list ke depan python,pindahkan item dalam list ke depan python list loop add integer row,3,d2995,0.8673681616783142
q20568,move an item in list to front python,pindahkan item dalam list ke depan python,pindahkan item dalam list ke depan python list loop add integer row,4,d20568,0.8673681616783142
q20568,move an item in list to front python,pindahkan item dalam list ke depan python,pindahkan item dalam list ke depan python list loop add integer row,5,d1477,0.8673681616783142
q20568,move an item in list to front python,pindahkan item dalam list ke depan python,pindahkan item dalam list ke depan python list loop add integer row,6,d4424,0.8673681616783142
q20568,move an item in list to front python,pindahkan item dalam list ke depan python,pindahkan item dalam list ke depan python list loop add integer row,7,d5755,0.8673681616783142
q20568,move an item in list to front python,pindahkan item dalam list ke depan python,pindahkan item dalam list ke depan python list loop add integer row,8,d7571,0.8673681616783142
q20568,move an item in list to front python,pindahkan item dalam list ke depan python,pindahkan item dalam list ke depan python list loop add integer row,9,d1859,0.8590402603149414
q20568,move an item in list to front python,pindahkan item dalam list ke depan python,pindahkan item dalam list ke depan python list loop add integer row,10,d11593,0.8590402603149414
q20569,"python wrap (s,w) print",wrap s w print python,wrap s w print python write loop row string variable,1,d8452,0.8864012956619263
q20569,"python wrap (s,w) print",wrap s w print python,wrap s w print python write loop row string variable,2,d9374,0.8864012956619263
q20569,"python wrap (s,w) print",wrap s w print python,wrap s w print python write loop row string variable,3,d2123,0.8864012956619263
q20569,"python wrap (s,w) print",wrap s w print python,wrap s w print python write loop row string variable,4,d9792,0.8812670707702637
q20569,"python wrap (s,w) print",wrap s w print python,wrap s w print python write loop row string variable,5,d6967,0.8812670707702637
q20569,"python wrap (s,w) print",wrap s w print python,wrap s w print python write loop row string variable,6,d5713,0.8812670707702637
q20569,"python wrap (s,w) print",wrap s w print python,wrap s w print python write loop row string variable,7,d3202,0.8812670707702637
q20569,"python wrap (s,w) print",wrap s w print python,wrap s w print python write loop row string variable,8,d15853,0.8812670707702637
q20569,"python wrap (s,w) print",wrap s w print python,wrap s w print python write loop row string variable,9,d1270,0.8812670707702637
q20569,"python wrap (s,w) print",wrap s w print python,wrap s w print python write loop row string variable,10,d12115,0.8812670707702637
q20570,how to check if missing values are blanks or nan or none in python,cara periksa apakah nilai hilang adalah blanks atau nan atau none di python,cara periksa apakah nilai hilang adalah blanks atau nan atau none di python error delete integer search variable,1,d6010,0.8529791831970215
q20570,how to check if missing values are blanks or nan or none in python,cara periksa apakah nilai hilang adalah blanks atau nan atau none di python,cara periksa apakah nilai hilang adalah blanks atau nan atau none di python error delete integer search variable,2,d6083,0.8510416746139526
q20570,how to check if missing values are blanks or nan or none in python,cara periksa apakah nilai hilang adalah blanks atau nan atau none di python,cara periksa apakah nilai hilang adalah blanks atau nan atau none di python error delete integer search variable,3,d10192,0.8510416746139526
q20570,how to check if missing values are blanks or nan or none in python,cara periksa apakah nilai hilang adalah blanks atau nan atau none di python,cara periksa apakah nilai hilang adalah blanks atau nan atau none di python error delete integer search variable,4,d3441,0.8510416746139526
q20570,how to check if missing values are blanks or nan or none in python,cara periksa apakah nilai hilang adalah blanks atau nan atau none di python,cara periksa apakah nilai hilang adalah blanks atau nan atau none di python error delete integer search variable,5,d1205,0.8510416746139526
q20570,how to check if missing values are blanks or nan or none in python,cara periksa apakah nilai hilang adalah blanks atau nan atau none di python,cara periksa apakah nilai hilang adalah blanks atau nan atau none di python error delete integer search variable,6,d20594,0.8510416746139526
q20570,how to check if missing values are blanks or nan or none in python,cara periksa apakah nilai hilang adalah blanks atau nan atau none di python,cara periksa apakah nilai hilang adalah blanks atau nan atau none di python error delete integer search variable,7,d15725,0.8510416746139526
q20570,how to check if missing values are blanks or nan or none in python,cara periksa apakah nilai hilang adalah blanks atau nan atau none di python,cara periksa apakah nilai hilang adalah blanks atau nan atau none di python error delete integer search variable,8,d13730,0.8510416746139526
q20570,how to check if missing values are blanks or nan or none in python,cara periksa apakah nilai hilang adalah blanks atau nan atau none di python,cara periksa apakah nilai hilang adalah blanks atau nan atau none di python error delete integer search variable,9,d13623,0.8510416746139526
q20570,how to check if missing values are blanks or nan or none in python,cara periksa apakah nilai hilang adalah blanks atau nan atau none di python,cara periksa apakah nilai hilang adalah blanks atau nan atau none di python error delete integer search variable,10,d1796,0.8510416746139526
q20571,python to get the indices of bin edges,dapat indeks bin edges python,dapat indeks bin edges python integer error update parameter query,1,d12598,0.8631348013877869
q20571,python to get the indices of bin edges,dapat indeks bin edges python,dapat indeks bin edges python integer error update parameter query,2,d16496,0.8631348013877869
q20571,python to get the indices of bin edges,dapat indeks bin edges python,dapat indeks bin edges python integer error update parameter query,3,d8584,0.8631348013877869
q20571,python to get the indices of bin edges,dapat indeks bin edges python,dapat indeks bin edges python integer error update parameter query,4,d20571,0.8631348013877869
q20571,python to get the indices of bin edges,dapat indeks bin edges python,dapat indeks bin edges python integer error update parameter query,5,d20272,0.8631348013877869
q20571,python to get the indices of bin edges,dapat indeks bin edges python,dapat indeks bin edges python integer error update parameter query,6,d573,0.8631348013877869
q20571,python to get the indices of bin edges,dapat indeks bin edges python,dapat indeks bin edges python integer error update parameter query,7,d574,0.8631348013877869
q20571,python to get the indices of bin edges,dapat indeks bin edges python,dapat indeks bin edges python integer error update parameter query,8,d3756,0.8631348013877869
q20571,python to get the indices of bin edges,dapat indeks bin edges python,dapat indeks bin edges python integer error update parameter query,9,d12659,0.850485622882843
q20571,python to get the indices of bin edges,dapat indeks bin edges python,dapat indeks bin edges python integer error update parameter query,10,d15052,0.850485622882843
q20572,python comma separated value,nilai pisahkan koma python,nilai pisahkan koma python integer variable column parameter function,1,d7114,0.8469738960266113
q20572,python comma separated value,nilai pisahkan koma python,nilai pisahkan koma python integer variable column parameter function,2,d10525,0.8431805968284607
q20572,python comma separated value,nilai pisahkan koma python,nilai pisahkan koma python integer variable column parameter function,3,d4262,0.8431805968284607
q20572,python comma separated value,nilai pisahkan koma python,nilai pisahkan koma python integer variable column parameter function,4,d19081,0.8415005207061768
q20572,python comma separated value,nilai pisahkan koma python,nilai pisahkan koma python integer variable column parameter function,5,d17108,0.8415005207061768
q20572,python comma separated value,nilai pisahkan koma python,nilai pisahkan koma python integer variable column parameter function,6,d19169,0.8415005207061768
q20572,python comma separated value,nilai pisahkan koma python,nilai pisahkan koma python integer variable column parameter function,7,d19626,0.8415005207061768
q20572,python comma separated value,nilai pisahkan koma python,nilai pisahkan koma python integer variable column parameter function,8,d18646,0.8415005207061768
q20572,python comma separated value,nilai pisahkan koma python,nilai pisahkan koma python integer variable column parameter function,9,d16523,0.8391032218933105
q20572,python comma separated value,nilai pisahkan koma python,nilai pisahkan koma python integer variable column parameter function,10,d8939,0.8391032218933105
q20573,python requests disable ssl certificate verification,nonaktifkan verifikasi sertifikat ssl requests python,nonaktifkan verifikasi sertifikat ssl requests python error update warning delete query,1,d20573,0.8863400220870972
q20573,python requests disable ssl certificate verification,nonaktifkan verifikasi sertifikat ssl requests python,nonaktifkan verifikasi sertifikat ssl requests python error update warning delete query,2,d3359,0.8863400220870972
q20573,python requests disable ssl certificate verification,nonaktifkan verifikasi sertifikat ssl requests python,nonaktifkan verifikasi sertifikat ssl requests python error update warning delete query,3,d4997,0.8863400220870972
q20573,python requests disable ssl certificate verification,nonaktifkan verifikasi sertifikat ssl requests python,nonaktifkan verifikasi sertifikat ssl requests python error update warning delete query,4,d11341,0.8863400220870972
q20573,python requests disable ssl certificate verification,nonaktifkan verifikasi sertifikat ssl requests python,nonaktifkan verifikasi sertifikat ssl requests python error update warning delete query,5,d12176,0.8863400220870972
q20573,python requests disable ssl certificate verification,nonaktifkan verifikasi sertifikat ssl requests python,nonaktifkan verifikasi sertifikat ssl requests python error update warning delete query,6,d11878,0.8863400220870972
q20573,python requests disable ssl certificate verification,nonaktifkan verifikasi sertifikat ssl requests python,nonaktifkan verifikasi sertifikat ssl requests python error update warning delete query,7,d11343,0.8863400220870972
q20573,python requests disable ssl certificate verification,nonaktifkan verifikasi sertifikat ssl requests python,nonaktifkan verifikasi sertifikat ssl requests python error update warning delete query,8,d11656,0.8863400220870972
q20573,python requests disable ssl certificate verification,nonaktifkan verifikasi sertifikat ssl requests python,nonaktifkan verifikasi sertifikat ssl requests python error update warning delete query,9,d15731,0.8863400220870972
q20573,python requests disable ssl certificate verification,nonaktifkan verifikasi sertifikat ssl requests python,nonaktifkan verifikasi sertifikat ssl requests python error update warning delete query,10,d4453,0.8621245622634888
q20574,python var and distribution of probability,variabel dan distribusi probabilitas python,variabel dan distribusi probabilitas python variable integer parameter update error,1,d7443,0.8463380336761475
q20574,python var and distribution of probability,variabel dan distribusi probabilitas python,variabel dan distribusi probabilitas python variable integer parameter update error,2,d11319,0.8419399261474609
q20574,python var and distribution of probability,variabel dan distribusi probabilitas python,variabel dan distribusi probabilitas python variable integer parameter update error,3,d10397,0.8415622711181641
q20574,python var and distribution of probability,variabel dan distribusi probabilitas python,variabel dan distribusi probabilitas python variable integer parameter update error,4,d13884,0.841272234916687
q20574,python var and distribution of probability,variabel dan distribusi probabilitas python,variabel dan distribusi probabilitas python variable integer parameter update error,5,d19611,0.841272234916687
q20574,python var and distribution of probability,variabel dan distribusi probabilitas python,variabel dan distribusi probabilitas python variable integer parameter update error,6,d6279,0.841272234916687
q20574,python var and distribution of probability,variabel dan distribusi probabilitas python,variabel dan distribusi probabilitas python variable integer parameter update error,7,d8376,0.841272234916687
q20574,python var and distribution of probability,variabel dan distribusi probabilitas python,variabel dan distribusi probabilitas python variable integer parameter update error,8,d12356,0.841272234916687
q20574,python var and distribution of probability,variabel dan distribusi probabilitas python,variabel dan distribusi probabilitas python variable integer parameter update error,9,d4176,0.841272234916687
q20574,python var and distribution of probability,variabel dan distribusi probabilitas python,variabel dan distribusi probabilitas python variable integer parameter update error,10,d4164,0.841272234916687
q20575,how to determine it's a orthogonal matrix using python,cara tentukan apakah matriks orthogonal menggunakan python,cara tentukan apakah matriks orthogonal menggunakan python integer error parameter method row,1,d20575,0.8838663101196289
q20575,how to determine it's a orthogonal matrix using python,cara tentukan apakah matriks orthogonal menggunakan python,cara tentukan apakah matriks orthogonal menggunakan python integer error parameter method row,2,d17772,0.8838663101196289
q20575,how to determine it's a orthogonal matrix using python,cara tentukan apakah matriks orthogonal menggunakan python,cara tentukan apakah matriks orthogonal menggunakan python integer error parameter method row,3,d19123,0.8838663101196289
q20575,how to determine it's a orthogonal matrix using python,cara tentukan apakah matriks orthogonal menggunakan python,cara tentukan apakah matriks orthogonal menggunakan python integer error parameter method row,4,d1933,0.8523540496826172
q20575,how to determine it's a orthogonal matrix using python,cara tentukan apakah matriks orthogonal menggunakan python,cara tentukan apakah matriks orthogonal menggunakan python integer error parameter method row,5,d995,0.8523540496826172
q20575,how to determine it's a orthogonal matrix using python,cara tentukan apakah matriks orthogonal menggunakan python,cara tentukan apakah matriks orthogonal menggunakan python integer error parameter method row,6,d14710,0.8523540496826172
q20575,how to determine it's a orthogonal matrix using python,cara tentukan apakah matriks orthogonal menggunakan python,cara tentukan apakah matriks orthogonal menggunakan python integer error parameter method row,7,d5013,0.8469651937484741
q20575,how to determine it's a orthogonal matrix using python,cara tentukan apakah matriks orthogonal menggunakan python,cara tentukan apakah matriks orthogonal menggunakan python integer error parameter method row,8,d9557,0.8469651937484741
q20575,how to determine it's a orthogonal matrix using python,cara tentukan apakah matriks orthogonal menggunakan python,cara tentukan apakah matriks orthogonal menggunakan python integer error parameter method row,9,d5537,0.8469651937484741
q20575,how to determine it's a orthogonal matrix using python,cara tentukan apakah matriks orthogonal menggunakan python,cara tentukan apakah matriks orthogonal menggunakan python integer error parameter method row,10,d5625,0.8469651937484741
q20576,strip html tags in python,hapus tag html di python,hapus tag html di python update query error database delete,1,d13396,0.8567432165145874
q20576,strip html tags in python,hapus tag html di python,hapus tag html di python update query error database delete,2,d11823,0.8526521921157837
q20576,strip html tags in python,hapus tag html di python,hapus tag html di python update query error database delete,3,d10854,0.849963903427124
q20576,strip html tags in python,hapus tag html di python,hapus tag html di python update query error database delete,4,d1935,0.8455111980438232
q20576,strip html tags in python,hapus tag html di python,hapus tag html di python update query error database delete,5,d11831,0.8451848030090332
q20576,strip html tags in python,hapus tag html di python,hapus tag html di python update query error database delete,6,d1095,0.8432067036628723
q20576,strip html tags in python,hapus tag html di python,hapus tag html di python update query error database delete,7,d6608,0.8423831462860107
q20576,strip html tags in python,hapus tag html di python,hapus tag html di python update query error database delete,8,d221,0.8423831462860107
q20576,strip html tags in python,hapus tag html di python,hapus tag html di python update query error database delete,9,d10993,0.8423831462860107
q20576,strip html tags in python,hapus tag html di python,hapus tag html di python update query error database delete,10,d7936,0.8418741226196289
q20577,center align python text,text align tengah python,text align tengah python integer column error row query,1,d9367,0.8578659892082214
q20577,center align python text,text align tengah python,text align tengah python integer column error row query,2,d10534,0.8578659892082214
q20577,center align python text,text align tengah python,text align tengah python integer column error row query,3,d7706,0.8578659892082214
q20577,center align python text,text align tengah python,text align tengah python integer column error row query,4,d13243,0.8578659892082214
q20577,center align python text,text align tengah python,text align tengah python integer column error row query,5,d7038,0.8578659892082214
q20577,center align python text,text align tengah python,text align tengah python integer column error row query,6,d3861,0.8578659892082214
q20577,center align python text,text align tengah python,text align tengah python integer column error row query,7,d3062,0.8578659892082214
q20577,center align python text,text align tengah python,text align tengah python integer column error row query,8,d7027,0.8578659892082214
q20577,center align python text,text align tengah python,text align tengah python integer column error row query,9,d5878,0.8564170002937317
q20577,center align python text,text align tengah python,text align tengah python integer column error row query,10,d20569,0.8502681255340576
q20578,python get list of keys on an object,dapat list kunci pada objek python,dapat list kunci pada objek python list integer query error update,1,d7229,0.8545703291893005
q20578,python get list of keys on an object,dapat list kunci pada objek python,dapat list kunci pada objek python list integer query error update,2,d18174,0.8521462678909302
q20578,python get list of keys on an object,dapat list kunci pada objek python,dapat list kunci pada objek python list integer query error update,3,d189,0.8499712347984314
q20578,python get list of keys on an object,dapat list kunci pada objek python,dapat list kunci pada objek python list integer query error update,4,d9952,0.8499712347984314
q20578,python get list of keys on an object,dapat list kunci pada objek python,dapat list kunci pada objek python list integer query error update,5,d8653,0.8499712347984314
q20578,python get list of keys on an object,dapat list kunci pada objek python,dapat list kunci pada objek python list integer query error update,6,d2238,0.8499712347984314
q20578,python get list of keys on an object,dapat list kunci pada objek python,dapat list kunci pada objek python list integer query error update,7,d14829,0.8499712347984314
q20578,python get list of keys on an object,dapat list kunci pada objek python,dapat list kunci pada objek python list integer query error update,8,d12436,0.8499712347984314
q20578,python get list of keys on an object,dapat list kunci pada objek python,dapat list kunci pada objek python list integer query error update,9,d14831,0.8499712347984314
q20578,python get list of keys on an object,dapat list kunci pada objek python,dapat list kunci pada objek python list integer query error update,10,d4429,0.8499712347984314
q20579,is there any python function to check for nan valu,apakah ada fungsi python untuk periksa nilai nan,apakah ada fungsi python untuk periksa nilai nan function variable parameter error query,1,d17472,0.8558520078659058
q20579,is there any python function to check for nan valu,apakah ada fungsi python untuk periksa nilai nan,apakah ada fungsi python untuk periksa nilai nan function variable parameter error query,2,d17307,0.8558520078659058
q20579,is there any python function to check for nan valu,apakah ada fungsi python untuk periksa nilai nan,apakah ada fungsi python untuk periksa nilai nan function variable parameter error query,3,d19394,0.8558520078659058
q20579,is there any python function to check for nan valu,apakah ada fungsi python untuk periksa nilai nan,apakah ada fungsi python untuk periksa nilai nan function variable parameter error query,4,d19038,0.8558520078659058
q20579,is there any python function to check for nan valu,apakah ada fungsi python untuk periksa nilai nan,apakah ada fungsi python untuk periksa nilai nan function variable parameter error query,5,d18623,0.8558520078659058
q20579,is there any python function to check for nan valu,apakah ada fungsi python untuk periksa nilai nan,apakah ada fungsi python untuk periksa nilai nan function variable parameter error query,6,d18322,0.8558520078659058
q20579,is there any python function to check for nan valu,apakah ada fungsi python untuk periksa nilai nan,apakah ada fungsi python untuk periksa nilai nan function variable parameter error query,7,d20570,0.8558520078659058
q20579,is there any python function to check for nan valu,apakah ada fungsi python untuk periksa nilai nan,apakah ada fungsi python untuk periksa nilai nan function variable parameter error query,8,d19603,0.8558520078659058
q20579,is there any python function to check for nan valu,apakah ada fungsi python untuk periksa nilai nan,apakah ada fungsi python untuk periksa nilai nan function variable parameter error query,9,d9928,0.8482010960578918
q20579,is there any python function to check for nan valu,apakah ada fungsi python untuk periksa nilai nan,apakah ada fungsi python untuk periksa nilai nan function variable parameter error query,10,d17569,0.8444929122924805
q20580,python get cookie for request,dapat cookie untuk request python,dapat cookie untuk request python query update search error parameter,1,d20490,0.8458994030952454
q20580,python get cookie for request,dapat cookie untuk request python,dapat cookie untuk request python query update search error parameter,2,d8934,0.842284083366394
q20580,python get cookie for request,dapat cookie untuk request python,dapat cookie untuk request python query update search error parameter,3,d4776,0.842284083366394
q20580,python get cookie for request,dapat cookie untuk request python,dapat cookie untuk request python query update search error parameter,4,d6635,0.842284083366394
q20580,python get cookie for request,dapat cookie untuk request python,dapat cookie untuk request python query update search error parameter,5,d20190,0.842284083366394
q20580,python get cookie for request,dapat cookie untuk request python,dapat cookie untuk request python query update search error parameter,6,d2618,0.842284083366394
q20580,python get cookie for request,dapat cookie untuk request python,dapat cookie untuk request python query update search error parameter,7,d12662,0.842284083366394
q20580,python get cookie for request,dapat cookie untuk request python,dapat cookie untuk request python query update search error parameter,8,d17636,0.8418969511985779
q20580,python get cookie for request,dapat cookie untuk request python,dapat cookie untuk request python query update search error parameter,9,d7596,0.8399612307548523
q20580,python get cookie for request,dapat cookie untuk request python,dapat cookie untuk request python query update search error parameter,10,d8277,0.8399202823638916
q20581,python is list no na,list python tidak na,list python tidak na list error integer update file,1,d18007,0.8505880832672119
q20581,python is list no na,list python tidak na,list python tidak na list error integer update file,2,d292,0.8460479974746704
q20581,python is list no na,list python tidak na,list python tidak na list error integer update file,3,d10463,0.8457280397415161
q20581,python is list no na,list python tidak na,list python tidak na list error integer update file,4,d9208,0.8435567617416382
q20581,python is list no na,list python tidak na,list python tidak na list error integer update file,5,d13941,0.8435567617416382
q20581,python is list no na,list python tidak na,list python tidak na list error integer update file,6,d6924,0.8435567617416382
q20581,python is list no na,list python tidak na,list python tidak na list error integer update file,7,d9344,0.8435567617416382
q20581,python is list no na,list python tidak na,list python tidak na list error integer update file,8,d11476,0.8435567617416382
q20581,python is list no na,list python tidak na,list python tidak na list error integer update file,9,d5745,0.8435567617416382
q20581,python is list no na,list python tidak na,list python tidak na list error integer update file,10,d7866,0.8435567617416382
q20582,python determine if a file is image,tentukan apakah file adalah gambar python,tentukan apakah file adalah gambar python file error query function integer,1,d2076,0.8702778816223145
q20582,python determine if a file is image,tentukan apakah file adalah gambar python,tentukan apakah file adalah gambar python file error query function integer,2,d4204,0.8702778816223145
q20582,python determine if a file is image,tentukan apakah file adalah gambar python,tentukan apakah file adalah gambar python file error query function integer,3,d4419,0.8702778816223145
q20582,python determine if a file is image,tentukan apakah file adalah gambar python,tentukan apakah file adalah gambar python file error query function integer,4,d14415,0.8702778816223145
q20582,python determine if a file is image,tentukan apakah file adalah gambar python,tentukan apakah file adalah gambar python file error query function integer,5,d4168,0.8702778816223145
q20582,python determine if a file is image,tentukan apakah file adalah gambar python,tentukan apakah file adalah gambar python file error query function integer,6,d14407,0.8702778816223145
q20582,python determine if a file is image,tentukan apakah file adalah gambar python,tentukan apakah file adalah gambar python file error query function integer,7,d20582,0.8702778816223145
q20582,python determine if a file is image,tentukan apakah file adalah gambar python,tentukan apakah file adalah gambar python file error query function integer,8,d3539,0.8668445348739624
q20582,python determine if a file is image,tentukan apakah file adalah gambar python,tentukan apakah file adalah gambar python file error query function integer,9,d196,0.8668445348739624
q20582,python determine if a file is image,tentukan apakah file adalah gambar python,tentukan apakah file adalah gambar python file error query function integer,10,d6295,0.8668445348739624
q20583,python reorganise a data frame,reorganisasi dataframe python,reorganisasi dataframe python database update row data column,1,d11823,0.8723189830780029
q20583,python reorganise a data frame,reorganisasi dataframe python,reorganisasi dataframe python database update row data column,2,d5154,0.8677898645401001
q20583,python reorganise a data frame,reorganisasi dataframe python,reorganisasi dataframe python database update row data column,3,d12044,0.8668774962425232
q20583,python reorganise a data frame,reorganisasi dataframe python,reorganisasi dataframe python database update row data column,4,d20583,0.8668774366378784
q20583,python reorganise a data frame,reorganisasi dataframe python,reorganisasi dataframe python database update row data column,5,d6142,0.8661695122718811
q20583,python reorganise a data frame,reorganisasi dataframe python,reorganisasi dataframe python database update row data column,6,d10399,0.8655641674995422
q20583,python reorganise a data frame,reorganisasi dataframe python,reorganisasi dataframe python database update row data column,7,d8668,0.8655641674995422
q20583,python reorganise a data frame,reorganisasi dataframe python,reorganisasi dataframe python database update row data column,8,d13073,0.8655641674995422
q20583,python reorganise a data frame,reorganisasi dataframe python,reorganisasi dataframe python database update row data column,9,d14201,0.8655641674995422
q20583,python reorganise a data frame,reorganisasi dataframe python,reorganisasi dataframe python database update row data column,10,d2217,0.8655641674995422
q20584,read first line in txt file in python,baca baris pertama dalam file txt di python,baca baris pertama dalam file txt di python row file read database error write,1,d16831,0.8467040657997131
q20584,read first line in txt file in python,baca baris pertama dalam file txt di python,baca baris pertama dalam file txt di python row file read database error write,2,d11608,0.8441085815429688
q20584,read first line in txt file in python,baca baris pertama dalam file txt di python,baca baris pertama dalam file txt di python row file read database error write,3,d15347,0.8441085815429688
q20584,read first line in txt file in python,baca baris pertama dalam file txt di python,baca baris pertama dalam file txt di python row file read database error write,4,d20365,0.8441085815429688
q20584,read first line in txt file in python,baca baris pertama dalam file txt di python,baca baris pertama dalam file txt di python row file read database error write,5,d13578,0.8441085815429688
q20584,read first line in txt file in python,baca baris pertama dalam file txt di python,baca baris pertama dalam file txt di python row file read database error write,6,d19789,0.8418673276901245
q20584,read first line in txt file in python,baca baris pertama dalam file txt di python,baca baris pertama dalam file txt di python row file read database error write,7,d1136,0.8418673276901245
q20584,read first line in txt file in python,baca baris pertama dalam file txt di python,baca baris pertama dalam file txt di python row file read database error write,8,d16290,0.8418673276901245
q20584,read first line in txt file in python,baca baris pertama dalam file txt di python,baca baris pertama dalam file txt di python row file read database error write,9,d20584,0.8418673276901245
q20584,read first line in txt file in python,baca baris pertama dalam file txt di python,baca baris pertama dalam file txt di python row file read database error write,10,d12166,0.8418673276901245
q20585,pass defined parser object to subparser python,lewatkan objek parser ke subparser python,lewatkan objek parser ke subparser python parameter query error integer loop,1,d16406,0.8626339435577393
q20585,pass defined parser object to subparser python,lewatkan objek parser ke subparser python,lewatkan objek parser ke subparser python parameter query error integer loop,2,d20374,0.8558509945869446
q20585,pass defined parser object to subparser python,lewatkan objek parser ke subparser python,lewatkan objek parser ke subparser python parameter query error integer loop,3,d17124,0.8536181449890137
q20585,pass defined parser object to subparser python,lewatkan objek parser ke subparser python,lewatkan objek parser ke subparser python parameter query error integer loop,4,d16748,0.8536181449890137
q20585,pass defined parser object to subparser python,lewatkan objek parser ke subparser python,lewatkan objek parser ke subparser python parameter query error integer loop,5,d17628,0.8536181449890137
q20585,pass defined parser object to subparser python,lewatkan objek parser ke subparser python,lewatkan objek parser ke subparser python parameter query error integer loop,6,d18593,0.8536181449890137
q20585,pass defined parser object to subparser python,lewatkan objek parser ke subparser python,lewatkan objek parser ke subparser python parameter query error integer loop,7,d18011,0.8536181449890137
q20585,pass defined parser object to subparser python,lewatkan objek parser ke subparser python,lewatkan objek parser ke subparser python parameter query error integer loop,8,d16686,0.8536181449890137
q20585,pass defined parser object to subparser python,lewatkan objek parser ke subparser python,lewatkan objek parser ke subparser python parameter query error integer loop,9,d17742,0.8536181449890137
q20585,pass defined parser object to subparser python,lewatkan objek parser ke subparser python,lewatkan objek parser ke subparser python parameter query error integer loop,10,d17051,0.8536181449890137
q20586,how to print generic error in python,cara cetak error generik di python,cara cetak error generik di python error update file integer write,1,d2322,0.8359788060188293
q20586,how to print generic error in python,cara cetak error generik di python,cara cetak error generik di python error update file integer write,2,d16042,0.8359788060188293
q20586,how to print generic error in python,cara cetak error generik di python,cara cetak error generik di python error update file integer write,3,d7616,0.8359788060188293
q20586,how to print generic error in python,cara cetak error generik di python,cara cetak error generik di python error update file integer write,4,d13659,0.8359788060188293
q20586,how to print generic error in python,cara cetak error generik di python,cara cetak error generik di python error update file integer write,5,d8797,0.8359788060188293
q20586,how to print generic error in python,cara cetak error generik di python,cara cetak error generik di python error update file integer write,6,d15951,0.8356467485427856
q20586,how to print generic error in python,cara cetak error generik di python,cara cetak error generik di python error update file integer write,7,d3306,0.8356467485427856
q20586,how to print generic error in python,cara cetak error generik di python,cara cetak error generik di python error update file integer write,8,d13835,0.8356467485427856
q20586,how to print generic error in python,cara cetak error generik di python,cara cetak error generik di python error update file integer write,9,d11724,0.8356467485427856
q20586,how to print generic error in python,cara cetak error generik di python,cara cetak error generik di python error update file integer write,10,d7509,0.8353893756866455
q20587,python change the name of a key,ubah nama kunci python,ubah nama kunci python update error query delete write,1,d7229,0.8644188046455383
q20587,python change the name of a key,ubah nama kunci python,ubah nama kunci python update error query delete write,2,d11831,0.8618259429931641
q20587,python change the name of a key,ubah nama kunci python,ubah nama kunci python update error query delete write,3,d11823,0.8536174297332764
q20587,python change the name of a key,ubah nama kunci python,ubah nama kunci python update error query delete write,4,d4861,0.8529599905014038
q20587,python change the name of a key,ubah nama kunci python,ubah nama kunci python update error query delete write,5,d18007,0.849700927734375
q20587,python change the name of a key,ubah nama kunci python,ubah nama kunci python update error query delete write,6,d11379,0.8484508991241455
q20587,python change the name of a key,ubah nama kunci python,ubah nama kunci python update error query delete write,7,d10283,0.848098874092102
q20587,python change the name of a key,ubah nama kunci python,ubah nama kunci python update error query delete write,8,d2026,0.8475351929664612
q20587,python change the name of a key,ubah nama kunci python,ubah nama kunci python update error query delete write,9,d11012,0.8475351929664612
q20587,python change the name of a key,ubah nama kunci python,ubah nama kunci python update error query delete write,10,d6256,0.8475351929664612
q20588,moving mouse python click,gerakkan mouse click python,gerakkan mouse click python search update error query loop,1,d10790,0.8506138324737549
q20588,moving mouse python click,gerakkan mouse click python,gerakkan mouse click python search update error query loop,2,d931,0.8506138324737549
q20588,moving mouse python click,gerakkan mouse click python,gerakkan mouse click python search update error query loop,3,d18007,0.8459621667861938
q20588,moving mouse python click,gerakkan mouse click python,gerakkan mouse click python search update error query loop,4,d5139,0.8456542491912842
q20588,moving mouse python click,gerakkan mouse click python,gerakkan mouse click python search update error query loop,5,d12353,0.8456542491912842
q20588,moving mouse python click,gerakkan mouse click python,gerakkan mouse click python search update error query loop,6,d17893,0.8455280065536499
q20588,moving mouse python click,gerakkan mouse click python,gerakkan mouse click python search update error query loop,7,d16748,0.8455280065536499
q20588,moving mouse python click,gerakkan mouse click python,gerakkan mouse click python search update error query loop,8,d18775,0.8455280065536499
q20588,moving mouse python click,gerakkan mouse click python,gerakkan mouse click python search update error query loop,9,d17628,0.8455280065536499
q20588,moving mouse python click,gerakkan mouse click python,gerakkan mouse click python search update error query loop,10,d18998,0.8455280065536499
q20589,python to determine if services are running,tentukan apakah layanan berjalan python,tentukan apakah layanan berjalan python function query update dictionary parameter,1,d2989,0.8540817499160767
q20589,python to determine if services are running,tentukan apakah layanan berjalan python,tentukan apakah layanan berjalan python function query update dictionary parameter,2,d11823,0.8521829843521118
q20589,python to determine if services are running,tentukan apakah layanan berjalan python,tentukan apakah layanan berjalan python function query update dictionary parameter,3,d8657,0.8484952449798584
q20589,python to determine if services are running,tentukan apakah layanan berjalan python,tentukan apakah layanan berjalan python function query update dictionary parameter,4,d9954,0.8484952449798584
q20589,python to determine if services are running,tentukan apakah layanan berjalan python,tentukan apakah layanan berjalan python function query update dictionary parameter,5,d4734,0.8484952449798584
q20589,python to determine if services are running,tentukan apakah layanan berjalan python,tentukan apakah layanan berjalan python function query update dictionary parameter,6,d20340,0.8484952449798584
q20589,python to determine if services are running,tentukan apakah layanan berjalan python,tentukan apakah layanan berjalan python function query update dictionary parameter,7,d16504,0.8484952449798584
q20589,python to determine if services are running,tentukan apakah layanan berjalan python,tentukan apakah layanan berjalan python function query update dictionary parameter,8,d5656,0.8484952449798584
q20589,python to determine if services are running,tentukan apakah layanan berjalan python,tentukan apakah layanan berjalan python function query update dictionary parameter,9,d5658,0.8484952449798584
q20589,python to determine if services are running,tentukan apakah layanan berjalan python,tentukan apakah layanan berjalan python function query update dictionary parameter,10,d14435,0.8484952449798584
q20590,python set contains multiple items,set python contains banyak item,set python contains banyak item integer variable list update file,1,d14831,0.863483190536499
q20590,python set contains multiple items,set python contains banyak item,set python contains banyak item integer variable list update file,2,d14829,0.863483190536499
q20590,python set contains multiple items,set python contains banyak item,set python contains banyak item integer variable list update file,3,d4445,0.863483190536499
q20590,python set contains multiple items,set python contains banyak item,set python contains banyak item integer variable list update file,4,d4429,0.863483190536499
q20590,python set contains multiple items,set python contains banyak item,set python contains banyak item integer variable list update file,5,d2238,0.863483190536499
q20590,python set contains multiple items,set python contains banyak item,set python contains banyak item integer variable list update file,6,d9952,0.863483190536499
q20590,python set contains multiple items,set python contains banyak item,set python contains banyak item integer variable list update file,7,d8653,0.863483190536499
q20590,python set contains multiple items,set python contains banyak item,set python contains banyak item integer variable list update file,8,d12436,0.863483190536499
q20590,python set contains multiple items,set python contains banyak item,set python contains banyak item integer variable list update file,9,d189,0.863483190536499
q20590,python set contains multiple items,set python contains banyak item,set python contains banyak item integer variable list update file,10,d8531,0.8606313467025757
q20591,python protobyf parse from byte,protobuf parse dari byte python,protobuf parse dari byte python parameter integer error update database,1,d9502,0.8506466150283813
q20591,python protobyf parse from byte,protobuf parse dari byte python,protobuf parse dari byte python parameter integer error update database,2,d7353,0.8506466150283813
q20591,python protobyf parse from byte,protobuf parse dari byte python,protobuf parse dari byte python parameter integer error update database,3,d9608,0.8506466150283813
q20591,python protobyf parse from byte,protobuf parse dari byte python,protobuf parse dari byte python parameter integer error update database,4,d11823,0.8402155637741089
q20591,python protobyf parse from byte,protobuf parse dari byte python,protobuf parse dari byte python parameter integer error update database,5,d17999,0.8386021852493286
q20591,python protobyf parse from byte,protobuf parse dari byte python,protobuf parse dari byte python parameter integer error update database,6,d16822,0.8386021852493286
q20591,python protobyf parse from byte,protobuf parse dari byte python,protobuf parse dari byte python parameter integer error update database,7,d17521,0.8386021852493286
q20591,python protobyf parse from byte,protobuf parse dari byte python,protobuf parse dari byte python parameter integer error update database,8,d17504,0.8386021852493286
q20591,python protobyf parse from byte,protobuf parse dari byte python,protobuf parse dari byte python parameter integer error update database,9,d17047,0.8386021852493286
q20591,python protobyf parse from byte,protobuf parse dari byte python,protobuf parse dari byte python parameter integer error update database,10,d16888,0.8386021852493286
q20592,python check if a directory is writable,periksa apakah direktori dapat ditulis python,periksa apakah direktori dapat ditulis python write file query error list,1,d13878,0.8485367298126221
q20592,python check if a directory is writable,periksa apakah direktori dapat ditulis python,periksa apakah direktori dapat ditulis python write file query error list,2,d13236,0.8485367298126221
q20592,python check if a directory is writable,periksa apakah direktori dapat ditulis python,periksa apakah direktori dapat ditulis python write file query error list,3,d12816,0.8485367298126221
q20592,python check if a directory is writable,periksa apakah direktori dapat ditulis python,periksa apakah direktori dapat ditulis python write file query error list,4,d13081,0.8485367298126221
q20592,python check if a directory is writable,periksa apakah direktori dapat ditulis python,periksa apakah direktori dapat ditulis python write file query error list,5,d4645,0.8485367298126221
q20592,python check if a directory is writable,periksa apakah direktori dapat ditulis python,periksa apakah direktori dapat ditulis python write file query error list,6,d15613,0.8485367298126221
q20592,python check if a directory is writable,periksa apakah direktori dapat ditulis python,periksa apakah direktori dapat ditulis python write file query error list,7,d11406,0.8485367298126221
q20592,python check if a directory is writable,periksa apakah direktori dapat ditulis python,periksa apakah direktori dapat ditulis python write file query error list,8,d4647,0.8485367298126221
q20592,python check if a directory is writable,periksa apakah direktori dapat ditulis python,periksa apakah direktori dapat ditulis python write file query error list,9,d7734,0.8414204120635986
q20592,python check if a directory is writable,periksa apakah direktori dapat ditulis python,periksa apakah direktori dapat ditulis python write file query error list,10,d1258,0.8414204120635986
q20593,object as list python,objek sebagai list python,objek sebagai list python list integer condition column function,1,d3269,0.8617035746574402
q20593,object as list python,objek sebagai list python,objek sebagai list python list integer condition column function,2,d4142,0.8606473207473755
q20593,object as list python,objek sebagai list python,objek sebagai list python list integer condition column function,3,d14544,0.8606473207473755
q20593,object as list python,objek sebagai list python,objek sebagai list python list integer condition column function,4,d14907,0.8587581515312195
q20593,object as list python,objek sebagai list python,objek sebagai list python list integer condition column function,5,d640,0.8542299270629883
q20593,object as list python,objek sebagai list python,objek sebagai list python list integer condition column function,6,d11433,0.8542299270629883
q20593,object as list python,objek sebagai list python,objek sebagai list python list integer condition column function,7,d3464,0.8542299270629883
q20593,object as list python,objek sebagai list python,objek sebagai list python list integer condition column function,8,d11439,0.8542299270629883
q20593,object as list python,objek sebagai list python,objek sebagai list python list integer condition column function,9,d473,0.8542299270629883
q20593,object as list python,objek sebagai list python,objek sebagai list python list integer condition column function,10,d9049,0.8542299270629883
q20594,replace function nan python,ganti fungsi nan python,ganti fungsi nan python function update parameter error add,1,d10283,0.8541111946105957
q20594,replace function nan python,ganti fungsi nan python,ganti fungsi nan python function update parameter error add,2,d10397,0.8520865440368652
q20594,replace function nan python,ganti fungsi nan python,ganti fungsi nan python function update parameter error add,3,d11823,0.8497095108032227
q20594,replace function nan python,ganti fungsi nan python,ganti fungsi nan python function update parameter error add,4,d7229,0.8496687412261963
q20594,replace function nan python,ganti fungsi nan python,ganti fungsi nan python function update parameter error add,5,d11379,0.8469994068145752
q20594,replace function nan python,ganti fungsi nan python,ganti fungsi nan python function update parameter error add,6,d10256,0.8467220067977905
q20594,replace function nan python,ganti fungsi nan python,ganti fungsi nan python function update parameter error add,7,d16364,0.8467220067977905
q20594,replace function nan python,ganti fungsi nan python,ganti fungsi nan python function update parameter error add,8,d4606,0.8467220067977905
q20594,replace function nan python,ganti fungsi nan python,ganti fungsi nan python function update parameter error add,9,d4861,0.846666693687439
q20594,replace function nan python,ganti fungsi nan python,ganti fungsi nan python function update parameter error add,10,d505,0.84641432762146
q20595,python hash table check if key exist,hash table periksa apakah kunci ada python,hash table periksa apakah kunci ada python table query database error integer,1,d8627,0.8634053468704224
q20595,python hash table check if key exist,hash table periksa apakah kunci ada python,hash table periksa apakah kunci ada python table query database error integer,2,d8835,0.8634053468704224
q20595,python hash table check if key exist,hash table periksa apakah kunci ada python,hash table periksa apakah kunci ada python table query database error integer,3,d8985,0.8579944968223572
q20595,python hash table check if key exist,hash table periksa apakah kunci ada python,hash table periksa apakah kunci ada python table query database error integer,4,d16048,0.8558537364006042
q20595,python hash table check if key exist,hash table periksa apakah kunci ada python,hash table periksa apakah kunci ada python table query database error integer,5,d13803,0.8558537364006042
q20595,python hash table check if key exist,hash table periksa apakah kunci ada python,hash table periksa apakah kunci ada python table query database error integer,6,d2062,0.8556864857673645
q20595,python hash table check if key exist,hash table periksa apakah kunci ada python,hash table periksa apakah kunci ada python table query database error integer,7,d17200,0.8552339673042297
q20595,python hash table check if key exist,hash table periksa apakah kunci ada python,hash table periksa apakah kunci ada python table query database error integer,8,d18586,0.8552339673042297
q20595,python hash table check if key exist,hash table periksa apakah kunci ada python,hash table periksa apakah kunci ada python table query database error integer,9,d17700,0.8530148267745972
q20595,python hash table check if key exist,hash table periksa apakah kunci ada python,hash table periksa apakah kunci ada python table query database error integer,10,d17652,0.8530148267745972
q20596,take all points in box python,ambil semua point dalam box python,ambil semua point dalam box python get update column integer loop row,1,d11823,0.852644681930542
q20596,take all points in box python,ambil semua point dalam box python,ambil semua point dalam box python get update column integer loop row,2,d5589,0.8487976789474487
q20596,take all points in box python,ambil semua point dalam box python,ambil semua point dalam box python get update column integer loop row,3,d4706,0.848605215549469
q20596,take all points in box python,ambil semua point dalam box python,ambil semua point dalam box python get update column integer loop row,4,d9071,0.848605215549469
q20596,take all points in box python,ambil semua point dalam box python,ambil semua point dalam box python get update column integer loop row,5,d2550,0.848605215549469
q20596,take all points in box python,ambil semua point dalam box python,ambil semua point dalam box python get update column integer loop row,6,d12863,0.848605215549469
q20596,take all points in box python,ambil semua point dalam box python,ambil semua point dalam box python get update column integer loop row,7,d19894,0.8455669283866882
q20596,take all points in box python,ambil semua point dalam box python,ambil semua point dalam box python get update column integer loop row,8,d6254,0.8455669283866882
q20596,take all points in box python,ambil semua point dalam box python,ambil semua point dalam box python get update column integer loop row,9,d6391,0.8455669283866882
q20596,take all points in box python,ambil semua point dalam box python,ambil semua point dalam box python get update column integer loop row,10,d6065,0.8455669283866882
q20597,python create enum by name,buat enum berdasarkan nama python,buat enum berdasarkan nama python integer update write query parameter,1,d14813,0.8635711669921875
q20597,python create enum by name,buat enum berdasarkan nama python,buat enum berdasarkan nama python integer update write query parameter,2,d6652,0.8635711669921875
q20597,python create enum by name,buat enum berdasarkan nama python,buat enum berdasarkan nama python integer update write query parameter,3,d8719,0.8635711669921875
q20597,python create enum by name,buat enum berdasarkan nama python,buat enum berdasarkan nama python integer update write query parameter,4,d498,0.8635711669921875
q20597,python create enum by name,buat enum berdasarkan nama python,buat enum berdasarkan nama python integer update write query parameter,5,d4525,0.8635711669921875
q20597,python create enum by name,buat enum berdasarkan nama python,buat enum berdasarkan nama python integer update write query parameter,6,d16364,0.8562629222869873
q20597,python create enum by name,buat enum berdasarkan nama python,buat enum berdasarkan nama python integer update write query parameter,7,d4606,0.8562629222869873
q20597,python create enum by name,buat enum berdasarkan nama python,buat enum berdasarkan nama python integer update write query parameter,8,d10256,0.8562629222869873
q20597,python create enum by name,buat enum berdasarkan nama python,buat enum berdasarkan nama python integer update write query parameter,9,d2901,0.8543481826782227
q20597,python create enum by name,buat enum berdasarkan nama python,buat enum berdasarkan nama python integer update write query parameter,10,d639,0.8543481826782227
q20598,python matplotlib use arrow markers,matplotlib python gunakan penanda panah,matplotlib python gunakan penanda panah query parameter update column method,1,d10397,0.862600564956665
q20598,python matplotlib use arrow markers,matplotlib python gunakan penanda panah,matplotlib python gunakan penanda panah query parameter update column method,2,d11823,0.8597500324249268
q20598,python matplotlib use arrow markers,matplotlib python gunakan penanda panah,matplotlib python gunakan penanda panah query parameter update column method,3,d6350,0.8521317839622498
q20598,python matplotlib use arrow markers,matplotlib python gunakan penanda panah,matplotlib python gunakan penanda panah query parameter update column method,4,d11519,0.8521317839622498
q20598,python matplotlib use arrow markers,matplotlib python gunakan penanda panah,matplotlib python gunakan penanda panah query parameter update column method,5,d7230,0.8521317839622498
q20598,python matplotlib use arrow markers,matplotlib python gunakan penanda panah,matplotlib python gunakan penanda panah query parameter update column method,6,d15422,0.8521317839622498
q20598,python matplotlib use arrow markers,matplotlib python gunakan penanda panah,matplotlib python gunakan penanda panah query parameter update column method,7,d15610,0.8521317839622498
q20598,python matplotlib use arrow markers,matplotlib python gunakan penanda panah,matplotlib python gunakan penanda panah query parameter update column method,8,d5654,0.8521317839622498
q20598,python matplotlib use arrow markers,matplotlib python gunakan penanda panah,matplotlib python gunakan penanda panah query parameter update column method,9,d18007,0.8521015644073486
q20598,python matplotlib use arrow markers,matplotlib python gunakan penanda panah,matplotlib python gunakan penanda panah query parameter update column method,10,d10059,0.8499009609222412
q20599,python function default args,argumen default fungsi python,argumen default fungsi python function error parameter integer condition,1,d1753,0.868949294090271
q20599,python function default args,argumen default fungsi python,argumen default fungsi python function error parameter integer condition,2,d13915,0.868949294090271
q20599,python function default args,argumen default fungsi python,argumen default fungsi python function error parameter integer condition,3,d3884,0.868949294090271
q20599,python function default args,argumen default fungsi python,argumen default fungsi python function error parameter integer condition,4,d10278,0.868949294090271
q20599,python function default args,argumen default fungsi python,argumen default fungsi python function error parameter integer condition,5,d20206,0.868949294090271
q20599,python function default args,argumen default fungsi python,argumen default fungsi python function error parameter integer condition,6,d11512,0.868949294090271
q20599,python function default args,argumen default fungsi python,argumen default fungsi python function error parameter integer condition,7,d12091,0.868949294090271
q20599,python function default args,argumen default fungsi python,argumen default fungsi python function error parameter integer condition,8,d6555,0.868949294090271
q20599,python function default args,argumen default fungsi python,argumen default fungsi python function error parameter integer condition,9,d6799,0.868949294090271
q20599,python function default args,argumen default fungsi python,argumen default fungsi python function error parameter integer condition,10,d11988,0.862001359462738
q20600,python how to select first 100 rows,cara pilih 100 baris pertama python,cara pilih 100 baris pertama python row parameter database integer open error,1,d19491,0.8359261751174927
q20600,python how to select first 100 rows,cara pilih 100 baris pertama python,cara pilih 100 baris pertama python row parameter database integer open error,2,d18165,0.8359261751174927
q20600,python how to select first 100 rows,cara pilih 100 baris pertama python,cara pilih 100 baris pertama python row parameter database integer open error,3,d20600,0.8359261751174927
q20600,python how to select first 100 rows,cara pilih 100 baris pertama python,cara pilih 100 baris pertama python row parameter database integer open error,4,d18376,0.8359261751174927
q20600,python how to select first 100 rows,cara pilih 100 baris pertama python,cara pilih 100 baris pertama python row parameter database integer open error,5,d18658,0.8359261751174927
q20600,python how to select first 100 rows,cara pilih 100 baris pertama python,cara pilih 100 baris pertama python row parameter database integer open error,6,d18653,0.8359261751174927
q20600,python how to select first 100 rows,cara pilih 100 baris pertama python,cara pilih 100 baris pertama python row parameter database integer open error,7,d19058,0.8359261751174927
q20600,python how to select first 100 rows,cara pilih 100 baris pertama python,cara pilih 100 baris pertama python row parameter database integer open error,8,d19655,0.8359261751174927
q20600,python how to select first 100 rows,cara pilih 100 baris pertama python,cara pilih 100 baris pertama python row parameter database integer open error,9,d17837,0.8359261751174927
q20600,python how to select first 100 rows,cara pilih 100 baris pertama python,cara pilih 100 baris pertama python row parameter database integer open error,10,d16780,0.8359261751174927
q20601,removing columnsns in data frame python,hapus kolom dalam dataframe python,hapus kolom dalam dataframe python delete data column database error row update,1,d10569,0.8699915409088135
q20601,removing columnsns in data frame python,hapus kolom dalam dataframe python,hapus kolom dalam dataframe python delete data column database error row update,2,d4357,0.8699915409088135
q20601,removing columnsns in data frame python,hapus kolom dalam dataframe python,hapus kolom dalam dataframe python delete data column database error row update,3,d4768,0.8699915409088135
q20601,removing columnsns in data frame python,hapus kolom dalam dataframe python,hapus kolom dalam dataframe python delete data column database error row update,4,d6926,0.8699915409088135
q20601,removing columnsns in data frame python,hapus kolom dalam dataframe python,hapus kolom dalam dataframe python delete data column database error row update,5,d12916,0.8699915409088135
q20601,removing columnsns in data frame python,hapus kolom dalam dataframe python,hapus kolom dalam dataframe python delete data column database error row update,6,d1302,0.8699915409088135
q20601,removing columnsns in data frame python,hapus kolom dalam dataframe python,hapus kolom dalam dataframe python delete data column database error row update,7,d6976,0.8626872301101685
q20601,removing columnsns in data frame python,hapus kolom dalam dataframe python,hapus kolom dalam dataframe python delete data column database error row update,8,d13976,0.8626872301101685
q20601,removing columnsns in data frame python,hapus kolom dalam dataframe python,hapus kolom dalam dataframe python delete data column database error row update,9,d955,0.8580420613288879
q20601,removing columnsns in data frame python,hapus kolom dalam dataframe python,hapus kolom dalam dataframe python delete data column database error row update,10,d10995,0.8580420613288879
q20602,python array to torch tensor,array ke torch tensor python,array ke torch tensor python array error string row query,1,d14061,0.8592525720596313
q20602,python array to torch tensor,array ke torch tensor python,array ke torch tensor python array error string row query,2,d18503,0.8575313687324524
q20602,python array to torch tensor,array ke torch tensor python,array ke torch tensor python array error string row query,3,d18243,0.8575313687324524
q20602,python array to torch tensor,array ke torch tensor python,array ke torch tensor python array error string row query,4,d17517,0.8575313687324524
q20602,python array to torch tensor,array ke torch tensor python,array ke torch tensor python array error string row query,5,d17670,0.8575313687324524
q20602,python array to torch tensor,array ke torch tensor python,array ke torch tensor python array error string row query,6,d17279,0.8575313687324524
q20602,python array to torch tensor,array ke torch tensor python,array ke torch tensor python array error string row query,7,d19419,0.8575313687324524
q20602,python array to torch tensor,array ke torch tensor python,array ke torch tensor python array error string row query,8,d18635,0.8575313687324524
q20602,python array to torch tensor,array ke torch tensor python,array ke torch tensor python array error string row query,9,d19592,0.8575313687324524
q20602,python array to torch tensor,array ke torch tensor python,array ke torch tensor python array error string row query,10,d17793,0.8575313687324524
q20603,how to turn a list into a csv python,cara ubah list menjadi csv python,cara ubah list menjadi csv python list update write database error,1,d11823,0.8592719435691833
q20603,how to turn a list into a csv python,cara ubah list menjadi csv python,cara ubah list menjadi csv python list update write database error,2,d6328,0.851311445236206
q20603,how to turn a list into a csv python,cara ubah list menjadi csv python,cara ubah list menjadi csv python list update write database error,3,d4314,0.851311445236206
q20603,how to turn a list into a csv python,cara ubah list menjadi csv python,cara ubah list menjadi csv python list update write database error,4,d12234,0.8505787253379822
q20603,how to turn a list into a csv python,cara ubah list menjadi csv python,cara ubah list menjadi csv python list update write database error,5,d5833,0.8416447639465332
q20603,how to turn a list into a csv python,cara ubah list menjadi csv python,cara ubah list menjadi csv python list update write database error,6,d13830,0.8416447639465332
q20603,how to turn a list into a csv python,cara ubah list menjadi csv python,cara ubah list menjadi csv python list update write database error,7,d20479,0.8416447639465332
q20603,how to turn a list into a csv python,cara ubah list menjadi csv python,cara ubah list menjadi csv python list update write database error,8,d12194,0.8416447639465332
q20603,how to turn a list into a csv python,cara ubah list menjadi csv python,cara ubah list menjadi csv python list update write database error,9,d5831,0.8416447639465332
q20603,how to turn a list into a csv python,cara ubah list menjadi csv python,cara ubah list menjadi csv python list update write database error,10,d7121,0.8416447639465332
q20604,how do i unzip file in python,cara unzip file di python,cara unzip file di python file update query write error,1,d16124,0.8553891181945801
q20604,how do i unzip file in python,cara unzip file di python,cara unzip file di python file update query write error,2,d4625,0.8553891181945801
q20604,how do i unzip file in python,cara unzip file di python,cara unzip file di python file update query write error,3,d11824,0.8553891181945801
q20604,how do i unzip file in python,cara unzip file di python,cara unzip file di python file update query write error,4,d3163,0.8553891181945801
q20604,how do i unzip file in python,cara unzip file di python,cara unzip file di python file update query write error,5,d18007,0.8457239866256714
q20604,how do i unzip file in python,cara unzip file di python,cara unzip file di python file update query write error,6,d16003,0.8450881838798523
q20604,how do i unzip file in python,cara unzip file di python,cara unzip file di python file update query write error,7,d4223,0.8450881838798523
q20604,how do i unzip file in python,cara unzip file di python,cara unzip file di python file update query write error,8,d10619,0.8441324830055237
q20604,how do i unzip file in python,cara unzip file di python,cara unzip file di python file update query write error,9,d6895,0.8441324830055237
q20604,how do i unzip file in python,cara unzip file di python,cara unzip file di python file update query write error,10,d14184,0.8441324830055237
