query_id,query_text,predicted_doc_id,predicted_rank,ground_truth_doc_ids,is_relevant,expansion_terms
q20105,sort by a token in string python,d20105,1,d20105,True,sort;string;search;integer;condition
q20105,sort by a token in string python,d18078,2,d20105,False,sort;string;search;integer;condition
q20105,sort by a token in string python,d5613,3,d20105,False,sort;string;search;integer;condition
q20105,sort by a token in string python,d1400,4,d20105,False,sort;string;search;integer;condition
q20105,sort by a token in string python,d5575,5,d20105,False,sort;string;search;integer;condition
q20105,sort by a token in string python,d19792,6,d20105,False,sort;string;search;integer;condition
q20105,sort by a token in string python,d15748,7,d20105,False,sort;string;search;integer;condition
q20105,sort by a token in string python,d13259,8,d20105,False,sort;string;search;integer;condition
q20105,sort by a token in string python,d3747,9,d20105,False,sort;string;search;integer;condition
q20105,sort by a token in string python,d7604,10,d20105,False,sort;string;search;integer;condition
q20106,python check file is readonly,d20044,1,d20106,False,file;read;error;open;close
q20106,python check file is readonly,d12374,2,d20106,False,file;read;error;open;close
q20106,python check file is readonly,d20106,3,d20106,True,file;read;error;open;close
q20106,python check file is readonly,d19691,4,d20106,False,file;read;error;open;close
q20106,python check file is readonly,d3654,5,d20106,False,file;read;error;open;close
q20106,python check file is readonly,d8390,6,d20106,False,file;read;error;open;close
q20106,python check file is readonly,d10691,7,d20106,False,file;read;error;open;close
q20106,python check file is readonly,d13737,8,d20106,False,file;read;error;open;close
q20106,python check file is readonly,d4548,9,d20106,False,file;read;error;open;close
q20106,python check file is readonly,d5280,10,d20106,False,file;read;error;open;close
q20107,declaring empty numpy array in python,d18762,1,d20107,False,array;error;integer;delete;loop
q20107,declaring empty numpy array in python,d17860,2,d20107,False,array;error;integer;delete;loop
q20107,declaring empty numpy array in python,d17161,3,d20107,False,array;error;integer;delete;loop
q20107,declaring empty numpy array in python,d18254,4,d20107,False,array;error;integer;delete;loop
q20107,declaring empty numpy array in python,d17884,5,d20107,False,array;error;integer;delete;loop
q20107,declaring empty numpy array in python,d16845,6,d20107,False,array;error;integer;delete;loop
q20107,declaring empty numpy array in python,d13722,7,d20107,False,array;error;integer;delete;loop
q20107,declaring empty numpy array in python,d5626,8,d20107,False,array;error;integer;delete;loop
q20107,declaring empty numpy array in python,d14709,9,d20107,False,array;error;integer;delete;loop
q20107,declaring empty numpy array in python,d9345,10,d20107,False,array;error;integer;delete;loop
q20108,test for iterable is string in python,d15244,1,d20108,False,string;integer;error;function;method
q20108,test for iterable is string in python,d3807,2,d20108,False,string;integer;error;function;method
q20108,test for iterable is string in python,d12694,3,d20108,False,string;integer;error;function;method
q20108,test for iterable is string in python,d12337,4,d20108,False,string;integer;error;function;method
q20108,test for iterable is string in python,d11890,5,d20108,False,string;integer;error;function;method
q20108,test for iterable is string in python,d20413,6,d20108,False,string;integer;error;function;method
q20108,test for iterable is string in python,d15415,7,d20108,False,string;integer;error;function;method
q20108,test for iterable is string in python,d12157,8,d20108,False,string;integer;error;function;method
q20108,test for iterable is string in python,d8132,9,d20108,False,string;integer;error;function;method
q20108,test for iterable is string in python,d10571,10,d20108,False,string;integer;error;function;method
q20109,python print results of query loop,d20109,1,d20109,True,query;loop;row;search;database;return
q20109,python print results of query loop,d15575,2,d20109,False,query;loop;row;search;database;return
q20109,python print results of query loop,d15102,3,d20109,False,query;loop;row;search;database;return
q20109,python print results of query loop,d8103,4,d20109,False,query;loop;row;search;database;return
q20109,python print results of query loop,d11497,5,d20109,False,query;loop;row;search;database;return
q20109,python print results of query loop,d12163,6,d20109,False,query;loop;row;search;database;return
q20109,python print results of query loop,d10633,7,d20109,False,query;loop;row;search;database;return
q20109,python print results of query loop,d10667,8,d20109,False,query;loop;row;search;database;return
q20109,python print results of query loop,d4967,9,d20109,False,query;loop;row;search;database;return
q20109,python print results of query loop,d12943,10,d20109,False,query;loop;row;search;database;return
q20110,how to save header of fits file to export python,d9869,1,d20110,False,save;file;write;update;database
q20110,how to save header of fits file to export python,d14035,2,d20110,False,save;file;write;update;database
q20110,how to save header of fits file to export python,d20331,3,d20110,False,save;file;write;update;database
q20110,how to save header of fits file to export python,d10028,4,d20110,False,save;file;write;update;database
q20110,how to save header of fits file to export python,d20110,5,d20110,True,save;file;write;update;database
q20110,how to save header of fits file to export python,d16089,6,d20110,False,save;file;write;update;database
q20110,how to save header of fits file to export python,d10481,7,d20110,False,save;file;write;update;database
q20110,how to save header of fits file to export python,d7985,8,d20110,False,save;file;write;update;database
q20110,how to save header of fits file to export python,d10830,9,d20110,False,save;file;write;update;database
q20110,how to save header of fits file to export python,d12639,10,d20110,False,save;file;write;update;database
q20111,python calc page align,d7137,1,d20111,False,integer;column;error;function;close
q20111,python calc page align,d1605,2,d20111,False,integer;column;error;function;close
q20111,python calc page align,d12199,3,d20111,False,integer;column;error;function;close
q20111,python calc page align,d17008,4,d20111,False,integer;column;error;function;close
q20111,python calc page align,d19392,5,d20111,False,integer;column;error;function;close
q20111,python calc page align,d16722,6,d20111,False,integer;column;error;function;close
q20111,python calc page align,d18064,7,d20111,False,integer;column;error;function;close
q20111,python calc page align,d18061,8,d20111,False,integer;column;error;function;close
q20111,python calc page align,d17904,9,d20111,False,integer;column;error;function;close
q20111,python calc page align,d19248,10,d20111,False,integer;column;error;function;close
q20112,python numpy array as float,d12412,1,d20112,False,array;integer;function;error;row
q20112,python numpy array as float,d4528,2,d20112,False,array;integer;function;error;row
q20112,python numpy array as float,d746,3,d20112,False,array;integer;function;error;row
q20112,python numpy array as float,d10557,4,d20112,False,array;integer;function;error;row
q20112,python numpy array as float,d4345,5,d20112,False,array;integer;function;error;row
q20112,python numpy array as float,d20136,6,d20112,False,array;integer;function;error;row
q20112,python numpy array as float,d15474,7,d20112,False,array;integer;function;error;row
q20112,python numpy array as float,d2156,8,d20112,False,array;integer;function;error;row
q20112,python numpy array as float,d14518,9,d20112,False,array;integer;function;error;row
q20112,python numpy array as float,d87,10,d20112,False,array;integer;function;error;row
q20113,input string that replaces occurences python,d11823,1,d20113,False,string;update;condition;error;integer
q20113,input string that replaces occurences python,d4588,2,d20113,False,string;update;condition;error;integer
q20113,input string that replaces occurences python,d3563,3,d20113,False,string;update;condition;error;integer
q20113,input string that replaces occurences python,d15852,4,d20113,False,string;update;condition;error;integer
q20113,input string that replaces occurences python,d14202,5,d20113,False,string;update;condition;error;integer
q20113,input string that replaces occurences python,d15721,6,d20113,False,string;update;condition;error;integer
q20113,input string that replaces occurences python,d10185,7,d20113,False,string;update;condition;error;integer
q20113,input string that replaces occurences python,d13725,8,d20113,False,string;update;condition;error;integer
q20113,input string that replaces occurences python,d13723,9,d20113,False,string;update;condition;error;integer
q20113,input string that replaces occurences python,d4228,10,d20113,False,string;update;condition;error;integer
q20114,python check all items in list are ints,d5546,1,d20114,False,list;integer;error;loop;search
q20114,python check all items in list are ints,d15053,2,d20114,False,list;integer;error;loop;search
q20114,python check all items in list are ints,d20412,3,d20114,False,list;integer;error;loop;search
q20114,python check all items in list are ints,d7031,4,d20114,False,list;integer;error;loop;search
q20114,python check all items in list are ints,d6941,5,d20114,False,list;integer;error;loop;search
q20114,python check all items in list are ints,d13115,6,d20114,False,list;integer;error;loop;search
q20114,python check all items in list are ints,d5737,7,d20114,False,list;integer;error;loop;search
q20114,python check all items in list are ints,d20015,8,d20114,False,list;integer;error;loop;search
q20114,python check all items in list are ints,d3653,9,d20114,False,list;integer;error;loop;search
q20114,python check all items in list are ints,d2331,10,d20114,False,list;integer;error;loop;search
q20115,how to save variable to text file python,d13772,1,d20115,False,variable;save;file;write;database
q20115,how to save variable to text file python,d9681,2,d20115,False,variable;save;file;write;database
q20115,how to save variable to text file python,d13675,3,d20115,False,variable;save;file;write;database
q20115,how to save variable to text file python,d20115,4,d20115,True,variable;save;file;write;database
q20115,how to save variable to text file python,d15896,5,d20115,False,variable;save;file;write;database
q20115,how to save variable to text file python,d1348,6,d20115,False,variable;save;file;write;database
q20115,how to save variable to text file python,d12227,7,d20115,False,variable;save;file;write;database
q20115,how to save variable to text file python,d11661,8,d20115,False,variable;save;file;write;database
q20115,how to save variable to text file python,d11706,9,d20115,False,variable;save;file;write;database
q20115,how to save variable to text file python,d7694,10,d20115,False,variable;save;file;write;database
q20116,how to skip an index in a for loop python,d8038,1,d20116,False,loop;integer;row;error;search
q20116,how to skip an index in a for loop python,d3970,2,d20116,False,loop;integer;row;error;search
q20116,how to skip an index in a for loop python,d2548,3,d20116,False,loop;integer;row;error;search
q20116,how to skip an index in a for loop python,d4586,4,d20116,False,loop;integer;row;error;search
q20116,how to skip an index in a for loop python,d5094,5,d20116,False,loop;integer;row;error;search
q20116,how to skip an index in a for loop python,d5605,6,d20116,False,loop;integer;row;error;search
q20116,how to skip an index in a for loop python,d1351,7,d20116,False,loop;integer;row;error;search
q20116,how to skip an index in a for loop python,d13755,8,d20116,False,loop;integer;row;error;search
q20116,how to skip an index in a for loop python,d9741,9,d20116,False,loop;integer;row;error;search
q20116,how to skip an index in a for loop python,d20417,10,d20116,False,loop;integer;row;error;search
q20117,how to create a tokenization code in python,d2694,1,d20117,False,method;error;integer;condition;database
q20117,how to create a tokenization code in python,d1054,2,d20117,False,method;error;integer;condition;database
q20117,how to create a tokenization code in python,d981,3,d20117,False,method;error;integer;condition;database
q20117,how to create a tokenization code in python,d6447,4,d20117,False,method;error;integer;condition;database
q20117,how to create a tokenization code in python,d5253,5,d20117,False,method;error;integer;condition;database
q20117,how to create a tokenization code in python,d5255,6,d20117,False,method;error;integer;condition;database
q20117,how to create a tokenization code in python,d3698,7,d20117,False,method;error;integer;condition;database
q20117,how to create a tokenization code in python,d2012,8,d20117,False,method;error;integer;condition;database
q20117,how to create a tokenization code in python,d1629,9,d20117,False,method;error;integer;condition;database
q20117,how to create a tokenization code in python,d4189,10,d20117,False,method;error;integer;condition;database
q20118,python raise without parentheses,d6524,1,d20118,False,integer;parameter;row;variable;write
q20118,python raise without parentheses,d1378,2,d20118,False,integer;parameter;row;variable;write
q20118,python raise without parentheses,d7716,3,d20118,False,integer;parameter;row;variable;write
q20118,python raise without parentheses,d14671,4,d20118,False,integer;parameter;row;variable;write
q20118,python raise without parentheses,d9653,5,d20118,False,integer;parameter;row;variable;write
q20118,python raise without parentheses,d3960,6,d20118,False,integer;parameter;row;variable;write
q20118,python raise without parentheses,d5676,7,d20118,False,integer;parameter;row;variable;write
q20118,python raise without parentheses,d13680,8,d20118,False,integer;parameter;row;variable;write
q20118,python raise without parentheses,d11535,9,d20118,False,integer;parameter;row;variable;write
q20118,python raise without parentheses,d2179,10,d20118,False,integer;parameter;row;variable;write
q20119,how to seperate list with commas python,d20119,1,d20119,True,list;column;integer;error;dictionary
q20119,how to seperate list with commas python,d10463,2,d20119,False,list;column;integer;error;dictionary
q20119,how to seperate list with commas python,d15838,3,d20119,False,list;column;integer;error;dictionary
q20119,how to seperate list with commas python,d16207,4,d20119,False,list;column;integer;error;dictionary
q20119,how to seperate list with commas python,d1314,5,d20119,False,list;column;integer;error;dictionary
q20119,how to seperate list with commas python,d5637,6,d20119,False,list;column;integer;error;dictionary
q20119,how to seperate list with commas python,d12164,7,d20119,False,list;column;integer;error;dictionary
q20119,how to seperate list with commas python,d10356,8,d20119,False,list;column;integer;error;dictionary
q20119,how to seperate list with commas python,d11759,9,d20119,False,list;column;integer;error;dictionary
q20119,how to seperate list with commas python,d9252,10,d20119,False,list;column;integer;error;dictionary
q20120,python asynchronous function call return,d14056,1,d20120,False,return;function;condition;error;method
q20120,python asynchronous function call return,d11443,2,d20120,False,return;function;condition;error;method
q20120,python asynchronous function call return,d3162,3,d20120,False,return;function;condition;error;method
q20120,python asynchronous function call return,d4054,4,d20120,False,return;function;condition;error;method
q20120,python asynchronous function call return,d17825,5,d20120,False,return;function;condition;error;method
q20120,python asynchronous function call return,d12392,6,d20120,False,return;function;condition;error;method
q20120,python asynchronous function call return,d15720,7,d20120,False,return;function;condition;error;method
q20120,python asynchronous function call return,d16000,8,d20120,False,return;function;condition;error;method
q20120,python asynchronous function call return,d12438,9,d20120,False,return;function;condition;error;method
q20120,python asynchronous function call return,d7912,10,d20120,False,return;function;condition;error;method
q20121,how to make a seconds to time in python,d13900,1,d20121,False,method;integer;loop;error;function
q20121,how to make a seconds to time in python,d14549,2,d20121,False,method;integer;loop;error;function
q20121,how to make a seconds to time in python,d13420,3,d20121,False,method;integer;loop;error;function
q20121,how to make a seconds to time in python,d14715,4,d20121,False,method;integer;loop;error;function
q20121,how to make a seconds to time in python,d20306,5,d20121,False,method;integer;loop;error;function
q20121,how to make a seconds to time in python,d7589,6,d20121,False,method;integer;loop;error;function
q20121,how to make a seconds to time in python,d15537,7,d20121,False,method;integer;loop;error;function
q20121,how to make a seconds to time in python,d3673,8,d20121,False,method;integer;loop;error;function
q20121,how to make a seconds to time in python,d5673,9,d20121,False,method;integer;loop;error;function
q20121,how to make a seconds to time in python,d13651,10,d20121,False,method;integer;loop;error;function
q20122,python cast true or false as numbers,d7533,1,d20122,False,integer;error;condition;string;write
q20122,python cast true or false as numbers,d17207,2,d20122,False,integer;error;condition;string;write
q20122,python cast true or false as numbers,d19225,3,d20122,False,integer;error;condition;string;write
q20122,python cast true or false as numbers,d19133,4,d20122,False,integer;error;condition;string;write
q20122,python cast true or false as numbers,d17132,5,d20122,False,integer;error;condition;string;write
q20122,python cast true or false as numbers,d16758,6,d20122,False,integer;error;condition;string;write
q20122,python cast true or false as numbers,d16855,7,d20122,False,integer;error;condition;string;write
q20122,python cast true or false as numbers,d16689,8,d20122,False,integer;error;condition;string;write
q20122,python cast true or false as numbers,d17305,9,d20122,False,integer;error;condition;string;write
q20122,python cast true or false as numbers,d18690,10,d20122,False,integer;error;condition;string;write
q20123,add milliseconds to datetime python,d17861,1,d20123,False,add;update;error;query;integer
q20123,add milliseconds to datetime python,d14899,2,d20123,False,add;update;error;query;integer
q20123,add milliseconds to datetime python,d10838,3,d20123,False,add;update;error;query;integer
q20123,add milliseconds to datetime python,d1506,4,d20123,False,add;update;error;query;integer
q20123,add milliseconds to datetime python,d6308,5,d20123,False,add;update;error;query;integer
q20123,add milliseconds to datetime python,d13605,6,d20123,False,add;update;error;query;integer
q20123,add milliseconds to datetime python,d16137,7,d20123,False,add;update;error;query;integer
q20123,add milliseconds to datetime python,d10580,8,d20123,False,add;update;error;query;integer
q20123,add milliseconds to datetime python,d12001,9,d20123,False,add;update;error;query;integer
q20123,add milliseconds to datetime python,d12533,10,d20123,False,add;update;error;query;integer
q20124,how to read the last n lines of a program on python,d4287,1,d20124,False,read;integer;string;loop;file
q20124,how to read the last n lines of a program on python,d20124,2,d20124,True,read;integer;string;loop;file
q20124,how to read the last n lines of a program on python,d5811,3,d20124,False,read;integer;string;loop;file
q20124,how to read the last n lines of a program on python,d11180,4,d20124,False,read;integer;string;loop;file
q20124,how to read the last n lines of a program on python,d4991,5,d20124,False,read;integer;string;loop;file
q20124,how to read the last n lines of a program on python,d13890,6,d20124,False,read;integer;string;loop;file
q20124,how to read the last n lines of a program on python,d3873,7,d20124,False,read;integer;string;loop;file
q20124,how to read the last n lines of a program on python,d20072,8,d20124,False,read;integer;string;loop;file
q20124,how to read the last n lines of a program on python,d10720,9,d20124,False,read;integer;string;loop;file
q20124,how to read the last n lines of a program on python,d657,10,d20124,False,read;integer;string;loop;file
q20125,python mysql get list of table columns,d20125,1,d20125,True,column;table;list;database;search
q20125,python mysql get list of table columns,d295,2,d20125,False,column;table;list;database;search
q20125,python mysql get list of table columns,d11371,3,d20125,False,column;table;list;database;search
q20125,python mysql get list of table columns,d9112,4,d20125,False,column;table;list;database;search
q20125,python mysql get list of table columns,d16167,5,d20125,False,column;table;list;database;search
q20125,python mysql get list of table columns,d3200,6,d20125,False,column;table;list;database;search
q20125,python mysql get list of table columns,d12032,7,d20125,False,column;table;list;database;search
q20125,python mysql get list of table columns,d11089,8,d20125,False,column;table;list;database;search
q20125,python mysql get list of table columns,d16918,9,d20125,False,column;table;list;database;search
q20125,python mysql get list of table columns,d18733,10,d20125,False,column;table;list;database;search
q20126,how to get domain part of a url in python,d17419,1,d20126,False,search;method;string;error;row
q20126,how to get domain part of a url in python,d17294,2,d20126,False,search;method;string;error;row
q20126,how to get domain part of a url in python,d18206,3,d20126,False,search;method;string;error;row
q20126,how to get domain part of a url in python,d17243,4,d20126,False,search;method;string;error;row
q20126,how to get domain part of a url in python,d18026,5,d20126,False,search;method;string;error;row
q20126,how to get domain part of a url in python,d20269,6,d20126,False,search;method;string;error;row
q20126,how to get domain part of a url in python,d18560,7,d20126,False,search;method;string;error;row
q20126,how to get domain part of a url in python,d19277,8,d20126,False,search;method;string;error;row
q20126,how to get domain part of a url in python,d17027,9,d20126,False,search;method;string;error;row
q20126,how to get domain part of a url in python,d17788,10,d20126,False,search;method;string;error;row
q20127,python flatten a nested dictionaary,d3077,1,d20127,False,dictionary;integer;error;delete;loop
q20127,python flatten a nested dictionaary,d15121,2,d20127,False,dictionary;integer;error;delete;loop
q20127,python flatten a nested dictionaary,d11563,3,d20127,False,dictionary;integer;error;delete;loop
q20127,python flatten a nested dictionaary,d10692,4,d20127,False,dictionary;integer;error;delete;loop
q20127,python flatten a nested dictionaary,d14867,5,d20127,False,dictionary;integer;error;delete;loop
q20127,python flatten a nested dictionaary,d10753,6,d20127,False,dictionary;integer;error;delete;loop
q20127,python flatten a nested dictionaary,d10751,7,d20127,False,dictionary;integer;error;delete;loop
q20127,python flatten a nested dictionaary,d20367,8,d20127,False,dictionary;integer;error;delete;loop
q20127,python flatten a nested dictionaary,d2392,9,d20127,False,dictionary;integer;error;delete;loop
q20127,python flatten a nested dictionaary,d15076,10,d20127,False,dictionary;integer;error;delete;loop
q20128,python session set get,d9057,1,d20128,False,get;search;update;query;condition
q20128,python session set get,d8515,2,d20128,False,get;search;update;query;condition
q20128,python session set get,d15422,3,d20128,False,get;search;update;query;condition
q20128,python session set get,d15610,4,d20128,False,get;search;update;query;condition
q20128,python session set get,d6350,5,d20128,False,get;search;update;query;condition
q20128,python session set get,d5654,6,d20128,False,get;search;update;query;condition
q20128,python session set get,d7230,7,d20128,False,get;search;update;query;condition
q20128,python session set get,d11519,8,d20128,False,get;search;update;query;condition
q20128,python session set get,d20128,9,d20128,True,get;search;update;query;condition
q20128,python session set get,d13717,10,d20128,False,get;search;update;query;condition
q20129,python save graph into file,d12566,1,d20129,False,save;file;write;database;error
q20129,python save graph into file,d15041,2,d20129,False,save;file;write;database;error
q20129,python save graph into file,d5269,3,d20129,False,save;file;write;database;error
q20129,python save graph into file,d5366,4,d20129,False,save;file;write;database;error
q20129,python save graph into file,d3793,5,d20129,False,save;file;write;database;error
q20129,python save graph into file,d10949,6,d20129,False,save;file;write;database;error
q20129,python save graph into file,d10830,7,d20129,False,save;file;write;database;error
q20129,python save graph into file,d7985,8,d20129,False,save;file;write;database;error
q20129,python save graph into file,d15777,9,d20129,False,save;file;write;database;error
q20129,python save graph into file,d13677,10,d20129,False,save;file;write;database;error
q20130,chmod python windows to remove file,d8739,1,d20130,False,file;delete;error;query;update
q20130,chmod python windows to remove file,d2120,2,d20130,False,file;delete;error;query;update
q20130,chmod python windows to remove file,d8422,3,d20130,False,file;delete;error;query;update
q20130,chmod python windows to remove file,d3612,4,d20130,False,file;delete;error;query;update
q20130,chmod python windows to remove file,d1747,5,d20130,False,file;delete;error;query;update
q20130,chmod python windows to remove file,d8168,6,d20130,False,file;delete;error;query;update
q20130,chmod python windows to remove file,d3761,7,d20130,False,file;delete;error;query;update
q20130,chmod python windows to remove file,d4360,8,d20130,False,file;delete;error;query;update
q20130,chmod python windows to remove file,d9182,9,d20130,False,file;delete;error;query;update
q20130,chmod python windows to remove file,d1368,10,d20130,False,file;delete;error;query;update
q20131,add suffixes on concat python,d8305,1,d20131,False,add;update;error;write;query
q20131,add suffixes on concat python,d20131,2,d20131,True,add;update;error;write;query
q20131,add suffixes on concat python,d9397,3,d20131,False,add;update;error;write;query
q20131,add suffixes on concat python,d2931,4,d20131,False,add;update;error;write;query
q20131,add suffixes on concat python,d9193,5,d20131,False,add;update;error;write;query
q20131,add suffixes on concat python,d14555,6,d20131,False,add;update;error;write;query
q20131,add suffixes on concat python,d13839,7,d20131,False,add;update;error;write;query
q20131,add suffixes on concat python,d20262,8,d20131,False,add;update;error;write;query
q20131,add suffixes on concat python,d16043,9,d20131,False,add;update;error;write;query
q20131,add suffixes on concat python,d11823,10,d20131,False,add;update;error;write;query
q20132,how to check python object iterable,d8132,1,d20132,False,integer;error;method;condition;search
q20132,how to check python object iterable,d12157,2,d20132,False,integer;error;method;condition;search
q20132,how to check python object iterable,d15415,3,d20132,False,integer;error;method;condition;search
q20132,how to check python object iterable,d12337,4,d20132,False,integer;error;method;condition;search
q20132,how to check python object iterable,d11890,5,d20132,False,integer;error;method;condition;search
q20132,how to check python object iterable,d12694,6,d20132,False,integer;error;method;condition;search
q20132,how to check python object iterable,d3807,7,d20132,False,integer;error;method;condition;search
q20132,how to check python object iterable,d20413,8,d20132,False,integer;error;method;condition;search
q20132,how to check python object iterable,d12434,9,d20132,False,integer;error;method;condition;search
q20132,how to check python object iterable,d2077,10,d20132,False,integer;error;method;condition;search
q20133,python 3 tkinter open file dialog,d14094,1,d20133,False,open;file;error;integer;query
q20133,python 3 tkinter open file dialog,d10520,2,d20133,False,open;file;error;integer;query
q20133,python 3 tkinter open file dialog,d20133,3,d20133,True,open;file;error;integer;query
q20133,python 3 tkinter open file dialog,d8489,4,d20133,False,open;file;error;integer;query
q20133,python 3 tkinter open file dialog,d11939,5,d20133,False,open;file;error;integer;query
q20133,python 3 tkinter open file dialog,d15965,6,d20133,False,open;file;error;integer;query
q20133,python 3 tkinter open file dialog,d13914,7,d20133,False,open;file;error;integer;query
q20133,python 3 tkinter open file dialog,d6763,8,d20133,False,open;file;error;integer;query
q20133,python 3 tkinter open file dialog,d1258,9,d20133,False,open;file;error;integer;query
q20133,python 3 tkinter open file dialog,d7734,10,d20133,False,open;file;error;integer;query
q20134,how to indent self python,d4812,1,d20134,False,integer;error;column;function;row
q20134,how to indent self python,d11103,2,d20134,False,integer;error;column;function;row
q20134,how to indent self python,d4275,3,d20134,False,integer;error;column;function;row
q20134,how to indent self python,d9126,4,d20134,False,integer;error;column;function;row
q20134,how to indent self python,d12693,5,d20134,False,integer;error;column;function;row
q20134,how to indent self python,d12668,6,d20134,False,integer;error;column;function;row
q20134,how to indent self python,d10534,7,d20134,False,integer;error;column;function;row
q20134,how to indent self python,d3062,8,d20134,False,integer;error;column;function;row
q20134,how to indent self python,d3861,9,d20134,False,integer;error;column;function;row
q20134,how to indent self python,d7027,10,d20134,False,integer;error;column;function;row
q20135,tracking centroid of an object python,d12455,1,d20135,False,method;update;row;string;search
q20135,tracking centroid of an object python,d16043,2,d20135,False,method;update;row;string;search
q20135,tracking centroid of an object python,d6939,3,d20135,False,method;update;row;string;search
q20135,tracking centroid of an object python,d10629,4,d20135,False,method;update;row;string;search
q20135,tracking centroid of an object python,d10059,5,d20135,False,method;update;row;string;search
q20135,tracking centroid of an object python,d20135,6,d20135,True,method;update;row;string;search
q20135,tracking centroid of an object python,d11823,7,d20135,False,method;update;row;string;search
q20135,tracking centroid of an object python,d8296,8,d20135,False,method;update;row;string;search
q20135,tracking centroid of an object python,d3580,9,d20135,False,method;update;row;string;search
q20135,tracking centroid of an object python,d1410,10,d20135,False,method;update;row;string;search
q20136,python3 ctypes return float array,d10557,1,d20136,False,array;return;error;integer;function
q20136,python3 ctypes return float array,d15474,2,d20136,False,array;return;error;integer;function
q20136,python3 ctypes return float array,d20136,3,d20136,True,array;return;error;integer;function
q20136,python3 ctypes return float array,d2156,4,d20136,False,array;return;error;integer;function
q20136,python3 ctypes return float array,d87,5,d20136,False,array;return;error;integer;function
q20136,python3 ctypes return float array,d4345,6,d20136,False,array;return;error;integer;function
q20136,python3 ctypes return float array,d14518,7,d20136,False,array;return;error;integer;function
q20136,python3 ctypes return float array,d1903,8,d20136,False,array;return;error;integer;function
q20136,python3 ctypes return float array,d4055,9,d20136,False,array;return;error;integer;function
q20136,python3 ctypes return float array,d1971,10,d20136,False,array;return;error;integer;function
q20137,how to make paragraphs in python,d20137,1,d20137,True,parameter;write;method;column;integer
q20137,how to make paragraphs in python,d17268,2,d20137,False,parameter;write;method;column;integer
q20137,how to make paragraphs in python,d20569,3,d20137,False,parameter;write;method;column;integer
q20137,how to make paragraphs in python,d13905,4,d20137,False,parameter;write;method;column;integer
q20137,how to make paragraphs in python,d16410,5,d20137,False,parameter;write;method;column;integer
q20137,how to make paragraphs in python,d7748,6,d20137,False,parameter;write;method;column;integer
q20137,how to make paragraphs in python,d11437,7,d20137,False,parameter;write;method;column;integer
q20137,how to make paragraphs in python,d19626,8,d20137,False,parameter;write;method;column;integer
q20137,how to make paragraphs in python,d18646,9,d20137,False,parameter;write;method;column;integer
q20137,how to make paragraphs in python,d19081,10,d20137,False,parameter;write;method;column;integer
q20138,python rest requests delete,d17825,1,d20138,False,delete;error;update;return;query
q20138,python rest requests delete,d5983,2,d20138,False,delete;error;update;return;query
q20138,python rest requests delete,d8781,3,d20138,False,delete;error;update;return;query
q20138,python rest requests delete,d12742,4,d20138,False,delete;error;update;return;query
q20138,python rest requests delete,d9632,5,d20138,False,delete;error;update;return;query
q20138,python rest requests delete,d8290,6,d20138,False,delete;error;update;return;query
q20138,python rest requests delete,d1935,7,d20138,False,delete;error;update;return;query
q20138,python rest requests delete,d5408,8,d20138,False,delete;error;update;return;query
q20138,python rest requests delete,d13034,9,d20138,False,delete;error;update;return;query
q20138,python rest requests delete,d8533,10,d20138,False,delete;error;update;return;query
q20139,python replace month number,d6075,1,d20139,False,integer;update;error;parameter;column
q20139,python replace month number,d20139,2,d20139,True,integer;update;error;parameter;column
q20139,python replace month number,d4359,3,d20139,False,integer;update;error;parameter;column
q20139,python replace month number,d10189,4,d20139,False,integer;update;error;parameter;column
q20139,python replace month number,d14327,5,d20139,False,integer;update;error;parameter;column
q20139,python replace month number,d1996,6,d20139,False,integer;update;error;parameter;column
q20139,python replace month number,d838,7,d20139,False,integer;update;error;parameter;column
q20139,python replace month number,d2976,8,d20139,False,integer;update;error;parameter;column
q20139,python replace month number,d5107,9,d20139,False,integer;update;error;parameter;column
q20139,python replace month number,d13258,10,d20139,False,integer;update;error;parameter;column
q20140,how to tell what type of data object is in python,d693,1,d20140,False,data;database;method;row;integer
q20140,how to tell what type of data object is in python,d13507,2,d20140,False,data;database;method;row;integer
q20140,how to tell what type of data object is in python,d2657,3,d20140,False,data;database;method;row;integer
q20140,how to tell what type of data object is in python,d5339,4,d20140,False,data;database;method;row;integer
q20140,how to tell what type of data object is in python,d9118,5,d20140,False,data;database;method;row;integer
q20140,how to tell what type of data object is in python,d4724,6,d20140,False,data;database;method;row;integer
q20140,how to tell what type of data object is in python,d3533,7,d20140,False,data;database;method;row;integer
q20140,how to tell what type of data object is in python,d13112,8,d20140,False,data;database;method;row;integer
q20140,how to tell what type of data object is in python,d3562,9,d20140,False,data;database;method;row;integer
q20140,how to tell what type of data object is in python,d208,10,d20140,False,data;database;method;row;integer
q20141,python jsonschema validate schema file,d15284,1,d20141,False,file;error;database;column;update
q20141,python jsonschema validate schema file,d20141,2,d20141,True,file;error;database;column;update
q20141,python jsonschema validate schema file,d2088,3,d20141,False,file;error;database;column;update
q20141,python jsonschema validate schema file,d13970,4,d20141,False,file;error;database;column;update
q20141,python jsonschema validate schema file,d18750,5,d20141,False,file;error;database;column;update
q20141,python jsonschema validate schema file,d20300,6,d20141,False,file;error;database;column;update
q20141,python jsonschema validate schema file,d5878,7,d20141,False,file;error;database;column;update
q20141,python jsonschema validate schema file,d5787,8,d20141,False,file;error;database;column;update
q20141,python jsonschema validate schema file,d784,9,d20141,False,file;error;database;column;update
q20141,python jsonschema validate schema file,d8435,10,d20141,False,file;error;database;column;update
q20142,get wechat access token python,d20142,1,d20142,True,get;search;update;query;save
q20142,get wechat access token python,d1054,2,d20142,False,get;search;update;query;save
q20142,get wechat access token python,d11502,3,d20142,False,get;search;update;query;save
q20142,get wechat access token python,d20200,4,d20142,False,get;search;update;query;save
q20142,get wechat access token python,d3999,5,d20142,False,get;search;update;query;save
q20142,get wechat access token python,d931,6,d20142,False,get;search;update;query;save
q20142,get wechat access token python,d10790,7,d20142,False,get;search;update;query;save
q20142,get wechat access token python,d7315,8,d20142,False,get;search;update;query;save
q20142,get wechat access token python,d16427,9,d20142,False,get;search;update;query;save
q20142,get wechat access token python,d12468,10,d20142,False,get;search;update;query;save
q20143,python change str value to int,d10256,1,d20143,False,integer;string;update;variable;parameter
q20143,python change str value to int,d4606,2,d20143,False,integer;string;update;variable;parameter
q20143,python change str value to int,d16364,3,d20143,False,integer;string;update;variable;parameter
q20143,python change str value to int,d14977,4,d20143,False,integer;string;update;variable;parameter
q20143,python change str value to int,d4381,5,d20143,False,integer;string;update;variable;parameter
q20143,python change str value to int,d4311,6,d20143,False,integer;string;update;variable;parameter
q20143,python change str value to int,d12321,7,d20143,False,integer;string;update;variable;parameter
q20143,python change str value to int,d9736,8,d20143,False,integer;string;update;variable;parameter
q20143,python change str value to int,d12323,9,d20143,False,integer;string;update;variable;parameter
q20143,python change str value to int,d2028,10,d20143,False,integer;string;update;variable;parameter
q20144,implementing drag and drop python,d11823,1,d20144,False,update;row;error;method;query
q20144,implementing drag and drop python,d6142,2,d20144,False,update;row;error;method;query
q20144,implementing drag and drop python,d20144,3,d20144,True,update;row;error;method;query
q20144,implementing drag and drop python,d607,4,d20144,False,update;row;error;method;query
q20144,implementing drag and drop python,d7477,5,d20144,False,update;row;error;method;query
q20144,implementing drag and drop python,d5654,6,d20144,False,update;row;error;method;query
q20144,implementing drag and drop python,d15610,7,d20144,False,update;row;error;method;query
q20144,implementing drag and drop python,d15422,8,d20144,False,update;row;error;method;query
q20144,implementing drag and drop python,d7230,9,d20144,False,update;row;error;method;query
q20144,implementing drag and drop python,d11519,10,d20144,False,update;row;error;method;query
q20145,get unique list from two lists python,d4699,1,d20145,False,list;integer;get;search;return
q20145,get unique list from two lists python,d9172,2,d20145,False,list;integer;get;search;return
q20145,get unique list from two lists python,d13595,3,d20145,False,list;integer;get;search;return
q20145,get unique list from two lists python,d10158,4,d20145,False,list;integer;get;search;return
q20145,get unique list from two lists python,d2536,5,d20145,False,list;integer;get;search;return
q20145,get unique list from two lists python,d9682,6,d20145,False,list;integer;get;search;return
q20145,get unique list from two lists python,d8028,7,d20145,False,list;integer;get;search;return
q20145,get unique list from two lists python,d4936,8,d20145,False,list;integer;get;search;return
q20145,get unique list from two lists python,d6306,9,d20145,False,list;integer;get;search;return
q20145,get unique list from two lists python,d7937,10,d20145,False,list;integer;get;search;return
q20146,python 3 not runnning in git bash,d1078,1,d20146,False,error;update;delete;file;loop
q20146,python 3 not runnning in git bash,d20146,2,d20146,True,error;update;delete;file;loop
q20146,python 3 not runnning in git bash,d4777,3,d20146,False,error;update;delete;file;loop
q20146,python 3 not runnning in git bash,d715,4,d20146,False,error;update;delete;file;loop
q20146,python 3 not runnning in git bash,d5003,5,d20146,False,error;update;delete;file;loop
q20146,python 3 not runnning in git bash,d4961,6,d20146,False,error;update;delete;file;loop
q20146,python 3 not runnning in git bash,d4285,7,d20146,False,error;update;delete;file;loop
q20146,python 3 not runnning in git bash,d5131,8,d20146,False,error;update;delete;file;loop
q20146,python 3 not runnning in git bash,d2857,9,d20146,False,error;update;delete;file;loop
q20146,python 3 not runnning in git bash,d8353,10,d20146,False,error;update;delete;file;loop
q20147,create unknown number of names to print in python,d2976,1,d20147,False,integer;write;parameter;column;update
q20147,create unknown number of names to print in python,d13258,2,d20147,False,integer;write;parameter;column;update
q20147,create unknown number of names to print in python,d16545,3,d20147,False,integer;write;parameter;column;update
q20147,create unknown number of names to print in python,d1996,4,d20147,False,integer;write;parameter;column;update
q20147,create unknown number of names to print in python,d7218,5,d20147,False,integer;write;parameter;column;update
q20147,create unknown number of names to print in python,d14327,6,d20147,False,integer;write;parameter;column;update
q20147,create unknown number of names to print in python,d838,7,d20147,False,integer;write;parameter;column;update
q20147,create unknown number of names to print in python,d5107,8,d20147,False,integer;write;parameter;column;update
q20147,create unknown number of names to print in python,d3343,9,d20147,False,integer;write;parameter;column;update
q20147,create unknown number of names to print in python,d12101,10,d20147,False,integer;write;parameter;column;update
q20148,python json if element exists,d13194,1,d20148,False,error;integer;condition;string;function
q20148,python json if element exists,d5790,2,d20148,False,error;integer;condition;string;function
q20148,python json if element exists,d12832,3,d20148,False,error;integer;condition;string;function
q20148,python json if element exists,d13178,4,d20148,False,error;integer;condition;string;function
q20148,python json if element exists,d5036,5,d20148,False,error;integer;condition;string;function
q20148,python json if element exists,d6266,6,d20148,False,error;integer;condition;string;function
q20148,python json if element exists,d3010,7,d20148,False,error;integer;condition;string;function
q20148,python json if element exists,d19911,8,d20148,False,error;integer;condition;string;function
q20148,python json if element exists,d15542,9,d20148,False,error;integer;condition;string;function
q20148,python json if element exists,d9100,10,d20148,False,error;integer;condition;string;function
q20149,number of unique values in list python,d8028,1,d20149,False,list;integer;variable;error;update
q20149,number of unique values in list python,d13595,2,d20149,False,list;integer;variable;error;update
q20149,number of unique values in list python,d2536,3,d20149,False,list;integer;variable;error;update
q20149,number of unique values in list python,d10158,4,d20149,False,list;integer;variable;error;update
q20149,number of unique values in list python,d9682,5,d20149,False,list;integer;variable;error;update
q20149,number of unique values in list python,d9172,6,d20149,False,list;integer;variable;error;update
q20149,number of unique values in list python,d4936,7,d20149,False,list;integer;variable;error;update
q20149,number of unique values in list python,d4699,8,d20149,False,list;integer;variable;error;update
q20149,number of unique values in list python,d6306,9,d20149,False,list;integer;variable;error;update
q20149,number of unique values in list python,d10173,10,d20149,False,list;integer;variable;error;update
q20150,how to randomize items in a list in python,d11525,1,d20150,False,list;method;integer;update;column
q20150,how to randomize items in a list in python,d19894,2,d20150,False,list;method;integer;update;column
q20150,how to randomize items in a list in python,d14597,3,d20150,False,list;method;integer;update;column
q20150,how to randomize items in a list in python,d6254,4,d20150,False,list;method;integer;update;column
q20150,how to randomize items in a list in python,d6391,5,d20150,False,list;method;integer;update;column
q20150,how to randomize items in a list in python,d6065,6,d20150,False,list;method;integer;update;column
q20150,how to randomize items in a list in python,d13203,7,d20150,False,list;method;integer;update;column
q20150,how to randomize items in a list in python,d20145,8,d20150,False,list;method;integer;update;column
q20150,how to randomize items in a list in python,d6207,9,d20150,False,list;method;integer;update;column
q20150,how to randomize items in a list in python,d378,10,d20150,False,list;method;integer;update;column
q20151,python windows check for keypress,d15431,1,d20151,False,error;file;update;query;close
q20151,python windows check for keypress,d13302,2,d20151,False,error;file;update;query;close
q20151,python windows check for keypress,d18007,3,d20151,False,error;file;update;query;close
q20151,python windows check for keypress,d8669,4,d20151,False,error;file;update;query;close
q20151,python windows check for keypress,d12862,5,d20151,False,error;file;update;query;close
q20151,python windows check for keypress,d3298,6,d20151,False,error;file;update;query;close
q20151,python windows check for keypress,d4861,7,d20151,False,error;file;update;query;close
q20151,python windows check for keypress,d5267,8,d20151,False,error;file;update;query;close
q20151,python windows check for keypress,d824,9,d20151,False,error;file;update;query;close
q20151,python windows check for keypress,d3416,10,d20151,False,error;file;update;query;close
q20152,python bind scrollbar to canvas,d6216,1,d20152,False,loop;row;add;column;error
q20152,python bind scrollbar to canvas,d16023,2,d20152,False,loop;row;add;column;error
q20152,python bind scrollbar to canvas,d4096,3,d20152,False,loop;row;add;column;error
q20152,python bind scrollbar to canvas,d7645,4,d20152,False,loop;row;add;column;error
q20152,python bind scrollbar to canvas,d20152,5,d20152,True,loop;row;add;column;error
q20152,python bind scrollbar to canvas,d11455,6,d20152,False,loop;row;add;column;error
q20152,python bind scrollbar to canvas,d9885,7,d20152,False,loop;row;add;column;error
q20152,python bind scrollbar to canvas,d3951,8,d20152,False,loop;row;add;column;error
q20152,python bind scrollbar to canvas,d20468,9,d20152,False,loop;row;add;column;error
q20152,python bind scrollbar to canvas,d15973,10,d20152,False,loop;row;add;column;error
q20153,python setlevel how to only record error,d13396,1,d20153,False,error;loop;row;delete;file
q20153,python setlevel how to only record error,d3398,2,d20153,False,error;loop;row;delete;file
q20153,python setlevel how to only record error,d2927,3,d20153,False,error;loop;row;delete;file
q20153,python setlevel how to only record error,d5267,4,d20153,False,error;loop;row;delete;file
q20153,python setlevel how to only record error,d3416,5,d20153,False,error;loop;row;delete;file
q20153,python setlevel how to only record error,d824,6,d20153,False,error;loop;row;delete;file
q20153,python setlevel how to only record error,d9612,7,d20153,False,error;loop;row;delete;file
q20153,python setlevel how to only record error,d1313,8,d20153,False,error;loop;row;delete;file
q20153,python setlevel how to only record error,d5229,9,d20153,False,error;loop;row;delete;file
q20153,python setlevel how to only record error,d7734,10,d20153,False,error;loop;row;delete;file
q20154,format string with *args python,d1258,1,d20154,False,string;parameter;error;function;file
q20154,format string with *args python,d7734,2,d20154,False,string;parameter;error;function;file
q20154,format string with *args python,d3392,3,d20154,False,string;parameter;error;function;file
q20154,format string with *args python,d2179,4,d20154,False,string;parameter;error;function;file
q20154,format string with *args python,d3812,5,d20154,False,string;parameter;error;function;file
q20154,format string with *args python,d4320,6,d20154,False,string;parameter;error;function;file
q20154,format string with *args python,d1379,7,d20154,False,string;parameter;error;function;file
q20154,format string with *args python,d18670,8,d20154,False,string;parameter;error;function;file
q20154,format string with *args python,d16926,9,d20154,False,string;parameter;error;function;file
q20154,format string with *args python,d17573,10,d20154,False,string;parameter;error;function;file
q20155,python get hostip from url,d18954,1,d20155,False,search;error;loop;string;row
q20155,python get hostip from url,d18711,2,d20155,False,search;error;loop;string;row
q20155,python get hostip from url,d18704,3,d20155,False,search;error;loop;string;row
q20155,python get hostip from url,d19100,4,d20155,False,search;error;loop;string;row
q20155,python get hostip from url,d19870,5,d20155,False,search;error;loop;string;row
q20155,python get hostip from url,d16928,6,d20155,False,search;error;loop;string;row
q20155,python get hostip from url,d19178,7,d20155,False,search;error;loop;string;row
q20155,python get hostip from url,d20155,8,d20155,True,search;error;loop;string;row
q20155,python get hostip from url,d16816,9,d20155,False,search;error;loop;string;row
q20155,python get hostip from url,d18006,10,d20155,False,search;error;loop;string;row
q20156,python numpy masked vailding,d4164,1,d20156,False,variable;integer;warning;parameter;error
q20156,python numpy masked vailding,d6279,2,d20156,False,variable;integer;warning;parameter;error
q20156,python numpy masked vailding,d4176,3,d20156,False,variable;integer;warning;parameter;error
q20156,python numpy masked vailding,d12356,4,d20156,False,variable;integer;warning;parameter;error
q20156,python numpy masked vailding,d13884,5,d20156,False,variable;integer;warning;parameter;error
q20156,python numpy masked vailding,d8376,6,d20156,False,variable;integer;warning;parameter;error
q20156,python numpy masked vailding,d19611,7,d20156,False,variable;integer;warning;parameter;error
q20156,python numpy masked vailding,d18322,8,d20156,False,variable;integer;warning;parameter;error
q20156,python numpy masked vailding,d18623,9,d20156,False,variable;integer;warning;parameter;error
q20156,python numpy masked vailding,d19394,10,d20156,False,variable;integer;warning;parameter;error
q20157,python child widget close signal,d5653,1,d20157,False,close;error;column;update;string
q20157,python child widget close signal,d7086,2,d20157,False,close;error;column;update;string
q20157,python child widget close signal,d11666,3,d20157,False,close;error;column;update;string
q20157,python child widget close signal,d15833,4,d20157,False,close;error;column;update;string
q20157,python child widget close signal,d5651,5,d20157,False,close;error;column;update;string
q20157,python child widget close signal,d10385,6,d20157,False,close;error;column;update;string
q20157,python child widget close signal,d6985,7,d20157,False,close;error;column;update;string
q20157,python child widget close signal,d8142,8,d20157,False,close;error;column;update;string
q20157,python child widget close signal,d7887,9,d20157,False,close;error;column;update;string
q20157,python child widget close signal,d16083,10,d20157,False,close;error;column;update;string
q20158,python read from csv into numpy array,d19304,1,d20158,False,read;array;row;error;integer
q20158,python read from csv into numpy array,d18956,2,d20158,False,read;array;row;error;integer
q20158,python read from csv into numpy array,d18962,3,d20158,False,read;array;row;error;integer
q20158,python read from csv into numpy array,d19872,4,d20158,False,read;array;row;error;integer
q20158,python read from csv into numpy array,d18164,5,d20158,False,read;array;row;error;integer
q20158,python read from csv into numpy array,d18403,6,d20158,False,read;array;row;error;integer
q20158,python read from csv into numpy array,d17431,7,d20158,False,read;array;row;error;integer
q20158,python read from csv into numpy array,d18319,8,d20158,False,read;array;row;error;integer
q20158,python read from csv into numpy array,d20409,9,d20158,False,read;array;row;error;integer
q20158,python read from csv into numpy array,d19487,10,d20158,False,read;array;row;error;integer
q20159,cast string to bytearray python,d16509,1,d20159,False,string;error;array;integer;loop
q20159,cast string to bytearray python,d7533,2,d20159,False,string;error;array;integer;loop
q20159,cast string to bytearray python,d5108,3,d20159,False,string;error;array;integer;loop
q20159,cast string to bytearray python,d12330,4,d20159,False,string;error;array;integer;loop
q20159,cast string to bytearray python,d864,5,d20159,False,string;error;array;integer;loop
q20159,cast string to bytearray python,d13674,6,d20159,False,string;error;array;integer;loop
q20159,cast string to bytearray python,d8363,7,d20159,False,string;error;array;integer;loop
q20159,cast string to bytearray python,d2293,8,d20159,False,string;error;array;integer;loop
q20159,cast string to bytearray python,d624,9,d20159,False,string;error;array;integer;loop
q20159,cast string to bytearray python,d6593,10,d20159,False,string;error;array;integer;loop
q20160,load str into python object,d12273,1,d20160,False,string;loop;function;integer;method
q20160,load str into python object,d9736,2,d20160,False,string;loop;function;integer;method
q20160,load str into python object,d12323,3,d20160,False,string;loop;function;integer;method
q20160,load str into python object,d14977,4,d20160,False,string;loop;function;integer;method
q20160,load str into python object,d4311,5,d20160,False,string;loop;function;integer;method
q20160,load str into python object,d2028,6,d20160,False,string;loop;function;integer;method
q20160,load str into python object,d12321,7,d20160,False,string;loop;function;integer;method
q20160,load str into python object,d4381,8,d20160,False,string;loop;function;integer;method
q20160,load str into python object,d5113,9,d20160,False,string;loop;function;integer;method
q20160,load str into python object,d3246,10,d20160,False,string;loop;function;integer;method
q20161,python ldap get all groups a user belongs to,d1475,1,d20161,False,update;integer;database;data;query
q20161,python ldap get all groups a user belongs to,d20161,2,d20161,True,update;integer;database;data;query
q20161,python ldap get all groups a user belongs to,d5719,3,d20161,False,update;integer;database;data;query
q20161,python ldap get all groups a user belongs to,d14384,4,d20161,False,update;integer;database;data;query
q20161,python ldap get all groups a user belongs to,d16621,5,d20161,False,update;integer;database;data;query
q20161,python ldap get all groups a user belongs to,d263,6,d20161,False,update;integer;database;data;query
q20161,python ldap get all groups a user belongs to,d11823,7,d20161,False,update;integer;database;data;query
q20161,python ldap get all groups a user belongs to,d15610,8,d20161,False,update;integer;database;data;query
q20161,python ldap get all groups a user belongs to,d6350,9,d20161,False,update;integer;database;data;query
q20161,python ldap get all groups a user belongs to,d15422,10,d20161,False,update;integer;database;data;query
q20162,python check type if string,d8370,1,d20162,False,string;condition;error;method;variable
q20162,python check type if string,d8413,2,d20162,False,string;condition;error;method;variable
q20162,python check type if string,d7237,3,d20162,False,string;condition;error;method;variable
q20162,python check type if string,d4565,4,d20162,False,string;condition;error;method;variable
q20162,python check type if string,d4559,5,d20162,False,string;condition;error;method;variable
q20162,python check type if string,d4174,6,d20162,False,string;condition;error;method;variable
q20162,python check type if string,d2103,7,d20162,False,string;condition;error;method;variable
q20162,python check type if string,d2105,8,d20162,False,string;condition;error;method;variable
q20162,python check type if string,d4865,9,d20162,False,string;condition;error;method;variable
q20162,python check type if string,d1327,10,d20162,False,string;condition;error;method;variable
q20163,python get current globals,d18007,1,d20163,False,variable;integer;update;search;loop
q20163,python get current globals,d9762,2,d20163,False,variable;integer;update;search;loop
q20163,python get current globals,d6559,3,d20163,False,variable;integer;update;search;loop
q20163,python get current globals,d12249,4,d20163,False,variable;integer;update;search;loop
q20163,python get current globals,d1309,5,d20163,False,variable;integer;update;search;loop
q20163,python get current globals,d12897,6,d20163,False,variable;integer;update;search;loop
q20163,python get current globals,d4698,7,d20163,False,variable;integer;update;search;loop
q20163,python get current globals,d20493,8,d20163,False,variable;integer;update;search;loop
q20163,python get current globals,d2485,9,d20163,False,variable;integer;update;search;loop
q20163,python get current globals,d19831,10,d20163,False,variable;integer;update;search;loop
q20164,get child loggers python,d15431,1,d20164,False,search;loop;update;get;error
q20164,get child loggers python,d13302,2,d20164,False,search;loop;update;get;error
q20164,get child loggers python,d12659,3,d20164,False,search;loop;update;get;error
q20164,get child loggers python,d2292,4,d20164,False,search;loop;update;get;error
q20164,get child loggers python,d12661,5,d20164,False,search;loop;update;get;error
q20164,get child loggers python,d8708,6,d20164,False,search;loop;update;get;error
q20164,get child loggers python,d15052,7,d20164,False,search;loop;update;get;error
q20164,get child loggers python,d252,8,d20164,False,search;loop;update;get;error
q20164,get child loggers python,d10436,9,d20164,False,search;loop;update;get;error
q20164,get child loggers python,d8277,10,d20164,False,search;loop;update;get;error
q20165,how to know if a text file is empty in python,d13396,1,d20165,False,file;error;string;database;delete
q20165,how to know if a text file is empty in python,d10610,2,d20165,False,file;error;string;database;delete
q20165,how to know if a text file is empty in python,d10682,3,d20165,False,file;error;string;database;delete
q20165,how to know if a text file is empty in python,d10383,4,d20165,False,file;error;string;database;delete
q20165,how to know if a text file is empty in python,d9827,5,d20165,False,file;error;string;database;delete
q20165,how to know if a text file is empty in python,d13279,6,d20165,False,file;error;string;database;delete
q20165,how to know if a text file is empty in python,d20039,7,d20165,False,file;error;string;database;delete
q20165,how to know if a text file is empty in python,d11252,8,d20165,False,file;error;string;database;delete
q20165,how to know if a text file is empty in python,d304,9,d20165,False,file;error;string;database;delete
q20165,how to know if a text file is empty in python,d3694,10,d20165,False,file;error;string;database;delete
q20166,python normal distribution p values,d11319,1,d20166,False,parameter;integer;variable;error;function
q20166,python normal distribution p values,d10083,2,d20166,False,parameter;integer;variable;error;function
q20166,python normal distribution p values,d10810,3,d20166,False,parameter;integer;variable;error;function
q20166,python normal distribution p values,d5202,4,d20166,False,parameter;integer;variable;error;function
q20166,python normal distribution p values,d8617,5,d20166,False,parameter;integer;variable;error;function
q20166,python normal distribution p values,d404,6,d20166,False,parameter;integer;variable;error;function
q20166,python normal distribution p values,d5947,7,d20166,False,parameter;integer;variable;error;function
q20166,python normal distribution p values,d20166,8,d20166,True,parameter;integer;variable;error;function
q20166,python normal distribution p values,d14935,9,d20166,False,parameter;integer;variable;error;function
q20166,python normal distribution p values,d6666,10,d20166,False,parameter;integer;variable;error;function
q20167,python ctypes array of arrays,d6463,1,d20167,False,array;integer;string;error;row
q20167,python ctypes array of arrays,d4447,2,d20167,False,array;integer;string;error;row
q20167,python ctypes array of arrays,d6506,3,d20167,False,array;integer;string;error;row
q20167,python ctypes array of arrays,d6132,4,d20167,False,array;integer;string;error;row
q20167,python ctypes array of arrays,d8864,5,d20167,False,array;integer;string;error;row
q20167,python ctypes array of arrays,d14244,6,d20167,False,array;integer;string;error;row
q20167,python ctypes array of arrays,d2504,7,d20167,False,array;integer;string;error;row
q20167,python ctypes array of arrays,d16141,8,d20167,False,array;integer;string;error;row
q20167,python ctypes array of arrays,d14659,9,d20167,False,array;integer;string;error;row
q20167,python ctypes array of arrays,d83,10,d20167,False,array;integer;string;error;row
q20168,scale 1d array python to between 0 and 1,d20168,1,d20168,True,array;error;integer;close;row
q20168,scale 1d array python to between 0 and 1,d16845,2,d20168,False,array;error;integer;close;row
q20168,scale 1d array python to between 0 and 1,d4496,3,d20168,False,array;error;integer;close;row
q20168,scale 1d array python to between 0 and 1,d7184,4,d20168,False,array;error;integer;close;row
q20168,scale 1d array python to between 0 and 1,d16268,5,d20168,False,array;error;integer;close;row
q20168,scale 1d array python to between 0 and 1,d12313,6,d20168,False,array;error;integer;close;row
q20168,scale 1d array python to between 0 and 1,d6077,7,d20168,False,array;error;integer;close;row
q20168,scale 1d array python to between 0 and 1,d3765,8,d20168,False,array;error;integer;close;row
q20168,scale 1d array python to between 0 and 1,d18508,9,d20168,False,array;error;integer;close;row
q20168,scale 1d array python to between 0 and 1,d19254,10,d20168,False,array;error;integer;close;row
q20169,python upper case lower case converter,d17494,1,d20169,False,condition;loop;error;update;class
q20169,python upper case lower case converter,d19203,2,d20169,False,condition;loop;error;update;class
q20169,python upper case lower case converter,d17427,3,d20169,False,condition;loop;error;update;class
q20169,python upper case lower case converter,d19001,4,d20169,False,condition;loop;error;update;class
q20169,python upper case lower case converter,d18583,5,d20169,False,condition;loop;error;update;class
q20169,python upper case lower case converter,d16900,6,d20169,False,condition;loop;error;update;class
q20169,python upper case lower case converter,d19428,7,d20169,False,condition;loop;error;update;class
q20169,python upper case lower case converter,d17145,8,d20169,False,condition;loop;error;update;class
q20169,python upper case lower case converter,d17351,9,d20169,False,condition;loop;error;update;class
q20169,python upper case lower case converter,d16681,10,d20169,False,condition;loop;error;update;class
q20170,ply python expression evaluator,d13176,1,d20170,False,error;function;parameter;query;method
q20170,ply python expression evaluator,d8781,2,d20170,False,error;function;parameter;query;method
q20170,ply python expression evaluator,d12742,3,d20170,False,error;function;parameter;query;method
q20170,ply python expression evaluator,d8944,4,d20170,False,error;function;parameter;query;method
q20170,ply python expression evaluator,d11154,5,d20170,False,error;function;parameter;query;method
q20170,ply python expression evaluator,d9612,6,d20170,False,error;function;parameter;query;method
q20170,ply python expression evaluator,d824,7,d20170,False,error;function;parameter;query;method
q20170,ply python expression evaluator,d5267,8,d20170,False,error;function;parameter;query;method
q20170,ply python expression evaluator,d2927,9,d20170,False,error;function;parameter;query;method
q20170,ply python expression evaluator,d3398,10,d20170,False,error;function;parameter;query;method
q20171,python hashlib calc sha1 of file,d9726,1,d20171,False,file;integer;error;database;variable
q20171,python hashlib calc sha1 of file,d5639,2,d20171,False,file;integer;error;database;variable
q20171,python hashlib calc sha1 of file,d20171,3,d20171,True,file;integer;error;database;variable
q20171,python hashlib calc sha1 of file,d15119,4,d20171,False,file;integer;error;database;variable
q20171,python hashlib calc sha1 of file,d5641,5,d20171,False,file;integer;error;database;variable
q20171,python hashlib calc sha1 of file,d7689,6,d20171,False,file;integer;error;database;variable
q20171,python hashlib calc sha1 of file,d10223,7,d20171,False,file;integer;error;database;variable
q20171,python hashlib calc sha1 of file,d13318,8,d20171,False,file;integer;error;database;variable
q20171,python hashlib calc sha1 of file,d2971,9,d20171,False,file;integer;error;database;variable
q20171,python hashlib calc sha1 of file,d548,10,d20171,False,file;integer;error;database;variable
q20172,python pdb no capture std output,d13499,1,d20172,False,error;string;database;parameter;integer
q20172,python pdb no capture std output,d1039,2,d20172,False,error;string;database;parameter;integer
q20172,python pdb no capture std output,d7367,3,d20172,False,error;string;database;parameter;integer
q20172,python pdb no capture std output,d11091,4,d20172,False,error;string;database;parameter;integer
q20172,python pdb no capture std output,d11441,5,d20172,False,error;string;database;parameter;integer
q20172,python pdb no capture std output,d1041,6,d20172,False,error;string;database;parameter;integer
q20172,python pdb no capture std output,d1043,7,d20172,False,error;string;database;parameter;integer
q20172,python pdb no capture std output,d20172,8,d20172,True,error;string;database;parameter;integer
q20172,python pdb no capture std output,d15539,9,d20172,False,error;string;database;parameter;integer
q20172,python pdb no capture std output,d20535,10,d20172,False,error;string;database;parameter;integer
q20173,python how to write a factorial,d6676,1,d20173,False,write;function;integer;parameter;variable
q20173,python how to write a factorial,d15554,2,d20173,False,write;function;integer;parameter;variable
q20173,python how to write a factorial,d15032,3,d20173,False,write;function;integer;parameter;variable
q20173,python how to write a factorial,d9372,4,d20173,False,write;function;integer;parameter;variable
q20173,python how to write a factorial,d6970,5,d20173,False,write;function;integer;parameter;variable
q20173,python how to write a factorial,d20173,6,d20173,True,write;function;integer;parameter;variable
q20173,python how to write a factorial,d2179,7,d20173,False,write;function;integer;parameter;variable
q20173,python how to write a factorial,d3812,8,d20173,False,write;function;integer;parameter;variable
q20173,python how to write a factorial,d17108,9,d20173,False,write;function;integer;parameter;variable
q20173,python how to write a factorial,d18646,10,d20173,False,write;function;integer;parameter;variable
q20174,python get the last column,d1593,1,d20174,False,column;row;update;loop;integer
q20174,python get the last column,d9730,2,d20174,False,column;row;update;loop;integer
q20174,python get the last column,d5047,3,d20174,False,column;row;update;loop;integer
q20174,python get the last column,d659,4,d20174,False,column;row;update;loop;integer
q20174,python get the last column,d3195,5,d20174,False,column;row;update;loop;integer
q20174,python get the last column,d9183,6,d20174,False,column;row;update;loop;integer
q20174,python get the last column,d20174,7,d20174,True,column;row;update;loop;integer
q20174,python get the last column,d697,8,d20174,False,column;row;update;loop;integer
q20174,python get the last column,d11047,9,d20174,False,column;row;update;loop;integer
q20174,python get the last column,d7042,10,d20174,False,column;row;update;loop;integer
q20175,python how to change file extension,d11823,1,d20175,False,file;update;error;write;database
q20175,python how to change file extension,d801,2,d20175,False,file;update;error;write;database
q20175,python how to change file extension,d18007,3,d20175,False,file;update;error;write;database
q20175,python how to change file extension,d5154,4,d20175,False,file;update;error;write;database
q20175,python how to change file extension,d9235,5,d20175,False,file;update;error;write;database
q20175,python how to change file extension,d10716,6,d20175,False,file;update;error;write;database
q20175,python how to change file extension,d1843,7,d20175,False,file;update;error;write;database
q20175,python how to change file extension,d15075,8,d20175,False,file;update;error;write;database
q20175,python how to change file extension,d12494,9,d20175,False,file;update;error;write;database
q20175,python how to change file extension,d6595,10,d20175,False,file;update;error;write;database
q20176,python get process memory info,d7501,1,d20176,False,parameter;file;integer;database;error
q20176,python get process memory info,d7417,2,d20176,False,parameter;file;integer;database;error
q20176,python get process memory info,d11011,3,d20176,False,parameter;file;integer;database;error
q20176,python get process memory info,d10874,4,d20176,False,parameter;file;integer;database;error
q20176,python get process memory info,d7054,5,d20176,False,parameter;file;integer;database;error
q20176,python get process memory info,d12885,6,d20176,False,parameter;file;integer;database;error
q20176,python get process memory info,d8920,7,d20176,False,parameter;file;integer;database;error
q20176,python get process memory info,d1793,8,d20176,False,parameter;file;integer;database;error
q20176,python get process memory info,d17829,9,d20176,False,parameter;file;integer;database;error
q20176,python get process memory info,d16930,10,d20176,False,parameter;file;integer;database;error
q20177,check if 2 string are equal python,d1864,1,d20177,False,string;error;integer;variable;boolean
q20177,check if 2 string are equal python,d7246,2,d20177,False,string;error;integer;variable;boolean
q20177,check if 2 string are equal python,d6665,3,d20177,False,string;error;integer;variable;boolean
q20177,check if 2 string are equal python,d444,4,d20177,False,string;error;integer;variable;boolean
q20177,check if 2 string are equal python,d4555,5,d20177,False,string;error;integer;variable;boolean
q20177,check if 2 string are equal python,d2347,6,d20177,False,string;error;integer;variable;boolean
q20177,check if 2 string are equal python,d11293,7,d20177,False,string;error;integer;variable;boolean
q20177,check if 2 string are equal python,d4605,8,d20177,False,string;error;integer;variable;boolean
q20177,check if 2 string are equal python,d14801,9,d20177,False,string;error;integer;variable;boolean
q20177,check if 2 string are equal python,d10761,10,d20177,False,string;error;integer;variable;boolean
q20178,flask python create one table sqlalchemy,d6764,1,d20178,False,table;database;column;error;integer
q20178,flask python create one table sqlalchemy,d8839,2,d20178,False,table;database;column;error;integer
q20178,flask python create one table sqlalchemy,d20178,3,d20178,True,table;database;column;error;integer
q20178,flask python create one table sqlalchemy,d5878,4,d20178,False,table;database;column;error;integer
q20178,flask python create one table sqlalchemy,d10325,5,d20178,False,table;database;column;error;integer
q20178,flask python create one table sqlalchemy,d7616,6,d20178,False,table;database;column;error;integer
q20178,flask python create one table sqlalchemy,d8797,7,d20178,False,table;database;column;error;integer
q20178,flask python create one table sqlalchemy,d13659,8,d20178,False,table;database;column;error;integer
q20178,flask python create one table sqlalchemy,d2322,9,d20178,False,table;database;column;error;integer
q20178,flask python create one table sqlalchemy,d16042,10,d20178,False,table;database;column;error;integer
q20179,clean output folder in python,d20179,1,d20179,True,file;update;error;filter;close
q20179,clean output folder in python,d3051,2,d20179,False,file;update;error;filter;close
q20179,clean output folder in python,d10913,3,d20179,False,file;update;error;filter;close
q20179,clean output folder in python,d10488,4,d20179,False,file;update;error;filter;close
q20179,clean output folder in python,d4712,5,d20179,False,file;update;error;filter;close
q20179,clean output folder in python,d3398,6,d20179,False,file;update;error;filter;close
q20179,clean output folder in python,d2927,7,d20179,False,file;update;error;filter;close
q20179,clean output folder in python,d9612,8,d20179,False,file;update;error;filter;close
q20179,clean output folder in python,d5267,9,d20179,False,file;update;error;filter;close
q20179,clean output folder in python,d824,10,d20179,False,file;update;error;filter;close
q20180,python print nodes binary tree,d6035,1,d20180,False,integer;string;file;row;error
q20180,python print nodes binary tree,d16337,2,d20180,False,integer;string;file;row;error
q20180,python print nodes binary tree,d8586,3,d20180,False,integer;string;file;row;error
q20180,python print nodes binary tree,d5364,4,d20180,False,integer;string;file;row;error
q20180,python print nodes binary tree,d18868,5,d20180,False,integer;string;file;row;error
q20180,python print nodes binary tree,d19873,6,d20180,False,integer;string;file;row;error
q20180,python print nodes binary tree,d17805,7,d20180,False,integer;string;file;row;error
q20180,python print nodes binary tree,d17719,8,d20180,False,integer;string;file;row;error
q20180,python print nodes binary tree,d17862,9,d20180,False,integer;string;file;row;error
q20180,python print nodes binary tree,d18565,10,d20180,False,integer;string;file;row;error
q20181,python query string parsing,d6056,1,d20181,False,string;parameter;integer;variable;query
q20181,python query string parsing,d20336,2,d20181,False,string;parameter;integer;variable;query
q20181,python query string parsing,d5700,3,d20181,False,string;parameter;integer;variable;query
q20181,python query string parsing,d3144,4,d20181,False,string;parameter;integer;variable;query
q20181,python query string parsing,d14275,5,d20181,False,string;parameter;integer;variable;query
q20181,python query string parsing,d5510,6,d20181,False,string;parameter;integer;variable;query
q20181,python query string parsing,d677,7,d20181,False,string;parameter;integer;variable;query
q20181,python query string parsing,d11527,8,d20181,False,string;parameter;integer;variable;query
q20181,python query string parsing,d16275,9,d20181,False,string;parameter;integer;variable;query
q20181,python query string parsing,d13103,10,d20181,False,string;parameter;integer;variable;query
q20182,cycle through a folder of images python,d16090,1,d20182,False,file;loop;query;error;filter
q20182,cycle through a folder of images python,d12510,2,d20182,False,file;loop;query;error;filter
q20182,cycle through a folder of images python,d8576,3,d20182,False,file;loop;query;error;filter
q20182,cycle through a folder of images python,d4974,4,d20182,False,file;loop;query;error;filter
q20182,cycle through a folder of images python,d13165,5,d20182,False,file;loop;query;error;filter
q20182,cycle through a folder of images python,d3230,6,d20182,False,file;loop;query;error;filter
q20182,cycle through a folder of images python,d20182,7,d20182,True,file;loop;query;error;filter
q20182,cycle through a folder of images python,d8335,8,d20182,False,file;loop;query;error;filter
q20182,cycle through a folder of images python,d8392,9,d20182,False,file;loop;query;error;filter
q20182,cycle through a folder of images python,d16570,10,d20182,False,file;loop;query;error;filter
q20183,check if a date is valid python,d19715,1,d20183,False,error;update;condition;integer;database
q20183,check if a date is valid python,d18066,2,d20183,False,error;update;condition;integer;database
q20183,check if a date is valid python,d16664,3,d20183,False,error;update;condition;integer;database
q20183,check if a date is valid python,d19213,4,d20183,False,error;update;condition;integer;database
q20183,check if a date is valid python,d20183,5,d20183,True,error;update;condition;integer;database
q20183,check if a date is valid python,d17325,6,d20183,False,error;update;condition;integer;database
q20183,check if a date is valid python,d18384,7,d20183,False,error;update;condition;integer;database
q20183,check if a date is valid python,d17285,8,d20183,False,error;update;condition;integer;database
q20183,check if a date is valid python,d17871,9,d20183,False,error;update;condition;integer;database
q20183,check if a date is valid python,d18509,10,d20183,False,error;update;condition;integer;database
q20184,python spherical bessel functions,d7729,1,d20184,False,function;error;parameter;integer;method
q20184,python spherical bessel functions,d20184,2,d20184,True,function;error;parameter;integer;method
q20184,python spherical bessel functions,d3527,3,d20184,False,function;error;parameter;integer;method
q20184,python spherical bessel functions,d14509,4,d20184,False,function;error;parameter;integer;method
q20184,python spherical bessel functions,d4627,5,d20184,False,function;error;parameter;integer;method
q20184,python spherical bessel functions,d6231,6,d20184,False,function;error;parameter;integer;method
q20184,python spherical bessel functions,d19657,7,d20184,False,function;error;parameter;integer;method
q20184,python spherical bessel functions,d3378,8,d20184,False,function;error;parameter;integer;method
q20184,python spherical bessel functions,d2261,9,d20184,False,function;error;parameter;integer;method
q20184,python spherical bessel functions,d6233,10,d20184,False,function;error;parameter;integer;method
q20185,how to check a file is empty in python,d9827,1,d20185,False,file;error;search;delete;update
q20185,how to check a file is empty in python,d3690,2,d20185,False,file;error;search;delete;update
q20185,how to check a file is empty in python,d11252,3,d20185,False,file;error;search;delete;update
q20185,how to check a file is empty in python,d10682,4,d20185,False,file;error;search;delete;update
q20185,how to check a file is empty in python,d10610,5,d20185,False,file;error;search;delete;update
q20185,how to check a file is empty in python,d13279,6,d20185,False,file;error;search;delete;update
q20185,how to check a file is empty in python,d10383,7,d20185,False,file;error;search;delete;update
q20185,how to check a file is empty in python,d20039,8,d20185,False,file;error;search;delete;update
q20185,how to check a file is empty in python,d304,9,d20185,False,file;error;search;delete;update
q20185,how to check a file is empty in python,d3694,10,d20185,False,file;error;search;delete;update
q20186,python stop process multiprocessing,d3709,1,d20186,False,close;error;method;loop;warning
q20186,python stop process multiprocessing,d3017,2,d20186,False,close;error;method;loop;warning
q20186,python stop process multiprocessing,d20186,3,d20186,True,close;error;method;loop;warning
q20186,python stop process multiprocessing,d11311,4,d20186,False,close;error;method;loop;warning
q20186,python stop process multiprocessing,d15316,5,d20186,False,close;error;method;loop;warning
q20186,python stop process multiprocessing,d16109,6,d20186,False,close;error;method;loop;warning
q20186,python stop process multiprocessing,d5627,7,d20186,False,close;error;method;loop;warning
q20186,python stop process multiprocessing,d8454,8,d20186,False,close;error;method;loop;warning
q20186,python stop process multiprocessing,d3219,9,d20186,False,close;error;method;loop;warning
q20186,python stop process multiprocessing,d9793,10,d20186,False,close;error;method;loop;warning
q20187,python make sure all words are separated by a single space,d5789,1,d20187,False,row;integer;string;loop;error
q20187,python make sure all words are separated by a single space,d8104,2,d20187,False,row;integer;string;loop;error
q20187,python make sure all words are separated by a single space,d3611,3,d20187,False,row;integer;string;loop;error
q20187,python make sure all words are separated by a single space,d16226,4,d20187,False,row;integer;string;loop;error
q20187,python make sure all words are separated by a single space,d11323,5,d20187,False,row;integer;string;loop;error
q20187,python make sure all words are separated by a single space,d5462,6,d20187,False,row;integer;string;loop;error
q20187,python make sure all words are separated by a single space,d13456,7,d20187,False,row;integer;string;loop;error
q20187,python make sure all words are separated by a single space,d11734,8,d20187,False,row;integer;string;loop;error
q20187,python make sure all words are separated by a single space,d13592,9,d20187,False,row;integer;string;loop;error
q20187,python make sure all words are separated by a single space,d6269,10,d20187,False,row;integer;string;loop;error
q20188,making a multidimensional array of only 1 in python,d10198,1,d20188,False,array;integer;row;variable;error
q20188,making a multidimensional array of only 1 in python,d4839,2,d20188,False,array;integer;row;variable;error
q20188,making a multidimensional array of only 1 in python,d7373,3,d20188,False,array;integer;row;variable;error
q20188,making a multidimensional array of only 1 in python,d3080,4,d20188,False,array;integer;row;variable;error
q20188,making a multidimensional array of only 1 in python,d2486,5,d20188,False,array;integer;row;variable;error
q20188,making a multidimensional array of only 1 in python,d9395,6,d20188,False,array;integer;row;variable;error
q20188,making a multidimensional array of only 1 in python,d61,7,d20188,False,array;integer;row;variable;error
q20188,making a multidimensional array of only 1 in python,d3106,8,d20188,False,array;integer;row;variable;error
q20188,making a multidimensional array of only 1 in python,d6856,9,d20188,False,array;integer;row;variable;error
q20188,making a multidimensional array of only 1 in python,d14086,10,d20188,False,array;integer;row;variable;error
q20189,python initialize variable of an object,d20189,1,d20189,True,variable;integer;function;parameter;row
q20189,python initialize variable of an object,d8636,2,d20189,False,variable;integer;function;parameter;row
q20189,python initialize variable of an object,d13965,3,d20189,False,variable;integer;function;parameter;row
q20189,python initialize variable of an object,d5775,4,d20189,False,variable;integer;function;parameter;row
q20189,python initialize variable of an object,d4052,5,d20189,False,variable;integer;function;parameter;row
q20189,python initialize variable of an object,d13738,6,d20189,False,variable;integer;function;parameter;row
q20189,python initialize variable of an object,d10990,7,d20189,False,variable;integer;function;parameter;row
q20189,python initialize variable of an object,d15949,8,d20189,False,variable;integer;function;parameter;row
q20189,python initialize variable of an object,d10644,9,d20189,False,variable;integer;function;parameter;row
q20189,python initialize variable of an object,d1378,10,d20189,False,variable;integer;function;parameter;row
q20190,python elasticsearch limit results,d20190,1,d20190,True,search;error;update;list;parameter
q20190,python elasticsearch limit results,d12662,2,d20190,False,search;error;update;list;parameter
q20190,python elasticsearch limit results,d2618,3,d20190,False,search;error;update;list;parameter
q20190,python elasticsearch limit results,d8934,4,d20190,False,search;error;update;list;parameter
q20190,python elasticsearch limit results,d4776,5,d20190,False,search;error;update;list;parameter
q20190,python elasticsearch limit results,d6635,6,d20190,False,search;error;update;list;parameter
q20190,python elasticsearch limit results,d4583,7,d20190,False,search;error;update;list;parameter
q20190,python elasticsearch limit results,d1860,8,d20190,False,search;error;update;list;parameter
q20190,python elasticsearch limit results,d17920,9,d20190,False,search;error;update;list;parameter
q20190,python elasticsearch limit results,d19107,10,d20190,False,search;error;update;list;parameter
q20191,how to force exit python without raise,d4047,1,d20191,False,error;delete;function;return;save
q20191,how to force exit python without raise,d2332,2,d20191,False,error;delete;function;return;save
q20191,how to force exit python without raise,d15561,3,d20191,False,error;delete;function;return;save
q20191,how to force exit python without raise,d78,4,d20191,False,error;delete;function;return;save
q20191,how to force exit python without raise,d6152,5,d20191,False,error;delete;function;return;save
q20191,how to force exit python without raise,d9835,6,d20191,False,error;delete;function;return;save
q20191,how to force exit python without raise,d14498,7,d20191,False,error;delete;function;return;save
q20191,how to force exit python without raise,d9546,8,d20191,False,error;delete;function;return;save
q20191,how to force exit python without raise,d14724,9,d20191,False,error;delete;function;return;save
q20191,how to force exit python without raise,d18731,10,d20191,False,error;delete;function;return;save
q20192,python weak reference to bound method,d1813,1,d20192,False,error;method;function;integer;condition
q20192,python weak reference to bound method,d10999,2,d20192,False,error;method;function;integer;condition
q20192,python weak reference to bound method,d1039,3,d20192,False,error;method;function;integer;condition
q20192,python weak reference to bound method,d11091,4,d20192,False,error;method;function;integer;condition
q20192,python weak reference to bound method,d7367,5,d20192,False,error;method;function;integer;condition
q20192,python weak reference to bound method,d13499,6,d20192,False,error;method;function;integer;condition
q20192,python weak reference to bound method,d11441,7,d20192,False,error;method;function;integer;condition
q20192,python weak reference to bound method,d18646,8,d20192,False,error;method;function;integer;condition
q20192,python weak reference to bound method,d17108,9,d20192,False,error;method;function;integer;condition
q20192,python weak reference to bound method,d19626,10,d20192,False,error;method;function;integer;condition
q20193,calling index iterable python,d15021,1,d20193,False,integer;error;search;parameter;column
q20193,calling index iterable python,d11048,2,d20193,False,integer;error;search;parameter;column
q20193,calling index iterable python,d8862,3,d20193,False,integer;error;search;parameter;column
q20193,calling index iterable python,d9167,4,d20193,False,integer;error;search;parameter;column
q20193,calling index iterable python,d4986,5,d20193,False,integer;error;search;parameter;column
q20193,calling index iterable python,d7018,6,d20193,False,integer;error;search;parameter;column
q20193,calling index iterable python,d3391,7,d20193,False,integer;error;search;parameter;column
q20193,calling index iterable python,d4702,8,d20193,False,integer;error;search;parameter;column
q20193,calling index iterable python,d2782,9,d20193,False,integer;error;search;parameter;column
q20193,calling index iterable python,d19484,10,d20193,False,integer;error;search;parameter;column
q20194,python datetime maybe undefined,d4502,1,d20194,False,error;integer;update;data;database
q20194,python datetime maybe undefined,d13904,2,d20194,False,error;integer;update;data;database
q20194,python datetime maybe undefined,d17913,3,d20194,False,error;integer;update;data;database
q20194,python datetime maybe undefined,d18199,4,d20194,False,error;integer;update;data;database
q20194,python datetime maybe undefined,d18338,5,d20194,False,error;integer;update;data;database
q20194,python datetime maybe undefined,d11823,6,d20194,False,error;integer;update;data;database
q20194,python datetime maybe undefined,d12455,7,d20194,False,error;integer;update;data;database
q20194,python datetime maybe undefined,d18007,8,d20194,False,error;integer;update;data;database
q20194,python datetime maybe undefined,d10345,9,d20194,False,error;integer;update;data;database
q20194,python datetime maybe undefined,d16501,10,d20194,False,error;integer;update;data;database
q20195,python go to next page,d10241,1,d20195,False,update;query;search;loop;open
q20195,python go to next page,d12182,2,d20195,False,update;query;search;loop;open
q20195,python go to next page,d13380,3,d20195,False,update;query;search;loop;open
q20195,python go to next page,d12632,4,d20195,False,update;query;search;loop;open
q20195,python go to next page,d1172,5,d20195,False,update;query;search;loop;open
q20195,python go to next page,d15708,6,d20195,False,update;query;search;loop;open
q20195,python go to next page,d13167,7,d20195,False,update;query;search;loop;open
q20195,python go to next page,d14787,8,d20195,False,update;query;search;loop;open
q20195,python go to next page,d7288,9,d20195,False,update;query;search;loop;open
q20195,python go to next page,d8742,10,d20195,False,update;query;search;loop;open
q20196,filling null value sin data frame in python,d4876,1,d20196,False,database;data;error;file;integer
q20196,filling null value sin data frame in python,d2364,2,d20196,False,database;data;error;file;integer
q20196,filling null value sin data frame in python,d7793,3,d20196,False,database;data;error;file;integer
q20196,filling null value sin data frame in python,d2666,4,d20196,False,database;data;error;file;integer
q20196,filling null value sin data frame in python,d8958,5,d20196,False,database;data;error;file;integer
q20196,filling null value sin data frame in python,d12565,6,d20196,False,database;data;error;file;integer
q20196,filling null value sin data frame in python,d20196,7,d20196,True,database;data;error;file;integer
q20196,filling null value sin data frame in python,d1024,8,d20196,False,database;data;error;file;integer
q20196,filling null value sin data frame in python,d15044,9,d20196,False,database;data;error;file;integer
q20196,filling null value sin data frame in python,d2670,10,d20196,False,database;data;error;file;integer
q20197,python run external command and get output,d8907,1,d20197,False,update;get;return;search;loop
q20197,python run external command and get output,d8908,2,d20197,False,update;get;return;search;loop
q20197,python run external command and get output,d16161,3,d20197,False,update;get;return;search;loop
q20197,python run external command and get output,d15648,4,d20197,False,update;get;return;search;loop
q20197,python run external command and get output,d2810,5,d20197,False,update;get;return;search;loop
q20197,python run external command and get output,d1974,6,d20197,False,update;get;return;search;loop
q20197,python run external command and get output,d2542,7,d20197,False,update;get;return;search;loop
q20197,python run external command and get output,d13147,8,d20197,False,update;get;return;search;loop
q20197,python run external command and get output,d6580,9,d20197,False,update;get;return;search;loop
q20197,python run external command and get output,d3199,10,d20197,False,update;get;return;search;loop
q20198,how to compile python program to use in c++,d11823,1,d20198,False,method;function;query;loop;update
q20198,how to compile python program to use in c++,d18593,2,d20198,False,method;function;query;loop;update
q20198,how to compile python program to use in c++,d16748,3,d20198,False,method;function;query;loop;update
q20198,how to compile python program to use in c++,d17051,4,d20198,False,method;function;query;loop;update
q20198,how to compile python program to use in c++,d18011,5,d20198,False,method;function;query;loop;update
q20198,how to compile python program to use in c++,d17070,6,d20198,False,method;function;query;loop;update
q20198,how to compile python program to use in c++,d17413,7,d20198,False,method;function;query;loop;update
q20198,how to compile python program to use in c++,d19623,8,d20198,False,method;function;query;loop;update
q20198,how to compile python program to use in c++,d18013,9,d20198,False,method;function;query;loop;update
q20198,how to compile python program to use in c++,d17893,10,d20198,False,method;function;query;loop;update
q20199,python img to bytearray,d2231,1,d20199,False,error;integer;array;row;loop
q20199,python img to bytearray,d5224,2,d20199,False,error;integer;array;row;loop
q20199,python img to bytearray,d18862,3,d20199,False,error;integer;array;row;loop
q20199,python img to bytearray,d10882,4,d20199,False,error;integer;array;row;loop
q20199,python img to bytearray,d4965,5,d20199,False,error;integer;array;row;loop
q20199,python img to bytearray,d6788,6,d20199,False,error;integer;array;row;loop
q20199,python img to bytearray,d6098,7,d20199,False,error;integer;array;row;loop
q20199,python img to bytearray,d9053,8,d20199,False,error;integer;array;row;loop
q20199,python img to bytearray,d1288,9,d20199,False,error;integer;array;row;loop
q20199,python img to bytearray,d20504,10,d20199,False,error;integer;array;row;loop
q20200,how to use access token oauth python,d1054,1,d20200,False,update;open;error;method;database
q20200,how to use access token oauth python,d16427,2,d20200,False,update;open;error;method;database
q20200,how to use access token oauth python,d8511,3,d20200,False,update;open;error;method;database
q20200,how to use access token oauth python,d12468,4,d20200,False,update;open;error;method;database
q20200,how to use access token oauth python,d7315,5,d20200,False,update;open;error;method;database
q20200,how to use access token oauth python,d2000,6,d20200,False,update;open;error;method;database
q20200,how to use access token oauth python,d11823,7,d20200,False,update;open;error;method;database
q20200,how to use access token oauth python,d11135,8,d20200,False,update;open;error;method;database
q20200,how to use access token oauth python,d20142,9,d20200,False,update;open;error;method;database
q20200,how to use access token oauth python,d7846,10,d20200,False,update;open;error;method;database
q20201,have python line continue on to next line,d15708,1,d20201,False,loop;close;error;integer;query
q20201,have python line continue on to next line,d13167,2,d20201,False,loop;close;error;integer;query
q20201,have python line continue on to next line,d20567,3,d20201,False,loop;close;error;integer;query
q20201,have python line continue on to next line,d20061,4,d20201,False,loop;close;error;integer;query
q20201,have python line continue on to next line,d15240,5,d20201,False,loop;close;error;integer;query
q20201,have python line continue on to next line,d14778,6,d20201,False,loop;close;error;integer;query
q20201,have python line continue on to next line,d15279,7,d20201,False,loop;close;error;integer;query
q20201,have python line continue on to next line,d7786,8,d20201,False,loop;close;error;integer;query
q20201,have python line continue on to next line,d4115,9,d20201,False,loop;close;error;integer;query
q20201,have python line continue on to next line,d650,10,d20201,False,loop;close;error;integer;query
q20202,precision of ints in python,d18973,1,d20202,False,integer;error;parameter;function;variable
q20202,precision of ints in python,d12219,2,d20202,False,integer;error;parameter;function;variable
q20202,precision of ints in python,d12680,3,d20202,False,integer;error;parameter;function;variable
q20202,precision of ints in python,d9768,4,d20202,False,integer;error;parameter;function;variable
q20202,precision of ints in python,d62,5,d20202,False,integer;error;parameter;function;variable
q20202,precision of ints in python,d1838,6,d20202,False,integer;error;parameter;function;variable
q20202,precision of ints in python,d6618,7,d20202,False,integer;error;parameter;function;variable
q20202,precision of ints in python,d20202,8,d20202,True,integer;error;parameter;function;variable
q20202,precision of ints in python,d3482,9,d20202,False,integer;error;parameter;function;variable
q20202,precision of ints in python,d6232,10,d20202,False,integer;error;parameter;function;variable
q20203,modify the dice roll program to call a function for the die roll s python,d20203,1,d20203,True,function;add;loop;dictionary;write
q20203,modify the dice roll program to call a function for the die roll s python,d5503,2,d20203,False,function;add;loop;dictionary;write
q20203,modify the dice roll program to call a function for the die roll s python,d18285,3,d20203,False,function;add;loop;dictionary;write
q20203,modify the dice roll program to call a function for the die roll s python,d7229,4,d20203,False,function;add;loop;dictionary;write
q20203,modify the dice roll program to call a function for the die roll s python,d11288,5,d20203,False,function;add;loop;dictionary;write
q20203,modify the dice roll program to call a function for the die roll s python,d6730,6,d20203,False,function;add;loop;dictionary;write
q20203,modify the dice roll program to call a function for the die roll s python,d13347,7,d20203,False,function;add;loop;dictionary;write
q20203,modify the dice roll program to call a function for the die roll s python,d8172,8,d20203,False,function;add;loop;dictionary;write
q20203,modify the dice roll program to call a function for the die roll s python,d5057,9,d20203,False,function;add;loop;dictionary;write
q20203,modify the dice roll program to call a function for the die roll s python,d787,10,d20203,False,function;add;loop;dictionary;write
q20204,python 'namespace' object is not iterable,d8132,1,d20204,False,error;integer;close;array;function
q20204,python 'namespace' object is not iterable,d12157,2,d20204,False,error;integer;close;array;function
q20204,python 'namespace' object is not iterable,d14613,3,d20204,False,error;integer;close;array;function
q20204,python 'namespace' object is not iterable,d13110,4,d20204,False,error;integer;close;array;function
q20204,python 'namespace' object is not iterable,d6329,5,d20204,False,error;integer;close;array;function
q20204,python 'namespace' object is not iterable,d4933,6,d20204,False,error;integer;close;array;function
q20204,python 'namespace' object is not iterable,d16140,7,d20204,False,error;integer;close;array;function
q20204,python 'namespace' object is not iterable,d10571,8,d20204,False,error;integer;close;array;function
q20204,python 'namespace' object is not iterable,d10231,9,d20204,False,error;integer;close;array;function
q20204,python 'namespace' object is not iterable,d12432,10,d20204,False,error;integer;close;array;function
q20205,how to specify seed for python random,d11358,1,d20205,False,method;save;error;parameter;integer
q20205,how to specify seed for python random,d2714,2,d20205,False,method;save;error;parameter;integer
q20205,how to specify seed for python random,d20205,3,d20205,True,method;save;error;parameter;integer
q20205,how to specify seed for python random,d12191,4,d20205,False,method;save;error;parameter;integer
q20205,how to specify seed for python random,d10884,5,d20205,False,method;save;error;parameter;integer
q20205,how to specify seed for python random,d666,6,d20205,False,method;save;error;parameter;integer
q20205,how to specify seed for python random,d9868,7,d20205,False,method;save;error;parameter;integer
q20205,how to specify seed for python random,d9722,8,d20205,False,method;save;error;parameter;integer
q20205,how to specify seed for python random,d12096,9,d20205,False,method;save;error;parameter;integer
q20205,how to specify seed for python random,d6732,10,d20205,False,method;save;error;parameter;integer
q20206,python use default arg,d6799,1,d20206,False,error;parameter;variable;integer;function
q20206,python use default arg,d1753,2,d20206,False,error;parameter;variable;integer;function
q20206,python use default arg,d3884,3,d20206,False,error;parameter;variable;integer;function
q20206,python use default arg,d10278,4,d20206,False,error;parameter;variable;integer;function
q20206,python use default arg,d11512,5,d20206,False,error;parameter;variable;integer;function
q20206,python use default arg,d13915,6,d20206,False,error;parameter;variable;integer;function
q20206,python use default arg,d20206,7,d20206,True,error;parameter;variable;integer;function
q20206,python use default arg,d12091,8,d20206,False,error;parameter;variable;integer;function
q20206,python use default arg,d6555,9,d20206,False,error;parameter;variable;integer;function
q20206,python use default arg,d5714,10,d20206,False,error;parameter;variable;integer;function
q20207,python change array dtype to int,d4496,1,d20207,False,array;integer;update;error;parameter
q20207,python change array dtype to int,d18161,2,d20207,False,array;integer;update;error;parameter
q20207,python change array dtype to int,d17883,3,d20207,False,array;integer;update;error;parameter
q20207,python change array dtype to int,d16829,4,d20207,False,array;integer;update;error;parameter
q20207,python change array dtype to int,d16885,5,d20207,False,array;integer;update;error;parameter
q20207,python change array dtype to int,d19591,6,d20207,False,array;integer;update;error;parameter
q20207,python change array dtype to int,d9143,7,d20207,False,array;integer;update;error;parameter
q20207,python change array dtype to int,d19272,8,d20207,False,array;integer;update;error;parameter
q20207,python change array dtype to int,d16732,9,d20207,False,array;integer;update;error;parameter
q20207,python change array dtype to int,d18207,10,d20207,False,array;integer;update;error;parameter
q20208,python forcible close socket before opening,d279,1,d20208,False,close;open;error;delete;loop
q20208,python forcible close socket before opening,d14566,2,d20208,False,close;open;error;delete;loop
q20208,python forcible close socket before opening,d14422,3,d20208,False,close;open;error;delete;loop
q20208,python forcible close socket before opening,d10486,4,d20208,False,close;open;error;delete;loop
q20208,python forcible close socket before opening,d11913,5,d20208,False,close;open;error;delete;loop
q20208,python forcible close socket before opening,d8442,6,d20208,False,close;open;error;delete;loop
q20208,python forcible close socket before opening,d10987,7,d20208,False,close;open;error;delete;loop
q20208,python forcible close socket before opening,d16397,8,d20208,False,close;open;error;delete;loop
q20208,python forcible close socket before opening,d2128,9,d20208,False,close;open;error;delete;loop
q20208,python forcible close socket before opening,d9745,10,d20208,False,close;open;error;delete;loop
q20209,python series'value non zero index,d15149,1,d20209,False,integer;error;variable;parameter;row
q20209,python series'value non zero index,d7859,2,d20209,False,integer;error;variable;parameter;row
q20209,python series'value non zero index,d7607,3,d20209,False,integer;error;variable;parameter;row
q20209,python series'value non zero index,d12200,4,d20209,False,integer;error;variable;parameter;row
q20209,python series'value non zero index,d1824,5,d20209,False,integer;error;variable;parameter;row
q20209,python series'value non zero index,d3383,6,d20209,False,integer;error;variable;parameter;row
q20209,python series'value non zero index,d11261,7,d20209,False,integer;error;variable;parameter;row
q20209,python series'value non zero index,d8939,8,d20209,False,integer;error;variable;parameter;row
q20209,python series'value non zero index,d2257,9,d20209,False,integer;error;variable;parameter;row
q20209,python series'value non zero index,d16523,10,d20209,False,integer;error;variable;parameter;row
q20210,how to add a number to certain elements of an array numpy python,d4048,1,d20210,False,add;array;integer;error;update
q20210,how to add a number to certain elements of an array numpy python,d5503,2,d20210,False,add;array;integer;error;update
q20210,how to add a number to certain elements of an array numpy python,d15802,3,d20210,False,add;array;integer;error;update
q20210,how to add a number to certain elements of an array numpy python,d9082,4,d20210,False,add;array;integer;error;update
q20210,how to add a number to certain elements of an array numpy python,d4020,5,d20210,False,add;array;integer;error;update
q20210,how to add a number to certain elements of an array numpy python,d9675,6,d20210,False,add;array;integer;error;update
q20210,how to add a number to certain elements of an array numpy python,d9677,7,d20210,False,add;array;integer;error;update
q20210,how to add a number to certain elements of an array numpy python,d8558,8,d20210,False,add;array;integer;error;update
q20210,how to add a number to certain elements of an array numpy python,d11847,9,d20210,False,add;array;integer;error;update
q20210,how to add a number to certain elements of an array numpy python,d11849,10,d20210,False,add;array;integer;error;update
q20211,python unit test and coverage at same time,d4278,1,d20211,False,update;parameter;search;error;variable
q20211,python unit test and coverage at same time,d908,2,d20211,False,update;parameter;search;error;variable
q20211,python unit test and coverage at same time,d12790,3,d20211,False,update;parameter;search;error;variable
q20211,python unit test and coverage at same time,d12459,4,d20211,False,update;parameter;search;error;variable
q20211,python unit test and coverage at same time,d20211,5,d20211,True,update;parameter;search;error;variable
q20211,python unit test and coverage at same time,d15686,6,d20211,False,update;parameter;search;error;variable
q20211,python unit test and coverage at same time,d14288,7,d20211,False,update;parameter;search;error;variable
q20211,python unit test and coverage at same time,d9731,8,d20211,False,update;parameter;search;error;variable
q20211,python unit test and coverage at same time,d16030,9,d20211,False,update;parameter;search;error;variable
q20211,python unit test and coverage at same time,d10242,10,d20211,False,update;parameter;search;error;variable
q20212,python only list files with specific extension,d5021,1,d20212,False,list;file;database;error;integer
q20212,python only list files with specific extension,d4645,2,d20212,False,list;file;database;error;integer
q20212,python only list files with specific extension,d4647,3,d20212,False,list;file;database;error;integer
q20212,python only list files with specific extension,d15613,4,d20212,False,list;file;database;error;integer
q20212,python only list files with specific extension,d13236,5,d20212,False,list;file;database;error;integer
q20212,python only list files with specific extension,d13878,6,d20212,False,list;file;database;error;integer
q20212,python only list files with specific extension,d12816,7,d20212,False,list;file;database;error;integer
q20212,python only list files with specific extension,d13081,8,d20212,False,list;file;database;error;integer
q20212,python only list files with specific extension,d11406,9,d20212,False,list;file;database;error;integer
q20212,python only list files with specific extension,d15685,10,d20212,False,list;file;database;error;integer
q20213,python global type hinting,d8373,1,d20213,False,method;integer;variable;condition;dictionary
q20213,python global type hinting,d7938,2,d20213,False,method;integer;variable;condition;dictionary
q20213,python global type hinting,d14938,3,d20213,False,method;integer;variable;condition;dictionary
q20213,python global type hinting,d6659,4,d20213,False,method;integer;variable;condition;dictionary
q20213,python global type hinting,d14708,5,d20213,False,method;integer;variable;condition;dictionary
q20213,python global type hinting,d6679,6,d20213,False,method;integer;variable;condition;dictionary
q20213,python global type hinting,d14725,7,d20213,False,method;integer;variable;condition;dictionary
q20213,python global type hinting,d12725,8,d20213,False,method;integer;variable;condition;dictionary
q20213,python global type hinting,d10474,9,d20213,False,method;integer;variable;condition;dictionary
q20213,python global type hinting,d5785,10,d20213,False,method;integer;variable;condition;dictionary
q20214,how to make a function in python to take the average of list numbers,d8754,1,d20214,False,function;list;method;parameter;integer
q20214,how to make a function in python to take the average of list numbers,d6937,2,d20214,False,function;list;method;parameter;integer
q20214,how to make a function in python to take the average of list numbers,d11033,3,d20214,False,function;list;method;parameter;integer
q20214,how to make a function in python to take the average of list numbers,d20214,4,d20214,True,function;list;method;parameter;integer
q20214,how to make a function in python to take the average of list numbers,d4885,5,d20214,False,function;list;method;parameter;integer
q20214,how to make a function in python to take the average of list numbers,d9039,6,d20214,False,function;list;method;parameter;integer
q20214,how to make a function in python to take the average of list numbers,d12493,7,d20214,False,function;list;method;parameter;integer
q20214,how to make a function in python to take the average of list numbers,d82,8,d20214,False,function;list;method;parameter;integer
q20214,how to make a function in python to take the average of list numbers,d1058,9,d20214,False,function;list;method;parameter;integer
q20214,how to make a function in python to take the average of list numbers,d16481,10,d20214,False,function;list;method;parameter;integer
q20215,check if two arrays are equal python,d12356,1,d20215,False,array;error;integer;variable;loop
q20215,check if two arrays are equal python,d8376,2,d20215,False,array;error;integer;variable;loop
q20215,check if two arrays are equal python,d6279,3,d20215,False,array;error;integer;variable;loop
q20215,check if two arrays are equal python,d19611,4,d20215,False,array;error;integer;variable;loop
q20215,check if two arrays are equal python,d4176,5,d20215,False,array;error;integer;variable;loop
q20215,check if two arrays are equal python,d4164,6,d20215,False,array;error;integer;variable;loop
q20215,check if two arrays are equal python,d13884,7,d20215,False,array;error;integer;variable;loop
q20215,check if two arrays are equal python,d11665,8,d20215,False,array;error;integer;variable;loop
q20215,check if two arrays are equal python,d8490,9,d20215,False,array;error;integer;variable;loop
q20215,check if two arrays are equal python,d2349,10,d20215,False,array;error;integer;variable;loop
q20216,python round down numpy,d13658,1,d20216,False,row;integer;loop;error;function
q20216,python round down numpy,d13762,2,d20216,False,row;integer;loop;error;function
q20216,python round down numpy,d5577,3,d20216,False,row;integer;loop;error;function
q20216,python round down numpy,d1340,4,d20216,False,row;integer;loop;error;function
q20216,python round down numpy,d8190,5,d20216,False,row;integer;loop;error;function
q20216,python round down numpy,d1247,6,d20216,False,row;integer;loop;error;function
q20216,python round down numpy,d1338,7,d20216,False,row;integer;loop;error;function
q20216,python round down numpy,d15239,8,d20216,False,row;integer;loop;error;function
q20216,python round down numpy,d17562,9,d20216,False,row;integer;loop;error;function
q20216,python round down numpy,d17437,10,d20216,False,row;integer;loop;error;function
q20217,python pywin32 screenshoot refresh,d20217,1,d20217,True,update;error;column;parameter;return
q20217,python pywin32 screenshoot refresh,d5878,2,d20217,False,update;error;column;parameter;return
q20217,python pywin32 screenshoot refresh,d17368,3,d20217,False,update;error;column;parameter;return
q20217,python pywin32 screenshoot refresh,d19349,4,d20217,False,update;error;column;parameter;return
q20217,python pywin32 screenshoot refresh,d18453,5,d20217,False,update;error;column;parameter;return
q20217,python pywin32 screenshoot refresh,d18007,6,d20217,False,update;error;column;parameter;return
q20217,python pywin32 screenshoot refresh,d13633,7,d20217,False,update;error;column;parameter;return
q20217,python pywin32 screenshoot refresh,d14641,8,d20217,False,update;error;column;parameter;return
q20217,python pywin32 screenshoot refresh,d9024,9,d20217,False,update;error;column;parameter;return
q20217,python pywin32 screenshoot refresh,d7675,10,d20217,False,update;error;column;parameter;return
q20218,get largest date from a list python,d104,1,d20218,False,list;data;search;sort;get
q20218,get largest date from a list python,d636,2,d20218,False,list;data;search;sort;get
q20218,get largest date from a list python,d1425,3,d20218,False,list;data;search;sort;get
q20218,get largest date from a list python,d8017,4,d20218,False,list;data;search;sort;get
q20218,get largest date from a list python,d4276,5,d20218,False,list;data;search;sort;get
q20218,get largest date from a list python,d2964,6,d20218,False,list;data;search;sort;get
q20218,get largest date from a list python,d5515,7,d20218,False,list;data;search;sort;get
q20218,get largest date from a list python,d2459,8,d20218,False,list;data;search;sort;get
q20218,get largest date from a list python,d1745,9,d20218,False,list;data;search;sort;get
q20218,get largest date from a list python,d2669,10,d20218,False,list;data;search;sort;get
q20219,python lock no blocking,d4402,1,d20219,False,error;close;loop;delete;update
q20219,python lock no blocking,d9399,2,d20219,False,error;close;loop;delete;update
q20219,python lock no blocking,d14732,3,d20219,False,error;close;loop;delete;update
q20219,python lock no blocking,d3556,4,d20219,False,error;close;loop;delete;update
q20219,python lock no blocking,d12030,5,d20219,False,error;close;loop;delete;update
q20219,python lock no blocking,d8750,6,d20219,False,error;close;loop;delete;update
q20219,python lock no blocking,d2897,7,d20219,False,error;close;loop;delete;update
q20219,python lock no blocking,d11216,8,d20219,False,error;close;loop;delete;update
q20219,python lock no blocking,d845,9,d20219,False,error;close;loop;delete;update
q20219,python lock no blocking,d5074,10,d20219,False,error;close;loop;delete;update
q20220,delete item from a set python,d10347,1,d20220,False,delete;error;method;string;row
q20220,delete item from a set python,d8601,2,d20220,False,delete;error;method;string;row
q20220,delete item from a set python,d5229,3,d20220,False,delete;error;method;string;row
q20220,delete item from a set python,d18435,4,d20220,False,delete;error;method;string;row
q20220,delete item from a set python,d17959,5,d20220,False,delete;error;method;string;row
q20220,delete item from a set python,d18246,6,d20220,False,delete;error;method;string;row
q20220,delete item from a set python,d17961,7,d20220,False,delete;error;method;string;row
q20220,delete item from a set python,d19551,8,d20220,False,delete;error;method;string;row
q20220,delete item from a set python,d17299,9,d20220,False,delete;error;method;string;row
q20220,delete item from a set python,d20372,10,d20220,False,delete;error;method;string;row
q20221,how to make a sentence into underscores with python,d2049,1,d20221,False,write;string;add;dictionary;error
q20221,how to make a sentence into underscores with python,d88,2,d20221,False,write;string;add;dictionary;error
q20221,how to make a sentence into underscores with python,d3962,3,d20221,False,write;string;add;dictionary;error
q20221,how to make a sentence into underscores with python,d14350,4,d20221,False,write;string;add;dictionary;error
q20221,how to make a sentence into underscores with python,d10954,5,d20221,False,write;string;add;dictionary;error
q20221,how to make a sentence into underscores with python,d4066,6,d20221,False,write;string;add;dictionary;error
q20221,how to make a sentence into underscores with python,d4484,7,d20221,False,write;string;add;dictionary;error
q20221,how to make a sentence into underscores with python,d15850,8,d20221,False,write;string;add;dictionary;error
q20221,how to make a sentence into underscores with python,d1499,9,d20221,False,write;string;add;dictionary;error
q20221,how to make a sentence into underscores with python,d7907,10,d20221,False,write;string;add;dictionary;error
q20222,python timestamp remove timezone,d15950,1,d20222,False,delete;error;update;column;database
q20222,python timestamp remove timezone,d15958,2,d20222,False,delete;error;update;column;database
q20222,python timestamp remove timezone,d3704,3,d20222,False,delete;error;update;column;database
q20222,python timestamp remove timezone,d6494,4,d20222,False,delete;error;update;column;database
q20222,python timestamp remove timezone,d2608,5,d20222,False,delete;error;update;column;database
q20222,python timestamp remove timezone,d7549,6,d20222,False,delete;error;update;column;database
q20222,python timestamp remove timezone,d11923,7,d20222,False,delete;error;update;column;database
q20222,python timestamp remove timezone,d11092,8,d20222,False,delete;error;update;column;database
q20222,python timestamp remove timezone,d2188,9,d20222,False,delete;error;update;column;database
q20222,python timestamp remove timezone,d4899,10,d20222,False,delete;error;update;column;database
q20223,python sanic change all object id to string,d1953,1,d20223,False,string;update;add;database;row
q20223,python sanic change all object id to string,d11823,2,d20223,False,string;update;add;database;row
q20223,python sanic change all object id to string,d16043,3,d20223,False,string;update;add;database;row
q20223,python sanic change all object id to string,d6142,4,d20223,False,string;update;add;database;row
q20223,python sanic change all object id to string,d10059,5,d20223,False,string;update;add;database;row
q20223,python sanic change all object id to string,d13249,6,d20223,False,string;update;add;database;row
q20223,python sanic change all object id to string,d7229,7,d20223,False,string;update;add;database;row
q20223,python sanic change all object id to string,d12427,8,d20223,False,string;update;add;database;row
q20223,python sanic change all object id to string,d3979,9,d20223,False,string;update;add;database;row
q20223,python sanic change all object id to string,d8041,10,d20223,False,string;update;add;database;row
q20224,python mock mark a test as expected failure,d20224,1,d20224,True,error;method;condition;update;parameter
q20224,python mock mark a test as expected failure,d9509,2,d20224,False,error;method;condition;update;parameter
q20224,python mock mark a test as expected failure,d2933,3,d20224,False,error;method;condition;update;parameter
q20224,python mock mark a test as expected failure,d19985,4,d20224,False,error;method;condition;update;parameter
q20224,python mock mark a test as expected failure,d7414,5,d20224,False,error;method;condition;update;parameter
q20224,python mock mark a test as expected failure,d8394,6,d20224,False,error;method;condition;update;parameter
q20224,python mock mark a test as expected failure,d2987,7,d20224,False,error;method;condition;update;parameter
q20224,python mock mark a test as expected failure,d2985,8,d20224,False,error;method;condition;update;parameter
q20224,python mock mark a test as expected failure,d13340,9,d20224,False,error;method;condition;update;parameter
q20224,python mock mark a test as expected failure,d8001,10,d20224,False,error;method;condition;update;parameter
q20225,python get current users desktop,d20225,1,d20225,True,update;search;integer;open;file
q20225,python get current users desktop,d18007,2,d20225,False,update;search;integer;open;file
q20225,python get current users desktop,d6792,3,d20225,False,update;search;integer;open;file
q20225,python get current users desktop,d1791,4,d20225,False,update;search;integer;open;file
q20225,python get current users desktop,d12829,5,d20225,False,update;search;integer;open;file
q20225,python get current users desktop,d8025,6,d20225,False,update;search;integer;open;file
q20225,python get current users desktop,d2534,7,d20225,False,update;search;integer;open;file
q20225,python get current users desktop,d10930,8,d20225,False,update;search;integer;open;file
q20225,python get current users desktop,d2532,9,d20225,False,update;search;integer;open;file
q20225,python get current users desktop,d14953,10,d20225,False,update;search;integer;open;file
q20226,python connect to redis in other docker container,d3065,1,d20226,False,query;update;error;search;delete
q20226,python connect to redis in other docker container,d20226,2,d20226,True,query;update;error;search;delete
q20226,python connect to redis in other docker container,d15659,3,d20226,False,query;update;error;search;delete
q20226,python connect to redis in other docker container,d3577,4,d20226,False,query;update;error;search;delete
q20226,python connect to redis in other docker container,d4248,5,d20226,False,query;update;error;search;delete
q20226,python connect to redis in other docker container,d11299,6,d20226,False,query;update;error;search;delete
q20226,python connect to redis in other docker container,d14474,7,d20226,False,query;update;error;search;delete
q20226,python connect to redis in other docker container,d3277,8,d20226,False,query;update;error;search;delete
q20226,python connect to redis in other docker container,d10146,9,d20226,False,query;update;error;search;delete
q20226,python connect to redis in other docker container,d5324,10,d20226,False,query;update;error;search;delete
q20227,python subplot second y axis,d899,1,d20227,False,row;column;parameter;data;integer
q20227,python subplot second y axis,d5390,2,d20227,False,row;column;parameter;data;integer
q20227,python subplot second y axis,d9972,3,d20227,False,row;column;parameter;data;integer
q20227,python subplot second y axis,d7929,4,d20227,False,row;column;parameter;data;integer
q20227,python subplot second y axis,d15410,5,d20227,False,row;column;parameter;data;integer
q20227,python subplot second y axis,d7194,6,d20227,False,row;column;parameter;data;integer
q20227,python subplot second y axis,d3227,7,d20227,False,row;column;parameter;data;integer
q20227,python subplot second y axis,d13491,8,d20227,False,row;column;parameter;data;integer
q20227,python subplot second y axis,d10190,9,d20227,False,row;column;parameter;data;integer
q20227,python subplot second y axis,d6425,10,d20227,False,row;column;parameter;data;integer
q20228,python function to detect first element of list,d18225,1,d20228,False,list;function;integer;error;condition
q20228,python function to detect first element of list,d18320,2,d20228,False,list;function;integer;error;condition
q20228,python function to detect first element of list,d19268,3,d20228,False,list;function;integer;error;condition
q20228,python function to detect first element of list,d16792,4,d20228,False,list;function;integer;error;condition
q20228,python function to detect first element of list,d19367,5,d20228,False,list;function;integer;error;condition
q20228,python function to detect first element of list,d17680,6,d20228,False,list;function;integer;error;condition
q20228,python function to detect first element of list,d17856,7,d20228,False,list;function;integer;error;condition
q20228,python function to detect first element of list,d17780,8,d20228,False,list;function;integer;error;condition
q20228,python function to detect first element of list,d20228,9,d20228,True,list;function;integer;error;condition
q20228,python function to detect first element of list,d17223,10,d20228,False,list;function;integer;error;condition
q20229,how to flip a matrix in python,d995,1,d20229,False,filter;row;method;integer;file
q20229,how to flip a matrix in python,d14710,2,d20229,False,filter;row;method;integer;file
q20229,how to flip a matrix in python,d1933,3,d20229,False,filter;row;method;integer;file
q20229,how to flip a matrix in python,d13306,4,d20229,False,filter;row;method;integer;file
q20229,how to flip a matrix in python,d7399,5,d20229,False,filter;row;method;integer;file
q20229,how to flip a matrix in python,d2863,6,d20229,False,filter;row;method;integer;file
q20229,how to flip a matrix in python,d16552,7,d20229,False,filter;row;method;integer;file
q20229,how to flip a matrix in python,d6023,8,d20229,False,filter;row;method;integer;file
q20229,how to flip a matrix in python,d14135,9,d20229,False,filter;row;method;integer;file
q20229,how to flip a matrix in python,d12178,10,d20229,False,filter;row;method;integer;file
q20230,python full name of object from global,d13744,1,d20230,False,variable;string;database;integer;column
q20230,python full name of object from global,d8937,2,d20230,False,variable;string;database;integer;column
q20230,python full name of object from global,d19955,3,d20230,False,variable;string;database;integer;column
q20230,python full name of object from global,d12249,4,d20230,False,variable;string;database;integer;column
q20230,python full name of object from global,d9762,5,d20230,False,variable;string;database;integer;column
q20230,python full name of object from global,d6559,6,d20230,False,variable;string;database;integer;column
q20230,python full name of object from global,d1309,7,d20230,False,variable;string;database;integer;column
q20230,python full name of object from global,d20257,8,d20230,False,variable;string;database;integer;column
q20230,python full name of object from global,d3911,9,d20230,False,variable;string;database;integer;column
q20230,python full name of object from global,d383,10,d20230,False,variable;string;database;integer;column
q20231,check if input is an integer or boolean python,d7535,1,d20231,False,integer;boolean;error;condition;search
q20231,check if input is an integer or boolean python,d3635,2,d20231,False,integer;boolean;error;condition;search
q20231,check if input is an integer or boolean python,d15225,3,d20231,False,integer;boolean;error;condition;search
q20231,check if input is an integer or boolean python,d2200,4,d20231,False,integer;boolean;error;condition;search
q20231,check if input is an integer or boolean python,d19707,5,d20231,False,integer;boolean;error;condition;search
q20231,check if input is an integer or boolean python,d10220,6,d20231,False,integer;boolean;error;condition;search
q20231,check if input is an integer or boolean python,d2235,7,d20231,False,integer;boolean;error;condition;search
q20231,check if input is an integer or boolean python,d722,8,d20231,False,integer;boolean;error;condition;search
q20231,check if input is an integer or boolean python,d13604,9,d20231,False,integer;boolean;error;condition;search
q20231,check if input is an integer or boolean python,d14483,10,d20231,False,integer;boolean;error;condition;search
q20232,storing columns as array python,d19889,1,d20232,False,column;array;row;database;sort
q20232,storing columns as array python,d5617,2,d20232,False,column;array;row;database;sort
q20232,storing columns as array python,d4078,3,d20232,False,column;array;row;database;sort
q20232,storing columns as array python,d6209,4,d20232,False,column;array;row;database;sort
q20232,storing columns as array python,d15935,5,d20232,False,column;array;row;database;sort
q20232,storing columns as array python,d8555,6,d20232,False,column;array;row;database;sort
q20232,storing columns as array python,d11697,7,d20232,False,column;array;row;database;sort
q20232,storing columns as array python,d11793,8,d20232,False,column;array;row;database;sort
q20232,storing columns as array python,d20232,9,d20232,True,column;array;row;database;sort
q20232,storing columns as array python,d13775,10,d20232,False,column;array;row;database;sort
q20233,create column in python by joining columns,d7746,1,d20233,False,column;write;row;database;query
q20233,create column in python by joining columns,d7744,2,d20233,False,column;write;row;database;query
q20233,create column in python by joining columns,d6443,3,d20233,False,column;write;row;database;query
q20233,create column in python by joining columns,d3333,4,d20233,False,column;write;row;database;query
q20233,create column in python by joining columns,d8774,5,d20233,False,column;write;row;database;query
q20233,create column in python by joining columns,d20233,6,d20233,True,column;write;row;database;query
q20233,create column in python by joining columns,d327,7,d20233,False,column;write;row;database;query
q20233,create column in python by joining columns,d19925,8,d20233,False,column;write;row;database;query
q20233,create column in python by joining columns,d11497,9,d20233,False,column;write;row;database;query
q20233,create column in python by joining columns,d8103,10,d20233,False,column;write;row;database;query
q20234,how to remove blank lines in python file,d17536,1,d20234,False,file;error;delete;write;method
q20234,how to remove blank lines in python file,d16864,2,d20234,False,file;error;delete;write;method
q20234,how to remove blank lines in python file,d20473,3,d20234,False,file;error;delete;write;method
q20234,how to remove blank lines in python file,d17210,4,d20234,False,file;error;delete;write;method
q20234,how to remove blank lines in python file,d17721,5,d20234,False,file;error;delete;write;method
q20234,how to remove blank lines in python file,d18522,6,d20234,False,file;error;delete;write;method
q20234,how to remove blank lines in python file,d18316,7,d20234,False,file;error;delete;write;method
q20234,how to remove blank lines in python file,d18249,8,d20234,False,file;error;delete;write;method
q20234,how to remove blank lines in python file,d18238,9,d20234,False,file;error;delete;write;method
q20234,how to remove blank lines in python file,d18617,10,d20234,False,file;error;delete;write;method
q20235,how to know size of queue in python,d16133,1,d20235,False,integer;method;row;function;update
q20235,how to know size of queue in python,d16129,2,d20235,False,integer;method;row;function;update
q20235,how to know size of queue in python,d6843,3,d20235,False,integer;method;row;function;update
q20235,how to know size of queue in python,d20387,4,d20235,False,integer;method;row;function;update
q20235,how to know size of queue in python,d457,5,d20235,False,integer;method;row;function;update
q20235,how to know size of queue in python,d20235,6,d20235,True,integer;method;row;function;update
q20235,how to know size of queue in python,d2794,7,d20235,False,integer;method;row;function;update
q20235,how to know size of queue in python,d18472,8,d20235,False,integer;method;row;function;update
q20235,how to know size of queue in python,d18154,9,d20235,False,integer;method;row;function;update
q20235,how to know size of queue in python,d6762,10,d20235,False,integer;method;row;function;update
q20236,python substring index of,d13259,1,d20236,False,string;integer;parameter;error;function
q20236,python substring index of,d15748,2,d20236,False,string;integer;parameter;error;function
q20236,python substring index of,d3747,3,d20236,False,string;integer;parameter;error;function
q20236,python substring index of,d7604,4,d20236,False,string;integer;parameter;error;function
q20236,python substring index of,d20236,5,d20236,True,string;integer;parameter;error;function
q20236,python substring index of,d15153,6,d20236,False,string;integer;parameter;error;function
q20236,python substring index of,d9934,7,d20236,False,string;integer;parameter;error;function
q20236,python substring index of,d14975,8,d20236,False,string;integer;parameter;error;function
q20236,python substring index of,d14389,9,d20236,False,string;integer;parameter;error;function
q20236,python substring index of,d9641,10,d20236,False,string;integer;parameter;error;function
q20237,comparing int to none python,d17356,1,d20237,False,integer;error;query;variable;parameter
q20237,comparing int to none python,d18659,2,d20237,False,integer;error;query;variable;parameter
q20237,comparing int to none python,d19279,3,d20237,False,integer;error;query;variable;parameter
q20237,comparing int to none python,d16903,4,d20237,False,integer;error;query;variable;parameter
q20237,comparing int to none python,d16622,5,d20237,False,integer;error;query;variable;parameter
q20237,comparing int to none python,d19105,6,d20237,False,integer;error;query;variable;parameter
q20237,comparing int to none python,d16641,7,d20237,False,integer;error;query;variable;parameter
q20237,comparing int to none python,d17245,8,d20237,False,integer;error;query;variable;parameter
q20237,comparing int to none python,d20237,9,d20237,True,integer;error;query;variable;parameter
q20237,comparing int to none python,d18813,10,d20237,False,integer;error;query;variable;parameter
q20238,json to protobuf python,d16361,1,d20238,False,parameter;update;database;error;query
q20238,json to protobuf python,d14150,2,d20238,False,parameter;update;database;error;query
q20238,json to protobuf python,d3703,3,d20238,False,parameter;update;database;error;query
q20238,json to protobuf python,d3927,4,d20238,False,parameter;update;database;error;query
q20238,json to protobuf python,d8111,5,d20238,False,parameter;update;database;error;query
q20238,json to protobuf python,d20238,6,d20238,True,parameter;update;database;error;query
q20238,json to protobuf python,d12124,7,d20238,False,parameter;update;database;error;query
q20238,json to protobuf python,d16357,8,d20238,False,parameter;update;database;error;query
q20238,json to protobuf python,d19744,9,d20238,False,parameter;update;database;error;query
q20238,json to protobuf python,d1246,10,d20238,False,parameter;update;database;error;query
q20239,how to join 2 data frames in python,d16217,1,d20239,False,database;data;row;error;column
q20239,how to join 2 data frames in python,d902,2,d20239,False,database;data;row;error;column
q20239,how to join 2 data frames in python,d9174,3,d20239,False,database;data;row;error;column
q20239,how to join 2 data frames in python,d20366,4,d20239,False,database;data;row;error;column
q20239,how to join 2 data frames in python,d19622,5,d20239,False,database;data;row;error;column
q20239,how to join 2 data frames in python,d2677,6,d20239,False,database;data;row;error;column
q20239,how to join 2 data frames in python,d2911,7,d20239,False,database;data;row;error;column
q20239,how to join 2 data frames in python,d20239,8,d20239,True,database;data;row;error;column
q20239,how to join 2 data frames in python,d3282,9,d20239,False,database;data;row;error;column
q20239,how to join 2 data frames in python,d14580,10,d20239,False,database;data;row;error;column
q20240,how to product of a list in python,d7527,1,d20240,False,list;method;integer;function;write
q20240,how to product of a list in python,d13668,2,d20240,False,list;method;integer;function;write
q20240,how to product of a list in python,d2839,3,d20240,False,list;method;integer;function;write
q20240,how to product of a list in python,d16353,4,d20240,False,list;method;integer;function;write
q20240,how to product of a list in python,d7783,5,d20240,False,list;method;integer;function;write
q20240,how to product of a list in python,d5271,6,d20240,False,list;method;integer;function;write
q20240,how to product of a list in python,d11137,7,d20240,False,list;method;integer;function;write
q20240,how to product of a list in python,d12775,8,d20240,False,list;method;integer;function;write
q20240,how to product of a list in python,d14093,9,d20240,False,list;method;integer;function;write
q20240,how to product of a list in python,d5082,10,d20240,False,list;method;integer;function;write
q20241,get all dates between range datetime python,d2755,1,d20241,False,integer;data;search;get;update
q20241,get all dates between range datetime python,d6775,2,d20241,False,integer;data;search;get;update
q20241,get all dates between range datetime python,d644,3,d20241,False,integer;data;search;get;update
q20241,get all dates between range datetime python,d20241,4,d20241,True,integer;data;search;get;update
q20241,get all dates between range datetime python,d13455,5,d20241,False,integer;data;search;get;update
q20241,get all dates between range datetime python,d7396,6,d20241,False,integer;data;search;get;update
q20241,get all dates between range datetime python,d117,7,d20241,False,integer;data;search;get;update
q20241,get all dates between range datetime python,d9416,8,d20241,False,integer;data;search;get;update
q20241,get all dates between range datetime python,d13038,9,d20241,False,integer;data;search;get;update
q20241,get all dates between range datetime python,d2439,10,d20241,False,integer;data;search;get;update
q20242,python access file on remote,d11823,1,d20242,False,file;error;open;update;database
q20242,python access file on remote,d2002,2,d20242,False,file;error;open;update;database
q20242,python access file on remote,d5294,3,d20242,False,file;error;open;update;database
q20242,python access file on remote,d1837,4,d20242,False,file;error;open;update;database
q20242,python access file on remote,d13704,5,d20242,False,file;error;open;update;database
q20242,python access file on remote,d4886,6,d20242,False,file;error;open;update;database
q20242,python access file on remote,d9544,7,d20242,False,file;error;open;update;database
q20242,python access file on remote,d9058,8,d20242,False,file;error;open;update;database
q20242,python access file on remote,d19694,9,d20242,False,file;error;open;update;database
q20242,python access file on remote,d14246,10,d20242,False,file;error;open;update;database
q20243,how to download txt file from internet in python,d1215,1,d20243,False,file;update;search;error;database
q20243,how to download txt file from internet in python,d1588,2,d20243,False,file;update;search;error;database
q20243,how to download txt file from internet in python,d1004,3,d20243,False,file;update;search;error;database
q20243,how to download txt file from internet in python,d15558,4,d20243,False,file;update;search;error;database
q20243,how to download txt file from internet in python,d4621,5,d20243,False,file;update;search;error;database
q20243,how to download txt file from internet in python,d13748,6,d20243,False,file;update;search;error;database
q20243,how to download txt file from internet in python,d2661,7,d20243,False,file;update;search;error;database
q20243,how to download txt file from internet in python,d14190,8,d20243,False,file;update;search;error;database
q20243,how to download txt file from internet in python,d13696,9,d20243,False,file;update;search;error;database
q20243,how to download txt file from internet in python,d15609,10,d20243,False,file;update;search;error;database
q20244,stopwords list remove python,d1369,1,d20244,False,delete;list;dictionary;error;row
q20244,stopwords list remove python,d20244,2,d20244,True,delete;list;dictionary;error;row
q20244,stopwords list remove python,d12144,3,d20244,False,delete;list;dictionary;error;row
q20244,stopwords list remove python,d7617,4,d20244,False,delete;list;dictionary;error;row
q20244,stopwords list remove python,d6899,5,d20244,False,delete;list;dictionary;error;row
q20244,stopwords list remove python,d10726,6,d20244,False,delete;list;dictionary;error;row
q20244,stopwords list remove python,d11867,7,d20244,False,delete;list;dictionary;error;row
q20244,stopwords list remove python,d19838,8,d20244,False,delete;list;dictionary;error;row
q20244,stopwords list remove python,d18059,9,d20244,False,delete;list;dictionary;error;row
q20244,stopwords list remove python,d17950,10,d20244,False,delete;list;dictionary;error;row
q20245,limit on open file handles in python,d20245,1,d20245,True,open;file;error;close;integer
q20245,limit on open file handles in python,d14025,2,d20245,False,open;file;error;close;integer
q20245,limit on open file handles in python,d4738,3,d20245,False,open;file;error;close;integer
q20245,limit on open file handles in python,d16126,4,d20245,False,open;file;error;close;integer
q20245,limit on open file handles in python,d15694,5,d20245,False,open;file;error;close;integer
q20245,limit on open file handles in python,d2866,6,d20245,False,open;file;error;close;integer
q20245,limit on open file handles in python,d13835,7,d20245,False,open;file;error;close;integer
q20245,limit on open file handles in python,d11724,8,d20245,False,open;file;error;close;integer
q20245,limit on open file handles in python,d15951,9,d20245,False,open;file;error;close;integer
q20245,limit on open file handles in python,d3306,10,d20245,False,open;file;error;close;integer
q20246,determine the longest sentence in corpus in nlp python ocde,d19241,1,d20246,False,loop;string;error;delete;condition
q20246,determine the longest sentence in corpus in nlp python ocde,d18875,2,d20246,False,loop;string;error;delete;condition
q20246,determine the longest sentence in corpus in nlp python ocde,d18052,3,d20246,False,loop;string;error;delete;condition
q20246,determine the longest sentence in corpus in nlp python ocde,d17731,4,d20246,False,loop;string;error;delete;condition
q20246,determine the longest sentence in corpus in nlp python ocde,d17057,5,d20246,False,loop;string;error;delete;condition
q20246,determine the longest sentence in corpus in nlp python ocde,d17499,6,d20246,False,loop;string;error;delete;condition
q20246,determine the longest sentence in corpus in nlp python ocde,d18803,7,d20246,False,loop;string;error;delete;condition
q20246,determine the longest sentence in corpus in nlp python ocde,d17789,8,d20246,False,loop;string;error;delete;condition
q20246,determine the longest sentence in corpus in nlp python ocde,d17735,9,d20246,False,loop;string;error;delete;condition
q20246,determine the longest sentence in corpus in nlp python ocde,d18589,10,d20246,False,loop;string;error;delete;condition
q20247,python deterministic dictionary printing,d17108,1,d20247,False,dictionary;error;query;integer;parameter
q20247,python deterministic dictionary printing,d18646,2,d20247,False,dictionary;error;query;integer;parameter
q20247,python deterministic dictionary printing,d19081,3,d20247,False,dictionary;error;query;integer;parameter
q20247,python deterministic dictionary printing,d19626,4,d20247,False,dictionary;error;query;integer;parameter
q20247,python deterministic dictionary printing,d19169,5,d20247,False,dictionary;error;query;integer;parameter
q20247,python deterministic dictionary printing,d5502,6,d20247,False,dictionary;error;query;integer;parameter
q20247,python deterministic dictionary printing,d13660,7,d20247,False,dictionary;error;query;integer;parameter
q20247,python deterministic dictionary printing,d10019,8,d20247,False,dictionary;error;query;integer;parameter
q20247,python deterministic dictionary printing,d3416,9,d20247,False,dictionary;error;query;integer;parameter
q20247,python deterministic dictionary printing,d2927,10,d20247,False,dictionary;error;query;integer;parameter
q20248,remove namespace from xml tag python,d18156,1,d20248,False,error;delete;query;close;update
q20248,remove namespace from xml tag python,d11658,2,d20248,False,error;delete;query;close;update
q20248,remove namespace from xml tag python,d20248,3,d20248,True,error;delete;query;close;update
q20248,remove namespace from xml tag python,d12162,4,d20248,False,error;delete;query;close;update
q20248,remove namespace from xml tag python,d3934,5,d20248,False,error;delete;query;close;update
q20248,remove namespace from xml tag python,d155,6,d20248,False,error;delete;query;close;update
q20248,remove namespace from xml tag python,d7425,7,d20248,False,error;delete;query;close;update
q20248,remove namespace from xml tag python,d10854,8,d20248,False,error;delete;query;close;update
q20248,remove namespace from xml tag python,d11276,9,d20248,False,error;delete;query;close;update
q20248,remove namespace from xml tag python,d6062,10,d20248,False,error;delete;query;close;update
q20249,fill is null with other columns python,d7793,1,d20249,False,column;error;filter;file;row
q20249,fill is null with other columns python,d8958,2,d20249,False,column;error;filter;file;row
q20249,fill is null with other columns python,d2666,3,d20249,False,column;error;filter;file;row
q20249,fill is null with other columns python,d2364,4,d20249,False,column;error;filter;file;row
q20249,fill is null with other columns python,d4876,5,d20249,False,column;error;filter;file;row
q20249,fill is null with other columns python,d13719,6,d20249,False,column;error;filter;file;row
q20249,fill is null with other columns python,d11631,7,d20249,False,column;error;filter;file;row
q20249,fill is null with other columns python,d14173,8,d20249,False,column;error;filter;file;row
q20249,fill is null with other columns python,d6874,9,d20249,False,column;error;filter;file;row
q20249,fill is null with other columns python,d20025,10,d20249,False,column;error;filter;file;row
q20250,python async input from gui,d20250,1,d20250,True,error;file;loop;update;return
q20250,python async input from gui,d16258,2,d20250,False,error;file;loop;update;return
q20250,python async input from gui,d4944,3,d20250,False,error;file;loop;update;return
q20250,python async input from gui,d2946,4,d20250,False,error;file;loop;update;return
q20250,python async input from gui,d1140,5,d20250,False,error;file;loop;update;return
q20250,python async input from gui,d9133,6,d20250,False,error;file;loop;update;return
q20250,python async input from gui,d9137,7,d20250,False,error;file;loop;update;return
q20250,python async input from gui,d2781,8,d20250,False,error;file;loop;update;return
q20250,python async input from gui,d16413,9,d20250,False,error;file;loop;update;return
q20250,python async input from gui,d6511,10,d20250,False,error;file;loop;update;return
q20251,how to identify the index of an element of a set in python,d15021,1,d20251,False,integer;parameter;error;method;function
q20251,how to identify the index of an element of a set in python,d8862,2,d20251,False,integer;parameter;error;method;function
q20251,how to identify the index of an element of a set in python,d9167,3,d20251,False,integer;parameter;error;method;function
q20251,how to identify the index of an element of a set in python,d7018,4,d20251,False,integer;parameter;error;method;function
q20251,how to identify the index of an element of a set in python,d2782,5,d20251,False,integer;parameter;error;method;function
q20251,how to identify the index of an element of a set in python,d4986,6,d20251,False,integer;parameter;error;method;function
q20251,how to identify the index of an element of a set in python,d11048,7,d20251,False,integer;parameter;error;method;function
q20251,how to identify the index of an element of a set in python,d3391,8,d20251,False,integer;parameter;error;method;function
q20251,how to identify the index of an element of a set in python,d4702,9,d20251,False,integer;parameter;error;method;function
q20251,how to identify the index of an element of a set in python,d15194,10,d20251,False,integer;parameter;error;method;function
q20252,python 3 print object string,d3182,1,d20252,False,string;parameter;integer;row;variable
q20252,python 3 print object string,d5352,2,d20252,False,string;parameter;integer;row;variable
q20252,python 3 print object string,d12101,3,d20252,False,string;parameter;integer;row;variable
q20252,python 3 print object string,d9470,4,d20252,False,string;parameter;integer;row;variable
q20252,python 3 print object string,d14275,5,d20252,False,string;parameter;integer;row;variable
q20252,python 3 print object string,d7550,6,d20252,False,string;parameter;integer;row;variable
q20252,python 3 print object string,d15433,7,d20252,False,string;parameter;integer;row;variable
q20252,python 3 print object string,d11775,8,d20252,False,string;parameter;integer;row;variable
q20252,python 3 print object string,d20556,9,d20252,False,string;parameter;integer;row;variable
q20252,python 3 print object string,d16377,10,d20252,False,string;parameter;integer;row;variable
q20253,python get most recent file containing string,d12431,1,d20253,False,file;string;search;update;database
q20253,python get most recent file containing string,d8883,2,d20253,False,file;string;search;update;database
q20253,python get most recent file containing string,d20253,3,d20253,True,file;string;search;update;database
q20253,python get most recent file containing string,d4691,4,d20253,False,file;string;search;update;database
q20253,python get most recent file containing string,d1119,5,d20253,False,file;string;search;update;database
q20253,python get most recent file containing string,d16363,6,d20253,False,file;string;search;update;database
q20253,python get most recent file containing string,d15059,7,d20253,False,file;string;search;update;database
q20253,python get most recent file containing string,d10061,8,d20253,False,file;string;search;update;database
q20253,python get most recent file containing string,d4030,9,d20253,False,file;string;search;update;database
q20253,python get most recent file containing string,d11166,10,d20253,False,file;string;search;update;database
q20254,python sqlite3 delete doesn't delete records,d13396,1,d20254,False,delete;error;database;row;file
q20254,python sqlite3 delete doesn't delete records,d1397,2,d20254,False,delete;error;database;row;file
q20254,python sqlite3 delete doesn't delete records,d6567,3,d20254,False,delete;error;database;row;file
q20254,python sqlite3 delete doesn't delete records,d14749,4,d20254,False,delete;error;database;row;file
q20254,python sqlite3 delete doesn't delete records,d10996,5,d20254,False,delete;error;database;row;file
q20254,python sqlite3 delete doesn't delete records,d3107,6,d20254,False,delete;error;database;row;file
q20254,python sqlite3 delete doesn't delete records,d14929,7,d20254,False,delete;error;database;row;file
q20254,python sqlite3 delete doesn't delete records,d14924,8,d20254,False,delete;error;database;row;file
q20254,python sqlite3 delete doesn't delete records,d8595,9,d20254,False,delete;error;database;row;file
q20254,python sqlite3 delete doesn't delete records,d16412,10,d20254,False,delete;error;database;row;file
q20255,python apply function to iterator,d7241,1,d20255,False,function;integer;error;add;loop
q20255,python apply function to iterator,d17107,2,d20255,False,function;integer;error;add;loop
q20255,python apply function to iterator,d19786,3,d20255,False,function;integer;error;add;loop
q20255,python apply function to iterator,d10361,4,d20255,False,function;integer;error;add;loop
q20255,python apply function to iterator,d10364,5,d20255,False,function;integer;error;add;loop
q20255,python apply function to iterator,d10148,6,d20255,False,function;integer;error;add;loop
q20255,python apply function to iterator,d20508,7,d20255,False,function;integer;error;add;loop
q20255,python apply function to iterator,d4242,8,d20255,False,function;integer;error;add;loop
q20255,python apply function to iterator,d4133,9,d20255,False,function;integer;error;add;loop
q20255,python apply function to iterator,d13171,10,d20255,False,function;integer;error;add;loop
q20256,use python next to iterate through,d15708,1,d20256,False,write;integer;close;loop;query
q20256,use python next to iterate through,d13167,2,d20256,False,write;integer;close;loop;query
q20256,use python next to iterate through,d4115,3,d20256,False,write;integer;close;loop;query
q20256,use python next to iterate through,d1966,4,d20256,False,write;integer;close;loop;query
q20256,use python next to iterate through,d15279,5,d20256,False,write;integer;close;loop;query
q20256,use python next to iterate through,d7786,6,d20256,False,write;integer;close;loop;query
q20256,use python next to iterate through,d15240,7,d20256,False,write;integer;close;loop;query
q20256,use python next to iterate through,d650,8,d20256,False,write;integer;close;loop;query
q20256,use python next to iterate through,d752,9,d20256,False,write;integer;close;loop;query
q20256,use python next to iterate through,d14778,10,d20256,False,write;integer;close;loop;query
q20257,how to print all the variables in an object python,d9470,1,d20257,False,variable;integer;parameter;row;method
q20257,how to print all the variables in an object python,d5352,2,d20257,False,variable;integer;parameter;row;method
q20257,how to print all the variables in an object python,d12101,3,d20257,False,variable;integer;parameter;row;method
q20257,how to print all the variables in an object python,d3182,4,d20257,False,variable;integer;parameter;row;method
q20257,how to print all the variables in an object python,d3812,5,d20257,False,variable;integer;parameter;row;method
q20257,how to print all the variables in an object python,d2179,6,d20257,False,variable;integer;parameter;row;method
q20257,how to print all the variables in an object python,d16458,7,d20257,False,variable;integer;parameter;row;method
q20257,how to print all the variables in an object python,d3911,8,d20257,False,variable;integer;parameter;row;method
q20257,how to print all the variables in an object python,d20257,9,d20257,True,variable;integer;parameter;row;method
q20257,how to print all the variables in an object python,d13506,10,d20257,False,variable;integer;parameter;row;method
q20258,how to determine the index interval for given range of array python,d6235,1,d20258,False,integer;array;error;parameter;condition
q20258,how to determine the index interval for given range of array python,d11083,2,d20258,False,integer;array;error;parameter;condition
q20258,how to determine the index interval for given range of array python,d15194,3,d20258,False,integer;array;error;parameter;condition
q20258,how to determine the index interval for given range of array python,d4815,4,d20258,False,integer;array;error;parameter;condition
q20258,how to determine the index interval for given range of array python,d8189,5,d20258,False,integer;array;error;parameter;condition
q20258,how to determine the index interval for given range of array python,d16271,6,d20258,False,integer;array;error;parameter;condition
q20258,how to determine the index interval for given range of array python,d964,7,d20258,False,integer;array;error;parameter;condition
q20258,how to determine the index interval for given range of array python,d16251,8,d20258,False,integer;array;error;parameter;condition
q20258,how to determine the index interval for given range of array python,d9216,9,d20258,False,integer;array;error;parameter;condition
q20258,how to determine the index interval for given range of array python,d8753,10,d20258,False,integer;array;error;parameter;condition
q20259,python print numpy array with string,d2293,1,d20259,False,string;array;integer;loop;parameter
q20259,python print numpy array with string,d8363,2,d20259,False,string;array;integer;loop;parameter
q20259,python print numpy array with string,d13674,3,d20259,False,string;array;integer;loop;parameter
q20259,python print numpy array with string,d864,4,d20259,False,string;array;integer;loop;parameter
q20259,python print numpy array with string,d624,5,d20259,False,string;array;integer;loop;parameter
q20259,python print numpy array with string,d6593,6,d20259,False,string;array;integer;loop;parameter
q20259,python print numpy array with string,d12577,7,d20259,False,string;array;integer;loop;parameter
q20259,python print numpy array with string,d5108,8,d20259,False,string;array;integer;loop;parameter
q20259,python print numpy array with string,d12330,9,d20259,False,string;array;integer;loop;parameter
q20259,python print numpy array with string,d7292,10,d20259,False,string;array;integer;loop;parameter
q20260,python assert value is of type,d15252,1,d20260,False,error;variable;condition;integer;method
q20260,python assert value is of type,d6292,2,d20260,False,error;variable;condition;integer;method
q20260,python assert value is of type,d13977,3,d20260,False,error;variable;condition;integer;method
q20260,python assert value is of type,d19773,4,d20260,False,error;variable;condition;integer;method
q20260,python assert value is of type,d3650,5,d20260,False,error;variable;condition;integer;method
q20260,python assert value is of type,d1887,6,d20260,False,error;variable;condition;integer;method
q20260,python assert value is of type,d8228,7,d20260,False,error;variable;condition;integer;method
q20260,python assert value is of type,d20260,8,d20260,True,error;variable;condition;integer;method
q20260,python assert value is of type,d16474,9,d20260,False,error;variable;condition;integer;method
q20260,python assert value is of type,d8238,10,d20260,False,error;variable;condition;integer;method
q20261,python multiproccessing map with multiple inputs,d7243,1,d20261,False,integer;parameter;function;update;loop
q20261,python multiproccessing map with multiple inputs,d18455,2,d20261,False,integer;parameter;function;update;loop
q20261,python multiproccessing map with multiple inputs,d9331,3,d20261,False,integer;parameter;function;update;loop
q20261,python multiproccessing map with multiple inputs,d3965,4,d20261,False,integer;parameter;function;update;loop
q20261,python multiproccessing map with multiple inputs,d948,5,d20261,False,integer;parameter;function;update;loop
q20261,python multiproccessing map with multiple inputs,d13364,6,d20261,False,integer;parameter;function;update;loop
q20261,python multiproccessing map with multiple inputs,d3019,7,d20261,False,integer;parameter;function;update;loop
q20261,python multiproccessing map with multiple inputs,d7247,8,d20261,False,integer;parameter;function;update;loop
q20261,python multiproccessing map with multiple inputs,d4445,9,d20261,False,integer;parameter;function;update;loop
q20261,python multiproccessing map with multiple inputs,d9952,10,d20261,False,integer;parameter;function;update;loop
q20262,python add suffix to filename,d20131,1,d20262,False,add;file;error;update;string
q20262,python add suffix to filename,d2931,2,d20262,False,add;file;error;update;string
q20262,python add suffix to filename,d13839,3,d20262,False,add;file;error;update;string
q20262,python add suffix to filename,d14555,4,d20262,False,add;file;error;update;string
q20262,python add suffix to filename,d8305,5,d20262,False,add;file;error;update;string
q20262,python add suffix to filename,d9193,6,d20262,False,add;file;error;update;string
q20262,python add suffix to filename,d9397,7,d20262,False,add;file;error;update;string
q20262,python add suffix to filename,d20262,8,d20262,True,add;file;error;update;string
q20262,python add suffix to filename,d801,9,d20262,False,add;file;error;update;string
q20262,python add suffix to filename,d13426,10,d20262,False,add;file;error;update;string
q20263,best way to deal with pagination in python,d11027,1,d20263,False,query;update;method;database;sort
q20263,best way to deal with pagination in python,d20263,2,d20263,True,query;update;method;database;sort
q20263,best way to deal with pagination in python,d9524,3,d20263,False,query;update;method;database;sort
q20263,best way to deal with pagination in python,d8272,4,d20263,False,query;update;method;database;sort
q20263,best way to deal with pagination in python,d11823,5,d20263,False,query;update;method;database;sort
q20263,best way to deal with pagination in python,d8934,6,d20263,False,query;update;method;database;sort
q20263,best way to deal with pagination in python,d2618,7,d20263,False,query;update;method;database;sort
q20263,best way to deal with pagination in python,d12662,8,d20263,False,query;update;method;database;sort
q20263,best way to deal with pagination in python,d4776,9,d20263,False,query;update;method;database;sort
q20263,best way to deal with pagination in python,d6635,10,d20263,False,query;update;method;database;sort
q20264,finding factors in python and return list,d532,1,d20264,False,return;list;search;function;condition
q20264,finding factors in python and return list,d10965,2,d20264,False,return;list;search;function;condition
q20264,finding factors in python and return list,d1052,3,d20264,False,return;list;search;function;condition
q20264,finding factors in python and return list,d11420,4,d20264,False,return;list;search;function;condition
q20264,finding factors in python and return list,d16172,5,d20264,False,return;list;search;function;condition
q20264,finding factors in python and return list,d20015,6,d20264,False,return;list;search;function;condition
q20264,finding factors in python and return list,d5546,7,d20264,False,return;list;search;function;condition
q20264,finding factors in python and return list,d6941,8,d20264,False,return;list;search;function;condition
q20264,finding factors in python and return list,d13115,9,d20264,False,return;list;search;function;condition
q20264,finding factors in python and return list,d20412,10,d20264,False,return;list;search;function;condition
q20265,best way to read xml in python,d3476,1,d20265,False,read;query;row;error;method
q20265,best way to read xml in python,d11614,2,d20265,False,read;query;row;error;method
q20265,best way to read xml in python,d20265,3,d20265,True,read;query;row;error;method
q20265,best way to read xml in python,d6531,4,d20265,False,read;query;row;error;method
q20265,best way to read xml in python,d4884,5,d20265,False,read;query;row;error;method
q20265,best way to read xml in python,d16495,6,d20265,False,read;query;row;error;method
q20265,best way to read xml in python,d10442,7,d20265,False,read;query;row;error;method
q20265,best way to read xml in python,d12640,8,d20265,False,read;query;row;error;method
q20265,best way to read xml in python,d94,9,d20265,False,read;query;row;error;method
q20265,best way to read xml in python,d10127,10,d20265,False,read;query;row;error;method
q20266,how to put a string in a yaml file python,d11454,1,d20266,False,string;file;error;row;method
q20266,how to put a string in a yaml file python,d16336,2,d20266,False,string;file;error;row;method
q20266,how to put a string in a yaml file python,d3193,3,d20266,False,string;file;error;row;method
q20266,how to put a string in a yaml file python,d1489,4,d20266,False,string;file;error;row;method
q20266,how to put a string in a yaml file python,d11434,5,d20266,False,string;file;error;row;method
q20266,how to put a string in a yaml file python,d8476,6,d20266,False,string;file;error;row;method
q20266,how to put a string in a yaml file python,d5974,7,d20266,False,string;file;error;row;method
q20266,how to put a string in a yaml file python,d10232,8,d20266,False,string;file;error;row;method
q20266,how to put a string in a yaml file python,d11546,9,d20266,False,string;file;error;row;method
q20266,how to put a string in a yaml file python,d13568,10,d20266,False,string;file;error;row;method
q20267,python move cursor to secific line,d14059,1,d20267,False,error;loop;row;integer;string
q20267,python move cursor to secific line,d14057,2,d20267,False,error;loop;row;integer;string
q20267,python move cursor to secific line,d2993,3,d20267,False,error;loop;row;integer;string
q20267,python move cursor to secific line,d7238,4,d20267,False,error;loop;row;integer;string
q20267,python move cursor to secific line,d19916,5,d20267,False,error;loop;row;integer;string
q20267,python move cursor to secific line,d5162,6,d20267,False,error;loop;row;integer;string
q20267,python move cursor to secific line,d3537,7,d20267,False,error;loop;row;integer;string
q20267,python move cursor to secific line,d11487,8,d20267,False,error;loop;row;integer;string
q20267,python move cursor to secific line,d934,9,d20267,False,error;loop;row;integer;string
q20267,python move cursor to secific line,d13354,10,d20267,False,error;loop;row;integer;string
q20268,token to id python,d11054,1,d20268,False,add;integer;error;update;query
q20268,token to id python,d14785,2,d20268,False,add;integer;error;update;query
q20268,token to id python,d16043,3,d20268,False,add;integer;error;update;query
q20268,token to id python,d11823,4,d20268,False,add;integer;error;update;query
q20268,token to id python,d1133,5,d20268,False,add;integer;error;update;query
q20268,token to id python,d10990,6,d20268,False,add;integer;error;update;query
q20268,token to id python,d13659,7,d20268,False,add;integer;error;update;query
q20268,token to id python,d2322,8,d20268,False,add;integer;error;update;query
q20268,token to id python,d7616,9,d20268,False,add;integer;error;update;query
q20268,token to id python,d16042,10,d20268,False,add;integer;error;update;query
q20269,python urlparse get domain,d17419,1,d20269,False,parameter;error;search;variable;string
q20269,python urlparse get domain,d17294,2,d20269,False,parameter;error;search;variable;string
q20269,python urlparse get domain,d18739,3,d20269,False,parameter;error;search;variable;string
q20269,python urlparse get domain,d20269,4,d20269,True,parameter;error;search;variable;string
q20269,python urlparse get domain,d19277,5,d20269,False,parameter;error;search;variable;string
q20269,python urlparse get domain,d17243,6,d20269,False,parameter;error;search;variable;string
q20269,python urlparse get domain,d17027,7,d20269,False,parameter;error;search;variable;string
q20269,python urlparse get domain,d18560,8,d20269,False,parameter;error;search;variable;string
q20269,python urlparse get domain,d17788,9,d20269,False,parameter;error;search;variable;string
q20269,python urlparse get domain,d18206,10,d20269,False,parameter;error;search;variable;string
q20270,python turn a string into a number,d12273,1,d20270,False,string;integer;return;loop;function
q20270,python turn a string into a number,d12321,2,d20270,False,string;integer;return;loop;function
q20270,python turn a string into a number,d2028,3,d20270,False,string;integer;return;loop;function
q20270,python turn a string into a number,d12323,4,d20270,False,string;integer;return;loop;function
q20270,python turn a string into a number,d4381,5,d20270,False,string;integer;return;loop;function
q20270,python turn a string into a number,d9736,6,d20270,False,string;integer;return;loop;function
q20270,python turn a string into a number,d14977,7,d20270,False,string;integer;return;loop;function
q20270,python turn a string into a number,d4311,8,d20270,False,string;integer;return;loop;function
q20270,python turn a string into a number,d10531,9,d20270,False,string;integer;return;loop;function
q20270,python turn a string into a number,d14822,10,d20270,False,string;integer;return;loop;function
q20271,python check if all are type string in a column,d2347,1,d20271,False,column;string;integer;error;row
q20271,python check if all are type string in a column,d5015,2,d20271,False,column;string;integer;error;row
q20271,python check if all are type string in a column,d8762,3,d20271,False,column;string;integer;error;row
q20271,python check if all are type string in a column,d4605,4,d20271,False,column;string;integer;error;row
q20271,python check if all are type string in a column,d11293,5,d20271,False,column;string;integer;error;row
q20271,python check if all are type string in a column,d10761,6,d20271,False,column;string;integer;error;row
q20271,python check if all are type string in a column,d14801,7,d20271,False,column;string;integer;error;row
q20271,python check if all are type string in a column,d6659,8,d20271,False,column;string;integer;error;row
q20271,python check if all are type string in a column,d8373,9,d20271,False,column;string;integer;error;row
q20271,python check if all are type string in a column,d7938,10,d20271,False,column;string;integer;error;row
q20272,bin means python numpy,d19635,1,d20272,False,integer;error;string;function;array
q20272,bin means python numpy,d624,2,d20272,False,integer;error;string;function;array
q20272,bin means python numpy,d13674,3,d20272,False,integer;error;string;function;array
q20272,bin means python numpy,d12577,4,d20272,False,integer;error;string;function;array
q20272,bin means python numpy,d8363,5,d20272,False,integer;error;string;function;array
q20272,bin means python numpy,d2293,6,d20272,False,integer;error;string;function;array
q20272,bin means python numpy,d864,7,d20272,False,integer;error;string;function;array
q20272,bin means python numpy,d6593,8,d20272,False,integer;error;string;function;array
q20272,bin means python numpy,d12330,9,d20272,False,integer;error;string;function;array
q20272,bin means python numpy,d5108,10,d20272,False,integer;error;string;function;array
q20273,python boto3 delete key from s3,d9690,1,d20273,False,delete;error;update;row;query
q20273,python boto3 delete key from s3,d14154,2,d20273,False,delete;error;update;row;query
q20273,python boto3 delete key from s3,d14927,3,d20273,False,delete;error;update;row;query
q20273,python boto3 delete key from s3,d8266,4,d20273,False,delete;error;update;row;query
q20273,python boto3 delete key from s3,d15771,5,d20273,False,delete;error;update;row;query
q20273,python boto3 delete key from s3,d10861,6,d20273,False,delete;error;update;row;query
q20273,python boto3 delete key from s3,d16503,7,d20273,False,delete;error;update;row;query
q20273,python boto3 delete key from s3,d20273,8,d20273,True,delete;error;update;row;query
q20273,python boto3 delete key from s3,d5475,9,d20273,False,delete;error;update;row;query
q20273,python boto3 delete key from s3,d1788,10,d20273,False,delete;error;update;row;query
q20274,random walk steps python,d18462,1,d20274,False,error;function;save;loop;query
q20274,random walk steps python,d18362,2,d20274,False,error;function;save;loop;query
q20274,random walk steps python,d18264,3,d20274,False,error;function;save;loop;query
q20274,random walk steps python,d18239,4,d20274,False,error;function;save;loop;query
q20274,random walk steps python,d17416,5,d20274,False,error;function;save;loop;query
q20274,random walk steps python,d17821,6,d20274,False,error;function;save;loop;query
q20274,random walk steps python,d20274,7,d20274,True,error;function;save;loop;query
q20274,random walk steps python,d19240,8,d20274,False,error;function;save;loop;query
q20274,random walk steps python,d2322,9,d20274,False,error;function;save;loop;query
q20274,random walk steps python,d13659,10,d20274,False,error;function;save;loop;query
q20275,python delete objects inside of objects,d9393,1,d20275,False,delete;integer;row;method;error
q20275,python delete objects inside of objects,d5229,2,d20275,False,delete;integer;row;method;error
q20275,python delete objects inside of objects,d9880,3,d20275,False,delete;integer;row;method;error
q20275,python delete objects inside of objects,d5324,4,d20275,False,delete;integer;row;method;error
q20275,python delete objects inside of objects,d12123,5,d20275,False,delete;integer;row;method;error
q20275,python delete objects inside of objects,d3424,6,d20275,False,delete;integer;row;method;error
q20275,python delete objects inside of objects,d10146,7,d20275,False,delete;integer;row;method;error
q20275,python delete objects inside of objects,d11626,8,d20275,False,delete;integer;row;method;error
q20275,python delete objects inside of objects,d10144,9,d20275,False,delete;integer;row;method;error
q20275,python delete objects inside of objects,d13618,10,d20275,False,delete;integer;row;method;error
q20276,truncate seconds from a timestamp in python code,d14615,1,d20276,False,string;error;loop;integer;update
q20276,truncate seconds from a timestamp in python code,d20121,2,d20276,False,string;error;loop;integer;update
q20276,truncate seconds from a timestamp in python code,d9697,3,d20276,False,string;error;loop;integer;update
q20276,truncate seconds from a timestamp in python code,d7327,4,d20276,False,string;error;loop;integer;update
q20276,truncate seconds from a timestamp in python code,d16514,5,d20276,False,string;error;loop;integer;update
q20276,truncate seconds from a timestamp in python code,d7871,6,d20276,False,string;error;loop;integer;update
q20276,truncate seconds from a timestamp in python code,d15790,7,d20276,False,string;error;loop;integer;update
q20276,truncate seconds from a timestamp in python code,d9089,8,d20276,False,string;error;loop;integer;update
q20276,truncate seconds from a timestamp in python code,d5736,9,d20276,False,string;error;loop;integer;update
q20276,truncate seconds from a timestamp in python code,d1084,10,d20276,False,string;error;loop;integer;update
q20277,python json load unorde,d7947,1,d20277,False,update;error;file;integer;database
q20277,python json load unorde,d11721,2,d20277,False,update;error;file;integer;database
q20277,python json load unorde,d5154,3,d20277,False,update;error;file;integer;database
q20277,python json load unorde,d5796,4,d20277,False,update;error;file;integer;database
q20277,python json load unorde,d1571,5,d20277,False,update;error;file;integer;database
q20277,python json load unorde,d20277,6,d20277,True,update;error;file;integer;database
q20277,python json load unorde,d7070,7,d20277,False,update;error;file;integer;database
q20277,python json load unorde,d12058,8,d20277,False,update;error;file;integer;database
q20277,python json load unorde,d2824,9,d20277,False,update;error;file;integer;database
q20277,python json load unorde,d18007,10,d20277,False,update;error;file;integer;database
q20278,python yaml expected single document,d10059,1,d20278,False,error;database;update;file;row
q20278,python yaml expected single document,d11823,2,d20278,False,error;database;update;file;row
q20278,python yaml expected single document,d15422,3,d20278,False,error;database;update;file;row
q20278,python yaml expected single document,d11519,4,d20278,False,error;database;update;file;row
q20278,python yaml expected single document,d15610,5,d20278,False,error;database;update;file;row
q20278,python yaml expected single document,d5654,6,d20278,False,error;database;update;file;row
q20278,python yaml expected single document,d6350,7,d20278,False,error;database;update;file;row
q20278,python yaml expected single document,d7230,8,d20278,False,error;database;update;file;row
q20278,python yaml expected single document,d5974,9,d20278,False,error;database;update;file;row
q20278,python yaml expected single document,d8476,10,d20278,False,error;database;update;file;row
q20279,python filter object at,d5664,1,d20279,False,filter;function;method;condition;file
q20279,python filter object at,d2214,2,d20279,False,filter;function;method;condition;file
q20279,python filter object at,d10386,3,d20279,False,filter;function;method;condition;file
q20279,python filter object at,d2391,4,d20279,False,filter;function;method;condition;file
q20279,python filter object at,d8768,5,d20279,False,filter;function;method;condition;file
q20279,python filter object at,d3935,6,d20279,False,filter;function;method;condition;file
q20279,python filter object at,d314,7,d20279,False,filter;function;method;condition;file
q20279,python filter object at,d1674,8,d20279,False,filter;function;method;condition;file
q20279,python filter object at,d14180,9,d20279,False,filter;function;method;condition;file
q20279,python filter object at,d18196,10,d20279,False,filter;function;method;condition;file
q20280,python nonetype object has no attributte,d5922,1,d20280,False,integer;error;variable;update;delete
q20280,python nonetype object has no attributte,d13287,2,d20280,False,integer;error;variable;update;delete
q20280,python nonetype object has no attributte,d7865,3,d20280,False,integer;error;variable;update;delete
q20280,python nonetype object has no attributte,d6151,4,d20280,False,integer;error;variable;update;delete
q20280,python nonetype object has no attributte,d3625,5,d20280,False,integer;error;variable;update;delete
q20280,python nonetype object has no attributte,d8978,6,d20280,False,integer;error;variable;update;delete
q20280,python nonetype object has no attributte,d8250,7,d20280,False,integer;error;variable;update;delete
q20280,python nonetype object has no attributte,d3097,8,d20280,False,integer;error;variable;update;delete
q20280,python nonetype object has no attributte,d6175,9,d20280,False,integer;error;variable;update;delete
q20280,python nonetype object has no attributte,d14654,10,d20280,False,integer;error;variable;update;delete
q20281,python tkinter how to create scrollable canvas,d11823,1,d20281,False,column;row;error;update;integer
q20281,python tkinter how to create scrollable canvas,d5878,2,d20281,False,column;row;error;update;integer
q20281,python tkinter how to create scrollable canvas,d16083,3,d20281,False,column;row;error;update;integer
q20281,python tkinter how to create scrollable canvas,d14198,4,d20281,False,column;row;error;update;integer
q20281,python tkinter how to create scrollable canvas,d7887,5,d20281,False,column;row;error;update;integer
q20281,python tkinter how to create scrollable canvas,d9891,6,d20281,False,column;row;error;update;integer
q20281,python tkinter how to create scrollable canvas,d15718,7,d20281,False,column;row;error;update;integer
q20281,python tkinter how to create scrollable canvas,d8142,8,d20281,False,column;row;error;update;integer
q20281,python tkinter how to create scrollable canvas,d6985,9,d20281,False,column;row;error;update;integer
q20281,python tkinter how to create scrollable canvas,d3951,10,d20281,False,column;row;error;update;integer
q20282,geojson to topojson python,d20282,1,d20282,True,open;update;query;save;error
q20282,geojson to topojson python,d10134,2,d20282,False,open;update;query;save;error
q20282,geojson to topojson python,d8453,3,d20282,False,open;update;query;save;error
q20282,geojson to topojson python,d1723,4,d20282,False,open;update;query;save;error
q20282,geojson to topojson python,d11544,5,d20282,False,open;update;query;save;error
q20282,geojson to topojson python,d11054,6,d20282,False,open;update;query;save;error
q20282,geojson to topojson python,d6350,7,d20282,False,open;update;query;save;error
q20282,geojson to topojson python,d11519,8,d20282,False,open;update;query;save;error
q20282,geojson to topojson python,d15610,9,d20282,False,open;update;query;save;error
q20282,geojson to topojson python,d15422,10,d20282,False,open;update;query;save;error
q20283,python get png image dimensions,d20283,1,d20283,True,integer;parameter;error;column;file
q20283,python get png image dimensions,d12007,2,d20283,False,integer;parameter;error;column;file
q20283,python get png image dimensions,d12705,3,d20283,False,integer;parameter;error;column;file
q20283,python get png image dimensions,d12969,4,d20283,False,integer;parameter;error;column;file
q20283,python get png image dimensions,d7056,5,d20283,False,integer;parameter;error;column;file
q20283,python get png image dimensions,d10855,6,d20283,False,integer;parameter;error;column;file
q20283,python get png image dimensions,d10907,7,d20283,False,integer;parameter;error;column;file
q20283,python get png image dimensions,d2698,8,d20283,False,integer;parameter;error;column;file
q20283,python get png image dimensions,d2469,9,d20283,False,integer;parameter;error;column;file
q20283,python get png image dimensions,d7019,10,d20283,False,integer;parameter;error;column;file
q20284,python flask separate functions get and post,d10741,1,d20284,False,function;get;search;integer;filter
q20284,python flask separate functions get and post,d14882,2,d20284,False,function;get;search;integer;filter
q20284,python flask separate functions get and post,d8783,3,d20284,False,function;get;search;integer;filter
q20284,python flask separate functions get and post,d332,4,d20284,False,function;get;search;integer;filter
q20284,python flask separate functions get and post,d7838,5,d20284,False,function;get;search;integer;filter
q20284,python flask separate functions get and post,d20284,6,d20284,True,function;get;search;integer;filter
q20284,python flask separate functions get and post,d20279,7,d20284,False,function;get;search;integer;filter
q20284,python flask separate functions get and post,d12724,8,d20284,False,function;get;search;integer;filter
q20284,python flask separate functions get and post,d8770,9,d20284,False,function;get;search;integer;filter
q20284,python flask separate functions get and post,d19607,10,d20284,False,function;get;search;integer;filter
q20285,return year from date python,d4769,1,d20285,False,return;error;integer;data;update
q20285,return year from date python,d8847,2,d20285,False,return;error;integer;data;update
q20285,return year from date python,d184,3,d20285,False,return;error;integer;data;update
q20285,return year from date python,d7299,4,d20285,False,return;error;integer;data;update
q20285,return year from date python,d3665,5,d20285,False,return;error;integer;data;update
q20285,return year from date python,d12396,6,d20285,False,return;error;integer;data;update
q20285,return year from date python,d724,7,d20285,False,return;error;integer;data;update
q20285,return year from date python,d6424,8,d20285,False,return;error;integer;data;update
q20285,return year from date python,d2806,9,d20285,False,return;error;integer;data;update
q20285,return year from date python,d11429,10,d20285,False,return;error;integer;data;update
q20286,how to get all modes python,d11392,1,d20286,False,method;update;get;search;error
q20286,how to get all modes python,d6239,2,d20286,False,method;update;get;search;error
q20286,how to get all modes python,d1410,3,d20286,False,method;update;get;search;error
q20286,how to get all modes python,d8296,4,d20286,False,method;update;get;search;error
q20286,how to get all modes python,d3578,5,d20286,False,method;update;get;search;error
q20286,how to get all modes python,d3580,6,d20286,False,method;update;get;search;error
q20286,how to get all modes python,d4881,7,d20286,False,method;update;get;search;error
q20286,how to get all modes python,d414,8,d20286,False,method;update;get;search;error
q20286,how to get all modes python,d19844,9,d20286,False,method;update;get;search;error
q20286,how to get all modes python,d5037,10,d20286,False,method;update;get;search;error
q20287,integer and returns a random bitstring of size python,d3237,1,d20287,False,integer;return;string;error;function
q20287,integer and returns a random bitstring of size python,d20498,2,d20287,False,integer;return;string;error;function
q20287,integer and returns a random bitstring of size python,d7104,3,d20287,False,integer;return;string;error;function
q20287,integer and returns a random bitstring of size python,d294,4,d20287,False,integer;return;string;error;function
q20287,integer and returns a random bitstring of size python,d7004,5,d20287,False,integer;return;string;error;function
q20287,integer and returns a random bitstring of size python,d4605,6,d20287,False,integer;return;string;error;function
q20287,integer and returns a random bitstring of size python,d10761,7,d20287,False,integer;return;string;error;function
q20287,integer and returns a random bitstring of size python,d11293,8,d20287,False,integer;return;string;error;function
q20287,integer and returns a random bitstring of size python,d8762,9,d20287,False,integer;return;string;error;function
q20287,integer and returns a random bitstring of size python,d2347,10,d20287,False,integer;return;string;error;function
q20288,how to get the encoding of a file python,d3451,1,d20288,False,file;integer;string;error;search
q20288,how to get the encoding of a file python,d7769,2,d20288,False,file;integer;string;error;search
q20288,how to get the encoding of a file python,d12547,3,d20288,False,file;integer;string;error;search
q20288,how to get the encoding of a file python,d15011,4,d20288,False,file;integer;string;error;search
q20288,how to get the encoding of a file python,d1362,5,d20288,False,file;integer;string;error;search
q20288,how to get the encoding of a file python,d4831,6,d20288,False,file;integer;string;error;search
q20288,how to get the encoding of a file python,d3206,7,d20288,False,file;integer;string;error;search
q20288,how to get the encoding of a file python,d15249,8,d20288,False,file;integer;string;error;search
q20288,how to get the encoding of a file python,d7336,9,d20288,False,file;integer;string;error;search
q20288,how to get the encoding of a file python,d14956,10,d20288,False,file;integer;string;error;search
q20289,python connect to aws rds,d20289,1,d20289,True,query;database;error;update;search
q20289,python connect to aws rds,d11823,2,d20289,False,query;database;error;update;search
q20289,python connect to aws rds,d14591,3,d20289,False,query;database;error;update;search
q20289,python connect to aws rds,d8256,4,d20289,False,query;database;error;update;search
q20289,python connect to aws rds,d12264,5,d20289,False,query;database;error;update;search
q20289,python connect to aws rds,d13249,6,d20289,False,query;database;error;update;search
q20289,python connect to aws rds,d20076,7,d20289,False,query;database;error;update;search
q20289,python connect to aws rds,d1935,8,d20289,False,query;database;error;update;search
q20289,python connect to aws rds,d8060,9,d20289,False,query;database;error;update;search
q20289,python connect to aws rds,d11531,10,d20289,False,query;database;error;update;search
q20290,python cv2 check if image is empty,d20290,1,d20290,True,error;file;update;row;close
q20290,python cv2 check if image is empty,d4859,2,d20290,False,error;file;update;row;close
q20290,python cv2 check if image is empty,d16570,3,d20290,False,error;file;update;row;close
q20290,python cv2 check if image is empty,d8392,4,d20290,False,error;file;update;row;close
q20290,python cv2 check if image is empty,d196,5,d20290,False,error;file;update;row;close
q20290,python cv2 check if image is empty,d3539,6,d20290,False,error;file;update;row;close
q20290,python cv2 check if image is empty,d8335,7,d20290,False,error;file;update;row;close
q20290,python cv2 check if image is empty,d6295,8,d20290,False,error;file;update;row;close
q20290,python cv2 check if image is empty,d3125,9,d20290,False,error;file;update;row;close
q20290,python cv2 check if image is empty,d8127,10,d20290,False,error;file;update;row;close
q20291,how to hide a window using a button in python,d5810,1,d20291,False,method;delete;open;row;update
q20291,how to hide a window using a button in python,d15969,2,d20291,False,method;delete;open;row;update
q20291,how to hide a window using a button in python,d11111,3,d20291,False,method;delete;open;row;update
q20291,how to hide a window using a button in python,d15054,4,d20291,False,method;delete;open;row;update
q20291,how to hide a window using a button in python,d13918,5,d20291,False,method;delete;open;row;update
q20291,how to hide a window using a button in python,d12754,6,d20291,False,method;delete;open;row;update
q20291,how to hide a window using a button in python,d15680,7,d20291,False,method;delete;open;row;update
q20291,how to hide a window using a button in python,d5389,8,d20291,False,method;delete;open;row;update
q20291,how to hide a window using a button in python,d20291,9,d20291,True,method;delete;open;row;update
q20291,how to hide a window using a button in python,d4454,10,d20291,False,method;delete;open;row;update
q20292,python marshmallow validation schema from parent,d2088,1,d20292,False,parameter;error;database;variable;integer
q20292,python marshmallow validation schema from parent,d15284,2,d20292,False,parameter;error;database;variable;integer
q20292,python marshmallow validation schema from parent,d11580,3,d20292,False,parameter;error;database;variable;integer
q20292,python marshmallow validation schema from parent,d20292,4,d20292,True,parameter;error;database;variable;integer
q20292,python marshmallow validation schema from parent,d446,5,d20292,False,parameter;error;database;variable;integer
q20292,python marshmallow validation schema from parent,d8781,6,d20292,False,parameter;error;database;variable;integer
q20292,python marshmallow validation schema from parent,d12742,7,d20292,False,parameter;error;database;variable;integer
q20292,python marshmallow validation schema from parent,d5920,8,d20292,False,parameter;error;database;variable;integer
q20292,python marshmallow validation schema from parent,d10034,9,d20292,False,parameter;error;database;variable;integer
q20292,python marshmallow validation schema from parent,d20141,10,d20292,False,parameter;error;database;variable;integer
q20293,fillna with string for specific columnin python,d2666,1,d20293,False,column;string;row;database;error
q20293,fillna with string for specific columnin python,d4876,2,d20293,False,column;string;row;database;error
q20293,fillna with string for specific columnin python,d2364,3,d20293,False,column;string;row;database;error
q20293,fillna with string for specific columnin python,d7793,4,d20293,False,column;string;row;database;error
q20293,fillna with string for specific columnin python,d8958,5,d20293,False,column;string;row;database;error
q20293,fillna with string for specific columnin python,d8814,6,d20293,False,column;string;row;database;error
q20293,fillna with string for specific columnin python,d9603,7,d20293,False,column;string;row;database;error
q20293,fillna with string for specific columnin python,d20293,8,d20293,True,column;string;row;database;error
q20293,fillna with string for specific columnin python,d1798,9,d20293,False,column;string;row;database;error
q20293,fillna with string for specific columnin python,d11650,10,d20293,False,column;string;row;database;error
q20294,how to separate list elements by white space python,d9707,1,d20294,False,list;integer;column;loop;error
q20294,how to separate list elements by white space python,d3735,2,d20294,False,list;integer;column;loop;error
q20294,how to separate list elements by white space python,d11759,3,d20294,False,list;integer;column;loop;error
q20294,how to separate list elements by white space python,d10414,4,d20294,False,list;integer;column;loop;error
q20294,how to separate list elements by white space python,d10418,5,d20294,False,list;integer;column;loop;error
q20294,how to separate list elements by white space python,d10356,6,d20294,False,list;integer;column;loop;error
q20294,how to separate list elements by white space python,d9252,7,d20294,False,list;integer;column;loop;error
q20294,how to separate list elements by white space python,d6495,8,d20294,False,list;integer;column;loop;error
q20294,how to separate list elements by white space python,d18678,9,d20294,False,list;integer;column;loop;error
q20294,how to separate list elements by white space python,d17839,10,d20294,False,list;integer;column;loop;error
q20295,how to default value in python,d19863,1,d20295,False,error;variable;integer;parameter;method
q20295,how to default value in python,d20295,2,d20295,True,error;variable;integer;parameter;method
q20295,how to default value in python,d9145,3,d20295,False,error;variable;integer;parameter;method
q20295,how to default value in python,d3752,4,d20295,False,error;variable;integer;parameter;method
q20295,how to default value in python,d11130,5,d20295,False,error;variable;integer;parameter;method
q20295,how to default value in python,d18973,6,d20295,False,error;variable;integer;parameter;method
q20295,how to default value in python,d6799,7,d20295,False,error;variable;integer;parameter;method
q20295,how to default value in python,d12091,8,d20295,False,error;variable;integer;parameter;method
q20295,how to default value in python,d6555,9,d20295,False,error;variable;integer;parameter;method
q20295,how to default value in python,d13915,10,d20295,False,error;variable;integer;parameter;method
q20296,python dict keys lowercase,d11831,1,d20296,False,dictionary;error;loop;delete;query
q20296,python dict keys lowercase,d5545,2,d20296,False,dictionary;error;loop;delete;query
q20296,python dict keys lowercase,d19984,3,d20296,False,dictionary;error;loop;delete;query
q20296,python dict keys lowercase,d12560,4,d20296,False,dictionary;error;loop;delete;query
q20296,python dict keys lowercase,d12642,5,d20296,False,dictionary;error;loop;delete;query
q20296,python dict keys lowercase,d12554,6,d20296,False,dictionary;error;loop;delete;query
q20296,python dict keys lowercase,d8601,7,d20296,False,dictionary;error;loop;delete;query
q20296,python dict keys lowercase,d9578,8,d20296,False,dictionary;error;loop;delete;query
q20296,python dict keys lowercase,d6571,9,d20296,False,dictionary;error;loop;delete;query
q20296,python dict keys lowercase,d14187,10,d20296,False,dictionary;error;loop;delete;query
q20297,python get index of list values that equal,d7031,1,d20297,False,list;integer;search;parameter;error
q20297,python get index of list values that equal,d3653,2,d20297,False,list;integer;search;parameter;error
q20297,python get index of list values that equal,d6941,3,d20297,False,list;integer;search;parameter;error
q20297,python get index of list values that equal,d20412,4,d20297,False,list;integer;search;parameter;error
q20297,python get index of list values that equal,d13115,5,d20297,False,list;integer;search;parameter;error
q20297,python get index of list values that equal,d5546,6,d20297,False,list;integer;search;parameter;error
q20297,python get index of list values that equal,d15053,7,d20297,False,list;integer;search;parameter;error
q20297,python get index of list values that equal,d20015,8,d20297,False,list;integer;search;parameter;error
q20297,python get index of list values that equal,d5737,9,d20297,False,list;integer;search;parameter;error
q20297,python get index of list values that equal,d11678,10,d20297,False,list;integer;search;parameter;error
q20298,python requests logging not work,d15431,1,d20298,False,error;search;update;loop;integer
q20298,python requests logging not work,d13302,2,d20298,False,error;search;update;loop;integer
q20298,python requests logging not work,d17825,3,d20298,False,error;search;update;loop;integer
q20298,python requests logging not work,d8290,4,d20298,False,error;search;update;loop;integer
q20298,python requests logging not work,d589,5,d20298,False,error;search;update;loop;integer
q20298,python requests logging not work,d4162,6,d20298,False,error;search;update;loop;integer
q20298,python requests logging not work,d15995,7,d20298,False,error;search;update;loop;integer
q20298,python requests logging not work,d9992,8,d20298,False,error;search;update;loop;integer
q20298,python requests logging not work,d12882,9,d20298,False,error;search;update;loop;integer
q20298,python requests logging not work,d5769,10,d20298,False,error;search;update;loop;integer
q20299,python static files flask,d16042,1,d20299,False,file;database;error;integer;column
q20299,python static files flask,d8797,2,d20299,False,file;database;error;integer;column
q20299,python static files flask,d13659,3,d20299,False,file;database;error;integer;column
q20299,python static files flask,d7616,4,d20299,False,file;database;error;integer;column
q20299,python static files flask,d2322,5,d20299,False,file;database;error;integer;column
q20299,python static files flask,d8787,6,d20299,False,file;database;error;integer;column
q20299,python static files flask,d5878,7,d20299,False,file;database;error;integer;column
q20299,python static files flask,d8781,8,d20299,False,file;database;error;integer;column
q20299,python static files flask,d12742,9,d20299,False,file;database;error;integer;column
q20299,python static files flask,d19996,10,d20299,False,file;database;error;integer;column
q20300,rest json schema validation python,d15284,1,d20300,False,error;return;database;update;integer
q20300,rest json schema validation python,d20141,2,d20300,False,error;return;database;update;integer
q20300,rest json schema validation python,d2088,3,d20300,False,error;return;database;update;integer
q20300,rest json schema validation python,d12742,4,d20300,False,error;return;database;update;integer
q20300,rest json schema validation python,d8781,5,d20300,False,error;return;database;update;integer
q20300,rest json schema validation python,d18750,6,d20300,False,error;return;database;update;integer
q20300,rest json schema validation python,d20300,7,d20300,True,error;return;database;update;integer
q20300,rest json schema validation python,d18646,8,d20300,False,error;return;database;update;integer
q20300,rest json schema validation python,d19626,9,d20300,False,error;return;database;update;integer
q20300,rest json schema validation python,d17108,10,d20300,False,error;return;database;update;integer
q20301,write in bold and read in color of the print mesaage in python,d2185,1,d20301,False,write;read;query;row;column
q20301,write in bold and read in color of the print mesaage in python,d858,2,d20301,False,write;read;query;row;column
q20301,write in bold and read in color of the print mesaage in python,d11585,3,d20301,False,write;read;query;row;column
q20301,write in bold and read in color of the print mesaage in python,d3917,4,d20301,False,write;read;query;row;column
q20301,write in bold and read in color of the print mesaage in python,d8113,5,d20301,False,write;read;query;row;column
q20301,write in bold and read in color of the print mesaage in python,d13267,6,d20301,False,write;read;query;row;column
q20301,write in bold and read in color of the print mesaage in python,d291,7,d20301,False,write;read;query;row;column
q20301,write in bold and read in color of the print mesaage in python,d15789,8,d20301,False,write;read;query;row;column
q20301,write in bold and read in color of the print mesaage in python,d3396,9,d20301,False,write;read;query;row;column
q20301,write in bold and read in color of the print mesaage in python,d13170,10,d20301,False,write;read;query;row;column
q20302,python type cast to bigint,d7533,1,d20302,False,integer;variable;class;error;string
q20302,python type cast to bigint,d19420,2,d20302,False,integer;variable;class;error;string
q20302,python type cast to bigint,d20499,3,d20302,False,integer;variable;class;error;string
q20302,python type cast to bigint,d17899,4,d20302,False,integer;variable;class;error;string
q20302,python type cast to bigint,d18876,5,d20302,False,integer;variable;class;error;string
q20302,python type cast to bigint,d18506,6,d20302,False,integer;variable;class;error;string
q20302,python type cast to bigint,d17132,7,d20302,False,integer;variable;class;error;string
q20302,python type cast to bigint,d17426,8,d20302,False,integer;variable;class;error;string
q20302,python type cast to bigint,d19295,9,d20302,False,integer;variable;class;error;string
q20302,python type cast to bigint,d18155,10,d20302,False,integer;variable;class;error;string
q20303,converts matrix to pictures by python,d2231,1,d20303,False,parameter;row;integer;array;column
q20303,converts matrix to pictures by python,d5224,2,d20303,False,parameter;row;integer;array;column
q20303,converts matrix to pictures by python,d2512,3,d20303,False,parameter;row;integer;array;column
q20303,converts matrix to pictures by python,d2776,4,d20303,False,parameter;row;integer;array;column
q20303,converts matrix to pictures by python,d15866,5,d20303,False,parameter;row;integer;array;column
q20303,converts matrix to pictures by python,d15864,6,d20303,False,parameter;row;integer;array;column
q20303,converts matrix to pictures by python,d1808,7,d20303,False,parameter;row;integer;array;column
q20303,converts matrix to pictures by python,d12523,8,d20303,False,parameter;row;integer;array;column
q20303,converts matrix to pictures by python,d3529,9,d20303,False,parameter;row;integer;array;column
q20303,converts matrix to pictures by python,d13181,10,d20303,False,parameter;row;integer;array;column
q20304,python random selection from function,d10011,1,d20304,False,function;error;parameter;condition;return
q20304,python random selection from function,d4579,2,d20304,False,function;error;parameter;condition;return
q20304,python random selection from function,d11731,3,d20304,False,function;error;parameter;condition;return
q20304,python random selection from function,d1757,4,d20304,False,function;error;parameter;condition;return
q20304,python random selection from function,d3859,5,d20304,False,function;error;parameter;condition;return
q20304,python random selection from function,d15447,6,d20304,False,function;error;parameter;condition;return
q20304,python random selection from function,d5490,7,d20304,False,function;error;parameter;condition;return
q20304,python random selection from function,d3168,8,d20304,False,function;error;parameter;condition;return
q20304,python random selection from function,d8084,9,d20304,False,function;error;parameter;condition;return
q20304,python random selection from function,d8214,10,d20304,False,function;error;parameter;condition;return
q20305,python keep processpool open until tasks complete,d10346,1,d20305,False,loop;open;error;file;delete
q20305,python keep processpool open until tasks complete,d6127,2,d20305,False,loop;open;error;file;delete
q20305,python keep processpool open until tasks complete,d4041,3,d20305,False,loop;open;error;file;delete
q20305,python keep processpool open until tasks complete,d12581,4,d20305,False,loop;open;error;file;delete
q20305,python keep processpool open until tasks complete,d8248,5,d20305,False,loop;open;error;file;delete
q20305,python keep processpool open until tasks complete,d10312,6,d20305,False,loop;open;error;file;delete
q20305,python keep processpool open until tasks complete,d6281,7,d20305,False,loop;open;error;file;delete
q20305,python keep processpool open until tasks complete,d14249,8,d20305,False,loop;open;error;file;delete
q20305,python keep processpool open until tasks complete,d13896,9,d20305,False,loop;open;error;file;delete
q20305,python keep processpool open until tasks complete,d20305,10,d20305,True,loop;open;error;file;delete
q20306,running a def a specified amount of time python 3,d817,1,d20306,False,integer;function;loop;method;parameter
q20306,running a def a specified amount of time python 3,d7902,2,d20306,False,integer;function;loop;method;parameter
q20306,running a def a specified amount of time python 3,d8620,3,d20306,False,integer;function;loop;method;parameter
q20306,running a def a specified amount of time python 3,d15977,4,d20306,False,integer;function;loop;method;parameter
q20306,running a def a specified amount of time python 3,d5648,5,d20306,False,integer;function;loop;method;parameter
q20306,running a def a specified amount of time python 3,d12384,6,d20306,False,integer;function;loop;method;parameter
q20306,running a def a specified amount of time python 3,d13319,7,d20306,False,integer;function;loop;method;parameter
q20306,running a def a specified amount of time python 3,d9959,8,d20306,False,integer;function;loop;method;parameter
q20306,running a def a specified amount of time python 3,d15747,9,d20306,False,integer;function;loop;method;parameter
q20306,running a def a specified amount of time python 3,d6921,10,d20306,False,integer;function;loop;method;parameter
q20307,python str to dateal time,d16547,1,d20307,False,string;dictionary;database;data;integer
q20307,python str to dateal time,d6611,2,d20307,False,string;dictionary;database;data;integer
q20307,python str to dateal time,d10406,3,d20307,False,string;dictionary;database;data;integer
q20307,python str to dateal time,d12316,4,d20307,False,string;dictionary;database;data;integer
q20307,python str to dateal time,d7557,5,d20307,False,string;dictionary;database;data;integer
q20307,python str to dateal time,d17861,6,d20307,False,string;dictionary;database;data;integer
q20307,python str to dateal time,d8319,7,d20307,False,string;dictionary;database;data;integer
q20307,python str to dateal time,d1918,8,d20307,False,string;dictionary;database;data;integer
q20307,python str to dateal time,d2299,9,d20307,False,string;dictionary;database;data;integer
q20307,python str to dateal time,d3421,10,d20307,False,string;dictionary;database;data;integer
q20308,python check if file is executable,d6327,1,d20308,False,file;error;update;condition;string
q20308,python check if file is executable,d20308,2,d20308,True,file;error;update;condition;string
q20308,python check if file is executable,d13875,3,d20308,False,file;error;update;condition;string
q20308,python check if file is executable,d14367,4,d20308,False,file;error;update;condition;string
q20308,python check if file is executable,d12582,5,d20308,False,file;error;update;condition;string
q20308,python check if file is executable,d4841,6,d20308,False,file;error;update;condition;string
q20308,python check if file is executable,d2875,7,d20308,False,file;error;update;condition;string
q20308,python check if file is executable,d15581,8,d20308,False,file;error;update;condition;string
q20308,python check if file is executable,d16571,9,d20308,False,file;error;update;condition;string
q20308,python check if file is executable,d10691,10,d20308,False,file;error;update;condition;string
q20309,python how to check the queue lenght,d9979,1,d20309,False,loop;update;row;error;integer
q20309,python how to check the queue lenght,d13302,2,d20309,False,loop;update;row;error;integer
q20309,python how to check the queue lenght,d15431,3,d20309,False,loop;update;row;error;integer
q20309,python how to check the queue lenght,d11823,4,d20309,False,loop;update;row;error;integer
q20309,python how to check the queue lenght,d18007,5,d20309,False,loop;update;row;error;integer
q20309,python how to check the queue lenght,d6762,6,d20309,False,loop;update;row;error;integer
q20309,python how to check the queue lenght,d10205,7,d20309,False,loop;update;row;error;integer
q20309,python how to check the queue lenght,d3476,8,d20309,False,loop;update;row;error;integer
q20309,python how to check the queue lenght,d11231,9,d20309,False,loop;update;row;error;integer
q20309,python how to check the queue lenght,d7170,10,d20309,False,loop;update;row;error;integer
q20310,query server objects ldap in python,d11823,1,d20310,False,query;database;parameter;update;integer;data
q20310,query server objects ldap in python,d1475,2,d20310,False,query;database;parameter;update;integer;data
q20310,query server objects ldap in python,d1935,3,d20310,False,query;database;parameter;update;integer;data
q20310,query server objects ldap in python,d16043,4,d20310,False,query;database;parameter;update;integer;data
q20310,query server objects ldap in python,d11519,5,d20310,False,query;database;parameter;update;integer;data
q20310,query server objects ldap in python,d15610,6,d20310,False,query;database;parameter;update;integer;data
q20310,query server objects ldap in python,d7230,7,d20310,False,query;database;parameter;update;integer;data
q20310,query server objects ldap in python,d5654,8,d20310,False,query;database;parameter;update;integer;data
q20310,query server objects ldap in python,d15422,9,d20310,False,query;database;parameter;update;integer;data
q20310,query server objects ldap in python,d6350,10,d20310,False,query;database;parameter;update;integer;data
q20311,python docx document section different page,d252,1,d20311,False,update;error;search;dictionary;file
q20311,python docx document section different page,d15052,2,d20311,False,update;error;search;dictionary;file
q20311,python docx document section different page,d8277,3,d20311,False,update;error;search;dictionary;file
q20311,python docx document section different page,d10436,4,d20311,False,update;error;search;dictionary;file
q20311,python docx document section different page,d8708,5,d20311,False,update;error;search;dictionary;file
q20311,python docx document section different page,d12661,6,d20311,False,update;error;search;dictionary;file
q20311,python docx document section different page,d2292,7,d20311,False,update;error;search;dictionary;file
q20311,python docx document section different page,d12659,8,d20311,False,update;error;search;dictionary;file
q20311,python docx document section different page,d5654,9,d20311,False,update;error;search;dictionary;file
q20311,python docx document section different page,d6350,10,d20311,False,update;error;search;dictionary;file
q20312,write a json object to file python,d17934,1,d20312,False,write;file;update;database;add
q20312,write a json object to file python,d16608,2,d20312,False,write;file;update;database;add
q20312,write a json object to file python,d6411,3,d20312,False,write;file;update;database;add
q20312,write a json object to file python,d11818,4,d20312,False,write;file;update;database;add
q20312,write a json object to file python,d14344,5,d20312,False,write;file;update;database;add
q20312,write a json object to file python,d1638,6,d20312,False,write;file;update;database;add
q20312,write a json object to file python,d6991,7,d20312,False,write;file;update;database;add
q20312,write a json object to file python,d7494,8,d20312,False,write;file;update;database;add
q20312,write a json object to file python,d7987,9,d20312,False,write;file;update;database;add
q20312,write a json object to file python,d5061,10,d20312,False,write;file;update;database;add
q20313,how to compute the minimum value of a tensor in python,d8988,1,d20313,False,integer;parameter;error;function;update
q20313,how to compute the minimum value of a tensor in python,d16005,2,d20313,False,integer;parameter;error;function;update
q20313,how to compute the minimum value of a tensor in python,d12519,3,d20313,False,integer;parameter;error;function;update
q20313,how to compute the minimum value of a tensor in python,d5457,4,d20313,False,integer;parameter;error;function;update
q20313,how to compute the minimum value of a tensor in python,d1016,5,d20313,False,integer;parameter;error;function;update
q20313,how to compute the minimum value of a tensor in python,d3239,6,d20313,False,integer;parameter;error;function;update
q20313,how to compute the minimum value of a tensor in python,d920,7,d20313,False,integer;parameter;error;function;update
q20313,how to compute the minimum value of a tensor in python,d2970,8,d20313,False,integer;parameter;error;function;update
q20313,how to compute the minimum value of a tensor in python,d10731,9,d20313,False,integer;parameter;error;function;update
q20313,how to compute the minimum value of a tensor in python,d15055,10,d20313,False,integer;parameter;error;function;update
q20314,python unittest how to assert 2 lists are almost equal,d10425,1,d20314,False,list;error;parameter;integer;sort
q20314,python unittest how to assert 2 lists are almost equal,d15975,2,d20314,False,list;error;parameter;integer;sort
q20314,python unittest how to assert 2 lists are almost equal,d1885,3,d20314,False,list;error;parameter;integer;sort
q20314,python unittest how to assert 2 lists are almost equal,d8362,4,d20314,False,list;error;parameter;integer;sort
q20314,python unittest how to assert 2 lists are almost equal,d12702,5,d20314,False,list;error;parameter;integer;sort
q20314,python unittest how to assert 2 lists are almost equal,d6268,6,d20314,False,list;error;parameter;integer;sort
q20314,python unittest how to assert 2 lists are almost equal,d200,7,d20314,False,list;error;parameter;integer;sort
q20314,python unittest how to assert 2 lists are almost equal,d202,8,d20314,False,list;error;parameter;integer;sort
q20314,python unittest how to assert 2 lists are almost equal,d16582,9,d20314,False,list;error;parameter;integer;sort
q20314,python unittest how to assert 2 lists are almost equal,d9244,10,d20314,False,list;error;parameter;integer;sort
q20315,how to check if 2 inputs are equal in python assert equal,d17011,1,d20315,False,error;integer;condition;boolean;update
q20315,how to check if 2 inputs are equal in python assert equal,d17803,2,d20315,False,error;integer;condition;boolean;update
q20315,how to check if 2 inputs are equal in python assert equal,d19051,3,d20315,False,error;integer;condition;boolean;update
q20315,how to check if 2 inputs are equal in python assert equal,d11199,4,d20315,False,error;integer;condition;boolean;update
q20315,how to check if 2 inputs are equal in python assert equal,d524,5,d20315,False,error;integer;condition;boolean;update
q20315,how to check if 2 inputs are equal in python assert equal,d15051,6,d20315,False,error;integer;condition;boolean;update
q20315,how to check if 2 inputs are equal in python assert equal,d818,7,d20315,False,error;integer;condition;boolean;update
q20315,how to check if 2 inputs are equal in python assert equal,d11108,8,d20315,False,error;integer;condition;boolean;update
q20315,how to check if 2 inputs are equal in python assert equal,d20297,9,d20315,False,error;integer;condition;boolean;update
q20315,how to check if 2 inputs are equal in python assert equal,d18478,10,d20315,False,error;integer;condition;boolean;update
q20316,python loop through proxies request,d4967,1,d20316,False,loop;row;error;search;function
q20316,python loop through proxies request,d12943,2,d20316,False,loop;row;error;search;function
q20316,python loop through proxies request,d19751,3,d20316,False,loop;row;error;search;function
q20316,python loop through proxies request,d16055,4,d20316,False,loop;row;error;search;function
q20316,python loop through proxies request,d9187,5,d20316,False,loop;row;error;search;function
q20316,python loop through proxies request,d19620,6,d20316,False,loop;row;error;search;function
q20316,python loop through proxies request,d916,7,d20316,False,loop;row;error;search;function
q20316,python loop through proxies request,d13927,8,d20316,False,loop;row;error;search;function
q20316,python loop through proxies request,d648,9,d20316,False,loop;row;error;search;function
q20316,python loop through proxies request,d3882,10,d20316,False,loop;row;error;search;function
q20317,python loess with gaussian kernel,d11379,1,d20317,False,error;loop;integer;variable;update
q20317,python loess with gaussian kernel,d19342,2,d20317,False,error;loop;integer;variable;update
q20317,python loess with gaussian kernel,d19034,3,d20317,False,error;loop;integer;variable;update
q20317,python loess with gaussian kernel,d10658,4,d20317,False,error;loop;integer;variable;update
q20317,python loess with gaussian kernel,d166,5,d20317,False,error;loop;integer;variable;update
q20317,python loess with gaussian kernel,d13029,6,d20317,False,error;loop;integer;variable;update
q20317,python loess with gaussian kernel,d7443,7,d20317,False,error;loop;integer;variable;update
q20317,python loess with gaussian kernel,d13593,8,d20317,False,error;loop;integer;variable;update
q20317,python loess with gaussian kernel,d7174,9,d20317,False,error;loop;integer;variable;update
q20317,python loess with gaussian kernel,d5276,10,d20317,False,error;loop;integer;variable;update
q20318,greatest common divisor function in python,d19915,1,d20318,False,function;variable;integer;dictionary;error
q20318,greatest common divisor function in python,d11418,2,d20318,False,function;variable;integer;dictionary;error
q20318,greatest common divisor function in python,d6439,3,d20318,False,function;variable;integer;dictionary;error
q20318,greatest common divisor function in python,d2696,4,d20318,False,function;variable;integer;dictionary;error
q20318,greatest common divisor function in python,d11255,5,d20318,False,function;variable;integer;dictionary;error
q20318,greatest common divisor function in python,d7087,6,d20318,False,function;variable;integer;dictionary;error
q20318,greatest common divisor function in python,d13173,7,d20318,False,function;variable;integer;dictionary;error
q20318,greatest common divisor function in python,d8179,8,d20318,False,function;variable;integer;dictionary;error
q20318,greatest common divisor function in python,d323,9,d20318,False,function;variable;integer;dictionary;error
q20318,greatest common divisor function in python,d18015,10,d20318,False,function;variable;integer;dictionary;error
q20319,how to clear up memory python,d17829,1,d20319,False,error;update;delete;query;parameter
q20319,how to clear up memory python,d16930,2,d20319,False,error;update;delete;query;parameter
q20319,how to clear up memory python,d18208,3,d20319,False,error;update;delete;query;parameter
q20319,how to clear up memory python,d19352,4,d20319,False,error;update;delete;query;parameter
q20319,how to clear up memory python,d3295,5,d20319,False,error;update;delete;query;parameter
q20319,how to clear up memory python,d13618,6,d20319,False,error;update;delete;query;parameter
q20319,how to clear up memory python,d9541,7,d20319,False,error;update;delete;query;parameter
q20319,how to clear up memory python,d7541,8,d20319,False,error;update;delete;query;parameter
q20319,how to clear up memory python,d427,9,d20319,False,error;update;delete;query;parameter
q20319,how to clear up memory python,d11831,10,d20319,False,error;update;delete;query;parameter
q20320,get eucliedan distance between two vectors python,d10630,1,d20320,False,close;get;error;row;query
q20320,get eucliedan distance between two vectors python,d6398,2,d20320,False,close;get;error;row;query
q20320,get eucliedan distance between two vectors python,d4905,3,d20320,False,close;get;error;row;query
q20320,get eucliedan distance between two vectors python,d509,4,d20320,False,close;get;error;row;query
q20320,get eucliedan distance between two vectors python,d4748,5,d20320,False,close;get;error;row;query
q20320,get eucliedan distance between two vectors python,d12621,6,d20320,False,close;get;error;row;query
q20320,get eucliedan distance between two vectors python,d20320,7,d20320,True,close;get;error;row;query
q20320,get eucliedan distance between two vectors python,d14605,8,d20320,False,close;get;error;row;query
q20320,get eucliedan distance between two vectors python,d20453,9,d20320,False,close;get;error;row;query
q20320,get eucliedan distance between two vectors python,d10755,10,d20320,False,close;get;error;row;query
q20321,python interactive shell color,d11530,1,d20321,False,error;integer;string;column;file
q20321,python interactive shell color,d13660,2,d20321,False,error;integer;string;column;file
q20321,python interactive shell color,d5502,3,d20321,False,error;integer;string;column;file
q20321,python interactive shell color,d14706,4,d20321,False,error;integer;string;column;file
q20321,python interactive shell color,d9720,5,d20321,False,error;integer;string;column;file
q20321,python interactive shell color,d6031,6,d20321,False,error;integer;string;column;file
q20321,python interactive shell color,d5092,7,d20321,False,error;integer;string;column;file
q20321,python interactive shell color,d8545,8,d20321,False,error;integer;string;column;file
q20321,python interactive shell color,d2974,9,d20321,False,error;integer;string;column;file
q20321,python interactive shell color,d1180,10,d20321,False,error;integer;string;column;file
q20322,passing a range of values python years,d5642,1,d20322,False,integer;variable;parameter;loop;data
q20322,passing a range of values python years,d20322,2,d20322,True,integer;variable;parameter;loop;data
q20322,passing a range of values python years,d6235,3,d20322,False,integer;variable;parameter;loop;data
q20322,passing a range of values python years,d117,4,d20322,False,integer;variable;parameter;loop;data
q20322,passing a range of values python years,d13535,5,d20322,False,integer;variable;parameter;loop;data
q20322,passing a range of values python years,d8939,6,d20322,False,integer;variable;parameter;loop;data
q20322,passing a range of values python years,d16523,7,d20322,False,integer;variable;parameter;loop;data
q20322,passing a range of values python years,d2257,8,d20322,False,integer;variable;parameter;loop;data
q20322,passing a range of values python years,d2179,9,d20322,False,integer;variable;parameter;loop;data
q20322,passing a range of values python years,d3812,10,d20322,False,integer;variable;parameter;loop;data
q20323,python yaml for each key value,d16116,1,d20323,False,integer;error;row;variable;data
q20323,python yaml for each key value,d16110,2,d20323,False,integer;error;row;variable;data
q20323,python yaml for each key value,d20278,3,d20323,False,integer;error;row;variable;data
q20323,python yaml for each key value,d10360,4,d20323,False,integer;error;row;variable;data
q20323,python yaml for each key value,d10037,5,d20323,False,integer;error;row;variable;data
q20323,python yaml for each key value,d3712,6,d20323,False,integer;error;row;variable;data
q20323,python yaml for each key value,d1652,7,d20323,False,integer;error;row;variable;data
q20323,python yaml for each key value,d11168,8,d20323,False,integer;error;row;variable;data
q20323,python yaml for each key value,d8007,9,d20323,False,integer;error;row;variable;data
q20323,python yaml for each key value,d10620,10,d20323,False,integer;error;row;variable;data
q20324,python test if value is ctypes array,d13884,1,d20324,False,array;variable;error;condition;integer
q20324,python test if value is ctypes array,d8376,2,d20324,False,array;variable;error;condition;integer
q20324,python test if value is ctypes array,d4164,3,d20324,False,array;variable;error;condition;integer
q20324,python test if value is ctypes array,d4176,4,d20324,False,array;variable;error;condition;integer
q20324,python test if value is ctypes array,d19611,5,d20324,False,array;variable;error;condition;integer
q20324,python test if value is ctypes array,d12356,6,d20324,False,array;variable;error;condition;integer
q20324,python test if value is ctypes array,d6279,7,d20324,False,array;variable;error;condition;integer
q20324,python test if value is ctypes array,d19629,8,d20324,False,array;variable;error;condition;integer
q20324,python test if value is ctypes array,d3347,9,d20324,False,array;variable;error;condition;integer
q20324,python test if value is ctypes array,d4532,10,d20324,False,array;variable;error;condition;integer
q20325,function return apply async python,d20325,1,d20325,True,return;function;error;method;add
q20325,function return apply async python,d8197,2,d20325,False,return;function;error;method;add
q20325,function return apply async python,d1507,3,d20325,False,return;function;error;method;add
q20325,function return apply async python,d15846,4,d20325,False,return;function;error;method;add
q20325,function return apply async python,d16042,5,d20325,False,return;function;error;method;add
q20325,function return apply async python,d8797,6,d20325,False,return;function;error;method;add
q20325,function return apply async python,d7616,7,d20325,False,return;function;error;method;add
q20325,function return apply async python,d2322,8,d20325,False,return;function;error;method;add
q20325,function return apply async python,d13659,9,d20325,False,return;function;error;method;add
q20325,function return apply async python,d12742,10,d20325,False,return;function;error;method;add
q20326,reload device program code in python,d20326,1,d20326,True,update;return;condition;delete;file
q20326,reload device program code in python,d19139,2,d20326,False,update;return;condition;delete;file
q20326,reload device program code in python,d13732,3,d20326,False,update;return;condition;delete;file
q20326,reload device program code in python,d9024,4,d20326,False,update;return;condition;delete;file
q20326,reload device program code in python,d14641,5,d20326,False,update;return;condition;delete;file
q20326,reload device program code in python,d7675,6,d20326,False,update;return;condition;delete;file
q20326,reload device program code in python,d9710,7,d20326,False,update;return;condition;delete;file
q20326,reload device program code in python,d13633,8,d20326,False,update;return;condition;delete;file
q20326,reload device program code in python,d80,9,d20326,False,update;return;condition;delete;file
q20326,reload device program code in python,d15130,10,d20326,False,update;return;condition;delete;file
q20327,split string into n parts python,d456,1,d20327,False,string;integer;loop;file;row
q20327,split string into n parts python,d1381,2,d20327,False,string;integer;loop;file;row
q20327,split string into n parts python,d12286,3,d20327,False,string;integer;loop;file;row
q20327,split string into n parts python,d19832,4,d20327,False,string;integer;loop;file;row
q20327,split string into n parts python,d3511,5,d20327,False,string;integer;loop;file;row
q20327,split string into n parts python,d6848,6,d20327,False,string;integer;loop;file;row
q20327,split string into n parts python,d8280,7,d20327,False,string;integer;loop;file;row
q20327,split string into n parts python,d20327,8,d20327,True,string;integer;loop;file;row
q20327,split string into n parts python,d15875,9,d20327,False,string;integer;loop;file;row
q20327,split string into n parts python,d8282,10,d20327,False,string;integer;loop;file;row
q20328,python get object as dict,d15023,1,d20328,False,dictionary;get;search;condition;string
q20328,python get object as dict,d1243,2,d20328,False,dictionary;get;search;condition;string
q20328,python get object as dict,d19749,3,d20328,False,dictionary;get;search;condition;string
q20328,python get object as dict,d3782,4,d20328,False,dictionary;get;search;condition;string
q20328,python get object as dict,d9415,5,d20328,False,dictionary;get;search;condition;string
q20328,python get object as dict,d9428,6,d20328,False,dictionary;get;search;condition;string
q20328,python get object as dict,d15585,7,d20328,False,dictionary;get;search;condition;string
q20328,python get object as dict,d4862,8,d20328,False,dictionary;get;search;condition;string
q20328,python get object as dict,d5863,9,d20328,False,dictionary;get;search;condition;string
q20328,python get object as dict,d3145,10,d20328,False,dictionary;get;search;condition;string
q20329,selecting a range of 2d elements from a numpy array gives empty array in python 3,d16845,1,d20329,False,array;error;integer;row;delete
q20329,selecting a range of 2d elements from a numpy array gives empty array in python 3,d17884,2,d20329,False,array;error;integer;row;delete
q20329,selecting a range of 2d elements from a numpy array gives empty array in python 3,d17161,3,d20329,False,array;error;integer;row;delete
q20329,selecting a range of 2d elements from a numpy array gives empty array in python 3,d18762,4,d20329,False,array;error;integer;row;delete
q20329,selecting a range of 2d elements from a numpy array gives empty array in python 3,d18254,5,d20329,False,array;error;integer;row;delete
q20329,selecting a range of 2d elements from a numpy array gives empty array in python 3,d17860,6,d20329,False,array;error;integer;row;delete
q20329,selecting a range of 2d elements from a numpy array gives empty array in python 3,d14709,7,d20329,False,array;error;integer;row;delete
q20329,selecting a range of 2d elements from a numpy array gives empty array in python 3,d5626,8,d20329,False,array;error;integer;row;delete
q20329,selecting a range of 2d elements from a numpy array gives empty array in python 3,d13722,9,d20329,False,array;error;integer;row;delete
q20329,selecting a range of 2d elements from a numpy array gives empty array in python 3,d7514,10,d20329,False,array;error;integer;row;delete
q20330,python read tokens from line,d19238,1,d20330,False,read;string;row;error;loop
q20330,python read tokens from line,d20330,2,d20330,True,read;string;row;error;loop
q20330,python read tokens from line,d18360,3,d20330,False,read;string;row;error;loop
q20330,python read tokens from line,d20567,4,d20330,False,read;string;row;error;loop
q20330,python read tokens from line,d20061,5,d20330,False,read;string;row;error;loop
q20330,python read tokens from line,d13556,6,d20330,False,read;string;row;error;loop
q20330,python read tokens from line,d13430,7,d20330,False,read;string;row;error;loop
q20330,python read tokens from line,d16532,8,d20330,False,read;string;row;error;loop
q20330,python read tokens from line,d2568,9,d20330,False,read;string;row;error;loop
q20330,python read tokens from line,d2905,10,d20330,False,read;string;row;error;loop
q20331,write data into fits file python,d14035,1,d20331,False,write;file;data;database;function
q20331,write data into fits file python,d9869,2,d20331,False,write;file;data;database;function
q20331,write data into fits file python,d20110,3,d20331,False,write;file;data;database;function
q20331,write data into fits file python,d10481,4,d20331,False,write;file;data;database;function
q20331,write data into fits file python,d10028,5,d20331,False,write;file;data;database;function
q20331,write data into fits file python,d20331,6,d20331,True,write;file;data;database;function
q20331,write data into fits file python,d16089,7,d20331,False,write;file;data;database;function
q20331,write data into fits file python,d322,8,d20331,False,write;file;data;database;function
q20331,write data into fits file python,d6145,9,d20331,False,write;file;data;database;function
q20331,write data into fits file python,d14037,10,d20331,False,write;file;data;database;function
q20332,python print string with visible ansi codes,d10268,1,d20332,False,string;integer;parameter;condition;file
q20332,python print string with visible ansi codes,d12579,2,d20332,False,string;integer;parameter;condition;file
q20332,python print string with visible ansi codes,d20332,3,d20332,True,string;integer;parameter;condition;file
q20332,python print string with visible ansi codes,d5099,4,d20332,False,string;integer;parameter;condition;file
q20332,python print string with visible ansi codes,d14563,5,d20332,False,string;integer;parameter;condition;file
q20332,python print string with visible ansi codes,d4366,6,d20332,False,string;integer;parameter;condition;file
q20332,python print string with visible ansi codes,d9470,7,d20332,False,string;integer;parameter;condition;file
q20332,python print string with visible ansi codes,d3182,8,d20332,False,string;integer;parameter;condition;file
q20332,python print string with visible ansi codes,d12101,9,d20332,False,string;integer;parameter;condition;file
q20332,python print string with visible ansi codes,d5352,10,d20332,False,string;integer;parameter;condition;file
q20333,python check if value in enum,d8634,1,d20333,False,integer;condition;error;variable;update
q20333,python check if value in enum,d8733,2,d20333,False,integer;condition;error;variable;update
q20333,python check if value in enum,d5874,3,d20333,False,integer;condition;error;variable;update
q20333,python check if value in enum,d4128,4,d20333,False,integer;condition;error;variable;update
q20333,python check if value in enum,d4130,5,d20333,False,integer;condition;error;variable;update
q20333,python check if value in enum,d4415,6,d20333,False,integer;condition;error;variable;update
q20333,python check if value in enum,d14546,7,d20333,False,integer;condition;error;variable;update
q20333,python check if value in enum,d12364,8,d20333,False,integer;condition;error;variable;update
q20333,python check if value in enum,d2112,9,d20333,False,integer;condition;error;variable;update
q20333,python check if value in enum,d19602,10,d20333,False,integer;condition;error;variable;update
q20334,python sqlite table names in database,d1080,1,d20334,False,data;database;table;column;row;integer
q20334,python sqlite table names in database,d6781,2,d20334,False,data;database;table;column;row;integer
q20334,python sqlite table names in database,d1814,3,d20334,False,data;database;table;column;row;integer
q20334,python sqlite table names in database,d4591,4,d20334,False,data;database;table;column;row;integer
q20334,python sqlite table names in database,d7398,5,d20334,False,data;database;table;column;row;integer
q20334,python sqlite table names in database,d1173,6,d20334,False,data;database;table;column;row;integer
q20334,python sqlite table names in database,d1060,7,d20334,False,data;database;table;column;row;integer
q20334,python sqlite table names in database,d16299,8,d20334,False,data;database;table;column;row;integer
q20334,python sqlite table names in database,d5286,9,d20334,False,data;database;table;column;row;integer
q20334,python sqlite table names in database,d5297,10,d20334,False,data;database;table;column;row;integer
q20335,how to remove all element from a python dictionary,d1319,1,d20335,False,dictionary;delete;error;integer;method
q20335,how to remove all element from a python dictionary,d3455,2,d20335,False,dictionary;delete;error;integer;method
q20335,how to remove all element from a python dictionary,d3471,3,d20335,False,dictionary;delete;error;integer;method
q20335,how to remove all element from a python dictionary,d14164,4,d20335,False,dictionary;delete;error;integer;method
q20335,how to remove all element from a python dictionary,d18734,5,d20335,False,dictionary;delete;error;integer;method
q20335,how to remove all element from a python dictionary,d16914,6,d20335,False,dictionary;delete;error;integer;method
q20335,how to remove all element from a python dictionary,d17522,7,d20335,False,dictionary;delete;error;integer;method
q20335,how to remove all element from a python dictionary,d19992,8,d20335,False,dictionary;delete;error;integer;method
q20335,how to remove all element from a python dictionary,d16907,9,d20335,False,dictionary;delete;error;integer;method
q20335,how to remove all element from a python dictionary,d18412,10,d20335,False,dictionary;delete;error;integer;method
q20336,python parse query string from url,d6056,1,d20336,False,query;string;parameter;search;row;error
q20336,python parse query string from url,d3144,2,d20336,False,query;string;parameter;search;row;error
q20336,python parse query string from url,d5700,3,d20336,False,query;string;parameter;search;row;error
q20336,python parse query string from url,d20336,4,d20336,True,query;string;parameter;search;row;error
q20336,python parse query string from url,d2265,5,d20336,False,query;string;parameter;search;row;error
q20336,python parse query string from url,d15868,6,d20336,False,query;string;parameter;search;row;error
q20336,python parse query string from url,d1776,7,d20336,False,query;string;parameter;search;row;error
q20336,python parse query string from url,d7653,8,d20336,False,query;string;parameter;search;row;error
q20336,python parse query string from url,d9698,9,d20336,False,query;string;parameter;search;row;error
q20336,python parse query string from url,d8054,10,d20336,False,query;string;parameter;search;row;error
q20337,python remove element set,d1319,1,d20337,False,delete;error;integer;method;row
q20337,python remove element set,d3471,2,d20337,False,delete;error;integer;method;row
q20337,python remove element set,d3455,3,d20337,False,delete;error;integer;method;row
q20337,python remove element set,d20220,4,d20337,False,delete;error;integer;method;row
q20337,python remove element set,d18734,5,d20337,False,delete;error;integer;method;row
q20337,python remove element set,d16914,6,d20337,False,delete;error;integer;method;row
q20337,python remove element set,d19992,7,d20337,False,delete;error;integer;method;row
q20337,python remove element set,d17522,8,d20337,False,delete;error;integer;method;row
q20337,python remove element set,d20354,9,d20337,False,delete;error;integer;method;row
q20337,python remove element set,d16907,10,d20337,False,delete;error;integer;method;row
q20338,manhattan distance in python using longitude and latitude,d4620,1,d20338,False,integer;close;query;update;column
q20338,manhattan distance in python using longitude and latitude,d19632,2,d20338,False,integer;close;query;update;column
q20338,manhattan distance in python using longitude and latitude,d20338,3,d20338,True,integer;close;query;update;column
q20338,manhattan distance in python using longitude and latitude,d15067,4,d20338,False,integer;close;query;update;column
q20338,manhattan distance in python using longitude and latitude,d14926,5,d20338,False,integer;close;query;update;column
q20338,manhattan distance in python using longitude and latitude,d2413,6,d20338,False,integer;close;query;update;column
q20338,manhattan distance in python using longitude and latitude,d10022,7,d20338,False,integer;close;query;update;column
q20338,manhattan distance in python using longitude and latitude,d10748,8,d20338,False,integer;close;query;update;column
q20338,manhattan distance in python using longitude and latitude,d13919,9,d20338,False,integer;close;query;update;column
q20338,manhattan distance in python using longitude and latitude,d8615,10,d20338,False,integer;close;query;update;column
q20339,how to read from a file to a list python,d15496,1,d20339,False,list;read;file;loop;error
q20339,how to read from a file to a list python,d20339,2,d20339,True,list;read;file;loop;error
q20339,how to read from a file to a list python,d15811,3,d20339,False,list;read;file;loop;error
q20339,how to read from a file to a list python,d15809,4,d20339,False,list;read;file;loop;error
q20339,how to read from a file to a list python,d5422,5,d20339,False,list;read;file;loop;error
q20339,how to read from a file to a list python,d17758,6,d20339,False,list;read;file;loop;error
q20339,how to read from a file to a list python,d16878,7,d20339,False,list;read;file;loop;error
q20339,how to read from a file to a list python,d16700,8,d20339,False,list;read;file;loop;error
q20339,how to read from a file to a list python,d18419,9,d20339,False,list;read;file;loop;error
q20339,how to read from a file to a list python,d18246,10,d20339,False,list;read;file;loop;error
q20340,dynamically update value in dictionary python,d7229,1,d20340,False,update;dictionary;add;variable;integer
q20340,dynamically update value in dictionary python,d9952,2,d20340,False,update;dictionary;add;variable;integer
q20340,dynamically update value in dictionary python,d8653,3,d20340,False,update;dictionary;add;variable;integer
q20340,dynamically update value in dictionary python,d2238,4,d20340,False,update;dictionary;add;variable;integer
q20340,dynamically update value in dictionary python,d14829,5,d20340,False,update;dictionary;add;variable;integer
q20340,dynamically update value in dictionary python,d4429,6,d20340,False,update;dictionary;add;variable;integer
q20340,dynamically update value in dictionary python,d12436,7,d20340,False,update;dictionary;add;variable;integer
q20340,dynamically update value in dictionary python,d14831,8,d20340,False,update;dictionary;add;variable;integer
q20340,dynamically update value in dictionary python,d4445,9,d20340,False,update;dictionary;add;variable;integer
q20340,dynamically update value in dictionary python,d189,10,d20340,False,update;dictionary;add;variable;integer
q20341,python replace string from right,d18379,1,d20341,False,string;row;error;return;sort
q20341,python replace string from right,d20341,2,d20341,True,string;row;error;return;sort
q20341,python replace string from right,d18022,3,d20341,False,string;row;error;return;sort
q20341,python replace string from right,d18014,4,d20341,False,string;row;error;return;sort
q20341,python replace string from right,d16717,5,d20341,False,string;row;error;return;sort
q20341,python replace string from right,d13775,6,d20341,False,string;row;error;return;sort
q20341,python replace string from right,d3528,7,d20341,False,string;row;error;return;sort
q20341,python replace string from right,d1442,8,d20341,False,string;row;error;return;sort
q20341,python replace string from right,d13728,9,d20341,False,string;row;error;return;sort
q20341,python replace string from right,d11648,10,d20341,False,string;row;error;return;sort
q20342,how to check if a path is writeable python,d10439,1,d20342,False,file;write;error;method;update
q20342,how to check if a path is writeable python,d6327,2,d20342,False,file;write;error;method;update
q20342,how to check if a path is writeable python,d13875,3,d20342,False,file;write;error;method;update
q20342,how to check if a path is writeable python,d4841,4,d20342,False,file;write;error;method;update
q20342,how to check if a path is writeable python,d12582,5,d20342,False,file;write;error;method;update
q20342,how to check if a path is writeable python,d14367,6,d20342,False,file;write;error;method;update
q20342,how to check if a path is writeable python,d20308,7,d20342,False,file;write;error;method;update
q20342,how to check if a path is writeable python,d17877,8,d20342,False,file;write;error;method;update
q20342,how to check if a path is writeable python,d17991,9,d20342,False,file;write;error;method;update
q20342,how to check if a path is writeable python,d19584,10,d20342,False,file;write;error;method;update
q20343,get attribute type in python,d3981,1,d20343,False,integer;get;method;parameter;search
q20343,get attribute type in python,d12149,2,d20343,False,integer;get;method;parameter;search
q20343,get attribute type in python,d4159,3,d20343,False,integer;get;method;parameter;search
q20343,get attribute type in python,d11798,4,d20343,False,integer;get;method;parameter;search
q20343,get attribute type in python,d7014,5,d20343,False,integer;get;method;parameter;search
q20343,get attribute type in python,d15169,6,d20343,False,integer;get;method;parameter;search
q20343,get attribute type in python,d172,7,d20343,False,integer;get;method;parameter;search
q20343,get attribute type in python,d9153,8,d20343,False,integer;get;method;parameter;search
q20343,get attribute type in python,d3637,9,d20343,False,integer;get;method;parameter;search
q20343,get attribute type in python,d6377,10,d20343,False,integer;get;method;parameter;search
q20344,get fields of object python,d3210,1,d20344,False,get;search;file;parameter;column
q20344,get fields of object python,d16022,2,d20344,False,get;search;file;parameter;column
q20344,get fields of object python,d13019,3,d20344,False,get;search;file;parameter;column
q20344,get fields of object python,d3304,4,d20344,False,get;search;file;parameter;column
q20344,get fields of object python,d3464,5,d20344,False,get;search;file;parameter;column
q20344,get fields of object python,d473,6,d20344,False,get;search;file;parameter;column
q20344,get fields of object python,d640,7,d20344,False,get;search;file;parameter;column
q20344,get fields of object python,d9049,8,d20344,False,get;search;file;parameter;column
q20344,get fields of object python,d11439,9,d20344,False,get;search;file;parameter;column
q20344,get fields of object python,d11433,10,d20344,False,get;search;file;parameter;column
q20345,how to fetch one value from one row from mysql query in python,d1543,1,d20345,False,query;row;database;integer;error;search
q20345,how to fetch one value from one row from mysql query in python,d17620,2,d20345,False,query;row;database;integer;error;search
q20345,how to fetch one value from one row from mysql query in python,d19390,3,d20345,False,query;row;database;integer;error;search
q20345,how to fetch one value from one row from mysql query in python,d20345,4,d20345,True,query;row;database;integer;error;search
q20345,how to fetch one value from one row from mysql query in python,d14993,5,d20345,False,query;row;database;integer;error;search
q20345,how to fetch one value from one row from mysql query in python,d19296,6,d20345,False,query;row;database;integer;error;search
q20345,how to fetch one value from one row from mysql query in python,d18539,7,d20345,False,query;row;database;integer;error;search
q20345,how to fetch one value from one row from mysql query in python,d16830,8,d20345,False,query;row;database;integer;error;search
q20345,how to fetch one value from one row from mysql query in python,d19475,9,d20345,False,query;row;database;integer;error;search
q20345,how to fetch one value from one row from mysql query in python,d17137,10,d20345,False,query;row;database;integer;error;search
q20346,python flask routes add,d20346,1,d20346,True,add;update;row;query;error
q20346,python flask routes add,d11823,2,d20346,False,add;update;row;query;error
q20346,python flask routes add,d6142,3,d20346,False,add;update;row;query;error
q20346,python flask routes add,d10745,4,d20346,False,add;update;row;query;error
q20346,python flask routes add,d11054,5,d20346,False,add;update;row;query;error
q20346,python flask routes add,d16042,6,d20346,False,add;update;row;query;error
q20346,python flask routes add,d7616,7,d20346,False,add;update;row;query;error
q20346,python flask routes add,d8797,8,d20346,False,add;update;row;query;error
q20346,python flask routes add,d2322,9,d20346,False,add;update;row;query;error
q20346,python flask routes add,d13659,10,d20346,False,add;update;row;query;error
q20347,define function arg type and default values python,d11512,1,d20347,False,function;parameter;variable;error;integer
q20347,define function arg type and default values python,d20206,2,d20347,False,function;parameter;variable;error;integer
q20347,define function arg type and default values python,d3884,3,d20347,False,function;parameter;variable;error;integer
q20347,define function arg type and default values python,d12091,4,d20347,False,function;parameter;variable;error;integer
q20347,define function arg type and default values python,d6799,5,d20347,False,function;parameter;variable;error;integer
q20347,define function arg type and default values python,d1753,6,d20347,False,function;parameter;variable;error;integer
q20347,define function arg type and default values python,d6555,7,d20347,False,function;parameter;variable;error;integer
q20347,define function arg type and default values python,d13915,8,d20347,False,function;parameter;variable;error;integer
q20347,define function arg type and default values python,d10278,9,d20347,False,function;parameter;variable;error;integer
q20347,define function arg type and default values python,d20599,10,d20347,False,function;parameter;variable;error;integer
q20348,python image shape detect,d13867,1,d20348,False,parameter;error;row;delete;integer
q20348,python image shape detect,d9773,2,d20348,False,parameter;error;row;delete;integer
q20348,python image shape detect,d3614,3,d20348,False,parameter;error;row;delete;integer
q20348,python image shape detect,d20348,4,d20348,True,parameter;error;row;delete;integer
q20348,python image shape detect,d2766,5,d20348,False,parameter;error;row;delete;integer
q20348,python image shape detect,d19650,6,d20348,False,parameter;error;row;delete;integer
q20348,python image shape detect,d5224,7,d20348,False,parameter;error;row;delete;integer
q20348,python image shape detect,d2231,8,d20348,False,parameter;error;row;delete;integer
q20348,python image shape detect,d9880,9,d20348,False,parameter;error;row;delete;integer
q20348,python image shape detect,d11896,10,d20348,False,parameter;error;row;delete;integer
q20349,what can iterators be iterated only once in python,d19897,1,d20349,False,integer;error;dictionary;query;condition
q20349,what can iterators be iterated only once in python,d4982,2,d20349,False,integer;error;dictionary;query;condition
q20349,what can iterators be iterated only once in python,d13958,3,d20349,False,integer;error;dictionary;query;condition
q20349,what can iterators be iterated only once in python,d16170,4,d20349,False,integer;error;dictionary;query;condition
q20349,what can iterators be iterated only once in python,d1553,5,d20349,False,integer;error;dictionary;query;condition
q20349,what can iterators be iterated only once in python,d5780,6,d20349,False,integer;error;dictionary;query;condition
q20349,what can iterators be iterated only once in python,d2240,7,d20349,False,integer;error;dictionary;query;condition
q20349,what can iterators be iterated only once in python,d19734,8,d20349,False,integer;error;dictionary;query;condition
q20349,what can iterators be iterated only once in python,d10618,9,d20349,False,integer;error;dictionary;query;condition
q20349,what can iterators be iterated only once in python,d2845,10,d20349,False,integer;error;dictionary;query;condition
q20350,remove all characters in string in python,d16214,1,d20350,False,string;delete;error;write;function
q20350,remove all characters in string in python,d16222,2,d20350,False,string;delete;error;write;function
q20350,remove all characters in string in python,d14998,3,d20350,False,string;delete;error;write;function
q20350,remove all characters in string in python,d6018,4,d20350,False,string;delete;error;write;function
q20350,remove all characters in string in python,d13168,5,d20350,False,string;delete;error;write;function
q20350,remove all characters in string in python,d13614,6,d20350,False,string;delete;error;write;function
q20350,remove all characters in string in python,d961,7,d20350,False,string;delete;error;write;function
q20350,remove all characters in string in python,d9597,8,d20350,False,string;delete;error;write;function
q20350,remove all characters in string in python,d10929,9,d20350,False,string;delete;error;write;function
q20350,remove all characters in string in python,d15711,10,d20350,False,string;delete;error;write;function
q20351,python circle in a square bitmap array,d4868,1,d20351,False,array;integer;error;loop;row
q20351,python circle in a square bitmap array,d3527,2,d20351,False,array;integer;error;loop;row
q20351,python circle in a square bitmap array,d14942,3,d20351,False,array;integer;error;loop;row
q20351,python circle in a square bitmap array,d875,4,d20351,False,array;integer;error;loop;row
q20351,python circle in a square bitmap array,d3398,5,d20351,False,array;integer;error;loop;row
q20351,python circle in a square bitmap array,d824,6,d20351,False,array;integer;error;loop;row
q20351,python circle in a square bitmap array,d3416,7,d20351,False,array;integer;error;loop;row
q20351,python circle in a square bitmap array,d2927,8,d20351,False,array;integer;error;loop;row
q20351,python circle in a square bitmap array,d5267,9,d20351,False,array;integer;error;loop;row
q20351,python circle in a square bitmap array,d9612,10,d20351,False,array;integer;error;loop;row
q20352,location of maya python exe,d11823,1,d20352,False,query;error;database;update;open
q20352,location of maya python exe,d10079,2,d20352,False,query;error;database;update;open
q20352,location of maya python exe,d20352,3,d20352,True,query;error;database;update;open
q20352,location of maya python exe,d1935,4,d20352,False,query;error;database;update;open
q20352,location of maya python exe,d8941,5,d20352,False,query;error;database;update;open
q20352,location of maya python exe,d709,6,d20352,False,query;error;database;update;open
q20352,location of maya python exe,d11456,7,d20352,False,query;error;database;update;open
q20352,location of maya python exe,d4753,8,d20352,False,query;error;database;update;open
q20352,location of maya python exe,d6877,9,d20352,False,query;error;database;update;open
q20352,location of maya python exe,d506,10,d20352,False,query;error;database;update;open
q20353,how to make letters uppercase in python skipping spaces,d19203,1,d20353,False,error;write;update;integer;column
q20353,how to make letters uppercase in python skipping spaces,d17427,2,d20353,False,error;write;update;integer;column
q20353,how to make letters uppercase in python skipping spaces,d17494,3,d20353,False,error;write;update;integer;column
q20353,how to make letters uppercase in python skipping spaces,d19906,4,d20353,False,error;write;update;integer;column
q20353,how to make letters uppercase in python skipping spaces,d11732,5,d20353,False,error;write;update;integer;column
q20353,how to make letters uppercase in python skipping spaces,d11859,6,d20353,False,error;write;update;integer;column
q20353,how to make letters uppercase in python skipping spaces,d3944,7,d20353,False,error;write;update;integer;column
q20353,how to make letters uppercase in python skipping spaces,d11628,8,d20353,False,error;write;update;integer;column
q20353,how to make letters uppercase in python skipping spaces,d1096,9,d20353,False,error;write;update;integer;column
q20353,how to make letters uppercase in python skipping spaces,d1782,10,d20353,False,error;write;update;integer;column
q20354,python delete element from set,d1319,1,d20354,False,delete;error;integer;row;string
q20354,python delete element from set,d3455,2,d20354,False,delete;error;integer;row;string
q20354,python delete element from set,d3471,3,d20354,False,delete;error;integer;row;string
q20354,python delete element from set,d5229,4,d20354,False,delete;error;integer;row;string
q20354,python delete element from set,d18412,5,d20354,False,delete;error;integer;row;string
q20354,python delete element from set,d16914,6,d20354,False,delete;error;integer;row;string
q20354,python delete element from set,d16907,7,d20354,False,delete;error;integer;row;string
q20354,python delete element from set,d19992,8,d20354,False,delete;error;integer;row;string
q20354,python delete element from set,d18647,9,d20354,False,delete;error;integer;row;string
q20354,python delete element from set,d17522,10,d20354,False,delete;error;integer;row;string
q20355,python get current git branch,d12843,1,d20355,False,get;update;search;string;row
q20355,python get current git branch,d4677,2,d20355,False,get;update;search;string;row
q20355,python get current git branch,d19702,3,d20355,False,get;update;search;string;row
q20355,python get current git branch,d18067,4,d20355,False,get;update;search;string;row
q20355,python get current git branch,d18975,5,d20355,False,get;update;search;string;row
q20355,python get current git branch,d18791,6,d20355,False,get;update;search;string;row
q20355,python get current git branch,d2989,7,d20355,False,get;update;search;string;row
q20355,python get current git branch,d2550,8,d20355,False,get;update;search;string;row
q20355,python get current git branch,d9071,9,d20355,False,get;update;search;string;row
q20355,python get current git branch,d12863,10,d20355,False,get;update;search;string;row
q20356,how to make a restart button using python,d9024,1,d20356,False,return;update;error;save;method
q20356,how to make a restart button using python,d14641,2,d20356,False,return;update;error;save;method
q20356,how to make a restart button using python,d9710,3,d20356,False,return;update;error;save;method
q20356,how to make a restart button using python,d13633,4,d20356,False,return;update;error;save;method
q20356,how to make a restart button using python,d7675,5,d20356,False,return;update;error;save;method
q20356,how to make a restart button using python,d13732,6,d20356,False,return;update;error;save;method
q20356,how to make a restart button using python,d16291,7,d20356,False,return;update;error;save;method
q20356,how to make a restart button using python,d13640,8,d20356,False,return;update;error;save;method
q20356,how to make a restart button using python,d1328,9,d20356,False,return;update;error;save;method
q20356,how to make a restart button using python,d13282,10,d20356,False,return;update;error;save;method
q20357,tracing python code execution,d11956,1,d20357,False,error;update;method;return;condition
q20357,tracing python code execution,d9903,2,d20357,False,error;update;method;return;condition
q20357,tracing python code execution,d3788,3,d20357,False,error;update;method;return;condition
q20357,tracing python code execution,d14056,4,d20357,False,error;update;method;return;condition
q20357,tracing python code execution,d11443,5,d20357,False,error;update;method;return;condition
q20357,tracing python code execution,d4054,6,d20357,False,error;update;method;return;condition
q20357,tracing python code execution,d3162,7,d20357,False,error;update;method;return;condition
q20357,tracing python code execution,d14957,8,d20357,False,error;update;method;return;condition
q20357,tracing python code execution,d9105,9,d20357,False,error;update;method;return;condition
q20357,tracing python code execution,d15983,10,d20357,False,error;update;method;return;condition
q20358,delete pyc files from python script,d5332,1,d20358,False,delete;file;error;write;update
q20358,delete pyc files from python script,d8056,2,d20358,False,delete;file;error;write;update
q20358,delete pyc files from python script,d14117,3,d20358,False,delete;file;error;write;update
q20358,delete pyc files from python script,d18007,4,d20358,False,delete;file;error;write;update
q20358,delete pyc files from python script,d1747,5,d20358,False,delete;file;error;write;update
q20358,delete pyc files from python script,d9612,6,d20358,False,delete;file;error;write;update
q20358,delete pyc files from python script,d5267,7,d20358,False,delete;file;error;write;update
q20358,delete pyc files from python script,d3416,8,d20358,False,delete;file;error;write;update
q20358,delete pyc files from python script,d3398,9,d20358,False,delete;file;error;write;update
q20358,delete pyc files from python script,d824,10,d20358,False,delete;file;error;write;update
q20359,sleep holding up python,d613,1,d20359,False,update;close;query;save;warning
q20359,sleep holding up python,d9335,2,d20359,False,update;close;query;save;warning
q20359,sleep holding up python,d9305,3,d20359,False,update;close;query;save;warning
q20359,sleep holding up python,d7841,4,d20359,False,update;close;query;save;warning
q20359,sleep holding up python,d12026,5,d20359,False,update;close;query;save;warning
q20359,sleep holding up python,d2679,6,d20359,False,update;close;query;save;warning
q20359,sleep holding up python,d1935,7,d20359,False,update;close;query;save;warning
q20359,sleep holding up python,d11823,8,d20359,False,update;close;query;save;warning
q20359,sleep holding up python,d6960,9,d20359,False,update;close;query;save;warning
q20359,sleep holding up python,d15879,10,d20359,False,update;close;query;save;warning
q20360,traversal in tree in python,d9903,1,d20360,False,loop;table;error;string;file
q20360,traversal in tree in python,d11956,2,d20360,False,loop;table;error;string;file
q20360,traversal in tree in python,d16118,3,d20360,False,loop;table;error;string;file
q20360,traversal in tree in python,d1039,4,d20360,False,loop;table;error;string;file
q20360,traversal in tree in python,d11441,5,d20360,False,loop;table;error;string;file
q20360,traversal in tree in python,d7367,6,d20360,False,loop;table;error;string;file
q20360,traversal in tree in python,d11091,7,d20360,False,loop;table;error;string;file
q20360,traversal in tree in python,d13499,8,d20360,False,loop;table;error;string;file
q20360,traversal in tree in python,d3146,9,d20360,False,loop;table;error;string;file
q20360,traversal in tree in python,d4300,10,d20360,False,loop;table;error;string;file
q20361,timing a function call python,d7902,1,d20361,False,function;error;column;parameter;loop
q20361,timing a function call python,d5648,2,d20361,False,function;error;column;parameter;loop
q20361,timing a function call python,d8620,3,d20361,False,function;error;column;parameter;loop
q20361,timing a function call python,d12384,4,d20361,False,function;error;column;parameter;loop
q20361,timing a function call python,d15977,5,d20361,False,function;error;column;parameter;loop
q20361,timing a function call python,d11552,6,d20361,False,function;error;column;parameter;loop
q20361,timing a function call python,d2324,7,d20361,False,function;error;column;parameter;loop
q20361,timing a function call python,d9424,8,d20361,False,function;error;column;parameter;loop
q20361,timing a function call python,d817,9,d20361,False,function;error;column;parameter;loop
q20361,timing a function call python,d11918,10,d20361,False,function;error;column;parameter;loop
q20362,python how to stop playsound,d9870,1,d20362,False,delete;warning;error;loop;string
q20362,python how to stop playsound,d20362,2,d20362,True,delete;warning;error;loop;string
q20362,python how to stop playsound,d8298,3,d20362,False,delete;warning;error;loop;string
q20362,python how to stop playsound,d3017,4,d20362,False,delete;warning;error;loop;string
q20362,python how to stop playsound,d3416,5,d20362,False,delete;warning;error;loop;string
q20362,python how to stop playsound,d824,6,d20362,False,delete;warning;error;loop;string
q20362,python how to stop playsound,d2927,7,d20362,False,delete;warning;error;loop;string
q20362,python how to stop playsound,d9612,8,d20362,False,delete;warning;error;loop;string
q20362,python how to stop playsound,d5267,9,d20362,False,delete;warning;error;loop;string
q20362,python how to stop playsound,d3398,10,d20362,False,delete;warning;error;loop;string
q20363,python change dictioinary values in place,d7229,1,d20363,False,dictionary;integer;variable;update;error
q20363,python change dictioinary values in place,d15354,2,d20363,False,dictionary;integer;variable;update;error
q20363,python change dictioinary values in place,d8041,3,d20363,False,dictionary;integer;variable;update;error
q20363,python change dictioinary values in place,d2194,4,d20363,False,dictionary;integer;variable;update;error
q20363,python change dictioinary values in place,d3979,5,d20363,False,dictionary;integer;variable;update;error
q20363,python change dictioinary values in place,d12427,6,d20363,False,dictionary;integer;variable;update;error
q20363,python change dictioinary values in place,d14147,7,d20363,False,dictionary;integer;variable;update;error
q20363,python change dictioinary values in place,d1457,8,d20363,False,dictionary;integer;variable;update;error
q20363,python change dictioinary values in place,d14829,9,d20363,False,dictionary;integer;variable;update;error
q20363,python change dictioinary values in place,d14831,10,d20363,False,dictionary;integer;variable;update;error
q20364,can i pass instance method as variable python,d19985,1,d20364,False,variable;method;parameter;condition;error
q20364,can i pass instance method as variable python,d2933,2,d20364,False,variable;method;parameter;condition;error
q20364,can i pass instance method as variable python,d7414,3,d20364,False,variable;method;parameter;condition;error
q20364,can i pass instance method as variable python,d13300,4,d20364,False,variable;method;parameter;condition;error
q20364,can i pass instance method as variable python,d11066,5,d20364,False,variable;method;parameter;condition;error
q20364,can i pass instance method as variable python,d8238,6,d20364,False,variable;method;parameter;condition;error
q20364,can i pass instance method as variable python,d15525,7,d20364,False,variable;method;parameter;condition;error
q20364,can i pass instance method as variable python,d12486,8,d20364,False,variable;method;parameter;condition;error
q20364,can i pass instance method as variable python,d2105,9,d20364,False,variable;method;parameter;condition;error
q20364,can i pass instance method as variable python,d4559,10,d20364,False,variable;method;parameter;condition;error
q20365,pickle python read entiere file,d15347,1,d20365,False,file;read;integer;error;row
q20365,pickle python read entiere file,d20365,2,d20365,True,file;read;integer;error;row
q20365,pickle python read entiere file,d13578,3,d20365,False,file;read;integer;error;row
q20365,pickle python read entiere file,d11608,4,d20365,False,file;read;integer;error;row
q20365,pickle python read entiere file,d1242,5,d20365,False,file;read;integer;error;row
q20365,pickle python read entiere file,d11548,6,d20365,False,file;read;integer;error;row
q20365,pickle python read entiere file,d5430,7,d20365,False,file;read;integer;error;row
q20365,pickle python read entiere file,d5332,8,d20365,False,file;read;integer;error;row
q20365,pickle python read entiere file,d14117,9,d20365,False,file;read;integer;error;row
q20365,pickle python read entiere file,d8056,10,d20365,False,file;read;integer;error;row
q20366,should there be equal no of columns to concanate two df python,d17654,1,d20366,False,column;error;database;row;integer
q20366,should there be equal no of columns to concanate two df python,d16759,2,d20366,False,column;error;database;row;integer
q20366,should there be equal no of columns to concanate two df python,d17069,3,d20366,False,column;error;database;row;integer
q20366,should there be equal no of columns to concanate two df python,d17776,4,d20366,False,column;error;database;row;integer
q20366,should there be equal no of columns to concanate two df python,d18211,5,d20366,False,column;error;database;row;integer
q20366,should there be equal no of columns to concanate two df python,d17992,6,d20366,False,column;error;database;row;integer
q20366,should there be equal no of columns to concanate two df python,d17887,7,d20366,False,column;error;database;row;integer
q20366,should there be equal no of columns to concanate two df python,d18685,8,d20366,False,column;error;database;row;integer
q20366,should there be equal no of columns to concanate two df python,d19774,9,d20366,False,column;error;database;row;integer
q20366,should there be equal no of columns to concanate two df python,d19351,10,d20366,False,column;error;database;row;integer
q20367,python flatten deep nested list,d12637,1,d20367,False,list;loop;row;error;sort
q20367,python flatten deep nested list,d1190,2,d20367,False,list;loop;row;error;sort
q20367,python flatten deep nested list,d7214,3,d20367,False,list;loop;row;error;sort
q20367,python flatten deep nested list,d14789,4,d20367,False,list;loop;row;error;sort
q20367,python flatten deep nested list,d2709,5,d20367,False,list;loop;row;error;sort
q20367,python flatten deep nested list,d8018,6,d20367,False,list;loop;row;error;sort
q20367,python flatten deep nested list,d2402,7,d20367,False,list;loop;row;error;sort
q20367,python flatten deep nested list,d1680,8,d20367,False,list;loop;row;error;sort
q20367,python flatten deep nested list,d13020,9,d20367,False,list;loop;row;error;sort
q20367,python flatten deep nested list,d11528,10,d20367,False,list;loop;row;error;sort
q20368,how to show a variable amount of precision in python string format,d878,1,d20368,False,variable;string;integer;parameter;error
q20368,how to show a variable amount of precision in python string format,d3596,2,d20368,False,variable;string;integer;parameter;error
q20368,how to show a variable amount of precision in python string format,d12317,3,d20368,False,variable;string;integer;parameter;error
q20368,how to show a variable amount of precision in python string format,d18973,4,d20368,False,variable;string;integer;parameter;error
q20368,how to show a variable amount of precision in python string format,d19542,5,d20368,False,variable;string;integer;parameter;error
q20368,how to show a variable amount of precision in python string format,d1838,6,d20368,False,variable;string;integer;parameter;error
q20368,how to show a variable amount of precision in python string format,d6232,7,d20368,False,variable;string;integer;parameter;error
q20368,how to show a variable amount of precision in python string format,d12680,8,d20368,False,variable;string;integer;parameter;error
q20368,how to show a variable amount of precision in python string format,d3482,9,d20368,False,variable;string;integer;parameter;error
q20368,how to show a variable amount of precision in python string format,d20202,10,d20368,False,variable;string;integer;parameter;error
q20369,python array get element by index with default,d15194,1,d20369,False,array;search;integer;get;error
q20369,python array get element by index with default,d11083,2,d20369,False,array;search;integer;get;error
q20369,python array get element by index with default,d9167,3,d20369,False,array;search;integer;get;error
q20369,python array get element by index with default,d7018,4,d20369,False,array;search;integer;get;error
q20369,python array get element by index with default,d8862,5,d20369,False,array;search;integer;get;error
q20369,python array get element by index with default,d11048,6,d20369,False,array;search;integer;get;error
q20369,python array get element by index with default,d15021,7,d20369,False,array;search;integer;get;error
q20369,python array get element by index with default,d3391,8,d20369,False,array;search;integer;get;error
q20369,python array get element by index with default,d4702,9,d20369,False,array;search;integer;get;error
q20369,python array get element by index with default,d4986,10,d20369,False,array;search;integer;get;error
q20370,check if string is int in python,d11293,1,d20370,False,string;integer;error;condition;update
q20370,check if string is int in python,d4605,2,d20370,False,string;integer;error;condition;update
q20370,check if string is int in python,d14801,3,d20370,False,string;integer;error;condition;update
q20370,check if string is int in python,d8762,4,d20370,False,string;integer;error;condition;update
q20370,check if string is int in python,d2347,5,d20370,False,string;integer;error;condition;update
q20370,check if string is int in python,d5015,6,d20370,False,string;integer;error;condition;update
q20370,check if string is int in python,d10761,7,d20370,False,string;integer;error;condition;update
q20370,check if string is int in python,d7535,8,d20370,False,string;integer;error;condition;update
q20370,check if string is int in python,d3635,9,d20370,False,string;integer;error;condition;update
q20370,check if string is int in python,d15225,10,d20370,False,string;integer;error;condition;update
q20371,how to change numpy array to list in python,d10097,1,d20371,False,list;array;update;error;integer
q20371,how to change numpy array to list in python,d14078,2,d20371,False,list;array;update;error;integer
q20371,how to change numpy array to list in python,d16508,3,d20371,False,list;array;update;error;integer
q20371,how to change numpy array to list in python,d12388,4,d20371,False,list;array;update;error;integer
q20371,how to change numpy array to list in python,d13952,5,d20371,False,list;array;update;error;integer
q20371,how to change numpy array to list in python,d7314,6,d20371,False,list;array;update;error;integer
q20371,how to change numpy array to list in python,d2484,7,d20371,False,list;array;update;error;integer
q20371,how to change numpy array to list in python,d13941,8,d20371,False,list;array;update;error;integer
q20371,how to change numpy array to list in python,d15196,9,d20371,False,list;array;update;error;integer
q20371,how to change numpy array to list in python,d6924,10,d20371,False,list;array;update;error;integer
q20372,read a file into a set python,d18923,1,d20372,False,read;file;loop;write;error
q20372,read a file into a set python,d18419,2,d20372,False,read;file;loop;write;error
q20372,read a file into a set python,d17961,3,d20372,False,read;file;loop;write;error
q20372,read a file into a set python,d18246,4,d20372,False,read;file;loop;write;error
q20372,read a file into a set python,d18435,5,d20372,False,read;file;loop;write;error
q20372,read a file into a set python,d17959,6,d20372,False,read;file;loop;write;error
q20372,read a file into a set python,d17299,7,d20372,False,read;file;loop;write;error
q20372,read a file into a set python,d17662,8,d20372,False,read;file;loop;write;error
q20372,read a file into a set python,d17758,9,d20372,False,read;file;loop;write;error
q20372,read a file into a set python,d19090,10,d20372,False,read;file;loop;write;error
q20373,python round float to int,d19488,1,d20373,False,integer;loop;function;row;error
q20373,python round float to int,d18381,2,d20373,False,integer;loop;function;row;error
q20373,python round float to int,d17562,3,d20373,False,integer;loop;function;row;error
q20373,python round float to int,d18801,4,d20373,False,integer;loop;function;row;error
q20373,python round float to int,d18964,5,d20373,False,integer;loop;function;row;error
q20373,python round float to int,d17247,6,d20373,False,integer;loop;function;row;error
q20373,python round float to int,d18967,7,d20373,False,integer;loop;function;row;error
q20373,python round float to int,d19060,8,d20373,False,integer;loop;function;row;error
q20373,python round float to int,d19024,9,d20373,False,integer;loop;function;row;error
q20373,python round float to int,d17437,10,d20373,False,integer;loop;function;row;error
q20374,how to write a parser on python,d14275,1,d20374,False,write;parameter;integer;error;variable
q20374,how to write a parser on python,d18646,2,d20374,False,write;parameter;integer;error;variable
q20374,how to write a parser on python,d17108,3,d20374,False,write;parameter;integer;error;variable
q20374,how to write a parser on python,d19081,4,d20374,False,write;parameter;integer;error;variable
q20374,how to write a parser on python,d19169,5,d20374,False,write;parameter;integer;error;variable
q20374,how to write a parser on python,d19626,6,d20374,False,write;parameter;integer;error;variable
q20374,how to write a parser on python,d13835,7,d20374,False,write;parameter;integer;error;variable
q20374,how to write a parser on python,d3306,8,d20374,False,write;parameter;integer;error;variable
q20374,how to write a parser on python,d11724,9,d20374,False,write;parameter;integer;error;variable
q20374,how to write a parser on python,d15951,10,d20374,False,write;parameter;integer;error;variable
q20375,python dict with keys no value,d187,1,d20375,False,dictionary;error;integer;delete;update
q20375,python dict with keys no value,d6250,2,d20375,False,dictionary;error;integer;delete;update
q20375,python dict with keys no value,d999,3,d20375,False,dictionary;error;integer;delete;update
q20375,python dict with keys no value,d3732,4,d20375,False,dictionary;error;integer;delete;update
q20375,python dict with keys no value,d4441,5,d20375,False,dictionary;error;integer;delete;update
q20375,python dict with keys no value,d18174,6,d20375,False,dictionary;error;integer;delete;update
q20375,python dict with keys no value,d7229,7,d20375,False,dictionary;error;integer;delete;update
q20375,python dict with keys no value,d1182,8,d20375,False,dictionary;error;integer;delete;update
q20375,python dict with keys no value,d6658,9,d20375,False,dictionary;error;integer;delete;update
q20375,python dict with keys no value,d12595,10,d20375,False,dictionary;error;integer;delete;update
q20376,how to remove blank lines from a text file in python,d19382,1,d20376,False,file;error;delete;write;column
q20376,how to remove blank lines from a text file in python,d20473,2,d20376,False,file;error;delete;write;column
q20376,how to remove blank lines from a text file in python,d19512,3,d20376,False,file;error;delete;write;column
q20376,how to remove blank lines from a text file in python,d19536,4,d20376,False,file;error;delete;write;column
q20376,how to remove blank lines from a text file in python,d17210,5,d20376,False,file;error;delete;write;column
q20376,how to remove blank lines from a text file in python,d18735,6,d20376,False,file;error;delete;write;column
q20376,how to remove blank lines from a text file in python,d17447,7,d20376,False,file;error;delete;write;column
q20376,how to remove blank lines from a text file in python,d17536,8,d20376,False,file;error;delete;write;column
q20376,how to remove blank lines from a text file in python,d17721,9,d20376,False,file;error;delete;write;column
q20376,how to remove blank lines from a text file in python,d18157,10,d20376,False,file;error;delete;write;column
q20377,how to hash a binary file in python,d5781,1,d20377,False,file;integer;string;database;variable
q20377,how to hash a binary file in python,d198,2,d20377,False,file;integer;string;database;variable
q20377,how to hash a binary file in python,d4907,3,d20377,False,file;integer;string;database;variable
q20377,how to hash a binary file in python,d6289,4,d20377,False,file;integer;string;database;variable
q20377,how to hash a binary file in python,d6291,5,d20377,False,file;integer;string;database;variable
q20377,how to hash a binary file in python,d8364,6,d20377,False,file;integer;string;database;variable
q20377,how to hash a binary file in python,d2789,7,d20377,False,file;integer;string;database;variable
q20377,how to hash a binary file in python,d16511,8,d20377,False,file;integer;string;database;variable
q20377,how to hash a binary file in python,d10060,9,d20377,False,file;integer;string;database;variable
q20377,how to hash a binary file in python,d11770,10,d20377,False,file;integer;string;database;variable
q20378,python get function keyword names,d5581,1,d20378,False,function;search;parameter;method;get
q20378,python get function keyword names,d714,2,d20378,False,function;search;parameter;method;get
q20378,python get function keyword names,d6773,3,d20378,False,function;search;parameter;method;get
q20378,python get function keyword names,d8154,4,d20378,False,function;search;parameter;method;get
q20378,python get function keyword names,d147,5,d20378,False,function;search;parameter;method;get
q20378,python get function keyword names,d20347,6,d20378,False,function;search;parameter;method;get
q20378,python get function keyword names,d20599,7,d20378,False,function;search;parameter;method;get
q20378,python get function keyword names,d8863,8,d20378,False,function;search;parameter;method;get
q20378,python get function keyword names,d411,9,d20378,False,function;search;parameter;method;get
q20378,python get function keyword names,d12580,10,d20378,False,function;search;parameter;method;get
q20379,iterate through words in text file python,d6698,1,d20379,False,file;integer;loop;write;row
q20379,iterate through words in text file python,d13169,2,d20379,False,file;integer;loop;write;row
q20379,iterate through words in text file python,d1551,3,d20379,False,file;integer;loop;write;row
q20379,iterate through words in text file python,d2041,4,d20379,False,file;integer;loop;write;row
q20379,iterate through words in text file python,d9171,5,d20379,False,file;integer;loop;write;row
q20379,iterate through words in text file python,d812,6,d20379,False,file;integer;loop;write;row
q20379,iterate through words in text file python,d3725,7,d20379,False,file;integer;loop;write;row
q20379,iterate through words in text file python,d1486,8,d20379,False,file;integer;loop;write;row
q20379,iterate through words in text file python,d10123,9,d20379,False,file;integer;loop;write;row
q20379,iterate through words in text file python,d14403,10,d20379,False,file;integer;loop;write;row
q20380,python make a put request to restful endpoint,d18911,1,d20380,False,return;error;update;search;parameter
q20380,python make a put request to restful endpoint,d20380,2,d20380,True,return;error;update;search;parameter
q20380,python make a put request to restful endpoint,d6017,3,d20380,False,return;error;update;search;parameter
q20380,python make a put request to restful endpoint,d14437,4,d20380,False,return;error;update;search;parameter
q20380,python make a put request to restful endpoint,d7578,5,d20380,False,return;error;update;search;parameter
q20380,python make a put request to restful endpoint,d7580,6,d20380,False,return;error;update;search;parameter
q20380,python make a put request to restful endpoint,d17825,7,d20380,False,return;error;update;search;parameter
q20380,python make a put request to restful endpoint,d8290,8,d20380,False,return;error;update;search;parameter
q20380,python make a put request to restful endpoint,d8781,9,d20380,False,return;error;update;search;parameter
q20380,python make a put request to restful endpoint,d12742,10,d20380,False,return;error;update;search;parameter
q20381,python get the id of the current thread,d3811,1,d20381,False,update;add;row;string;integer
q20381,python get the id of the current thread,d3827,2,d20381,False,update;add;row;string;integer
q20381,python get the id of the current thread,d20381,3,d20381,True,update;add;row;string;integer
q20381,python get the id of the current thread,d5709,4,d20381,False,update;add;row;string;integer
q20381,python get the id of the current thread,d7040,5,d20381,False,update;add;row;string;integer
q20381,python get the id of the current thread,d9116,6,d20381,False,update;add;row;string;integer
q20381,python get the id of the current thread,d15155,7,d20381,False,update;add;row;string;integer
q20381,python get the id of the current thread,d5720,8,d20381,False,update;add;row;string;integer
q20381,python get the id of the current thread,d13371,9,d20381,False,update;add;row;string;integer
q20381,python get the id of the current thread,d8885,10,d20381,False,update;add;row;string;integer
q20382,python function returning a list of all entities is called,d20119,1,d20382,False,return;function;list;integer;error
q20382,python function returning a list of all entities is called,d18646,2,d20382,False,return;function;list;integer;error
q20382,python function returning a list of all entities is called,d19626,3,d20382,False,return;function;list;integer;error
q20382,python function returning a list of all entities is called,d19081,4,d20382,False,return;function;list;integer;error
q20382,python function returning a list of all entities is called,d19169,5,d20382,False,return;function;list;integer;error
q20382,python function returning a list of all entities is called,d17108,6,d20382,False,return;function;list;integer;error
q20382,python function returning a list of all entities is called,d3262,7,d20382,False,return;function;list;integer;error
q20382,python function returning a list of all entities is called,d9915,8,d20382,False,return;function;list;integer;error
q20382,python function returning a list of all entities is called,d1550,9,d20382,False,return;function;list;integer;error
q20382,python function returning a list of all entities is called,d14820,10,d20382,False,return;function;list;integer;error
q20383,how to flat a list of list python,d4508,1,d20383,False,list;sort;loop;column;integer
q20383,how to flat a list of list python,d13638,2,d20383,False,list;sort;loop;column;integer
q20383,how to flat a list of list python,d11209,3,d20383,False,list;sort;loop;column;integer
q20383,how to flat a list of list python,d19028,4,d20383,False,list;sort;loop;column;integer
q20383,how to flat a list of list python,d19188,5,d20383,False,list;sort;loop;column;integer
q20383,how to flat a list of list python,d18938,6,d20383,False,list;sort;loop;column;integer
q20383,how to flat a list of list python,d19485,7,d20383,False,list;sort;loop;column;integer
q20383,how to flat a list of list python,d17376,8,d20383,False,list;sort;loop;column;integer
q20383,how to flat a list of list python,d17480,9,d20383,False,list;sort;loop;column;integer
q20383,how to flat a list of list python,d17411,10,d20383,False,list;sort;loop;column;integer
q20384,python read yaml to numpy,d18896,1,d20384,False,read;error;row;query;integer
q20384,python read yaml to numpy,d20384,2,d20384,True,read;error;row;query;integer
q20384,python read yaml to numpy,d18434,3,d20384,False,read;error;row;query;integer
q20384,python read yaml to numpy,d1654,4,d20384,False,read;error;row;query;integer
q20384,python read yaml to numpy,d10360,5,d20384,False,read;error;row;query;integer
q20384,python read yaml to numpy,d11168,6,d20384,False,read;error;row;query;integer
q20384,python read yaml to numpy,d3712,7,d20384,False,read;error;row;query;integer
q20384,python read yaml to numpy,d10037,8,d20384,False,read;error;row;query;integer
q20384,python read yaml to numpy,d16110,9,d20384,False,read;error;row;query;integer
q20384,python read yaml to numpy,d8007,10,d20384,False,read;error;row;query;integer
q20385,discord python get user from id string,d41,1,d20385,False,string;search;database;integer;error
q20385,discord python get user from id string,d19945,2,d20385,False,string;search;database;integer;error
q20385,discord python get user from id string,d9219,3,d20385,False,string;search;database;integer;error
q20385,discord python get user from id string,d8664,4,d20385,False,string;search;database;integer;error
q20385,discord python get user from id string,d20270,5,d20385,False,string;search;database;integer;error
q20385,discord python get user from id string,d10531,6,d20385,False,string;search;database;integer;error
q20385,discord python get user from id string,d14822,7,d20385,False,string;search;database;integer;error
q20385,discord python get user from id string,d11069,8,d20385,False,string;search;database;integer;error
q20385,discord python get user from id string,d19116,9,d20385,False,string;search;database;integer;error
q20385,discord python get user from id string,d20385,10,d20385,True,string;search;database;integer;error
q20386,list of arbitrary objects to counts in python,d19053,1,d20386,False,list;integer;condition;error;array
q20386,list of arbitrary objects to counts in python,d19232,2,d20386,False,list;integer;condition;error;array
q20386,list of arbitrary objects to counts in python,d19276,3,d20386,False,list;integer;condition;error;array
q20386,list of arbitrary objects to counts in python,d16962,4,d20386,False,list;integer;condition;error;array
q20386,list of arbitrary objects to counts in python,d17637,5,d20386,False,list;integer;condition;error;array
q20386,list of arbitrary objects to counts in python,d20386,6,d20386,True,list;integer;condition;error;array
q20386,list of arbitrary objects to counts in python,d18877,7,d20386,False,list;integer;condition;error;array
q20386,list of arbitrary objects to counts in python,d18460,8,d20386,False,list;integer;condition;error;array
q20386,list of arbitrary objects to counts in python,d17249,9,d20386,False,list;integer;condition;error;array
q20386,list of arbitrary objects to counts in python,d18636,10,d20386,False,list;integer;condition;error;array
q20387,how to know queue size in python,d2794,1,d20387,False,integer;update;parameter;method;query
q20387,how to know queue size in python,d457,2,d20387,False,integer;update;parameter;method;query
q20387,how to know queue size in python,d16129,3,d20387,False,integer;update;parameter;method;query
q20387,how to know queue size in python,d20235,4,d20387,False,integer;update;parameter;method;query
q20387,how to know queue size in python,d16133,5,d20387,False,integer;update;parameter;method;query
q20387,how to know queue size in python,d6843,6,d20387,False,integer;update;parameter;method;query
q20387,how to know queue size in python,d20387,7,d20387,True,integer;update;parameter;method;query
q20387,how to know queue size in python,d5659,8,d20387,False,integer;update;parameter;method;query
q20387,how to know queue size in python,d6762,9,d20387,False,integer;update;parameter;method;query
q20387,how to know queue size in python,d10205,10,d20387,False,integer;update;parameter;method;query
q20388,impute missing values in python,d13125,1,d20388,False,integer;error;parameter;update;variable
q20388,impute missing values in python,d13123,2,d20388,False,integer;error;parameter;update;variable
q20388,impute missing values in python,d7709,3,d20388,False,integer;error;parameter;update;variable
q20388,impute missing values in python,d10400,4,d20388,False,integer;error;parameter;update;variable
q20388,impute missing values in python,d13541,5,d20388,False,integer;error;parameter;update;variable
q20388,impute missing values in python,d13543,6,d20388,False,integer;error;parameter;update;variable
q20388,impute missing values in python,d11471,7,d20388,False,integer;error;parameter;update;variable
q20388,impute missing values in python,d20388,8,d20388,True,integer;error;parameter;update;variable
q20388,impute missing values in python,d11650,9,d20388,False,integer;error;parameter;update;variable
q20388,impute missing values in python,d20101,10,d20388,False,integer;error;parameter;update;variable
q20389,python dict rank by value,d623,1,d20389,False,dictionary;integer;variable;row;parameter
q20389,python dict rank by value,d452,2,d20389,False,dictionary;integer;variable;row;parameter
q20389,python dict rank by value,d5447,3,d20389,False,dictionary;integer;variable;row;parameter
q20389,python dict rank by value,d8,4,d20389,False,dictionary;integer;variable;row;parameter
q20389,python dict rank by value,d5252,5,d20389,False,dictionary;integer;variable;row;parameter
q20389,python dict rank by value,d3092,6,d20389,False,dictionary;integer;variable;row;parameter
q20389,python dict rank by value,d4164,7,d20389,False,dictionary;integer;variable;row;parameter
q20389,python dict rank by value,d4176,8,d20389,False,dictionary;integer;variable;row;parameter
q20389,python dict rank by value,d12356,9,d20389,False,dictionary;integer;variable;row;parameter
q20389,python dict rank by value,d6279,10,d20389,False,dictionary;integer;variable;row;parameter
q20390,generate short unique id python,d3459,1,d20390,False,integer;database;error;update;row
q20390,generate short unique id python,d5872,2,d20390,False,integer;database;error;update;row
q20390,generate short unique id python,d3718,3,d20390,False,integer;database;error;update;row
q20390,generate short unique id python,d15601,4,d20390,False,integer;database;error;update;row
q20390,generate short unique id python,d9330,5,d20390,False,integer;database;error;update;row
q20390,generate short unique id python,d15117,6,d20390,False,integer;database;error;update;row
q20390,generate short unique id python,d9412,7,d20390,False,integer;database;error;update;row
q20390,generate short unique id python,d628,8,d20390,False,integer;database;error;update;row
q20390,generate short unique id python,d6771,9,d20390,False,integer;database;error;update;row
q20390,generate short unique id python,d616,10,d20390,False,integer;database;error;update;row
q20391,python numpy inverse of the matrix,d14625,1,d20391,False,error;integer;variable;parameter;row
q20391,python numpy inverse of the matrix,d11101,2,d20391,False,error;integer;variable;parameter;row
q20391,python numpy inverse of the matrix,d20391,3,d20391,True,error;integer;variable;parameter;row
q20391,python numpy inverse of the matrix,d13953,4,d20391,False,error;integer;variable;parameter;row
q20391,python numpy inverse of the matrix,d13348,5,d20391,False,error;integer;variable;parameter;row
q20391,python numpy inverse of the matrix,d3784,6,d20391,False,error;integer;variable;parameter;row
q20391,python numpy inverse of the matrix,d13949,7,d20391,False,error;integer;variable;parameter;row
q20391,python numpy inverse of the matrix,d15217,8,d20391,False,error;integer;variable;parameter;row
q20391,python numpy inverse of the matrix,d2733,9,d20391,False,error;integer;variable;parameter;row
q20391,python numpy inverse of the matrix,d13763,10,d20391,False,error;integer;variable;parameter;row
q20392,python how to mix backslash and forward slashes in path,d1554,1,d20392,False,string;parameter;function;variable;method
q20392,python how to mix backslash and forward slashes in path,d4775,2,d20392,False,string;parameter;function;variable;method
q20392,python how to mix backslash and forward slashes in path,d10390,3,d20392,False,string;parameter;function;variable;method
q20392,python how to mix backslash and forward slashes in path,d20392,4,d20392,True,string;parameter;function;variable;method
q20392,python how to mix backslash and forward slashes in path,d14332,5,d20392,False,string;parameter;function;variable;method
q20392,python how to mix backslash and forward slashes in path,d19019,6,d20392,False,string;parameter;function;variable;method
q20392,python how to mix backslash and forward slashes in path,d15611,7,d20392,False,string;parameter;function;variable;method
q20392,python how to mix backslash and forward slashes in path,d7437,8,d20392,False,string;parameter;function;variable;method
q20392,python how to mix backslash and forward slashes in path,d8065,9,d20392,False,string;parameter;function;variable;method
q20392,python how to mix backslash and forward slashes in path,d15600,10,d20392,False,string;parameter;function;variable;method
q20393,reduce functon not defined in python,d17293,1,d20393,False,function;error;delete;method;integer
q20393,reduce functon not defined in python,d10212,2,d20393,False,function;error;delete;method;integer
q20393,reduce functon not defined in python,d703,3,d20393,False,function;error;delete;method;integer
q20393,reduce functon not defined in python,d3104,4,d20393,False,function;error;delete;method;integer
q20393,reduce functon not defined in python,d19954,5,d20393,False,function;error;delete;method;integer
q20393,reduce functon not defined in python,d7611,6,d20393,False,function;error;delete;method;integer
q20393,reduce functon not defined in python,d20579,7,d20393,False,function;error;delete;method;integer
q20393,reduce functon not defined in python,d20209,8,d20393,False,function;error;delete;method;integer
q20393,reduce functon not defined in python,d9711,9,d20393,False,function;error;delete;method;integer
q20393,reduce functon not defined in python,d4254,10,d20393,False,function;error;delete;method;integer
q20394,python detect key press linux,d11831,1,d20394,False,file;error;delete;update;query
q20394,python detect key press linux,d18007,2,d20394,False,file;error;delete;update;query
q20394,python detect key press linux,d5324,3,d20394,False,file;error;delete;update;query
q20394,python detect key press linux,d12123,4,d20394,False,file;error;delete;update;query
q20394,python detect key press linux,d10146,5,d20394,False,file;error;delete;update;query
q20394,python detect key press linux,d3424,6,d20394,False,file;error;delete;update;query
q20394,python detect key press linux,d5545,7,d20394,False,file;error;delete;update;query
q20394,python detect key press linux,d19984,8,d20394,False,file;error;delete;update;query
q20394,python detect key press linux,d12642,9,d20394,False,file;error;delete;update;query
q20394,python detect key press linux,d12560,10,d20394,False,file;error;delete;update;query
q20395,how to generate random binary tree in python,d20395,1,d20395,True,integer;error;string;update;row
q20395,how to generate random binary tree in python,d4871,2,d20395,False,integer;error;string;update;row
q20395,how to generate random binary tree in python,d4631,3,d20395,False,integer;error;string;update;row
q20395,how to generate random binary tree in python,d14578,4,d20395,False,integer;error;string;update;row
q20395,how to generate random binary tree in python,d2714,5,d20395,False,integer;error;string;update;row
q20395,how to generate random binary tree in python,d20205,6,d20395,False,integer;error;string;update;row
q20395,how to generate random binary tree in python,d10105,7,d20395,False,integer;error;string;update;row
q20395,how to generate random binary tree in python,d10107,8,d20395,False,integer;error;string;update;row
q20395,how to generate random binary tree in python,d7459,9,d20395,False,integer;error;string;update;row
q20395,how to generate random binary tree in python,d16061,10,d20395,False,integer;error;string;update;row
q20396,python get epoch milis from datetime,d4373,1,d20396,False,update;string;error;data;integer
q20396,python get epoch milis from datetime,d12537,2,d20396,False,update;string;error;data;integer
q20396,python get epoch milis from datetime,d8575,3,d20396,False,update;string;error;data;integer
q20396,python get epoch milis from datetime,d2521,4,d20396,False,update;string;error;data;integer
q20396,python get epoch milis from datetime,d19750,5,d20396,False,update;string;error;data;integer
q20396,python get epoch milis from datetime,d12841,6,d20396,False,update;string;error;data;integer
q20396,python get epoch milis from datetime,d8871,7,d20396,False,update;string;error;data;integer
q20396,python get epoch milis from datetime,d2190,8,d20396,False,update;string;error;data;integer
q20396,python get epoch milis from datetime,d14394,9,d20396,False,update;string;error;data;integer
q20396,python get epoch milis from datetime,d15025,10,d20396,False,update;string;error;data;integer
q20397,python get environ user windows,d12742,1,d20397,False,error;update;search;database;parameter
q20397,python get environ user windows,d8781,2,d20397,False,error;update;search;database;parameter
q20397,python get environ user windows,d10079,3,d20397,False,error;update;search;database;parameter
q20397,python get environ user windows,d11823,4,d20397,False,error;update;search;database;parameter
q20397,python get environ user windows,d11724,5,d20397,False,error;update;search;database;parameter
q20397,python get environ user windows,d15951,6,d20397,False,error;update;search;database;parameter
q20397,python get environ user windows,d13835,7,d20397,False,error;update;search;database;parameter
q20397,python get environ user windows,d3306,8,d20397,False,error;update;search;database;parameter
q20397,python get environ user windows,d6635,9,d20397,False,error;update;search;database;parameter
q20397,python get environ user windows,d2618,10,d20397,False,error;update;search;database;parameter
q20398,iterator is past the end python,d15708,1,d20398,False,integer;error;loop;close;query
q20398,iterator is past the end python,d13167,2,d20398,False,integer;error;loop;close;query
q20398,iterator is past the end python,d2654,3,d20398,False,integer;error;loop;close;query
q20398,iterator is past the end python,d7903,4,d20398,False,integer;error;loop;close;query
q20398,iterator is past the end python,d15250,5,d20398,False,integer;error;loop;close;query
q20398,iterator is past the end python,d798,6,d20398,False,integer;error;loop;close;query
q20398,iterator is past the end python,d6299,7,d20398,False,integer;error;loop;close;query
q20398,iterator is past the end python,d9098,8,d20398,False,integer;error;loop;close;query
q20398,iterator is past the end python,d7923,9,d20398,False,integer;error;loop;close;query
q20398,iterator is past the end python,d20193,10,d20398,False,integer;error;loop;close;query
q20399,python if file not exist then creat,d16571,1,d20399,False,file;error;write;query;update
q20399,python if file not exist then creat,d12963,2,d20399,False,file;error;write;query;update
q20399,python if file not exist then creat,d18127,3,d20399,False,file;error;write;query;update
q20399,python if file not exist then creat,d17226,4,d20399,False,file;error;write;query;update
q20399,python if file not exist then creat,d18892,5,d20399,False,file;error;write;query;update
q20399,python if file not exist then creat,d17962,6,d20399,False,file;error;write;query;update
q20399,python if file not exist then creat,d18982,7,d20399,False,file;error;write;query;update
q20399,python if file not exist then creat,d17358,8,d20399,False,file;error;write;query;update
q20399,python if file not exist then creat,d19455,9,d20399,False,file;error;write;query;update
q20399,python if file not exist then creat,d18885,10,d20399,False,file;error;write;query;update
q20400,python howe to tell if path passed in is absolute or relative,d18038,1,d20400,False,file;error;open;close;integer
q20400,python howe to tell if path passed in is absolute or relative,d18980,2,d20400,False,file;error;open;close;integer
q20400,python howe to tell if path passed in is absolute or relative,d17617,3,d20400,False,file;error;open;close;integer
q20400,python howe to tell if path passed in is absolute or relative,d92,4,d20400,False,file;error;open;close;integer
q20400,python howe to tell if path passed in is absolute or relative,d2915,5,d20400,False,file;error;open;close;integer
q20400,python howe to tell if path passed in is absolute or relative,d15927,6,d20400,False,file;error;open;close;integer
q20400,python howe to tell if path passed in is absolute or relative,d1135,7,d20400,False,file;error;open;close;integer
q20400,python howe to tell if path passed in is absolute or relative,d2640,8,d20400,False,file;error;open;close;integer
q20400,python howe to tell if path passed in is absolute or relative,d15255,9,d20400,False,file;error;open;close;integer
q20400,python howe to tell if path passed in is absolute or relative,d789,10,d20400,False,file;error;open;close;integer
q20401,maker a string lowercase pythong,d7511,1,d20401,False,string;loop;write;error;update
q20401,maker a string lowercase pythong,d3306,2,d20401,False,string;loop;write;error;update
q20401,maker a string lowercase pythong,d15951,3,d20401,False,string;loop;write;error;update
q20401,maker a string lowercase pythong,d13835,4,d20401,False,string;loop;write;error;update
q20401,maker a string lowercase pythong,d11724,5,d20401,False,string;loop;write;error;update
q20401,maker a string lowercase pythong,d16529,6,d20401,False,string;loop;write;error;update
q20401,maker a string lowercase pythong,d16706,7,d20401,False,string;loop;write;error;update
q20401,maker a string lowercase pythong,d834,8,d20401,False,string;loop;write;error;update
q20401,maker a string lowercase pythong,d14817,9,d20401,False,string;loop;write;error;update
q20401,maker a string lowercase pythong,d8062,10,d20401,False,string;loop;write;error;update
q20402,python sys stdout write new line,d1208,1,d20402,False,write;update;file;string;error
q20402,python sys stdout write new line,d13516,2,d20402,False,write;update;file;string;error
q20402,python sys stdout write new line,d11822,3,d20402,False,write;update;file;string;error
q20402,python sys stdout write new line,d11242,4,d20402,False,write;update;file;string;error
q20402,python sys stdout write new line,d5628,5,d20402,False,write;update;file;string;error
q20402,python sys stdout write new line,d10476,6,d20402,False,write;update;file;string;error
q20402,python sys stdout write new line,d7603,7,d20402,False,write;update;file;string;error
q20402,python sys stdout write new line,d7458,8,d20402,False,write;update;file;string;error
q20402,python sys stdout write new line,d7537,9,d20402,False,write;update;file;string;error
q20402,python sys stdout write new line,d12507,10,d20402,False,write;update;file;string;error
q20403,python how to create a iterable,d9262,1,d20403,False,integer;error;write;function;method
q20403,python how to create a iterable,d16456,2,d20403,False,integer;error;write;function;method
q20403,python how to create a iterable,d11211,3,d20403,False,integer;error;write;function;method
q20403,python how to create a iterable,d17107,4,d20403,False,integer;error;write;function;method
q20403,python how to create a iterable,d11536,5,d20403,False,integer;error;write;function;method
q20403,python how to create a iterable,d14705,6,d20403,False,integer;error;write;function;method
q20403,python how to create a iterable,d8581,7,d20403,False,integer;error;write;function;method
q20403,python how to create a iterable,d10796,8,d20403,False,integer;error;write;function;method
q20403,python how to create a iterable,d10591,9,d20403,False,integer;error;write;function;method
q20403,python how to create a iterable,d641,10,d20403,False,integer;error;write;function;method
q20404,how to use python function in tensorflow,d14446,1,d20404,False,function;parameter;method;update;error
q20404,how to use python function in tensorflow,d9840,2,d20404,False,function;parameter;method;update;error
q20404,how to use python function in tensorflow,d2929,3,d20404,False,function;parameter;method;update;error
q20404,how to use python function in tensorflow,d15942,4,d20404,False,function;parameter;method;update;error
q20404,how to use python function in tensorflow,d12363,5,d20404,False,function;parameter;method;update;error
q20404,how to use python function in tensorflow,d14567,6,d20404,False,function;parameter;method;update;error
q20404,how to use python function in tensorflow,d10397,7,d20404,False,function;parameter;method;update;error
q20404,how to use python function in tensorflow,d4638,8,d20404,False,function;parameter;method;update;error
q20404,how to use python function in tensorflow,d10378,9,d20404,False,function;parameter;method;update;error
q20404,how to use python function in tensorflow,d493,10,d20404,False,function;parameter;method;update;error
q20405,python how to get range of array with positive values numpy,d19611,1,d20405,False,array;integer;variable;parameter;function
q20405,python how to get range of array with positive values numpy,d8376,2,d20405,False,array;integer;variable;parameter;function
q20405,python how to get range of array with positive values numpy,d6279,3,d20405,False,array;integer;variable;parameter;function
q20405,python how to get range of array with positive values numpy,d12356,4,d20405,False,array;integer;variable;parameter;function
q20405,python how to get range of array with positive values numpy,d4176,5,d20405,False,array;integer;variable;parameter;function
q20405,python how to get range of array with positive values numpy,d13884,6,d20405,False,array;integer;variable;parameter;function
q20405,python how to get range of array with positive values numpy,d4164,7,d20405,False,array;integer;variable;parameter;function
q20405,python how to get range of array with positive values numpy,d6235,8,d20405,False,array;integer;variable;parameter;function
q20405,python how to get range of array with positive values numpy,d11018,9,d20405,False,array;integer;variable;parameter;function
q20405,python how to get range of array with positive values numpy,d15743,10,d20405,False,array;integer;variable;parameter;function
q20406,python 3 a build string from iterable,d14817,1,d20406,False,string;integer;error;array;file
q20406,python 3 a build string from iterable,d15097,2,d20406,False,string;integer;error;array;file
q20406,python 3 a build string from iterable,d834,3,d20406,False,string;integer;error;array;file
q20406,python 3 a build string from iterable,d8062,4,d20406,False,string;integer;error;array;file
q20406,python 3 a build string from iterable,d3416,5,d20406,False,string;integer;error;array;file
q20406,python 3 a build string from iterable,d2927,6,d20406,False,string;integer;error;array;file
q20406,python 3 a build string from iterable,d824,7,d20406,False,string;integer;error;array;file
q20406,python 3 a build string from iterable,d3398,8,d20406,False,string;integer;error;array;file
q20406,python 3 a build string from iterable,d5267,9,d20406,False,string;integer;error;array;file
q20406,python 3 a build string from iterable,d9612,10,d20406,False,string;integer;error;array;file
q20407,unchecking a radio button python,d18007,1,d20407,False,error;update;delete;warning;row
q20407,unchecking a radio button python,d13302,2,d20407,False,error;update;delete;warning;row
q20407,unchecking a radio button python,d15431,3,d20407,False,error;update;delete;warning;row
q20407,unchecking a radio button python,d5229,4,d20407,False,error;update;delete;warning;row
q20407,unchecking a radio button python,d20005,5,d20407,False,error;update;delete;warning;row
q20407,unchecking a radio button python,d20407,6,d20407,True,error;update;delete;warning;row
q20407,unchecking a radio button python,d1997,7,d20407,False,error;update;delete;warning;row
q20407,unchecking a radio button python,d5802,8,d20407,False,error;update;delete;warning;row
q20407,unchecking a radio button python,d14425,9,d20407,False,error;update;delete;warning;row
q20407,unchecking a radio button python,d11941,10,d20407,False,error;update;delete;warning;row
q20408,python expected type sized,d10397,1,d20408,False,integer;error;variable;update;parameter
q20408,python expected type sized,d12360,2,d20408,False,integer;error;variable;update;parameter
q20408,python expected type sized,d3345,3,d20408,False,integer;error;variable;update;parameter
q20408,python expected type sized,d18007,4,d20408,False,integer;error;variable;update;parameter
q20408,python expected type sized,d10283,5,d20408,False,integer;error;variable;update;parameter
q20408,python expected type sized,d19169,6,d20408,False,integer;error;variable;update;parameter
q20408,python expected type sized,d19081,7,d20408,False,integer;error;variable;update;parameter
q20408,python expected type sized,d19626,8,d20408,False,integer;error;variable;update;parameter
q20408,python expected type sized,d18646,9,d20408,False,integer;error;variable;update;parameter
q20408,python expected type sized,d17108,10,d20408,False,integer;error;variable;update;parameter
q20409,python load csv to numpy array,d8558,1,d20409,False,array;error;integer;loop;database
q20409,python load csv to numpy array,d15802,2,d20409,False,array;error;integer;loop;database
q20409,python load csv to numpy array,d4020,3,d20409,False,array;error;integer;loop;database
q20409,python load csv to numpy array,d9675,4,d20409,False,array;error;integer;loop;database
q20409,python load csv to numpy array,d9082,5,d20409,False,array;error;integer;loop;database
q20409,python load csv to numpy array,d9677,6,d20409,False,array;error;integer;loop;database
q20409,python load csv to numpy array,d11847,7,d20409,False,array;error;integer;loop;database
q20409,python load csv to numpy array,d11849,8,d20409,False,array;error;integer;loop;database
q20409,python load csv to numpy array,d15813,9,d20409,False,array;error;integer;loop;database
q20409,python load csv to numpy array,d1718,10,d20409,False,array;error;integer;loop;database
q20410,python remove element from list time complexity,d6008,1,d20410,False,list;delete;error;integer;row
q20410,python remove element from list time complexity,d3687,2,d20410,False,list;delete;error;integer;row
q20410,python remove element from list time complexity,d1752,3,d20410,False,list;delete;error;integer;row
q20410,python remove element from list time complexity,d14197,4,d20410,False,list;delete;error;integer;row
q20410,python remove element from list time complexity,d13242,5,d20410,False,list;delete;error;integer;row
q20410,python remove element from list time complexity,d2541,6,d20410,False,list;delete;error;integer;row
q20410,python remove element from list time complexity,d7644,7,d20410,False,list;delete;error;integer;row
q20410,python remove element from list time complexity,d959,8,d20410,False,list;delete;error;integer;row
q20410,python remove element from list time complexity,d20488,9,d20410,False,list;delete;error;integer;row
q20410,python remove element from list time complexity,d9580,10,d20410,False,list;delete;error;integer;row
q20411,python property by string name,d14275,1,d20411,False,string;function;integer;parameter;variable
q20411,python property by string name,d14240,2,d20411,False,string;function;integer;parameter;variable
q20411,python property by string name,d9925,3,d20411,False,string;function;integer;parameter;variable
q20411,python property by string name,d8762,4,d20411,False,string;function;integer;parameter;variable
q20411,python property by string name,d4605,5,d20411,False,string;function;integer;parameter;variable
q20411,python property by string name,d11293,6,d20411,False,string;function;integer;parameter;variable
q20411,python property by string name,d14801,7,d20411,False,string;function;integer;parameter;variable
q20411,python property by string name,d2347,8,d20411,False,string;function;integer;parameter;variable
q20411,python property by string name,d10761,9,d20411,False,string;function;integer;parameter;variable
q20411,python property by string name,d5015,10,d20411,False,string;function;integer;parameter;variable
q20412,index of an entry in a list python,d6941,1,d20412,False,list;integer;error;database;search
q20412,index of an entry in a list python,d7031,2,d20412,False,list;integer;error;database;search
q20412,index of an entry in a list python,d20015,3,d20412,False,list;integer;error;database;search
q20412,index of an entry in a list python,d3653,4,d20412,False,list;integer;error;database;search
q20412,index of an entry in a list python,d13115,5,d20412,False,list;integer;error;database;search
q20412,index of an entry in a list python,d5546,6,d20412,False,list;integer;error;database;search
q20412,index of an entry in a list python,d20412,7,d20412,True,list;integer;error;database;search
q20412,index of an entry in a list python,d5737,8,d20412,False,list;integer;error;database;search
q20412,index of an entry in a list python,d15053,9,d20412,False,list;integer;error;database;search
q20412,index of an entry in a list python,d20417,10,d20412,False,list;integer;error;database;search
q20413,python how to determine if an iterable is iterable,d16140,1,d20413,False,integer;error;condition;method;function
q20413,python how to determine if an iterable is iterable,d6329,2,d20413,False,integer;error;condition;method;function
q20413,python how to determine if an iterable is iterable,d13110,3,d20413,False,integer;error;condition;method;function
q20413,python how to determine if an iterable is iterable,d10231,4,d20413,False,integer;error;condition;method;function
q20413,python how to determine if an iterable is iterable,d4933,5,d20413,False,integer;error;condition;method;function
q20413,python how to determine if an iterable is iterable,d11080,6,d20413,False,integer;error;condition;method;function
q20413,python how to determine if an iterable is iterable,d10571,7,d20413,False,integer;error;condition;method;function
q20413,python how to determine if an iterable is iterable,d12432,8,d20413,False,integer;error;condition;method;function
q20413,python how to determine if an iterable is iterable,d7872,9,d20413,False,integer;error;condition;method;function
q20413,python how to determine if an iterable is iterable,d4160,10,d20413,False,integer;error;condition;method;function
q20414,python how to create date from string,d17861,1,d20414,False,string;database;data;integer;write
q20414,python how to create date from string,d7355,2,d20414,False,string;database;data;integer;write
q20414,python how to create date from string,d11605,3,d20414,False,string;database;data;integer;write
q20414,python how to create date from string,d4681,4,d20414,False,string;database;data;integer;write
q20414,python how to create date from string,d7492,5,d20414,False,string;database;data;integer;write
q20414,python how to create date from string,d13566,6,d20414,False,string;database;data;integer;write
q20414,python how to create date from string,d19704,7,d20414,False,string;database;data;integer;write
q20414,python how to create date from string,d642,8,d20414,False,string;database;data;integer;write
q20414,python how to create date from string,d11079,9,d20414,False,string;database;data;integer;write
q20414,python how to create date from string,d2443,10,d20414,False,string;database;data;integer;write
q20415,how to append a line in a file in the middle of file in python,d15299,1,d20415,False,file;add;row;loop;column
q20415,how to append a line in a file in the middle of file in python,d14870,2,d20415,False,file;add;row;loop;column
q20415,how to append a line in a file in the middle of file in python,d16765,3,d20415,False,file;add;row;loop;column
q20415,how to append a line in a file in the middle of file in python,d2208,4,d20415,False,file;add;row;loop;column
q20415,how to append a line in a file in the middle of file in python,d1856,5,d20415,False,file;add;row;loop;column
q20415,how to append a line in a file in the middle of file in python,d4800,6,d20415,False,file;add;row;loop;column
q20415,how to append a line in a file in the middle of file in python,d712,7,d20415,False,file;add;row;loop;column
q20415,how to append a line in a file in the middle of file in python,d6499,8,d20415,False,file;add;row;loop;column
q20415,how to append a line in a file in the middle of file in python,d20415,9,d20415,True,file;add;row;loop;column
q20415,how to append a line in a file in the middle of file in python,d15201,10,d20415,False,file;add;row;loop;column
q20416,how to split a string by every character in python,d14318,1,d20416,False,string;integer;file;row;function
q20416,how to split a string by every character in python,d6570,2,d20416,False,string;integer;file;row;function
q20416,how to split a string by every character in python,d6568,3,d20416,False,string;integer;file;row;function
q20416,how to split a string by every character in python,d1929,4,d20416,False,string;integer;file;row;function
q20416,how to split a string by every character in python,d20416,5,d20416,True,string;integer;file;row;function
q20416,how to split a string by every character in python,d16400,6,d20416,False,string;integer;file;row;function
q20416,how to split a string by every character in python,d16402,7,d20416,False,string;integer;file;row;function
q20416,how to split a string by every character in python,d14320,8,d20416,False,string;integer;file;row;function
q20416,how to split a string by every character in python,d19832,9,d20416,False,string;integer;file;row;function
q20416,how to split a string by every character in python,d12286,10,d20416,False,string;integer;file;row;function
q20417,python get index of element each time it appears in list,d20417,1,d20417,True,list;search;integer;sort;row
q20417,python get index of element each time it appears in list,d18823,2,d20417,False,list;search;integer;sort;row
q20417,python get index of element each time it appears in list,d18718,3,d20417,False,list;search;integer;sort;row
q20417,python get index of element each time it appears in list,d19484,4,d20417,False,list;search;integer;sort;row
q20417,python get index of element each time it appears in list,d17080,5,d20417,False,list;search;integer;sort;row
q20417,python get index of element each time it appears in list,d18883,6,d20417,False,list;search;integer;sort;row
q20417,python get index of element each time it appears in list,d17354,7,d20417,False,list;search;integer;sort;row
q20417,python get index of element each time it appears in list,d18112,8,d20417,False,list;search;integer;sort;row
q20417,python get index of element each time it appears in list,d17941,9,d20417,False,list;search;integer;sort;row
q20417,python get index of element each time it appears in list,d18114,10,d20417,False,list;search;integer;sort;row
q20418,python how to make dot character,d8921,1,d20418,False,method;write;dictionary;string;parameter
q20418,python how to make dot character,d10410,2,d20418,False,method;write;dictionary;string;parameter
q20418,python how to make dot character,d3348,3,d20418,False,method;write;dictionary;string;parameter
q20418,python how to make dot character,d199,4,d20418,False,method;write;dictionary;string;parameter
q20418,python how to make dot character,d8651,5,d20418,False,method;write;dictionary;string;parameter
q20418,python how to make dot character,d4433,6,d20418,False,method;write;dictionary;string;parameter
q20418,python how to make dot character,d201,7,d20418,False,method;write;dictionary;string;parameter
q20418,python how to make dot character,d5396,8,d20418,False,method;write;dictionary;string;parameter
q20418,python how to make dot character,d3448,9,d20418,False,method;write;dictionary;string;parameter
q20418,python how to make dot character,d6259,10,d20418,False,method;write;dictionary;string;parameter
q20419,python heap top element,d6304,1,d20419,False,row;integer;column;list;parameter
q20419,python heap top element,d20042,2,d20419,False,row;integer;column;list;parameter
q20419,python heap top element,d9326,3,d20419,False,row;integer;column;list;parameter
q20419,python heap top element,d16416,4,d20419,False,row;integer;column;list;parameter
q20419,python heap top element,d2966,5,d20419,False,row;integer;column;list;parameter
q20419,python heap top element,d16420,6,d20419,False,row;integer;column;list;parameter
q20419,python heap top element,d562,7,d20419,False,row;integer;column;list;parameter
q20419,python heap top element,d560,8,d20419,False,row;integer;column;list;parameter
q20419,python heap top element,d15714,9,d20419,False,row;integer;column;list;parameter
q20419,python heap top element,d7098,10,d20419,False,row;integer;column;list;parameter
q20420,"in python, how to print strings in different colours",d20420,1,d20420,True,string;loop;parameter;integer;row
q20420,"in python, how to print strings in different colours",d3915,2,d20420,False,string;loop;parameter;integer;row
q20420,"in python, how to print strings in different colours",d19689,3,d20420,False,string;loop;parameter;integer;row
q20420,"in python, how to print strings in different colours",d1206,4,d20420,False,string;loop;parameter;integer;row
q20420,"in python, how to print strings in different colours",d8113,5,d20420,False,string;loop;parameter;integer;row
q20420,"in python, how to print strings in different colours",d291,6,d20420,False,string;loop;parameter;integer;row
q20420,"in python, how to print strings in different colours",d13170,7,d20420,False,string;loop;parameter;integer;row
q20420,"in python, how to print strings in different colours",d15789,8,d20420,False,string;loop;parameter;integer;row
q20420,"in python, how to print strings in different colours",d13267,9,d20420,False,string;loop;parameter;integer;row
q20420,"in python, how to print strings in different colours",d3396,10,d20420,False,string;loop;parameter;integer;row
q20421,python yield unsupported operand type(s),d4861,1,d20421,False,error;method;update;function;query
q20421,python yield unsupported operand type(s),d18007,2,d20421,False,error;method;update;function;query
q20421,python yield unsupported operand type(s),d11823,3,d20421,False,error;method;update;function;query
q20421,python yield unsupported operand type(s),d2322,4,d20421,False,error;method;update;function;query
q20421,python yield unsupported operand type(s),d8797,5,d20421,False,error;method;update;function;query
q20421,python yield unsupported operand type(s),d13659,6,d20421,False,error;method;update;function;query
q20421,python yield unsupported operand type(s),d16042,7,d20421,False,error;method;update;function;query
q20421,python yield unsupported operand type(s),d7616,8,d20421,False,error;method;update;function;query
q20421,python yield unsupported operand type(s),d15431,9,d20421,False,error;method;update;function;query
q20421,python yield unsupported operand type(s),d13302,10,d20421,False,error;method;update;function;query
q20422,how to sort files by filename python,d11789,1,d20422,False,sort;file;search;database;error
q20422,how to sort files by filename python,d1360,2,d20422,False,sort;file;search;database;error
q20422,how to sort files by filename python,d807,3,d20422,False,sort;file;search;database;error
q20422,how to sort files by filename python,d3522,4,d20422,False,sort;file;search;database;error
q20422,how to sort files by filename python,d3520,5,d20422,False,sort;file;search;database;error
q20422,how to sort files by filename python,d3500,6,d20422,False,sort;file;search;database;error
q20422,how to sort files by filename python,d3496,7,d20422,False,sort;file;search;database;error
q20422,how to sort files by filename python,d15859,8,d20422,False,sort;file;search;database;error
q20422,how to sort files by filename python,d11791,9,d20422,False,sort;file;search;database;error
q20422,how to sort files by filename python,d20422,10,d20422,True,sort;file;search;database;error
q20423,how to change the axis range in a plot in python for subplots,d6425,1,d20423,False,update;parameter;method;column;row
q20423,how to change the axis range in a plot in python for subplots,d20423,2,d20423,True,update;parameter;method;column;row
q20423,how to change the axis range in a plot in python for subplots,d7211,3,d20423,False,update;parameter;method;column;row
q20423,how to change the axis range in a plot in python for subplots,d19777,4,d20423,False,update;parameter;method;column;row
q20423,how to change the axis range in a plot in python for subplots,d9822,5,d20423,False,update;parameter;method;column;row
q20423,how to change the axis range in a plot in python for subplots,d899,6,d20423,False,update;parameter;method;column;row
q20423,how to change the axis range in a plot in python for subplots,d9972,7,d20423,False,update;parameter;method;column;row
q20423,how to change the axis range in a plot in python for subplots,d7929,8,d20423,False,update;parameter;method;column;row
q20423,how to change the axis range in a plot in python for subplots,d3227,9,d20423,False,update;parameter;method;column;row
q20423,how to change the axis range in a plot in python for subplots,d5390,10,d20423,False,update;parameter;method;column;row
q20424,python view vector to asimuth elevation,d6142,1,d20424,False,query;update;row;error;column
q20424,python view vector to asimuth elevation,d11823,2,d20424,False,query;update;row;error;column
q20424,python view vector to asimuth elevation,d1935,3,d20424,False,query;update;row;error;column
q20424,python view vector to asimuth elevation,d16616,4,d20424,False,query;update;row;error;column
q20424,python view vector to asimuth elevation,d3688,5,d20424,False,query;update;row;error;column
q20424,python view vector to asimuth elevation,d13910,6,d20424,False,query;update;row;error;column
q20424,python view vector to asimuth elevation,d16485,7,d20424,False,query;update;row;error;column
q20424,python view vector to asimuth elevation,d3710,8,d20424,False,query;update;row;error;column
q20424,python view vector to asimuth elevation,d1516,9,d20424,False,query;update;row;error;column
q20424,python view vector to asimuth elevation,d7916,10,d20424,False,query;update;row;error;column
q20425,python sort data by variable,d19889,1,d20425,False,sort;variable;data;integer;database
q20425,python sort data by variable,d5617,2,d20425,False,sort;variable;data;integer;database
q20425,python sort data by variable,d4078,3,d20425,False,sort;variable;data;integer;database
q20425,python sort data by variable,d11697,4,d20425,False,sort;variable;data;integer;database
q20425,python sort data by variable,d8555,5,d20425,False,sort;variable;data;integer;database
q20425,python sort data by variable,d6209,6,d20425,False,sort;variable;data;integer;database
q20425,python sort data by variable,d11793,7,d20425,False,sort;variable;data;integer;database
q20425,python sort data by variable,d15935,8,d20425,False,sort;variable;data;integer;database
q20425,python sort data by variable,d14302,9,d20425,False,sort;variable;data;integer;database
q20425,python sort data by variable,d14308,10,d20425,False,sort;variable;data;integer;database
q20426,compute the middle index in list python,d10982,1,d20426,False,list;integer;parameter;search;function
q20426,compute the middle index in list python,d19364,2,d20426,False,list;integer;parameter;search;function
q20426,compute the middle index in list python,d18718,3,d20426,False,list;integer;parameter;search;function
q20426,compute the middle index in list python,d18883,4,d20426,False,list;integer;parameter;search;function
q20426,compute the middle index in list python,d19484,5,d20426,False,list;integer;parameter;search;function
q20426,compute the middle index in list python,d17941,6,d20426,False,list;integer;parameter;search;function
q20426,compute the middle index in list python,d18114,7,d20426,False,list;integer;parameter;search;function
q20426,compute the middle index in list python,d17354,8,d20426,False,list;integer;parameter;search;function
q20426,compute the middle index in list python,d17080,9,d20426,False,list;integer;parameter;search;function
q20426,compute the middle index in list python,d18112,10,d20426,False,list;integer;parameter;search;function
q20427,python josn dump to file,d16375,1,d20427,False,file;error;search;delete;query
q20427,python josn dump to file,d7068,2,d20427,False,file;error;search;delete;query
q20427,python josn dump to file,d2834,3,d20427,False,file;error;search;delete;query
q20427,python josn dump to file,d2832,4,d20427,False,file;error;search;delete;query
q20427,python josn dump to file,d11162,5,d20427,False,file;error;search;delete;query
q20427,python josn dump to file,d5788,6,d20427,False,file;error;search;delete;query
q20427,python josn dump to file,d778,7,d20427,False,file;error;search;delete;query
q20427,python josn dump to file,d11903,8,d20427,False,file;error;search;delete;query
q20427,python josn dump to file,d12067,9,d20427,False,file;error;search;delete;query
q20427,python josn dump to file,d8106,10,d20427,False,file;error;search;delete;query
q20428,python remove condition apply to dict,d2535,1,d20428,False,condition;dictionary;delete;error;method
q20428,python remove condition apply to dict,d19807,2,d20428,False,condition;dictionary;delete;error;method
q20428,python remove condition apply to dict,d792,3,d20428,False,condition;dictionary;delete;error;method
q20428,python remove condition apply to dict,d13396,4,d20428,False,condition;dictionary;delete;error;method
q20428,python remove condition apply to dict,d8601,5,d20428,False,condition;dictionary;delete;error;method
q20428,python remove condition apply to dict,d3299,6,d20428,False,condition;dictionary;delete;error;method
q20428,python remove condition apply to dict,d12554,7,d20428,False,condition;dictionary;delete;error;method
q20428,python remove condition apply to dict,d6040,8,d20428,False,condition;dictionary;delete;error;method
q20428,python remove condition apply to dict,d8874,9,d20428,False,condition;dictionary;delete;error;method
q20428,python remove condition apply to dict,d953,10,d20428,False,condition;dictionary;delete;error;method
q20429,python remove directory tree if no files,d5477,1,d20429,False,file;delete;error;close;save
q20429,python remove directory tree if no files,d3103,2,d20429,False,file;delete;error;close;save
q20429,python remove directory tree if no files,d8095,3,d20429,False,file;delete;error;close;save
q20429,python remove directory tree if no files,d10863,4,d20429,False,file;delete;error;close;save
q20429,python remove directory tree if no files,d15832,5,d20429,False,file;delete;error;close;save
q20429,python remove directory tree if no files,d4709,6,d20429,False,file;delete;error;close;save
q20429,python remove directory tree if no files,d14257,7,d20429,False,file;delete;error;close;save
q20429,python remove directory tree if no files,d4790,8,d20429,False,file;delete;error;close;save
q20429,python remove directory tree if no files,d6810,9,d20429,False,file;delete;error;close;save
q20429,python remove directory tree if no files,d14720,10,d20429,False,file;delete;error;close;save
q20430,how to pop a node off a stack python,d10858,1,d20430,False,method;delete;error;open;loop
q20430,how to pop a node off a stack python,d802,2,d20430,False,method;delete;error;open;loop
q20430,how to pop a node off a stack python,d12372,3,d20430,False,method;delete;error;open;loop
q20430,how to pop a node off a stack python,d12443,4,d20430,False,method;delete;error;open;loop
q20430,how to pop a node off a stack python,d11320,5,d20430,False,method;delete;error;open;loop
q20430,how to pop a node off a stack python,d966,6,d20430,False,method;delete;error;open;loop
q20430,how to pop a node off a stack python,d5494,7,d20430,False,method;delete;error;open;loop
q20430,how to pop a node off a stack python,d10611,8,d20430,False,method;delete;error;open;loop
q20430,how to pop a node off a stack python,d3309,9,d20430,False,method;delete;error;open;loop
q20430,how to pop a node off a stack python,d6462,10,d20430,False,method;delete;error;open;loop
q20431,python open file with exclusive access permissions,d8592,1,d20431,False,open;file;error;database;write
q20431,python open file with exclusive access permissions,d15458,2,d20431,False,open;file;error;database;write
q20431,python open file with exclusive access permissions,d14851,3,d20431,False,open;file;error;database;write
q20431,python open file with exclusive access permissions,d6160,4,d20431,False,open;file;error;database;write
q20431,python open file with exclusive access permissions,d9576,5,d20431,False,open;file;error;database;write
q20431,python open file with exclusive access permissions,d629,6,d20431,False,open;file;error;database;write
q20431,python open file with exclusive access permissions,d1812,7,d20431,False,open;file;error;database;write
q20431,python open file with exclusive access permissions,d5580,8,d20431,False,open;file;error;database;write
q20431,python open file with exclusive access permissions,d12968,9,d20431,False,open;file;error;database;write
q20431,python open file with exclusive access permissions,d6347,10,d20431,False,open;file;error;database;write
q20432,python gevent combine multiprocessing,d8943,1,d20432,False,get;parameter;update;integer;method
q20432,python gevent combine multiprocessing,d3965,2,d20432,False,get;parameter;update;integer;method
q20432,python gevent combine multiprocessing,d13364,3,d20432,False,get;parameter;update;integer;method
q20432,python gevent combine multiprocessing,d9331,4,d20432,False,get;parameter;update;integer;method
q20432,python gevent combine multiprocessing,d7247,5,d20432,False,get;parameter;update;integer;method
q20432,python gevent combine multiprocessing,d3019,6,d20432,False,get;parameter;update;integer;method
q20432,python gevent combine multiprocessing,d948,7,d20432,False,get;parameter;update;integer;method
q20432,python gevent combine multiprocessing,d18455,8,d20432,False,get;parameter;update;integer;method
q20432,python gevent combine multiprocessing,d14435,9,d20432,False,get;parameter;update;integer;method
q20432,python gevent combine multiprocessing,d9954,10,d20432,False,get;parameter;update;integer;method
q20433,create copy that doesn't alter original python,d631,1,d20433,False,error;write;file;delete;save
q20433,create copy that doesn't alter original python,d4435,2,d20433,False,error;write;file;delete;save
q20433,create copy that doesn't alter original python,d2752,3,d20433,False,error;write;file;delete;save
q20433,create copy that doesn't alter original python,d7834,4,d20433,False,error;write;file;delete;save
q20433,create copy that doesn't alter original python,d10723,5,d20433,False,error;write;file;delete;save
q20433,create copy that doesn't alter original python,d5264,6,d20433,False,error;write;file;delete;save
q20433,create copy that doesn't alter original python,d8347,7,d20433,False,error;write;file;delete;save
q20433,create copy that doesn't alter original python,d9255,8,d20433,False,error;write;file;delete;save
q20433,create copy that doesn't alter original python,d13423,9,d20433,False,error;write;file;delete;save
q20433,create copy that doesn't alter original python,d3619,10,d20433,False,error;write;file;delete;save
q20434,remove trailing whitespace in python,d2126,1,d20434,False,delete;error;query;string;update
q20434,remove trailing whitespace in python,d8927,2,d20434,False,delete;error;query;string;update
q20434,remove trailing whitespace in python,d3924,3,d20434,False,delete;error;query;string;update
q20434,remove trailing whitespace in python,d17922,4,d20434,False,delete;error;query;string;update
q20434,remove trailing whitespace in python,d17914,5,d20434,False,delete;error;query;string;update
q20434,remove trailing whitespace in python,d19569,6,d20434,False,delete;error;query;string;update
q20434,remove trailing whitespace in python,d19152,7,d20434,False,delete;error;query;string;update
q20434,remove trailing whitespace in python,d19132,8,d20434,False,delete;error;query;string;update
q20434,remove trailing whitespace in python,d19258,9,d20434,False,delete;error;query;string;update
q20434,remove trailing whitespace in python,d19311,10,d20434,False,delete;error;query;string;update
q20435,python default menuitem select,d15974,1,d20435,False,error;column;delete;open;row
q20435,python default menuitem select,d13396,2,d20435,False,error;column;delete;open;row
q20435,python default menuitem select,d953,3,d20435,False,error;column;delete;open;row
q20435,python default menuitem select,d6040,4,d20435,False,error;column;delete;open;row
q20435,python default menuitem select,d8874,5,d20435,False,error;column;delete;open;row
q20435,python default menuitem select,d5878,6,d20435,False,error;column;delete;open;row
q20435,python default menuitem select,d6926,7,d20435,False,error;column;delete;open;row
q20435,python default menuitem select,d1302,8,d20435,False,error;column;delete;open;row
q20435,python default menuitem select,d4768,9,d20435,False,error;column;delete;open;row
q20435,python default menuitem select,d4357,10,d20435,False,error;column;delete;open;row
q20436,get sort indexes in a list python,d1114,1,d20436,False,sort;list;search;get;integer
q20436,get sort indexes in a list python,d1116,2,d20436,False,sort;list;search;get;integer
q20436,get sort indexes in a list python,d2374,3,d20436,False,sort;list;search;get;integer
q20436,get sort indexes in a list python,d7030,4,d20436,False,sort;list;search;get;integer
q20436,get sort indexes in a list python,d13937,5,d20436,False,sort;list;search;get;integer
q20436,get sort indexes in a list python,d11858,6,d20436,False,sort;list;search;get;integer
q20436,get sort indexes in a list python,d13754,7,d20436,False,sort;list;search;get;integer
q20436,get sort indexes in a list python,d9456,8,d20436,False,sort;list;search;get;integer
q20436,get sort indexes in a list python,d20087,9,d20436,False,sort;list;search;get;integer
q20436,get sort indexes in a list python,d3248,10,d20436,False,sort;list;search;get;integer
q20437,how to start a new line in python gui,d462,1,d20437,False,update;open;error;method;column
q20437,how to start a new line in python gui,d611,2,d20437,False,update;open;error;method;column
q20437,how to start a new line in python gui,d20437,3,d20437,True,update;open;error;method;column
q20437,how to start a new line in python gui,d15570,4,d20437,False,update;open;error;method;column
q20437,how to start a new line in python gui,d15572,5,d20437,False,update;open;error;method;column
q20437,how to start a new line in python gui,d5261,6,d20437,False,update;open;error;method;column
q20437,how to start a new line in python gui,d4664,7,d20437,False,update;open;error;method;column
q20437,how to start a new line in python gui,d2645,8,d20437,False,update;open;error;method;column
q20437,how to start a new line in python gui,d19608,9,d20437,False,update;open;error;method;column
q20437,how to start a new line in python gui,d10749,10,d20437,False,update;open;error;method;column
q20438,how to get tuple of colors in image python,d2829,1,d20438,False,row;column;integer;error;file
q20438,how to get tuple of colors in image python,d2761,2,d20438,False,row;column;integer;error;file
q20438,how to get tuple of colors in image python,d10967,3,d20438,False,row;column;integer;error;file
q20438,how to get tuple of colors in image python,d11395,4,d20438,False,row;column;integer;error;file
q20438,how to get tuple of colors in image python,d19111,5,d20438,False,row;column;integer;error;file
q20438,how to get tuple of colors in image python,d17687,6,d20438,False,row;column;integer;error;file
q20438,how to get tuple of colors in image python,d5067,7,d20438,False,row;column;integer;error;file
q20438,how to get tuple of colors in image python,d4813,8,d20438,False,row;column;integer;error;file
q20438,how to get tuple of colors in image python,d9027,9,d20438,False,row;column;integer;error;file
q20438,how to get tuple of colors in image python,d14804,10,d20438,False,row;column;integer;error;file
q20439,make datetime aware python,d11823,1,d20439,False,update;database;method;query;parameter
q20439,make datetime aware python,d12455,2,d20439,False,update;database;method;query;parameter
q20439,make datetime aware python,d14716,3,d20439,False,update;database;method;query;parameter
q20439,make datetime aware python,d18440,4,d20439,False,update;database;method;query;parameter
q20439,make datetime aware python,d17524,5,d20439,False,update;database;method;query;parameter
q20439,make datetime aware python,d17707,6,d20439,False,update;database;method;query;parameter
q20439,make datetime aware python,d18020,7,d20439,False,update;database;method;query;parameter
q20439,make datetime aware python,d13904,8,d20439,False,update;database;method;query;parameter
q20439,make datetime aware python,d4502,9,d20439,False,update;database;method;query;parameter
q20439,make datetime aware python,d2299,10,d20439,False,update;database;method;query;parameter
q20440,python dict drop empty,d16248,1,d20440,False,delete;dictionary;error;close;row
q20440,python dict drop empty,d10867,2,d20440,False,delete;dictionary;error;close;row
q20440,python dict drop empty,d10937,3,d20440,False,delete;dictionary;error;close;row
q20440,python dict drop empty,d10162,4,d20440,False,delete;dictionary;error;close;row
q20440,python dict drop empty,d2736,5,d20440,False,delete;dictionary;error;close;row
q20440,python dict drop empty,d4398,6,d20440,False,delete;dictionary;error;close;row
q20440,python dict drop empty,d12641,7,d20440,False,delete;dictionary;error;close;row
q20440,python dict drop empty,d12860,8,d20440,False,delete;dictionary;error;close;row
q20440,python dict drop empty,d557,9,d20440,False,delete;dictionary;error;close;row
q20440,python dict drop empty,d12148,10,d20440,False,delete;dictionary;error;close;row
q20441,python pretty print without sort,d14481,1,d20441,False,sort;integer;string;file;close
q20441,python pretty print without sort,d6021,2,d20441,False,sort;integer;string;file;close
q20441,python pretty print without sort,d19776,3,d20441,False,sort;integer;string;file;close
q20441,python pretty print without sort,d3386,4,d20441,False,sort;integer;string;file;close
q20441,python pretty print without sort,d15126,5,d20441,False,sort;integer;string;file;close
q20441,python pretty print without sort,d3192,6,d20441,False,sort;integer;string;file;close
q20441,python pretty print without sort,d14291,7,d20441,False,sort;integer;string;file;close
q20441,python pretty print without sort,d11159,8,d20441,False,sort;integer;string;file;close
q20441,python pretty print without sort,d1081,9,d20441,False,sort;integer;string;file;close
q20441,python pretty print without sort,d3610,10,d20441,False,sort;integer;string;file;close
q20442,python check if interactive,d7535,1,d20442,False,integer;error;condition;close;function
q20442,python check if interactive,d15225,2,d20442,False,integer;error;condition;close;function
q20442,python check if interactive,d3635,3,d20442,False,integer;error;condition;close;function
q20442,python check if interactive,d141,4,d20442,False,integer;error;condition;close;function
q20442,python check if interactive,d13565,5,d20442,False,integer;error;condition;close;function
q20442,python check if interactive,d9365,6,d20442,False,integer;error;condition;close;function
q20442,python check if interactive,d3691,7,d20442,False,integer;error;condition;close;function
q20442,python check if interactive,d11794,8,d20442,False,integer;error;condition;close;function
q20442,python check if interactive,d13682,9,d20442,False,integer;error;condition;close;function
q20442,python check if interactive,d3575,10,d20442,False,integer;error;condition;close;function
q20443,python pid determine existence,d4166,1,d20443,False,query;file;error;condition;function
q20443,python pid determine existence,d2036,2,d20443,False,query;file;error;condition;function
q20443,python pid determine existence,d14357,3,d20443,False,query;file;error;condition;function
q20443,python pid determine existence,d584,4,d20443,False,query;file;error;condition;function
q20443,python pid determine existence,d4409,5,d20443,False,query;file;error;condition;function
q20443,python pid determine existence,d12417,6,d20443,False,query;file;error;condition;function
q20443,python pid determine existence,d2093,7,d20443,False,query;file;error;condition;function
q20443,python pid determine existence,d14378,8,d20443,False,query;file;error;condition;function
q20443,python pid determine existence,d20443,9,d20443,True,query;file;error;condition;function
q20443,python pid determine existence,d20491,10,d20443,False,query;file;error;condition;function
q20444,python pymongo insert without duplicatte,d5154,1,d20444,False,error;integer;update;column;file
q20444,python pymongo insert without duplicatte,d20444,2,d20444,True,error;integer;update;column;file
q20444,python pymongo insert without duplicatte,d15610,3,d20444,False,error;integer;update;column;file
q20444,python pymongo insert without duplicatte,d6350,4,d20444,False,error;integer;update;column;file
q20444,python pymongo insert without duplicatte,d15422,5,d20444,False,error;integer;update;column;file
q20444,python pymongo insert without duplicatte,d7230,6,d20444,False,error;integer;update;column;file
q20444,python pymongo insert without duplicatte,d5654,7,d20444,False,error;integer;update;column;file
q20444,python pymongo insert without duplicatte,d11519,8,d20444,False,error;integer;update;column;file
q20444,python pymongo insert without duplicatte,d18455,9,d20444,False,error;integer;update;column;file
q20444,python pymongo insert without duplicatte,d11294,10,d20444,False,error;integer;update;column;file
q20445,how to read json files with multiple object python,d13934,1,d20445,False,file;read;database;method;array
q20445,how to read json files with multiple object python,d11559,2,d20445,False,file;read;database;method;array
q20445,how to read json files with multiple object python,d7480,3,d20445,False,file;read;database;method;array
q20445,how to read json files with multiple object python,d20445,4,d20445,True,file;read;database;method;array
q20445,how to read json files with multiple object python,d8077,5,d20445,False,file;read;database;method;array
q20445,how to read json files with multiple object python,d5987,6,d20445,False,file;read;database;method;array
q20445,how to read json files with multiple object python,d5420,7,d20445,False,file;read;database;method;array
q20445,how to read json files with multiple object python,d14478,8,d20445,False,file;read;database;method;array
q20445,how to read json files with multiple object python,d7070,9,d20445,False,file;read;database;method;array
q20445,how to read json files with multiple object python,d20277,10,d20445,False,file;read;database;method;array
q20446,python discord leave voice channel,d8669,1,d20446,False,delete;update;error;warning;query
q20446,python discord leave voice channel,d2571,2,d20446,False,delete;update;error;warning;query
q20446,python discord leave voice channel,d2573,3,d20446,False,delete;update;error;warning;query
q20446,python discord leave voice channel,d15258,4,d20446,False,delete;update;error;warning;query
q20446,python discord leave voice channel,d12616,5,d20446,False,delete;update;error;warning;query
q20446,python discord leave voice channel,d8904,6,d20446,False,delete;update;error;warning;query
q20446,python discord leave voice channel,d20446,7,d20446,True,delete;update;error;warning;query
q20446,python discord leave voice channel,d8284,8,d20446,False,delete;update;error;warning;query
q20446,python discord leave voice channel,d12296,9,d20446,False,delete;update;error;warning;query
q20446,python discord leave voice channel,d9774,10,d20446,False,delete;update;error;warning;query
q20447,python unittest make tests discoverable,d7230,1,d20447,False,search;update;integer;method;query
q20447,python unittest make tests discoverable,d5654,2,d20447,False,search;update;integer;method;query
q20447,python unittest make tests discoverable,d15422,3,d20447,False,search;update;integer;method;query
q20447,python unittest make tests discoverable,d15610,4,d20447,False,search;update;integer;method;query
q20447,python unittest make tests discoverable,d11519,5,d20447,False,search;update;integer;method;query
q20447,python unittest make tests discoverable,d6350,6,d20447,False,search;update;integer;method;query
q20447,python unittest make tests discoverable,d15134,7,d20447,False,search;update;integer;method;query
q20447,python unittest make tests discoverable,d9947,8,d20447,False,search;update;integer;method;query
q20447,python unittest make tests discoverable,d2712,9,d20447,False,search;update;integer;method;query
q20447,python unittest make tests discoverable,d1214,10,d20447,False,search;update;integer;method;query
q20448,multiline text send message python,d9646,1,d20448,False,string;update;file;error;parameter
q20448,multiline text send message python,d7536,2,d20448,False,string;update;file;error;parameter
q20448,multiline text send message python,d16233,3,d20448,False,string;update;file;error;parameter
q20448,multiline text send message python,d7511,4,d20448,False,string;update;file;error;parameter
q20448,multiline text send message python,d13660,5,d20448,False,string;update;file;error;parameter
q20448,multiline text send message python,d5502,6,d20448,False,string;update;file;error;parameter
q20448,multiline text send message python,d9777,7,d20448,False,string;update;file;error;parameter
q20448,multiline text send message python,d801,8,d20448,False,string;update;file;error;parameter
q20448,multiline text send message python,d3276,9,d20448,False,string;update;file;error;parameter
q20448,multiline text send message python,d40,10,d20448,False,string;update;file;error;parameter
q20449,extract integers from string in python,d14275,1,d20449,False,integer;string;error;parameter;variable
q20449,extract integers from string in python,d14863,2,d20449,False,integer;string;error;parameter;variable
q20449,extract integers from string in python,d16015,3,d20449,False,integer;string;error;parameter;variable
q20449,extract integers from string in python,d5113,4,d20449,False,integer;string;error;parameter;variable
q20449,extract integers from string in python,d5125,5,d20449,False,integer;string;error;parameter;variable
q20449,extract integers from string in python,d3115,6,d20449,False,integer;string;error;parameter;variable
q20449,extract integers from string in python,d2467,7,d20449,False,integer;string;error;parameter;variable
q20449,extract integers from string in python,d3246,8,d20449,False,integer;string;error;parameter;variable
q20449,extract integers from string in python,d17108,9,d20449,False,integer;string;error;parameter;variable
q20449,extract integers from string in python,d19081,10,d20449,False,integer;string;error;parameter;variable
q20450,python take a string after the title,d13835,1,d20450,False,string;loop;error;file;dictionary
q20450,python take a string after the title,d3306,2,d20450,False,string;loop;error;file;dictionary
q20450,python take a string after the title,d15951,3,d20450,False,string;loop;error;file;dictionary
q20450,python take a string after the title,d11724,4,d20450,False,string;loop;error;file;dictionary
q20450,python take a string after the title,d19369,5,d20450,False,string;loop;error;file;dictionary
q20450,python take a string after the title,d12174,6,d20450,False,string;loop;error;file;dictionary
q20450,python take a string after the title,d4370,7,d20450,False,string;loop;error;file;dictionary
q20450,python take a string after the title,d6079,8,d20450,False,string;loop;error;file;dictionary
q20450,python take a string after the title,d10389,9,d20450,False,string;loop;error;file;dictionary
q20450,python take a string after the title,d5991,10,d20450,False,string;loop;error;file;dictionary
q20451,how to randomly select rows in ndarray in python,d10011,1,d20451,False,row;array;search;error;column
q20451,how to randomly select rows in ndarray in python,d16346,2,d20451,False,row;array;search;error;column
q20451,how to randomly select rows in ndarray in python,d8954,3,d20451,False,row;array;search;error;column
q20451,how to randomly select rows in ndarray in python,d14206,4,d20451,False,row;array;search;error;column
q20451,how to randomly select rows in ndarray in python,d10827,5,d20451,False,row;array;search;error;column
q20451,how to randomly select rows in ndarray in python,d4338,6,d20451,False,row;array;search;error;column
q20451,how to randomly select rows in ndarray in python,d13407,7,d20451,False,row;array;search;error;column
q20451,how to randomly select rows in ndarray in python,d12838,8,d20451,False,row;array;search;error;column
q20451,how to randomly select rows in ndarray in python,d1100,9,d20451,False,row;array;search;error;column
q20451,how to randomly select rows in ndarray in python,d1870,10,d20451,False,row;array;search;error;column
q20452,how to open a file with a path in python,d10487,1,d20452,False,file;open;error;loop;write
q20452,how to open a file with a path in python,d10358,2,d20452,False,file;open;error;loop;write
q20452,how to open a file with a path in python,d14817,3,d20452,False,file;open;error;loop;write
q20452,how to open a file with a path in python,d15097,4,d20452,False,file;open;error;loop;write
q20452,how to open a file with a path in python,d834,5,d20452,False,file;open;error;loop;write
q20452,how to open a file with a path in python,d8062,6,d20452,False,file;open;error;loop;write
q20452,how to open a file with a path in python,d5580,7,d20452,False,file;open;error;loop;write
q20452,how to open a file with a path in python,d20555,8,d20452,False,file;open;error;loop;write
q20452,how to open a file with a path in python,d16288,9,d20452,False,file;open;error;loop;write
q20452,how to open a file with a path in python,d15040,10,d20452,False,file;open;error;loop;write
q20453,python count distance between two vectors,d20453,1,d20453,True,integer;close;error;row;sort
q20453,python count distance between two vectors,d4748,2,d20453,False,integer;close;error;row;sort
q20453,python count distance between two vectors,d4905,3,d20453,False,integer;close;error;row;sort
q20453,python count distance between two vectors,d6398,4,d20453,False,integer;close;error;row;sort
q20453,python count distance between two vectors,d14605,5,d20453,False,integer;close;error;row;sort
q20453,python count distance between two vectors,d509,6,d20453,False,integer;close;error;row;sort
q20453,python count distance between two vectors,d10630,7,d20453,False,integer;close;error;row;sort
q20453,python count distance between two vectors,d12621,8,d20453,False,integer;close;error;row;sort
q20453,python count distance between two vectors,d20320,9,d20453,False,integer;close;error;row;sort
q20453,python count distance between two vectors,d10755,10,d20453,False,integer;close;error;row;sort
q20454,python get dimensions of list,d12909,1,d20454,False,list;integer;column;row;error
q20454,python get dimensions of list,d11005,2,d20454,False,list;integer;column;row;error
q20454,python get dimensions of list,d2659,3,d20454,False,list;integer;column;row;error
q20454,python get dimensions of list,d4687,4,d20454,False,list;integer;column;row;error
q20454,python get dimensions of list,d1070,5,d20454,False,list;integer;column;row;error
q20454,python get dimensions of list,d5585,6,d20454,False,list;integer;column;row;error
q20454,python get dimensions of list,d8894,7,d20454,False,list;integer;column;row;error
q20454,python get dimensions of list,d806,8,d20454,False,list;integer;column;row;error
q20454,python get dimensions of list,d14369,9,d20454,False,list;integer;column;row;error
q20454,python get dimensions of list,d11978,10,d20454,False,list;integer;column;row;error
q20455,python filter lowpass minmum cutoff frequency,d7828,1,d20455,False,filter;error;parameter;row;integer
q20455,python filter lowpass minmum cutoff frequency,d10602,2,d20455,False,filter;error;parameter;row;integer
q20455,python filter lowpass minmum cutoff frequency,d14869,3,d20455,False,filter;error;parameter;row;integer
q20455,python filter lowpass minmum cutoff frequency,d6692,4,d20455,False,filter;error;parameter;row;integer
q20455,python filter lowpass minmum cutoff frequency,d14739,5,d20455,False,filter;error;parameter;row;integer
q20455,python filter lowpass minmum cutoff frequency,d12709,6,d20455,False,filter;error;parameter;row;integer
q20455,python filter lowpass minmum cutoff frequency,d1940,7,d20455,False,filter;error;parameter;row;integer
q20455,python filter lowpass minmum cutoff frequency,d20455,8,d20455,True,filter;error;parameter;row;integer
q20455,python filter lowpass minmum cutoff frequency,d20034,9,d20455,False,filter;error;parameter;row;integer
q20455,python filter lowpass minmum cutoff frequency,d10873,10,d20455,False,filter;error;parameter;row;integer
q20456,"python 3, seperate a string into a list at comma",d4234,1,d20456,False,list;string;write;integer;loop
q20456,"python 3, seperate a string into a list at comma",d7657,2,d20456,False,list;string;write;integer;loop
q20456,"python 3, seperate a string into a list at comma",d13858,3,d20456,False,list;string;write;integer;loop
q20456,"python 3, seperate a string into a list at comma",d16261,4,d20456,False,list;string;write;integer;loop
q20456,"python 3, seperate a string into a list at comma",d12401,5,d20456,False,list;string;write;integer;loop
q20456,"python 3, seperate a string into a list at comma",d6326,6,d20456,False,list;string;write;integer;loop
q20456,"python 3, seperate a string into a list at comma",d12672,7,d20456,False,list;string;write;integer;loop
q20456,"python 3, seperate a string into a list at comma",d3604,8,d20456,False,list;string;write;integer;loop
q20456,"python 3, seperate a string into a list at comma",d15693,9,d20456,False,list;string;write;integer;loop
q20456,"python 3, seperate a string into a list at comma",d3565,10,d20456,False,list;string;write;integer;loop
q20457,how to delete an element in a python dictionary,d3455,1,d20457,False,delete;dictionary;error;method;row
q20457,how to delete an element in a python dictionary,d3471,2,d20457,False,delete;dictionary;error;method;row
q20457,how to delete an element in a python dictionary,d1319,3,d20457,False,delete;dictionary;error;method;row
q20457,how to delete an element in a python dictionary,d5229,4,d20457,False,delete;dictionary;error;method;row
q20457,how to delete an element in a python dictionary,d8601,5,d20457,False,delete;dictionary;error;method;row
q20457,how to delete an element in a python dictionary,d16914,6,d20457,False,delete;dictionary;error;method;row
q20457,how to delete an element in a python dictionary,d16907,7,d20457,False,delete;dictionary;error;method;row
q20457,how to delete an element in a python dictionary,d19992,8,d20457,False,delete;dictionary;error;method;row
q20457,how to delete an element in a python dictionary,d18647,9,d20457,False,delete;dictionary;error;method;row
q20457,how to delete an element in a python dictionary,d18734,10,d20457,False,delete;dictionary;error;method;row
q20458,how know if the box was selected in checkbox in python,d15431,1,d20458,False,error;update;condition;search;method
q20458,how know if the box was selected in checkbox in python,d13302,2,d20458,False,error;update;condition;search;method
q20458,how know if the box was selected in checkbox in python,d11941,3,d20458,False,error;update;condition;search;method
q20458,how know if the box was selected in checkbox in python,d5802,4,d20458,False,error;update;condition;search;method
q20458,how know if the box was selected in checkbox in python,d14425,5,d20458,False,error;update;condition;search;method
q20458,how know if the box was selected in checkbox in python,d8785,6,d20458,False,error;update;condition;search;method
q20458,how know if the box was selected in checkbox in python,d1997,7,d20458,False,error;update;condition;search;method
q20458,how know if the box was selected in checkbox in python,d20005,8,d20458,False,error;update;condition;search;method
q20458,how know if the box was selected in checkbox in python,d20407,9,d20458,False,error;update;condition;search;method
q20458,how know if the box was selected in checkbox in python,d18007,10,d20458,False,error;update;condition;search;method
q20459,standard scalar function in python,d2028,1,d20459,False,function;parameter;method;integer;string
q20459,standard scalar function in python,d14977,2,d20459,False,function;parameter;method;integer;string
q20459,standard scalar function in python,d12323,3,d20459,False,function;parameter;method;integer;string
q20459,standard scalar function in python,d12321,4,d20459,False,function;parameter;method;integer;string
q20459,standard scalar function in python,d9736,5,d20459,False,function;parameter;method;integer;string
q20459,standard scalar function in python,d12273,6,d20459,False,function;parameter;method;integer;string
q20459,standard scalar function in python,d4381,7,d20459,False,function;parameter;method;integer;string
q20459,standard scalar function in python,d4311,8,d20459,False,function;parameter;method;integer;string
q20459,standard scalar function in python,d14801,9,d20459,False,function;parameter;method;integer;string
q20459,standard scalar function in python,d2347,10,d20459,False,function;parameter;method;integer;string
q20460,python random gaussian distribution noise,d18697,1,d20460,False,error;parameter;variable;condition;integer
q20460,python random gaussian distribution noise,d17153,2,d20460,False,error;parameter;variable;condition;integer
q20460,python random gaussian distribution noise,d17128,3,d20460,False,error;parameter;variable;condition;integer
q20460,python random gaussian distribution noise,d17136,4,d20460,False,error;parameter;variable;condition;integer
q20460,python random gaussian distribution noise,d17251,5,d20460,False,error;parameter;variable;condition;integer
q20460,python random gaussian distribution noise,d17415,6,d20460,False,error;parameter;variable;condition;integer
q20460,python random gaussian distribution noise,d17398,7,d20460,False,error;parameter;variable;condition;integer
q20460,python random gaussian distribution noise,d17372,8,d20460,False,error;parameter;variable;condition;integer
q20460,python random gaussian distribution noise,d17910,9,d20460,False,error;parameter;variable;condition;integer
q20460,python random gaussian distribution noise,d18082,10,d20460,False,error;parameter;variable;condition;integer
q20461,return the number of numeric attributes in python,d19081,1,d20461,False,integer;return;parameter;error;method
q20461,return the number of numeric attributes in python,d18646,2,d20461,False,integer;return;parameter;error;method
q20461,return the number of numeric attributes in python,d19626,3,d20461,False,integer;return;parameter;error;method
q20461,return the number of numeric attributes in python,d19169,4,d20461,False,integer;return;parameter;error;method
q20461,return the number of numeric attributes in python,d17108,5,d20461,False,integer;return;parameter;error;method
q20461,return the number of numeric attributes in python,d15593,6,d20461,False,integer;return;parameter;error;method
q20461,return the number of numeric attributes in python,d1032,7,d20461,False,integer;return;parameter;error;method
q20461,return the number of numeric attributes in python,d9217,8,d20461,False,integer;return;parameter;error;method
q20461,return the number of numeric attributes in python,d2408,9,d20461,False,integer;return;parameter;error;method
q20461,return the number of numeric attributes in python,d1034,10,d20461,False,integer;return;parameter;error;method
q20462,python pil camera capture,d20462,1,d20462,True,query;filter;update;file;column
q20462,python pil camera capture,d13647,2,d20462,False,query;filter;update;file;column
q20462,python pil camera capture,d8061,3,d20462,False,query;filter;update;file;column
q20462,python pil camera capture,d19815,4,d20462,False,query;filter;update;file;column
q20462,python pil camera capture,d3876,5,d20462,False,query;filter;update;file;column
q20462,python pil camera capture,d10925,6,d20462,False,query;filter;update;file;column
q20462,python pil camera capture,d15772,7,d20462,False,query;filter;update;file;column
q20462,python pil camera capture,d9445,8,d20462,False,query;filter;update;file;column
q20462,python pil camera capture,d16737,9,d20462,False,query;filter;update;file;column
q20462,python pil camera capture,d18007,10,d20462,False,query;filter;update;file;column
q20463,python flask create cookie expiration,d8781,1,d20463,False,error;update;column;return;database
q20463,python flask create cookie expiration,d12742,2,d20463,False,error;update;column;return;database
q20463,python flask create cookie expiration,d16042,3,d20463,False,error;update;column;return;database
q20463,python flask create cookie expiration,d8797,4,d20463,False,error;update;column;return;database
q20463,python flask create cookie expiration,d13659,5,d20463,False,error;update;column;return;database
q20463,python flask create cookie expiration,d7616,6,d20463,False,error;update;column;return;database
q20463,python flask create cookie expiration,d2322,7,d20463,False,error;update;column;return;database
q20463,python flask create cookie expiration,d11823,8,d20463,False,error;update;column;return;database
q20463,python flask create cookie expiration,d14878,9,d20463,False,error;update;column;return;database
q20463,python flask create cookie expiration,d450,10,d20463,False,error;update;column;return;database
q20464,python sqlalchemy model *,d5878,1,d20464,False,database;column;parameter;method;error
q20464,python sqlalchemy model *,d13905,2,d20464,False,database;column;parameter;method;error
q20464,python sqlalchemy model *,d338,3,d20464,False,database;column;parameter;method;error
q20464,python sqlalchemy model *,d7753,4,d20464,False,database;column;parameter;method;error
q20464,python sqlalchemy model *,d11880,5,d20464,False,database;column;parameter;method;error
q20464,python sqlalchemy model *,d9772,6,d20464,False,database;column;parameter;method;error
q20464,python sqlalchemy model *,d14326,7,d20464,False,database;column;parameter;method;error
q20464,python sqlalchemy model *,d5705,8,d20464,False,database;column;parameter;method;error
q20464,python sqlalchemy model *,d1389,9,d20464,False,database;column;parameter;method;error
q20464,python sqlalchemy model *,d11830,10,d20464,False,database;column;parameter;method;error
q20465,python how to move to next command in for loop,d15122,1,d20465,False,loop;row;update;column;function
q20465,python how to move to next command in for loop,d4339,2,d20465,False,loop;row;update;column;function
q20465,python how to move to next command in for loop,d4988,3,d20465,False,loop;row;update;column;function
q20465,python how to move to next command in for loop,d3643,4,d20465,False,loop;row;update;column;function
q20465,python how to move to next command in for loop,d8784,5,d20465,False,loop;row;update;column;function
q20465,python how to move to next command in for loop,d9315,6,d20465,False,loop;row;update;column;function
q20465,python how to move to next command in for loop,d3707,7,d20465,False,loop;row;update;column;function
q20465,python how to move to next command in for loop,d20465,8,d20465,True,loop;row;update;column;function
q20465,python how to move to next command in for loop,d13030,9,d20465,False,loop;row;update;column;function
q20465,python how to move to next command in for loop,d37,10,d20465,False,loop;row;update;column;function
q20466,python check if object is a char,d4605,1,d20466,False,string;condition;variable;integer;error
q20466,python check if object is a char,d8762,2,d20466,False,string;condition;variable;integer;error
q20466,python check if object is a char,d14801,3,d20466,False,string;condition;variable;integer;error
q20466,python check if object is a char,d5015,4,d20466,False,string;condition;variable;integer;error
q20466,python check if object is a char,d10761,5,d20466,False,string;condition;variable;integer;error
q20466,python check if object is a char,d11293,6,d20466,False,string;condition;variable;integer;error
q20466,python check if object is a char,d2347,7,d20466,False,string;condition;variable;integer;error
q20466,python check if object is a char,d6873,8,d20466,False,string;condition;variable;integer;error
q20466,python check if object is a char,d1572,9,d20466,False,string;condition;variable;integer;error
q20466,python check if object is a char,d10094,10,d20466,False,string;condition;variable;integer;error
q20467,how to achieve logarithmic complexity in python,d20173,1,d20467,False,integer;method;loop;function;error
q20467,how to achieve logarithmic complexity in python,d9858,2,d20467,False,integer;method;loop;function;error
q20467,how to achieve logarithmic complexity in python,d7125,3,d20467,False,integer;method;loop;function;error
q20467,how to achieve logarithmic complexity in python,d11785,4,d20467,False,integer;method;loop;function;error
q20467,how to achieve logarithmic complexity in python,d5827,5,d20467,False,integer;method;loop;function;error
q20467,how to achieve logarithmic complexity in python,d3749,6,d20467,False,integer;method;loop;function;error
q20467,how to achieve logarithmic complexity in python,d9990,7,d20467,False,integer;method;loop;function;error
q20467,how to achieve logarithmic complexity in python,d3729,8,d20467,False,integer;method;loop;function;error
q20467,how to achieve logarithmic complexity in python,d12611,9,d20467,False,integer;method;loop;function;error
q20467,how to achieve logarithmic complexity in python,d5644,10,d20467,False,integer;method;loop;function;error
q20468,python listbox scrollbar not tk,d15973,1,d20468,False,error;list;close;row;loop
q20468,python listbox scrollbar not tk,d3951,2,d20468,False,error;list;close;row;loop
q20468,python listbox scrollbar not tk,d20468,3,d20468,True,error;list;close;row;loop
q20468,python listbox scrollbar not tk,d13912,4,d20468,False,error;list;close;row;loop
q20468,python listbox scrollbar not tk,d8375,5,d20468,False,error;list;close;row;loop
q20468,python listbox scrollbar not tk,d16002,6,d20468,False,error;list;close;row;loop
q20468,python listbox scrollbar not tk,d7887,7,d20468,False,error;list;close;row;loop
q20468,python listbox scrollbar not tk,d16083,8,d20468,False,error;list;close;row;loop
q20468,python listbox scrollbar not tk,d9891,9,d20468,False,error;list;close;row;loop
q20468,python listbox scrollbar not tk,d14198,10,d20468,False,error;list;close;row;loop
q20469,identify the most common number in an array python,d16119,1,d20469,False,array;integer;column;parameter;query
q20469,identify the most common number in an array python,d14052,2,d20469,False,array;integer;column;parameter;query
q20469,identify the most common number in an array python,d5158,3,d20469,False,array;integer;column;parameter;query
q20469,identify the most common number in an array python,d10780,4,d20469,False,array;integer;column;parameter;query
q20469,identify the most common number in an array python,d5930,5,d20469,False,array;integer;column;parameter;query
q20469,identify the most common number in an array python,d16470,6,d20469,False,array;integer;column;parameter;query
q20469,identify the most common number in an array python,d9314,7,d20469,False,array;integer;column;parameter;query
q20469,identify the most common number in an array python,d2735,8,d20469,False,array;integer;column;parameter;query
q20469,identify the most common number in an array python,d5772,9,d20469,False,array;integer;column;parameter;query
q20469,identify the most common number in an array python,d10935,10,d20469,False,array;integer;column;parameter;query
q20470,pull multiple values to make table python,d4316,1,d20470,False,table;database;integer;variable;row
q20470,pull multiple values to make table python,d7716,2,d20470,False,table;database;integer;variable;row
q20470,pull multiple values to make table python,d1378,3,d20470,False,table;database;integer;variable;row
q20470,pull multiple values to make table python,d14671,4,d20470,False,table;database;integer;variable;row
q20470,pull multiple values to make table python,d6524,5,d20470,False,table;database;integer;variable;row
q20470,pull multiple values to make table python,d10271,6,d20470,False,table;database;integer;variable;row
q20470,pull multiple values to make table python,d11823,7,d20470,False,table;database;integer;variable;row
q20470,pull multiple values to make table python,d14604,8,d20470,False,table;database;integer;variable;row
q20470,pull multiple values to make table python,d876,9,d20470,False,table;database;integer;variable;row
q20470,pull multiple values to make table python,d12859,10,d20470,False,table;database;integer;variable;row
q20471,python adjust data to normal distribution,d11823,1,d20471,False,data;update;error;parameter;database
q20471,python adjust data to normal distribution,d3832,2,d20471,False,data;update;error;parameter;database
q20471,python adjust data to normal distribution,d10397,3,d20471,False,data;update;error;parameter;database
q20471,python adjust data to normal distribution,d10283,4,d20471,False,data;update;error;parameter;database
q20471,python adjust data to normal distribution,d14201,5,d20471,False,data;update;error;parameter;database
q20471,python adjust data to normal distribution,d10399,6,d20471,False,data;update;error;parameter;database
q20471,python adjust data to normal distribution,d8668,7,d20471,False,data;update;error;parameter;database
q20471,python adjust data to normal distribution,d13073,8,d20471,False,data;update;error;parameter;database
q20471,python adjust data to normal distribution,d2217,9,d20471,False,data;update;error;parameter;database
q20471,python adjust data to normal distribution,d13630,10,d20471,False,data;update;error;parameter;database
q20472,python check if float has no floating points,d16564,1,d20472,False,error;integer;function;condition;update
q20472,python check if float has no floating points,d5005,2,d20472,False,error;integer;function;condition;update
q20472,python check if float has no floating points,d11467,3,d20472,False,error;integer;function;condition;update
q20472,python check if float has no floating points,d10465,4,d20472,False,error;integer;function;condition;update
q20472,python check if float has no floating points,d881,5,d20472,False,error;integer;function;condition;update
q20472,python check if float has no floating points,d19621,6,d20472,False,error;integer;function;condition;update
q20472,python check if float has no floating points,d20082,7,d20472,False,error;integer;function;condition;update
q20472,python check if float has no floating points,d3623,8,d20472,False,error;integer;function;condition;update
q20472,python check if float has no floating points,d20066,9,d20472,False,error;integer;function;condition;update
q20472,python check if float has no floating points,d4605,10,d20472,False,error;integer;function;condition;update
q20473,string remove the last blank python,d18735,1,d20473,False,string;delete;error;close;loop
q20473,string remove the last blank python,d18617,2,d20473,False,string;delete;error;close;loop
q20473,string remove the last blank python,d18664,3,d20473,False,string;delete;error;close;loop
q20473,string remove the last blank python,d18238,4,d20473,False,string;delete;error;close;loop
q20473,string remove the last blank python,d18157,5,d20473,False,string;delete;error;close;loop
q20473,string remove the last blank python,d18316,6,d20473,False,string;delete;error;close;loop
q20473,string remove the last blank python,d18249,7,d20473,False,string;delete;error;close;loop
q20473,string remove the last blank python,d18522,8,d20473,False,string;delete;error;close;loop
q20473,string remove the last blank python,d17721,9,d20473,False,string;delete;error;close;loop
q20473,string remove the last blank python,d17447,10,d20473,False,string;delete;error;close;loop
q20474,python how to display object attributes,d45,1,d20474,False,integer;column;method;parameter;row
q20474,python how to display object attributes,d11036,2,d20474,False,integer;column;method;parameter;row
q20474,python how to display object attributes,d8164,3,d20474,False,integer;column;method;parameter;row
q20474,python how to display object attributes,d4806,4,d20474,False,integer;column;method;parameter;row
q20474,python how to display object attributes,d4808,5,d20474,False,integer;column;method;parameter;row
q20474,python how to display object attributes,d14208,6,d20474,False,integer;column;method;parameter;row
q20474,python how to display object attributes,d8512,7,d20474,False,integer;column;method;parameter;row
q20474,python how to display object attributes,d1511,8,d20474,False,integer;column;method;parameter;row
q20474,python how to display object attributes,d7228,9,d20474,False,integer;column;method;parameter;row
q20474,python how to display object attributes,d5591,10,d20474,False,integer;column;method;parameter;row
q20475,determine if a list of numbers contains duplicates python,d16910,1,d20475,False,list;integer;error;condition;search
q20475,determine if a list of numbers contains duplicates python,d18536,2,d20475,False,list;integer;error;condition;search
q20475,determine if a list of numbers contains duplicates python,d19564,3,d20475,False,list;integer;error;condition;search
q20475,determine if a list of numbers contains duplicates python,d20475,4,d20475,True,list;integer;error;condition;search
q20475,determine if a list of numbers contains duplicates python,d18882,5,d20475,False,list;integer;error;condition;search
q20475,determine if a list of numbers contains duplicates python,d17653,6,d20475,False,list;integer;error;condition;search
q20475,determine if a list of numbers contains duplicates python,d18952,7,d20475,False,list;integer;error;condition;search
q20475,determine if a list of numbers contains duplicates python,d18598,8,d20475,False,list;integer;error;condition;search
q20475,determine if a list of numbers contains duplicates python,d12985,9,d20475,False,list;integer;error;condition;search
q20475,determine if a list of numbers contains duplicates python,d18279,10,d20475,False,list;integer;error;condition;search
q20476,python figure add title label size,d12109,1,d20476,False,add;table;column;parameter;integer
q20476,python figure add title label size,d9638,2,d20476,False,add;table;column;parameter;integer
q20476,python figure add title label size,d4510,3,d20476,False,add;table;column;parameter;integer
q20476,python figure add title label size,d11852,4,d20476,False,add;table;column;parameter;integer
q20476,python figure add title label size,d9991,5,d20476,False,add;table;column;parameter;integer
q20476,python figure add title label size,d14870,6,d20476,False,add;table;column;parameter;integer
q20476,python figure add title label size,d19919,7,d20476,False,add;table;column;parameter;integer
q20476,python figure add title label size,d11020,8,d20476,False,add;table;column;parameter;integer
q20476,python figure add title label size,d6992,9,d20476,False,add;table;column;parameter;integer
q20476,python figure add title label size,d6759,10,d20476,False,add;table;column;parameter;integer
q20477,python networkx longest path directed acyclic graph,d20477,1,d20477,True,query;loop;error;file;row
q20477,python networkx longest path directed acyclic graph,d18283,2,d20477,False,query;loop;error;file;row
q20477,python networkx longest path directed acyclic graph,d17727,3,d20477,False,query;loop;error;file;row
q20477,python networkx longest path directed acyclic graph,d17385,4,d20477,False,query;loop;error;file;row
q20477,python networkx longest path directed acyclic graph,d17476,5,d20477,False,query;loop;error;file;row
q20477,python networkx longest path directed acyclic graph,d18424,6,d20477,False,query;loop;error;file;row
q20477,python networkx longest path directed acyclic graph,d19633,7,d20477,False,query;loop;error;file;row
q20477,python networkx longest path directed acyclic graph,d18908,8,d20477,False,query;loop;error;file;row
q20477,python networkx longest path directed acyclic graph,d19589,9,d20477,False,query;loop;error;file;row
q20477,python networkx longest path directed acyclic graph,d19045,10,d20477,False,query;loop;error;file;row
q20478,how to take list as input in python seperated with spaces,d13941,1,d20478,False,list;integer;function;loop;parameter
q20478,how to take list as input in python seperated with spaces,d19648,2,d20478,False,list;integer;function;loop;parameter
q20478,how to take list as input in python seperated with spaces,d9208,3,d20478,False,list;integer;function;loop;parameter
q20478,how to take list as input in python seperated with spaces,d6924,4,d20478,False,list;integer;function;loop;parameter
q20478,how to take list as input in python seperated with spaces,d5745,5,d20478,False,list;integer;function;loop;parameter
q20478,how to take list as input in python seperated with spaces,d9344,6,d20478,False,list;integer;function;loop;parameter
q20478,how to take list as input in python seperated with spaces,d15196,7,d20478,False,list;integer;function;loop;parameter
q20478,how to take list as input in python seperated with spaces,d7866,8,d20478,False,list;integer;function;loop;parameter
q20478,how to take list as input in python seperated with spaces,d11476,9,d20478,False,list;integer;function;loop;parameter
q20478,how to take list as input in python seperated with spaces,d20478,10,d20478,True,list;integer;function;loop;parameter
q20479,is a list in python an array,d6924,1,d20479,False,list;array;integer;error;loop
q20479,is a list in python an array,d9344,2,d20479,False,list;array;integer;error;loop
q20479,is a list in python an array,d7866,3,d20479,False,list;array;integer;error;loop
q20479,is a list in python an array,d15196,4,d20479,False,list;array;integer;error;loop
q20479,is a list in python an array,d11476,5,d20479,False,list;array;integer;error;loop
q20479,is a list in python an array,d13941,6,d20479,False,list;array;integer;error;loop
q20479,is a list in python an array,d5745,7,d20479,False,list;array;integer;error;loop
q20479,is a list in python an array,d9208,8,d20479,False,list;array;integer;error;loop
q20479,is a list in python an array,d19648,9,d20479,False,list;array;integer;error;loop
q20479,is a list in python an array,d5737,10,d20479,False,list;array;integer;error;loop
q20480,python cosine similarity of two vectors,d343,1,d20480,False,condition;class;integer;column;variable
q20480,python cosine similarity of two vectors,d2461,2,d20480,False,condition;class;integer;column;variable
q20480,python cosine similarity of two vectors,d2450,3,d20480,False,condition;class;integer;column;variable
q20480,python cosine similarity of two vectors,d106,4,d20480,False,condition;class;integer;column;variable
q20480,python cosine similarity of two vectors,d17611,5,d20480,False,condition;class;integer;column;variable
q20480,python cosine similarity of two vectors,d14837,6,d20480,False,condition;class;integer;column;variable
q20480,python cosine similarity of two vectors,d6206,7,d20480,False,condition;class;integer;column;variable
q20480,python cosine similarity of two vectors,d5716,8,d20480,False,condition;class;integer;column;variable
q20480,python cosine similarity of two vectors,d11141,9,d20480,False,condition;class;integer;column;variable
q20480,python cosine similarity of two vectors,d13962,10,d20480,False,condition;class;integer;column;variable
q20481,how to model a sphere python,d5878,1,d20481,False,method;error;column;update;row
q20481,how to model a sphere python,d6142,2,d20481,False,method;error;column;update;row
q20481,how to model a sphere python,d3527,3,d20481,False,method;error;column;update;row
q20481,how to model a sphere python,d5177,4,d20481,False,method;error;column;update;row
q20481,how to model a sphere python,d11823,5,d20481,False,method;error;column;update;row
q20481,how to model a sphere python,d6231,6,d20481,False,method;error;column;update;row
q20481,how to model a sphere python,d14509,7,d20481,False,method;error;column;update;row
q20481,how to model a sphere python,d4627,8,d20481,False,method;error;column;update;row
q20481,how to model a sphere python,d10271,9,d20481,False,method;error;column;update;row
q20481,how to model a sphere python,d14215,10,d20481,False,method;error;column;update;row
q20482,how to check paths in python,d11098,1,d20482,False,file;search;method;error;parameter
q20482,how to check paths in python,d9932,2,d20482,False,file;search;method;error;parameter
q20482,how to check paths in python,d15226,3,d20482,False,file;search;method;error;parameter
q20482,how to check paths in python,d5159,4,d20482,False,file;search;method;error;parameter
q20482,how to check paths in python,d10209,5,d20482,False,file;search;method;error;parameter
q20482,how to check paths in python,d7840,6,d20482,False,file;search;method;error;parameter
q20482,how to check paths in python,d18139,7,d20482,False,file;search;method;error;parameter
q20482,how to check paths in python,d19030,8,d20482,False,file;search;method;error;parameter
q20482,how to check paths in python,d17050,9,d20482,False,file;search;method;error;parameter
q20482,how to check paths in python,d17748,10,d20482,False,file;search;method;error;parameter
q20483,python test truth value of list,d3417,1,d20483,False,list;error;method;integer;variable
q20483,python test truth value of list,d16241,2,d20483,False,list;error;method;integer;variable
q20483,python test truth value of list,d6552,3,d20483,False,list;error;method;integer;variable
q20483,python test truth value of list,d10660,4,d20483,False,list;error;method;integer;variable
q20483,python test truth value of list,d15374,5,d20483,False,list;error;method;integer;variable
q20483,python test truth value of list,d13862,6,d20483,False,list;error;method;integer;variable
q20483,python test truth value of list,d2429,7,d20483,False,list;error;method;integer;variable
q20483,python test truth value of list,d2261,8,d20483,False,list;error;method;integer;variable
q20483,python test truth value of list,d6233,9,d20483,False,list;error;method;integer;variable
q20483,python test truth value of list,d9286,10,d20483,False,list;error;method;integer;variable
q20484,python string value of enum,d20484,1,d20484,True,string;integer;variable;function;parameter
q20484,python string value of enum,d14811,2,d20484,False,string;integer;variable;function;parameter
q20484,python string value of enum,d10186,3,d20484,False,string;integer;variable;function;parameter
q20484,python string value of enum,d514,4,d20484,False,string;integer;variable;function;parameter
q20484,python string value of enum,d6650,5,d20484,False,string;integer;variable;function;parameter
q20484,python string value of enum,d2901,6,d20484,False,string;integer;variable;function;parameter
q20484,python string value of enum,d639,7,d20484,False,string;integer;variable;function;parameter
q20484,python string value of enum,d4480,8,d20484,False,string;integer;variable;function;parameter
q20484,python string value of enum,d15172,9,d20484,False,string;integer;variable;function;parameter
q20484,python string value of enum,d12364,10,d20484,False,string;integer;variable;function;parameter
q20485,python create null pointer with ctypes,d6130,1,d20485,False,integer;error;array;loop;query
q20485,python create null pointer with ctypes,d14659,2,d20485,False,integer;error;array;loop;query
q20485,python create null pointer with ctypes,d16141,3,d20485,False,integer;error;array;loop;query
q20485,python create null pointer with ctypes,d14515,4,d20485,False,integer;error;array;loop;query
q20485,python create null pointer with ctypes,d6518,5,d20485,False,integer;error;array;loop;query
q20485,python create null pointer with ctypes,d83,6,d20485,False,integer;error;array;loop;query
q20485,python create null pointer with ctypes,d4950,7,d20485,False,integer;error;array;loop;query
q20485,python create null pointer with ctypes,d4343,8,d20485,False,integer;error;array;loop;query
q20485,python create null pointer with ctypes,d2158,9,d20485,False,integer;error;array;loop;query
q20485,python create null pointer with ctypes,d4302,10,d20485,False,integer;error;array;loop;query
q20486,python md5 hash string,d15597,1,d20486,False,string;integer;variable;database;parameter
q20486,python md5 hash string,d20486,2,d20486,True,string;integer;variable;database;parameter
q20486,python md5 hash string,d5950,3,d20486,False,string;integer;variable;database;parameter
q20486,python md5 hash string,d15903,4,d20486,False,string;integer;variable;database;parameter
q20486,python md5 hash string,d10064,5,d20486,False,string;integer;variable;database;parameter
q20486,python md5 hash string,d14036,6,d20486,False,string;integer;variable;database;parameter
q20486,python md5 hash string,d7989,7,d20486,False,string;integer;variable;database;parameter
q20486,python md5 hash string,d1418,8,d20486,False,string;integer;variable;database;parameter
q20486,python md5 hash string,d14618,9,d20486,False,string;integer;variable;database;parameter
q20486,python md5 hash string,d13318,10,d20486,False,string;integer;variable;database;parameter
q20487,python how to match dictionarys,d3782,1,d20487,False,dictionary;search;integer;error;query
q20487,python how to match dictionarys,d5863,2,d20487,False,dictionary;search;integer;error;query
q20487,python how to match dictionarys,d4862,3,d20487,False,dictionary;search;integer;error;query
q20487,python how to match dictionarys,d15585,4,d20487,False,dictionary;search;integer;error;query
q20487,python how to match dictionarys,d1243,5,d20487,False,dictionary;search;integer;error;query
q20487,python how to match dictionarys,d9415,6,d20487,False,dictionary;search;integer;error;query
q20487,python how to match dictionarys,d9428,7,d20487,False,dictionary;search;integer;error;query
q20487,python how to match dictionarys,d19749,8,d20487,False,dictionary;search;integer;error;query
q20487,python how to match dictionarys,d15023,9,d20487,False,dictionary;search;integer;error;query
q20487,python how to match dictionarys,d11680,10,d20487,False,dictionary;search;integer;error;query
q20488,"select elements from a list, then delete these elements in the original list python",d15591,1,d20488,False,delete;list;error;loop;write
q20488,"select elements from a list, then delete these elements in the original list python",d821,2,d20488,False,delete;list;error;loop;write
q20488,"select elements from a list, then delete these elements in the original list python",d9982,3,d20488,False,delete;list;error;loop;write
q20488,"select elements from a list, then delete these elements in the original list python",d9206,4,d20488,False,delete;list;error;loop;write
q20488,"select elements from a list, then delete these elements in the original list python",d19830,5,d20488,False,delete;list;error;loop;write
q20488,"select elements from a list, then delete these elements in the original list python",d3143,6,d20488,False,delete;list;error;loop;write
q20488,"select elements from a list, then delete these elements in the original list python",d5630,7,d20488,False,delete;list;error;loop;write
q20488,"select elements from a list, then delete these elements in the original list python",d16147,8,d20488,False,delete;list;error;loop;write
q20488,"select elements from a list, then delete these elements in the original list python",d2541,9,d20488,False,delete;list;error;loop;write
q20488,"select elements from a list, then delete these elements in the original list python",d7644,10,d20488,False,delete;list;error;loop;write
q20489,pybool to c++ python 3,d18007,1,d20489,False,loop;error;query;update;boolean
q20489,pybool to c++ python 3,d16785,2,d20489,False,loop;error;query;update;boolean
q20489,pybool to c++ python 3,d18843,3,d20489,False,loop;error;query;update;boolean
q20489,pybool to c++ python 3,d13302,4,d20489,False,loop;error;query;update;boolean
q20489,pybool to c++ python 3,d15431,5,d20489,False,loop;error;query;update;boolean
q20489,pybool to c++ python 3,d18072,6,d20489,False,loop;error;query;update;boolean
q20489,pybool to c++ python 3,d18840,7,d20489,False,loop;error;query;update;boolean
q20489,pybool to c++ python 3,d18079,8,d20489,False,loop;error;query;update;boolean
q20489,pybool to c++ python 3,d19599,9,d20489,False,loop;error;query;update;boolean
q20489,pybool to c++ python 3,d12258,10,d20489,False,loop;error;query;update;boolean
q20490,how to add a ? in python url,d91,1,d20490,False,add;error;update;string;integer
q20490,how to add a ? in python url,d9565,2,d20490,False,add;error;update;string;integer
q20490,how to add a ? in python url,d10566,3,d20490,False,add;error;update;string;integer
q20490,how to add a ? in python url,d10564,4,d20490,False,add;error;update;string;integer
q20490,how to add a ? in python url,d14785,5,d20490,False,add;error;update;string;integer
q20490,how to add a ? in python url,d20346,6,d20490,False,add;error;update;string;integer
q20490,how to add a ? in python url,d17911,7,d20490,False,add;error;update;string;integer
q20490,how to add a ? in python url,d8130,8,d20490,False,add;error;update;string;integer
q20490,how to add a ? in python url,d1799,9,d20490,False,add;error;update;string;integer
q20490,how to add a ? in python url,d6080,10,d20490,False,add;error;update;string;integer
q20491,python how to check whether the process with pid exist,d14378,1,d20491,False,file;error;condition;method;search
q20491,python how to check whether the process with pid exist,d4409,2,d20491,False,file;error;condition;method;search
q20491,python how to check whether the process with pid exist,d14357,3,d20491,False,file;error;condition;method;search
q20491,python how to check whether the process with pid exist,d584,4,d20491,False,file;error;condition;method;search
q20491,python how to check whether the process with pid exist,d20443,5,d20491,False,file;error;condition;method;search
q20491,python how to check whether the process with pid exist,d2036,6,d20491,False,file;error;condition;method;search
q20491,python how to check whether the process with pid exist,d2093,7,d20491,False,file;error;condition;method;search
q20491,python how to check whether the process with pid exist,d20491,8,d20491,True,file;error;condition;method;search
q20491,python how to check whether the process with pid exist,d12417,9,d20491,False,file;error;condition;method;search
q20491,python how to check whether the process with pid exist,d4166,10,d20491,False,file;error;condition;method;search
q20492,how to cehck if somethign is a constant python,d3635,1,d20492,False,integer;error;update;search;condition
q20492,how to cehck if somethign is a constant python,d7535,2,d20492,False,integer;error;update;search;condition
q20492,how to cehck if somethign is a constant python,d15225,3,d20492,False,integer;error;update;search;condition
q20492,how to cehck if somethign is a constant python,d18007,4,d20492,False,integer;error;update;search;condition
q20492,how to cehck if somethign is a constant python,d161,5,d20492,False,integer;error;update;search;condition
q20492,how to cehck if somethign is a constant python,d1748,6,d20492,False,integer;error;update;search;condition
q20492,how to cehck if somethign is a constant python,d13969,7,d20492,False,integer;error;update;search;condition
q20492,how to cehck if somethign is a constant python,d3378,8,d20492,False,integer;error;update;search;condition
q20492,how to cehck if somethign is a constant python,d19657,9,d20492,False,integer;error;update;search;condition
q20492,how to cehck if somethign is a constant python,d18072,10,d20492,False,integer;error;update;search;condition
q20493,python check if variable exists in locals,d2750,1,d20493,False,variable;error;integer;file;condition
q20493,python check if variable exists in locals,d20544,2,d20493,False,variable;error;integer;file;condition
q20493,python check if variable exists in locals,d14434,3,d20493,False,variable;error;integer;file;condition
q20493,python check if variable exists in locals,d4814,4,d20493,False,variable;error;integer;file;condition
q20493,python check if variable exists in locals,d14475,5,d20493,False,variable;error;integer;file;condition
q20493,python check if variable exists in locals,d14370,6,d20493,False,variable;error;integer;file;condition
q20493,python check if variable exists in locals,d9251,7,d20493,False,variable;error;integer;file;condition
q20493,python check if variable exists in locals,d12435,8,d20493,False,variable;error;integer;file;condition
q20493,python check if variable exists in locals,d6382,9,d20493,False,variable;error;integer;file;condition
q20493,python check if variable exists in locals,d9033,10,d20493,False,variable;error;integer;file;condition
q20494,python filter a dictionary by value,d16777,1,d20494,False,dictionary;filter;variable;error;function
q20494,python filter a dictionary by value,d6274,2,d20494,False,dictionary;filter;variable;error;function
q20494,python filter a dictionary by value,d19711,3,d20494,False,dictionary;filter;variable;error;function
q20494,python filter a dictionary by value,d2672,4,d20494,False,dictionary;filter;variable;error;function
q20494,python filter a dictionary by value,d3297,5,d20494,False,dictionary;filter;variable;error;function
q20494,python filter a dictionary by value,d9398,6,d20494,False,dictionary;filter;variable;error;function
q20494,python filter a dictionary by value,d3928,7,d20494,False,dictionary;filter;variable;error;function
q20494,python filter a dictionary by value,d16454,8,d20494,False,dictionary;filter;variable;error;function
q20494,python filter a dictionary by value,d12976,9,d20494,False,dictionary;filter;variable;error;function
q20494,python filter a dictionary by value,d14861,10,d20494,False,dictionary;filter;variable;error;function
q20495,read json file and turn into dictionary using python,d7480,1,d20495,False,file;dictionary;read;write;query;update
q20495,read json file and turn into dictionary using python,d13934,2,d20495,False,file;dictionary;read;write;query;update
q20495,read json file and turn into dictionary using python,d5987,3,d20495,False,file;dictionary;read;write;query;update
q20495,read json file and turn into dictionary using python,d11559,4,d20495,False,file;dictionary;read;write;query;update
q20495,read json file and turn into dictionary using python,d5420,5,d20495,False,file;dictionary;read;write;query;update
q20495,read json file and turn into dictionary using python,d8077,6,d20495,False,file;dictionary;read;write;query;update
q20495,read json file and turn into dictionary using python,d20445,7,d20495,False,file;dictionary;read;write;query;update
q20495,read json file and turn into dictionary using python,d7229,8,d20495,False,file;dictionary;read;write;query;update
q20495,read json file and turn into dictionary using python,d1638,9,d20495,False,file;dictionary;read;write;query;update
q20495,read json file and turn into dictionary using python,d7494,10,d20495,False,file;dictionary;read;write;query;update
q20496,python change the shape of list,d6607,1,d20496,False,list;row;column;update;loop
q20496,python change the shape of list,d16053,2,d20496,False,list;row;column;update;loop
q20496,python change the shape of list,d16283,3,d20496,False,list;row;column;update;loop
q20496,python change the shape of list,d16135,4,d20496,False,list;row;column;update;loop
q20496,python change the shape of list,d12684,5,d20496,False,list;row;column;update;loop
q20496,python change the shape of list,d20496,6,d20496,True,list;row;column;update;loop
q20496,python change the shape of list,d4498,7,d20496,False,list;row;column;update;loop
q20496,python change the shape of list,d10646,8,d20496,False,list;row;column;update;loop
q20496,python change the shape of list,d7115,9,d20496,False,list;row;column;update;loop
q20496,python change the shape of list,d14666,10,d20496,False,list;row;column;update;loop
q20497,how to get the datatypes in python,d17675,1,d20497,False,data;database;method;parameter;dictionary
q20497,how to get the datatypes in python,d19435,2,d20497,False,data;database;method;parameter;dictionary
q20497,how to get the datatypes in python,d17272,3,d20497,False,data;database;method;parameter;dictionary
q20497,how to get the datatypes in python,d19119,4,d20497,False,data;database;method;parameter;dictionary
q20497,how to get the datatypes in python,d13507,5,d20497,False,data;database;method;parameter;dictionary
q20497,how to get the datatypes in python,d13112,6,d20497,False,data;database;method;parameter;dictionary
q20497,how to get the datatypes in python,d693,7,d20497,False,data;database;method;parameter;dictionary
q20497,how to get the datatypes in python,d5339,8,d20497,False,data;database;method;parameter;dictionary
q20497,how to get the datatypes in python,d3533,9,d20497,False,data;database;method;parameter;dictionary
q20497,how to get the datatypes in python,d9118,10,d20497,False,data;database;method;parameter;dictionary
q20498,initializing an empty string with a size python,d17684,1,d20498,False,string;integer;open;file;error
q20498,initializing an empty string with a size python,d18518,2,d20498,False,string;integer;open;file;error
q20498,initializing an empty string with a size python,d18081,3,d20498,False,string;integer;open;file;error
q20498,initializing an empty string with a size python,d17105,4,d20498,False,string;integer;open;file;error
q20498,initializing an empty string with a size python,d19489,5,d20498,False,string;integer;open;file;error
q20498,initializing an empty string with a size python,d19594,6,d20498,False,string;integer;open;file;error
q20498,initializing an empty string with a size python,d14762,7,d20498,False,string;integer;open;file;error
q20498,initializing an empty string with a size python,d6646,8,d20498,False,string;integer;open;file;error
q20498,initializing an empty string with a size python,d6061,9,d20498,False,string;integer;open;file;error
q20498,initializing an empty string with a size python,d10688,10,d20498,False,string;integer;open;file;error
q20499,cast str as int in python,d20499,1,d20499,True,string;integer;condition;error;loop
q20499,cast str as int in python,d16855,2,d20499,False,string;integer;condition;error;loop
q20499,cast str as int in python,d18876,3,d20499,False,string;integer;condition;error;loop
q20499,cast str as int in python,d17899,4,d20499,False,string;integer;condition;error;loop
q20499,cast str as int in python,d16689,5,d20499,False,string;integer;condition;error;loop
q20499,cast str as int in python,d17207,6,d20499,False,string;integer;condition;error;loop
q20499,cast str as int in python,d18155,7,d20499,False,string;integer;condition;error;loop
q20499,cast str as int in python,d19133,8,d20499,False,string;integer;condition;error;loop
q20499,cast str as int in python,d18506,9,d20499,False,string;integer;condition;error;loop
q20499,cast str as int in python,d19420,10,d20499,False,string;integer;condition;error;loop
q20500,"python, sql table column details",d6781,1,d20500,False,column;table;database;row;integer
q20500,"python, sql table column details",d1814,2,d20500,False,column;table;database;row;integer
q20500,"python, sql table column details",d1080,3,d20500,False,column;table;database;row;integer
q20500,"python, sql table column details",d1173,4,d20500,False,column;table;database;row;integer
q20500,"python, sql table column details",d4591,5,d20500,False,column;table;database;row;integer
q20500,"python, sql table column details",d16299,6,d20500,False,column;table;database;row;integer
q20500,"python, sql table column details",d1060,7,d20500,False,column;table;database;row;integer
q20500,"python, sql table column details",d7398,8,d20500,False,column;table;database;row;integer
q20500,"python, sql table column details",d19941,9,d20500,False,column;table;database;row;integer
q20500,"python, sql table column details",d9841,10,d20500,False,column;table;database;row;integer
q20501,python pathlib to traverse directories,d15171,1,d20501,False,file;database;loop;search;error
q20501,python pathlib to traverse directories,d5870,2,d20501,False,file;database;loop;search;error
q20501,python pathlib to traverse directories,d15929,3,d20501,False,file;database;loop;search;error
q20501,python pathlib to traverse directories,d15165,4,d20501,False,file;database;loop;search;error
q20501,python pathlib to traverse directories,d1370,5,d20501,False,file;database;loop;search;error
q20501,python pathlib to traverse directories,d15226,6,d20501,False,file;database;loop;search;error
q20501,python pathlib to traverse directories,d9932,7,d20501,False,file;database;loop;search;error
q20501,python pathlib to traverse directories,d11098,8,d20501,False,file;database;loop;search;error
q20501,python pathlib to traverse directories,d8021,9,d20501,False,file;database;loop;search;error
q20501,python pathlib to traverse directories,d7964,10,d20501,False,file;database;loop;search;error
q20502,python create list of columns with their dtype,d18721,1,d20502,False,column;list;database;row;integer
q20502,python create list of columns with their dtype,d19106,2,d20502,False,column;list;database;row;integer
q20502,python create list of columns with their dtype,d19102,3,d20502,False,column;list;database;row;integer
q20502,python create list of columns with their dtype,d19378,4,d20502,False,column;list;database;row;integer
q20502,python create list of columns with their dtype,d17360,5,d20502,False,column;list;database;row;integer
q20502,python create list of columns with their dtype,d19846,6,d20502,False,column;list;database;row;integer
q20502,python create list of columns with their dtype,d20497,7,d20502,False,column;list;database;row;integer
q20502,python create list of columns with their dtype,d17544,8,d20502,False,column;list;database;row;integer
q20502,python create list of columns with their dtype,d19176,9,d20502,False,column;list;database;row;integer
q20502,python create list of columns with their dtype,d17503,10,d20502,False,column;list;database;row;integer
q20503,python turn all nested object to dict,d20503,1,d20503,True,dictionary;return;integer;add;string
q20503,python turn all nested object to dict,d7496,2,d20503,False,dictionary;return;integer;add;string
q20503,python turn all nested object to dict,d5100,3,d20503,False,dictionary;return;integer;add;string
q20503,python turn all nested object to dict,d14611,4,d20503,False,dictionary;return;integer;add;string
q20503,python turn all nested object to dict,d9848,5,d20503,False,dictionary;return;integer;add;string
q20503,python turn all nested object to dict,d11310,6,d20503,False,dictionary;return;integer;add;string
q20503,python turn all nested object to dict,d5732,7,d20503,False,dictionary;return;integer;add;string
q20503,python turn all nested object to dict,d10791,8,d20503,False,dictionary;return;integer;add;string
q20503,python turn all nested object to dict,d937,9,d20503,False,dictionary;return;integer;add;string
q20503,python turn all nested object to dict,d3767,10,d20503,False,dictionary;return;integer;add;string
q20504,python read dicom images,d11884,1,d20504,False,read;dictionary;column;row;integer
q20504,python read dicom images,d6383,2,d20504,False,read;dictionary;column;row;integer
q20504,python read dicom images,d1466,3,d20504,False,read;dictionary;column;row;integer
q20504,python read dicom images,d9841,4,d20504,False,read;dictionary;column;row;integer
q20504,python read dicom images,d1288,5,d20504,False,read;dictionary;column;row;integer
q20504,python read dicom images,d20504,6,d20504,True,read;dictionary;column;row;integer
q20504,python read dicom images,d15559,7,d20504,False,read;dictionary;column;row;integer
q20504,python read dicom images,d16445,8,d20504,False,read;dictionary;column;row;integer
q20504,python read dicom images,d93,9,d20504,False,read;dictionary;column;row;integer
q20504,python read dicom images,d11399,10,d20504,False,read;dictionary;column;row;integer
q20505,python making string lower case,d17351,1,d20505,False,string;loop;error;condition;row
q20505,python making string lower case,d19001,2,d20505,False,string;loop;error;condition;row
q20505,python making string lower case,d16900,3,d20505,False,string;loop;error;condition;row
q20505,python making string lower case,d18583,4,d20505,False,string;loop;error;condition;row
q20505,python making string lower case,d19428,5,d20505,False,string;loop;error;condition;row
q20505,python making string lower case,d17145,6,d20505,False,string;loop;error;condition;row
q20505,python making string lower case,d16681,7,d20505,False,string;loop;error;condition;row
q20505,python making string lower case,d16706,8,d20505,False,string;loop;error;condition;row
q20505,python making string lower case,d17427,9,d20505,False,string;loop;error;condition;row
q20505,python making string lower case,d17494,10,d20505,False,string;loop;error;condition;row
q20506,how to implement a macro in python,d19626,1,d20506,False,parameter;function;method;integer;error
q20506,how to implement a macro in python,d19081,2,d20506,False,parameter;function;method;integer;error
q20506,how to implement a macro in python,d19169,3,d20506,False,parameter;function;method;integer;error
q20506,how to implement a macro in python,d18646,4,d20506,False,parameter;function;method;integer;error
q20506,how to implement a macro in python,d17108,5,d20506,False,parameter;function;method;integer;error
q20506,how to implement a macro in python,d4052,6,d20506,False,parameter;function;method;integer;error
q20506,how to implement a macro in python,d5356,7,d20506,False,parameter;function;method;integer;error
q20506,how to implement a macro in python,d18973,8,d20506,False,parameter;function;method;integer;error
q20506,how to implement a macro in python,d20506,9,d20506,True,parameter;function;method;integer;error
q20506,how to implement a macro in python,d1298,10,d20506,False,parameter;function;method;integer;error
q20507,python subprocess close stdin,d9612,1,d20507,False,close;string;error;file;delete
q20507,python subprocess close stdin,d5267,2,d20507,False,close;string;error;file;delete
q20507,python subprocess close stdin,d3416,3,d20507,False,close;string;error;file;delete
q20507,python subprocess close stdin,d824,4,d20507,False,close;string;error;file;delete
q20507,python subprocess close stdin,d2927,5,d20507,False,close;string;error;file;delete
q20507,python subprocess close stdin,d3398,6,d20507,False,close;string;error;file;delete
q20507,python subprocess close stdin,d15906,7,d20507,False,close;string;error;file;delete
q20507,python subprocess close stdin,d5409,8,d20507,False,close;string;error;file;delete
q20507,python subprocess close stdin,d1063,9,d20507,False,close;string;error;file;delete
q20507,python subprocess close stdin,d3773,10,d20507,False,close;string;error;file;delete
q20508,sum within a comprehension python,d8543,1,d20508,False,integer;function;dictionary;column;error
q20508,sum within a comprehension python,d9249,2,d20508,False,integer;function;dictionary;column;error
q20508,sum within a comprehension python,d6780,3,d20508,False,integer;function;dictionary;column;error
q20508,sum within a comprehension python,d2164,4,d20508,False,integer;function;dictionary;column;error
q20508,sum within a comprehension python,d12504,5,d20508,False,integer;function;dictionary;column;error
q20508,sum within a comprehension python,d10816,6,d20508,False,integer;function;dictionary;column;error
q20508,sum within a comprehension python,d14881,7,d20508,False,integer;function;dictionary;column;error
q20508,sum within a comprehension python,d390,8,d20508,False,integer;function;dictionary;column;error
q20508,sum within a comprehension python,d13122,9,d20508,False,integer;function;dictionary;column;error
q20508,sum within a comprehension python,d12350,10,d20508,False,integer;function;dictionary;column;error
q20509,python timedelta without microseconds,d3636,1,d20509,False,delete;error;integer;update;parameter
q20509,python timedelta without microseconds,d4171,2,d20509,False,delete;error;integer;update;parameter
q20509,python timedelta without microseconds,d20509,3,d20509,True,delete;error;integer;update;parameter
q20509,python timedelta without microseconds,d14096,4,d20509,False,delete;error;integer;update;parameter
q20509,python timedelta without microseconds,d13333,5,d20509,False,delete;error;integer;update;parameter
q20509,python timedelta without microseconds,d4741,6,d20509,False,delete;error;integer;update;parameter
q20509,python timedelta without microseconds,d19716,7,d20509,False,delete;error;integer;update;parameter
q20509,python timedelta without microseconds,d10573,8,d20509,False,delete;error;integer;update;parameter
q20509,python timedelta without microseconds,d14615,9,d20509,False,delete;error;integer;update;parameter
q20509,python timedelta without microseconds,d20121,10,d20509,False,delete;error;integer;update;parameter
q20510,change python object to string,d156,1,d20510,False,string;update;add;variable;error
q20510,change python object to string,d7229,2,d20510,False,string;update;add;variable;error
q20510,change python object to string,d9565,3,d20510,False,string;update;add;variable;error
q20510,change python object to string,d91,4,d20510,False,string;update;add;variable;error
q20510,change python object to string,d10566,5,d20510,False,string;update;add;variable;error
q20510,change python object to string,d10564,6,d20510,False,string;update;add;variable;error
q20510,change python object to string,d16364,7,d20510,False,string;update;add;variable;error
q20510,change python object to string,d10256,8,d20510,False,string;update;add;variable;error
q20510,change python object to string,d4606,9,d20510,False,string;update;add;variable;error
q20510,change python object to string,d17911,10,d20510,False,string;update;add;variable;error
q20511,eit request header in python flask,d8781,1,d20511,False,error;integer;update;search;database
q20511,eit request header in python flask,d12742,2,d20511,False,error;integer;update;search;database
q20511,eit request header in python flask,d8783,3,d20511,False,error;integer;update;search;database
q20511,eit request header in python flask,d7838,4,d20511,False,error;integer;update;search;database
q20511,eit request header in python flask,d10741,5,d20511,False,error;integer;update;search;database
q20511,eit request header in python flask,d20284,6,d20511,False,error;integer;update;search;database
q20511,eit request header in python flask,d14882,7,d20511,False,error;integer;update;search;database
q20511,eit request header in python flask,d332,8,d20511,False,error;integer;update;search;database
q20511,eit request header in python flask,d16042,9,d20511,False,error;integer;update;search;database
q20511,eit request header in python flask,d7616,10,d20511,False,error;integer;update;search;database
q20512,python lower all elements in list,d9206,1,d20512,False,list;loop;error;row;integer
q20512,python lower all elements in list,d821,2,d20512,False,list;loop;error;row;integer
q20512,python lower all elements in list,d19830,3,d20512,False,list;loop;error;row;integer
q20512,python lower all elements in list,d9982,4,d20512,False,list;loop;error;row;integer
q20512,python lower all elements in list,d3143,5,d20512,False,list;loop;error;row;integer
q20512,python lower all elements in list,d5630,6,d20512,False,list;loop;error;row;integer
q20512,python lower all elements in list,d16147,7,d20512,False,list;loop;error;row;integer
q20512,python lower all elements in list,d15591,8,d20512,False,list;loop;error;row;integer
q20512,python lower all elements in list,d7644,9,d20512,False,list;loop;error;row;integer
q20512,python lower all elements in list,d2541,10,d20512,False,list;loop;error;row;integer
q20513,using sort to move element in to new position in list python,d5755,1,d20513,False,sort;list;update;loop;condition
q20513,using sort to move element in to new position in list python,d15831,2,d20513,False,sort;list;update;loop;condition
q20513,using sort to move element in to new position in list python,d4424,3,d20513,False,sort;list;update;loop;condition
q20513,using sort to move element in to new position in list python,d15752,4,d20513,False,sort;list;update;loop;condition
q20513,using sort to move element in to new position in list python,d2995,5,d20513,False,sort;list;update;loop;condition
q20513,using sort to move element in to new position in list python,d1477,6,d20513,False,sort;list;update;loop;condition
q20513,using sort to move element in to new position in list python,d7571,7,d20513,False,sort;list;update;loop;condition
q20513,using sort to move element in to new position in list python,d20568,8,d20513,False,sort;list;update;loop;condition
q20513,using sort to move element in to new position in list python,d5589,9,d20513,False,sort;list;update;loop;condition
q20513,using sort to move element in to new position in list python,d8272,10,d20513,False,sort;list;update;loop;condition
q20514,remove special characters from column names in python,d955,1,d20514,False,column;delete;error;row;parameter
q20514,remove special characters from column names in python,d12853,2,d20514,False,column;delete;error;row;parameter
q20514,remove special characters from column names in python,d10995,3,d20514,False,column;delete;error;row;parameter
q20514,remove special characters from column names in python,d19345,4,d20514,False,column;delete;error;row;parameter
q20514,remove special characters from column names in python,d20601,5,d20514,False,column;delete;error;row;parameter
q20514,remove special characters from column names in python,d18223,6,d20514,False,column;delete;error;row;parameter
q20514,remove special characters from column names in python,d18796,7,d20514,False,column;delete;error;row;parameter
q20514,remove special characters from column names in python,d18678,8,d20514,False,column;delete;error;row;parameter
q20514,remove special characters from column names in python,d18484,9,d20514,False,column;delete;error;row;parameter
q20514,remove special characters from column names in python,d18430,10,d20514,False,column;delete;error;row;parameter
q20515,calculate the average of a given list in python,d4885,1,d20515,False,list;integer;parameter;function;data
q20515,calculate the average of a given list in python,d9039,2,d20515,False,list;integer;parameter;function;data
q20515,calculate the average of a given list in python,d20214,3,d20515,False,list;integer;parameter;function;data
q20515,calculate the average of a given list in python,d8754,4,d20515,False,list;integer;parameter;function;data
q20515,calculate the average of a given list in python,d6937,5,d20515,False,list;integer;parameter;function;data
q20515,calculate the average of a given list in python,d11033,6,d20515,False,list;integer;parameter;function;data
q20515,calculate the average of a given list in python,d11297,7,d20515,False,list;integer;parameter;function;data
q20515,calculate the average of a given list in python,d1673,8,d20515,False,list;integer;parameter;function;data
q20515,calculate the average of a given list in python,d11201,9,d20515,False,list;integer;parameter;function;data
q20515,calculate the average of a given list in python,d14426,10,d20515,False,list;integer;parameter;function;data
q20516,past python git clone,d6363,1,d20516,False,update;column;close;loop;get
q20516,past python git clone,d7701,2,d20516,False,update;column;close;loop;get
q20516,past python git clone,d14560,3,d20516,False,update;column;close;loop;get
q20516,past python git clone,d14965,4,d20516,False,update;column;close;loop;get
q20516,past python git clone,d6378,5,d20516,False,update;column;close;loop;get
q20516,past python git clone,d7711,6,d20516,False,update;column;close;loop;get
q20516,past python git clone,d16384,7,d20516,False,update;column;close;loop;get
q20516,past python git clone,d7361,8,d20516,False,update;column;close;loop;get
q20516,past python git clone,d1921,9,d20516,False,update;column;close;loop;get
q20516,past python git clone,d9163,10,d20516,False,update;column;close;loop;get
q20517,python lambda function with 3 params,d11176,1,d20517,False,parameter;function;error;variable;integer
q20517,python lambda function with 3 params,d7918,2,d20517,False,parameter;function;error;variable;integer
q20517,python lambda function with 3 params,d7920,3,d20517,False,parameter;function;error;variable;integer
q20517,python lambda function with 3 params,d11178,4,d20517,False,parameter;function;error;variable;integer
q20517,python lambda function with 3 params,d12289,5,d20517,False,parameter;function;error;variable;integer
q20517,python lambda function with 3 params,d13212,6,d20517,False,parameter;function;error;variable;integer
q20517,python lambda function with 3 params,d13551,7,d20517,False,parameter;function;error;variable;integer
q20517,python lambda function with 3 params,d7961,8,d20517,False,parameter;function;error;variable;integer
q20517,python lambda function with 3 params,d6070,9,d20517,False,parameter;function;error;variable;integer
q20517,python lambda function with 3 params,d10448,10,d20517,False,parameter;function;error;variable;integer
q20518,check for punctuation python,d20518,1,d20518,True,error;dictionary;search;query;write
q20518,check for punctuation python,d14770,2,d20518,False,error;dictionary;search;query;write
q20518,check for punctuation python,d6919,3,d20518,False,error;dictionary;search;query;write
q20518,check for punctuation python,d6636,4,d20518,False,error;dictionary;search;query;write
q20518,check for punctuation python,d7270,5,d20518,False,error;dictionary;search;query;write
q20518,check for punctuation python,d10683,6,d20518,False,error;dictionary;search;query;write
q20518,check for punctuation python,d10966,7,d20518,False,error;dictionary;search;query;write
q20518,check for punctuation python,d10739,8,d20518,False,error;dictionary;search;query;write
q20518,check for punctuation python,d2355,9,d20518,False,error;dictionary;search;query;write
q20518,check for punctuation python,d10709,10,d20518,False,error;dictionary;search;query;write
q20519,unsupported media type json python,d8398,1,d20519,False,error;update;file;method;array
q20519,unsupported media type json python,d5149,2,d20519,False,error;update;file;method;array
q20519,unsupported media type json python,d4543,3,d20519,False,error;update;file;method;array
q20519,unsupported media type json python,d2339,4,d20519,False,error;update;file;method;array
q20519,unsupported media type json python,d4150,5,d20519,False,error;update;file;method;array
q20519,unsupported media type json python,d192,6,d20519,False,error;update;file;method;array
q20519,unsupported media type json python,d10685,7,d20519,False,error;update;file;method;array
q20519,unsupported media type json python,d8731,8,d20519,False,error;update;file;method;array
q20519,unsupported media type json python,d12854,9,d20519,False,error;update;file;method;array
q20519,unsupported media type json python,d13268,10,d20519,False,error;update;file;method;array
q20520,python separate string to list,d5082,1,d20520,False,list;string;loop;integer;row
q20520,python separate string to list,d5271,2,d20520,False,list;string;loop;integer;row
q20520,python separate string to list,d12775,3,d20520,False,list;string;loop;integer;row
q20520,python separate string to list,d11137,4,d20520,False,list;string;loop;integer;row
q20520,python separate string to list,d14093,5,d20520,False,list;string;loop;integer;row
q20520,python separate string to list,d7783,6,d20520,False,list;string;loop;integer;row
q20520,python separate string to list,d3547,7,d20520,False,list;string;loop;integer;row
q20520,python separate string to list,d3565,8,d20520,False,list;string;loop;integer;row
q20520,python separate string to list,d2691,9,d20520,False,list;string;loop;integer;row
q20520,python separate string to list,d16998,10,d20520,False,list;string;loop;integer;row
q20521,python remove phrase from list of strings,d20521,1,d20521,True,list;string;delete;error;file
q20521,python remove phrase from list of strings,d18784,2,d20521,False,list;string;delete;error;file
q20521,python remove phrase from list of strings,d18542,3,d20521,False,list;string;delete;error;file
q20521,python remove phrase from list of strings,d16638,4,d20521,False,list;string;delete;error;file
q20521,python remove phrase from list of strings,d16841,5,d20521,False,list;string;delete;error;file
q20521,python remove phrase from list of strings,d18402,6,d20521,False,list;string;delete;error;file
q20521,python remove phrase from list of strings,d17757,7,d20521,False,list;string;delete;error;file
q20521,python remove phrase from list of strings,d17792,8,d20521,False,list;string;delete;error;file
q20521,python remove phrase from list of strings,d16891,9,d20521,False,list;string;delete;error;file
q20521,python remove phrase from list of strings,d17194,10,d20521,False,list;string;delete;error;file
q20522,python fastest way to load data,d12955,1,d20522,False,database;data;file;loop;row
q20522,python fastest way to load data,d11721,2,d20522,False,database;data;file;loop;row
q20522,python fastest way to load data,d7947,3,d20522,False,database;data;file;loop;row
q20522,python fastest way to load data,d12044,4,d20522,False,database;data;file;loop;row
q20522,python fastest way to load data,d20583,5,d20522,False,database;data;file;loop;row
q20522,python fastest way to load data,d15345,6,d20522,False,database;data;file;loop;row
q20522,python fastest way to load data,d3743,7,d20522,False,database;data;file;loop;row
q20522,python fastest way to load data,d9529,8,d20522,False,database;data;file;loop;row
q20522,python fastest way to load data,d7631,9,d20522,False,database;data;file;loop;row
q20522,python fastest way to load data,d13255,10,d20522,False,database;data;file;loop;row
q20523,add noise to the audio python,d1861,1,d20523,False,add;update;write;warning;query
q20523,add noise to the audio python,d7891,2,d20523,False,add;update;write;warning;query
q20523,add noise to the audio python,d15205,3,d20523,False,add;update;write;warning;query
q20523,add noise to the audio python,d1645,4,d20523,False,add;update;write;warning;query
q20523,add noise to the audio python,d8525,5,d20523,False,add;update;write;warning;query
q20523,add noise to the audio python,d727,6,d20523,False,add;update;write;warning;query
q20523,add noise to the audio python,d8170,7,d20523,False,add;update;write;warning;query
q20523,add noise to the audio python,d11823,8,d20523,False,add;update;write;warning;query
q20523,add noise to the audio python,d7229,9,d20523,False,add;update;write;warning;query
q20523,add noise to the audio python,d18007,10,d20523,False,add;update;write;warning;query
q20524,object with commas turned into list python,d20119,1,d20524,False,list;column;update;return;error
q20524,object with commas turned into list python,d10463,2,d20524,False,list;column;update;return;error
q20524,object with commas turned into list python,d16861,3,d20524,False,list;column;update;return;error
q20524,object with commas turned into list python,d17335,4,d20524,False,list;column;update;return;error
q20524,object with commas turned into list python,d19239,5,d20524,False,list;column;update;return;error
q20524,object with commas turned into list python,d16684,6,d20524,False,list;column;update;return;error
q20524,object with commas turned into list python,d17016,7,d20524,False,list;column;update;return;error
q20524,object with commas turned into list python,d17838,8,d20524,False,list;column;update;return;error
q20524,object with commas turned into list python,d17079,9,d20524,False,list;column;update;return;error
q20524,object with commas turned into list python,d19558,10,d20524,False,list;column;update;return;error
q20525,python set limits on x axis,d10270,1,d20525,False,error;integer;column;parameter;list
q20525,python set limits on x axis,d5090,2,d20525,False,error;integer;column;parameter;list
q20525,python set limits on x axis,d8242,3,d20525,False,error;integer;column;parameter;list
q20525,python set limits on x axis,d10286,4,d20525,False,error;integer;column;parameter;list
q20525,python set limits on x axis,d15925,5,d20525,False,error;integer;column;parameter;list
q20525,python set limits on x axis,d13796,6,d20525,False,error;integer;column;parameter;list
q20525,python set limits on x axis,d14283,7,d20525,False,error;integer;column;parameter;list
q20525,python set limits on x axis,d13804,8,d20525,False,error;integer;column;parameter;list
q20525,python set limits on x axis,d7687,9,d20525,False,error;integer;column;parameter;list
q20525,python set limits on x axis,d20525,10,d20525,True,error;integer;column;parameter;list
q20526,is python ssl socket connection thread safe,d3228,1,d20526,False,string;error;update;close;query
q20526,is python ssl socket connection thread safe,d1399,2,d20526,False,string;error;update;close;query
q20526,is python ssl socket connection thread safe,d15879,3,d20526,False,string;error;update;close;query
q20526,is python ssl socket connection thread safe,d8286,4,d20526,False,string;error;update;close;query
q20526,is python ssl socket connection thread safe,d6960,5,d20526,False,string;error;update;close;query
q20526,is python ssl socket connection thread safe,d13771,6,d20526,False,string;error;update;close;query
q20526,is python ssl socket connection thread safe,d12911,7,d20526,False,string;error;update;close;query
q20526,is python ssl socket connection thread safe,d4632,8,d20526,False,string;error;update;close;query
q20526,is python ssl socket connection thread safe,d20526,9,d20526,True,string;error;update;close;query
q20526,is python ssl socket connection thread safe,d13818,10,d20526,False,string;error;update;close;query
q20527,python3 encode decode bytes,d1910,1,d20527,False,integer;error;file;string;array
q20527,python3 encode decode bytes,d12244,2,d20527,False,integer;error;file;string;array
q20527,python3 encode decode bytes,d6616,3,d20527,False,integer;error;file;string;array
q20527,python3 encode decode bytes,d1709,4,d20527,False,integer;error;file;string;array
q20527,python3 encode decode bytes,d18109,5,d20527,False,integer;error;file;string;array
q20527,python3 encode decode bytes,d18138,6,d20527,False,integer;error;file;string;array
q20527,python3 encode decode bytes,d17842,7,d20527,False,integer;error;file;string;array
q20527,python3 encode decode bytes,d20591,8,d20527,False,integer;error;file;string;array
q20527,python3 encode decode bytes,d17713,9,d20527,False,integer;error;file;string;array
q20527,python3 encode decode bytes,d17695,10,d20527,False,integer;error;file;string;array
q20528,xsd file to python object,d4886,1,d20528,False,file;error;update;string;method
q20528,xsd file to python object,d5294,2,d20528,False,file;error;update;string;method
q20528,xsd file to python object,d13704,3,d20528,False,file;error;update;string;method
q20528,xsd file to python object,d2002,4,d20528,False,file;error;update;string;method
q20528,xsd file to python object,d9544,5,d20528,False,file;error;update;string;method
q20528,xsd file to python object,d1837,6,d20528,False,file;error;update;string;method
q20528,xsd file to python object,d19694,7,d20528,False,file;error;update;string;method
q20528,xsd file to python object,d9058,8,d20528,False,file;error;update;string;method
q20528,xsd file to python object,d20528,9,d20528,True,file;error;update;string;method
q20528,xsd file to python object,d11724,10,d20528,False,file;error;update;string;method
q20529,python expand a path,d13471,1,d20529,False,open;file;loop;function;update
q20529,python expand a path,d6660,2,d20529,False,open;file;loop;function;update
q20529,python expand a path,d20529,3,d20529,True,open;file;loop;function;update
q20529,python expand a path,d5264,4,d20529,False,open;file;loop;function;update
q20529,python expand a path,d3619,5,d20529,False,open;file;loop;function;update
q20529,python expand a path,d13423,6,d20529,False,open;file;loop;function;update
q20529,python expand a path,d9255,7,d20529,False,open;file;loop;function;update
q20529,python expand a path,d8347,8,d20529,False,open;file;loop;function;update
q20529,python expand a path,d4277,9,d20529,False,open;file;loop;function;update
q20529,python expand a path,d6511,10,d20529,False,open;file;loop;function;update
q20530,python flask template table example,d450,1,d20530,False,table;column;database;row;file
q20530,python flask template table example,d6142,2,d20530,False,table;column;database;row;file
q20530,python flask template table example,d20178,3,d20530,False,table;column;database;row;file
q20530,python flask template table example,d6764,4,d20530,False,table;column;database;row;file
q20530,python flask template table example,d8839,5,d20530,False,table;column;database;row;file
q20530,python flask template table example,d5047,6,d20530,False,table;column;database;row;file
q20530,python flask template table example,d9183,7,d20530,False,table;column;database;row;file
q20530,python flask template table example,d659,8,d20530,False,table;column;database;row;file
q20530,python flask template table example,d9730,9,d20530,False,table;column;database;row;file
q20530,python flask template table example,d3195,10,d20530,False,table;column;database;row;file
q20531,how to check if object defined python,d9106,1,d20531,False,condition;method;error;function;integer
q20531,how to check if object defined python,d20140,2,d20531,False,condition;method;error;function;integer
q20531,how to check if object defined python,d12964,3,d20531,False,condition;method;error;function;integer
q20531,how to check if object defined python,d6325,4,d20531,False,condition;method;error;function;integer
q20531,how to check if object defined python,d19800,5,d20531,False,condition;method;error;function;integer
q20531,how to check if object defined python,d15944,6,d20531,False,condition;method;error;function;integer
q20531,how to check if object defined python,d2992,7,d20531,False,condition;method;error;function;integer
q20531,how to check if object defined python,d9518,8,d20531,False,condition;method;error;function;integer
q20531,how to check if object defined python,d3635,9,d20531,False,condition;method;error;function;integer
q20531,how to check if object defined python,d15225,10,d20531,False,condition;method;error;function;integer
q20532,s3 sync between bucket python,d13926,1,d20532,False,error;update;close;string;integer
q20532,s3 sync between bucket python,d8419,2,d20532,False,error;update;close;string;integer
q20532,s3 sync between bucket python,d10349,3,d20532,False,error;update;close;string;integer
q20532,s3 sync between bucket python,d9690,4,d20532,False,error;update;close;string;integer
q20532,s3 sync between bucket python,d1589,5,d20532,False,error;update;close;string;integer
q20532,s3 sync between bucket python,d20532,6,d20532,True,error;update;close;string;integer
q20532,s3 sync between bucket python,d9798,7,d20532,False,error;update;close;string;integer
q20532,s3 sync between bucket python,d8162,8,d20532,False,error;update;close;string;integer
q20532,s3 sync between bucket python,d9911,9,d20532,False,error;update;close;string;integer
q20532,s3 sync between bucket python,d3403,10,d20532,False,error;update;close;string;integer
q20533,change the position of 3d coordinate in python,d5589,1,d20533,False,update;error;row;sort;delete
q20533,change the position of 3d coordinate in python,d1457,2,d20533,False,update;error;row;sort;delete
q20533,change the position of 3d coordinate in python,d18527,3,d20533,False,update;error;row;sort;delete
q20533,change the position of 3d coordinate in python,d16981,4,d20533,False,update;error;row;sort;delete
q20533,change the position of 3d coordinate in python,d3770,5,d20533,False,update;error;row;sort;delete
q20533,change the position of 3d coordinate in python,d3808,6,d20533,False,update;error;row;sort;delete
q20533,change the position of 3d coordinate in python,d12025,7,d20533,False,update;error;row;sort;delete
q20533,change the position of 3d coordinate in python,d5597,8,d20533,False,update;error;row;sort;delete
q20533,change the position of 3d coordinate in python,d8272,9,d20533,False,update;error;row;sort;delete
q20533,change the position of 3d coordinate in python,d5117,10,d20533,False,update;error;row;sort;delete
q20534,python how to get the number of cores in a computer,d13164,1,d20534,False,integer;sort;update;search;database
q20534,python how to get the number of cores in a computer,d3015,2,d20534,False,integer;sort;update;search;database
q20534,python how to get the number of cores in a computer,d3013,3,d20534,False,integer;sort;update;search;database
q20534,python how to get the number of cores in a computer,d5180,4,d20534,False,integer;sort;update;search;database
q20534,python how to get the number of cores in a computer,d20176,5,d20534,False,integer;sort;update;search;database
q20534,python how to get the number of cores in a computer,d13362,6,d20534,False,integer;sort;update;search;database
q20534,python how to get the number of cores in a computer,d15416,7,d20534,False,integer;sort;update;search;database
q20534,python how to get the number of cores in a computer,d11500,8,d20534,False,integer;sort;update;search;database
q20534,python how to get the number of cores in a computer,d10612,9,d20534,False,integer;sort;update;search;database
q20534,python how to get the number of cores in a computer,d8934,10,d20534,False,integer;sort;update;search;database
q20535,python how to use pdb set trace,d19931,1,d20535,False,database;parameter;error;method;string
q20535,python how to use pdb set trace,d9433,2,d20535,False,database;parameter;error;method;string
q20535,python how to use pdb set trace,d5320,3,d20535,False,database;parameter;error;method;string
q20535,python how to use pdb set trace,d1043,4,d20535,False,database;parameter;error;method;string
q20535,python how to use pdb set trace,d15539,5,d20535,False,database;parameter;error;method;string
q20535,python how to use pdb set trace,d20535,6,d20535,True,database;parameter;error;method;string
q20535,python how to use pdb set trace,d1041,7,d20535,False,database;parameter;error;method;string
q20535,python how to use pdb set trace,d20172,8,d20535,False,database;parameter;error;method;string
q20535,python how to use pdb set trace,d9903,9,d20535,False,database;parameter;error;method;string
q20535,python how to use pdb set trace,d11956,10,d20535,False,database;parameter;error;method;string
q20536,python dictionary url encode,d20536,1,d20536,True,dictionary;integer;error;string;parameter
q20536,python dictionary url encode,d11986,2,d20536,False,dictionary;integer;error;string;parameter
q20536,python dictionary url encode,d3740,3,d20536,False,dictionary;integer;error;string;parameter
q20536,python dictionary url encode,d8921,4,d20536,False,dictionary;integer;error;string;parameter
q20536,python dictionary url encode,d201,5,d20536,False,dictionary;integer;error;string;parameter
q20536,python dictionary url encode,d3348,6,d20536,False,dictionary;integer;error;string;parameter
q20536,python dictionary url encode,d8651,7,d20536,False,dictionary;integer;error;string;parameter
q20536,python dictionary url encode,d10410,8,d20536,False,dictionary;integer;error;string;parameter
q20536,python dictionary url encode,d5396,9,d20536,False,dictionary;integer;error;string;parameter
q20536,python dictionary url encode,d199,10,d20536,False,dictionary;integer;error;string;parameter
q20537,how to check whether a string is int in python,d4605,1,d20537,False,integer;string;error;condition;method
q20537,how to check whether a string is int in python,d5015,2,d20537,False,integer;string;error;condition;method
q20537,how to check whether a string is int in python,d10761,3,d20537,False,integer;string;error;condition;method
q20537,how to check whether a string is int in python,d14801,4,d20537,False,integer;string;error;condition;method
q20537,how to check whether a string is int in python,d2347,5,d20537,False,integer;string;error;condition;method
q20537,how to check whether a string is int in python,d8762,6,d20537,False,integer;string;error;condition;method
q20537,how to check whether a string is int in python,d11293,7,d20537,False,integer;string;error;condition;method
q20537,how to check whether a string is int in python,d15225,8,d20537,False,integer;string;error;condition;method
q20537,how to check whether a string is int in python,d7535,9,d20537,False,integer;string;error;condition;method
q20537,how to check whether a string is int in python,d3635,10,d20537,False,integer;string;error;condition;method
q20538,python 3 change permission of file chmod,d3612,1,d20538,False,file;error;update;query;delete
q20538,python 3 change permission of file chmod,d13426,2,d20538,False,file;error;update;query;delete
q20538,python 3 change permission of file chmod,d3761,3,d20538,False,file;error;update;query;delete
q20538,python 3 change permission of file chmod,d9182,4,d20538,False,file;error;update;query;delete
q20538,python 3 change permission of file chmod,d4765,5,d20538,False,file;error;update;query;delete
q20538,python 3 change permission of file chmod,d4360,6,d20538,False,file;error;update;query;delete
q20538,python 3 change permission of file chmod,d1368,7,d20538,False,file;error;update;query;delete
q20538,python 3 change permission of file chmod,d8168,8,d20538,False,file;error;update;query;delete
q20538,python 3 change permission of file chmod,d20431,9,d20538,False,file;error;update;query;delete
q20538,python 3 change permission of file chmod,d14843,10,d20538,False,file;error;update;query;delete
q20539,python gaussian filter array,d13593,1,d20539,False,filter;array;error;data;variable
q20539,python gaussian filter array,d7174,2,d20539,False,filter;array;error;data;variable
q20539,python gaussian filter array,d12734,3,d20539,False,filter;array;error;data;variable
q20539,python gaussian filter array,d9371,4,d20539,False,filter;array;error;data;variable
q20539,python gaussian filter array,d13442,5,d20539,False,filter;array;error;data;variable
q20539,python gaussian filter array,d3872,6,d20539,False,filter;array;error;data;variable
q20539,python gaussian filter array,d4564,7,d20539,False,filter;array;error;data;variable
q20539,python gaussian filter array,d5275,8,d20539,False,filter;array;error;data;variable
q20539,python gaussian filter array,d15068,9,d20539,False,filter;array;error;data;variable
q20539,python gaussian filter array,d12992,10,d20539,False,filter;array;error;data;variable
q20540,how to cut off a calculated number to two decimals in python,d3324,1,d20540,False,integer;method;error;delete;function
q20540,how to cut off a calculated number to two decimals in python,d7818,2,d20540,False,integer;method;error;delete;function
q20540,how to cut off a calculated number to two decimals in python,d11053,3,d20540,False,integer;method;error;delete;function
q20540,how to cut off a calculated number to two decimals in python,d11865,4,d20540,False,integer;method;error;delete;function
q20540,how to cut off a calculated number to two decimals in python,d6544,5,d20540,False,integer;method;error;delete;function
q20540,how to cut off a calculated number to two decimals in python,d8064,6,d20540,False,integer;method;error;delete;function
q20540,how to cut off a calculated number to two decimals in python,d7002,7,d20540,False,integer;method;error;delete;function
q20540,how to cut off a calculated number to two decimals in python,d7454,8,d20540,False,integer;method;error;delete;function
q20540,how to cut off a calculated number to two decimals in python,d5289,9,d20540,False,integer;method;error;delete;function
q20540,how to cut off a calculated number to two decimals in python,d15115,10,d20540,False,integer;method;error;delete;function
q20541,replace many value at once in python,d10650,1,d20541,False,variable;update;integer;parameter;function
q20541,replace many value at once in python,d5561,2,d20541,False,variable;update;integer;parameter;function
q20541,replace many value at once in python,d8143,3,d20541,False,variable;update;integer;parameter;function
q20541,replace many value at once in python,d13728,4,d20541,False,variable;update;integer;parameter;function
q20541,replace many value at once in python,d11648,5,d20541,False,variable;update;integer;parameter;function
q20541,replace many value at once in python,d18172,6,d20541,False,variable;update;integer;parameter;function
q20541,replace many value at once in python,d17951,7,d20541,False,variable;update;integer;parameter;function
q20541,replace many value at once in python,d4606,8,d20541,False,variable;update;integer;parameter;function
q20541,replace many value at once in python,d16364,9,d20541,False,variable;update;integer;parameter;function
q20541,replace many value at once in python,d10256,10,d20541,False,variable;update;integer;parameter;function
q20542,python numpy conver to float64,d14661,1,d20542,False,error;integer;function;file;loop
q20542,python numpy conver to float64,d67,2,d20542,False,error;integer;function;file;loop
q20542,python numpy conver to float64,d85,3,d20542,False,error;integer;function;file;loop
q20542,python numpy conver to float64,d13469,4,d20542,False,error;integer;function;file;loop
q20542,python numpy conver to float64,d5045,5,d20542,False,error;integer;function;file;loop
q20542,python numpy conver to float64,d5996,6,d20542,False,error;integer;function;file;loop
q20542,python numpy conver to float64,d19898,7,d20542,False,error;integer;function;file;loop
q20542,python numpy conver to float64,d3988,8,d20542,False,error;integer;function;file;loop
q20542,python numpy conver to float64,d87,9,d20542,False,error;integer;function;file;loop
q20542,python numpy conver to float64,d10557,10,d20542,False,error;integer;function;file;loop
q20543,python how to rank a list object,d3092,1,d20543,False,list;row;sort;integer;method
q20543,python how to rank a list object,d5252,2,d20543,False,list;row;sort;integer;method
q20543,python how to rank a list object,d5447,3,d20543,False,list;row;sort;integer;method
q20543,python how to rank a list object,d452,4,d20543,False,list;row;sort;integer;method
q20543,python how to rank a list object,d623,5,d20543,False,list;row;sort;integer;method
q20543,python how to rank a list object,d13775,6,d20543,False,list;row;sort;integer;method
q20543,python how to rank a list object,d20543,7,d20543,True,list;row;sort;integer;method
q20543,python how to rank a list object,d10853,8,d20543,False,list;row;sort;integer;method
q20543,python how to rank a list object,d7366,9,d20543,False,list;row;sort;integer;method
q20543,python how to rank a list object,d655,10,d20543,False,list;row;sort;integer;method
q20544,how to check if file doesn't exist in python,d12963,1,d20544,False,file;error;string;database;search
q20544,how to check if file doesn't exist in python,d13311,2,d20544,False,file;error;string;database;search
q20544,how to check if file doesn't exist in python,d19455,3,d20544,False,file;error;string;database;search
q20544,how to check if file doesn't exist in python,d17358,4,d20544,False,file;error;string;database;search
q20544,how to check if file doesn't exist in python,d18516,5,d20544,False,file;error;string;database;search
q20544,how to check if file doesn't exist in python,d18492,6,d20544,False,file;error;string;database;search
q20544,how to check if file doesn't exist in python,d18178,7,d20544,False,file;error;string;database;search
q20544,how to check if file doesn't exist in python,d17962,8,d20544,False,file;error;string;database;search
q20544,how to check if file doesn't exist in python,d18143,9,d20544,False,file;error;string;database;search
q20544,how to check if file doesn't exist in python,d18127,10,d20544,False,file;error;string;database;search
q20545,how to get the parent directory in python,d20545,1,d20545,True,search;database;file;get;method
q20545,how to get the parent directory in python,d2518,2,d20545,False,search;database;file;get;method
q20545,how to get the parent directory in python,d2474,3,d20545,False,search;database;file;get;method
q20545,how to get the parent directory in python,d10889,4,d20545,False,search;database;file;get;method
q20545,how to get the parent directory in python,d447,5,d20545,False,search;database;file;get;method
q20545,how to get the parent directory in python,d4727,6,d20545,False,search;database;file;get;method
q20545,how to get the parent directory in python,d9431,7,d20545,False,search;database;file;get;method
q20545,how to get the parent directory in python,d8910,8,d20545,False,search;database;file;get;method
q20545,how to get the parent directory in python,d2520,9,d20545,False,search;database;file;get;method
q20545,how to get the parent directory in python,d10849,10,d20545,False,search;database;file;get;method
q20546,resize an image python pil,d20546,1,d20546,True,file;update;error;column;warning
q20546,resize an image python pil,d2762,2,d20546,False,file;update;error;column;warning
q20546,resize an image python pil,d3174,3,d20546,False,file;update;error;column;warning
q20546,resize an image python pil,d1355,4,d20546,False,file;update;error;column;warning
q20546,resize an image python pil,d11093,5,d20546,False,file;update;error;column;warning
q20546,resize an image python pil,d8199,6,d20546,False,file;update;error;column;warning
q20546,resize an image python pil,d5524,7,d20546,False,file;update;error;column;warning
q20546,resize an image python pil,d3361,8,d20546,False,file;update;error;column;warning
q20546,resize an image python pil,d7590,9,d20546,False,file;update;error;column;warning
q20546,resize an image python pil,d1525,10,d20546,False,file;update;error;column;warning
q20547,python boxplot data frame,d5878,1,d20547,False,data;column;database;error;row
q20547,python boxplot data frame,d4422,2,d20547,False,data;column;database;error;row
q20547,python boxplot data frame,d10607,3,d20547,False,data;column;database;error;row
q20547,python boxplot data frame,d10165,4,d20547,False,data;column;database;error;row
q20547,python boxplot data frame,d14261,5,d20547,False,data;column;database;error;row
q20547,python boxplot data frame,d14263,6,d20547,False,data;column;database;error;row
q20547,python boxplot data frame,d13003,7,d20547,False,data;column;database;error;row
q20547,python boxplot data frame,d20547,8,d20547,True,data;column;database;error;row
q20547,python boxplot data frame,d14265,9,d20547,False,data;column;database;error;row
q20547,python boxplot data frame,d18811,10,d20547,False,data;column;database;error;row
q20548,python glpk read from lp file,d20548,1,d20548,True,read;loop;file;error;search
q20548,python glpk read from lp file,d15525,2,d20548,False,read;loop;file;error;search
q20548,python glpk read from lp file,d20299,3,d20548,False,read;loop;file;error;search
q20548,python glpk read from lp file,d14182,4,d20548,False,read;loop;file;error;search
q20548,python glpk read from lp file,d8984,5,d20548,False,read;loop;file;error;search
q20548,python glpk read from lp file,d5866,6,d20548,False,read;loop;file;error;search
q20548,python glpk read from lp file,d3576,7,d20548,False,read;loop;file;error;search
q20548,python glpk read from lp file,d4834,8,d20548,False,read;loop;file;error;search
q20548,python glpk read from lp file,d8678,9,d20548,False,read;loop;file;error;search
q20548,python glpk read from lp file,d13748,10,d20548,False,read;loop;file;error;search
q20549,python threadpool close join,d20549,1,d20549,True,close;loop;row;column;error
q20549,python threadpool close join,d1498,2,d20549,False,close;loop;row;column;error
q20549,python threadpool close join,d3672,3,d20549,False,close;loop;row;column;error
q20549,python threadpool close join,d11463,4,d20549,False,close;loop;row;column;error
q20549,python threadpool close join,d7219,5,d20549,False,close;loop;row;column;error
q20549,python threadpool close join,d13892,6,d20549,False,close;loop;row;column;error
q20549,python threadpool close join,d1496,7,d20549,False,close;loop;row;column;error
q20549,python threadpool close join,d13894,8,d20549,False,close;loop;row;column;error
q20549,python threadpool close join,d13896,9,d20549,False,close;loop;row;column;error
q20549,python threadpool close join,d7701,10,d20549,False,close;loop;row;column;error
q20550,python sklearn onehotencoder string values,d1719,1,d20550,False,string;integer;variable;parameter;database
q20550,python sklearn onehotencoder string values,d4312,2,d20550,False,string;integer;variable;parameter;database
q20550,python sklearn onehotencoder string values,d9924,3,d20550,False,string;integer;variable;parameter;database
q20550,python sklearn onehotencoder string values,d20550,4,d20550,True,string;integer;variable;parameter;database
q20550,python sklearn onehotencoder string values,d8308,5,d20550,False,string;integer;variable;parameter;database
q20550,python sklearn onehotencoder string values,d14976,6,d20550,False,string;integer;variable;parameter;database
q20550,python sklearn onehotencoder string values,d14275,7,d20550,False,string;integer;variable;parameter;database
q20550,python sklearn onehotencoder string values,d15949,8,d20550,False,string;integer;variable;parameter;database
q20550,python sklearn onehotencoder string values,d18926,9,d20550,False,string;integer;variable;parameter;database
q20550,python sklearn onehotencoder string values,d19357,10,d20550,False,string;integer;variable;parameter;database
q20551,python change to bytes,d13745,1,d20551,False,update;integer;error;file;string
q20551,python change to bytes,d10060,2,d20551,False,update;integer;error;file;string
q20551,python change to bytes,d8261,3,d20551,False,update;integer;error;file;string
q20551,python change to bytes,d2789,4,d20551,False,update;integer;error;file;string
q20551,python change to bytes,d14298,5,d20551,False,update;integer;error;file;string
q20551,python change to bytes,d11770,6,d20551,False,update;integer;error;file;string
q20551,python change to bytes,d16511,7,d20551,False,update;integer;error;file;string
q20551,python change to bytes,d3939,8,d20551,False,update;integer;error;file;string
q20551,python change to bytes,d16885,9,d20551,False,update;integer;error;file;string
q20551,python change to bytes,d18161,10,d20551,False,update;integer;error;file;string
q20552,python json loads try,d5337,1,d20552,False,search;error;update;database;sort
q20552,python json loads try,d12058,2,d20552,False,search;error;update;database;sort
q20552,python json loads try,d2824,3,d20552,False,search;error;update;database;sort
q20552,python json loads try,d13253,4,d20552,False,search;error;update;database;sort
q20552,python json loads try,d3209,5,d20552,False,search;error;update;database;sort
q20552,python json loads try,d9324,6,d20552,False,search;error;update;database;sort
q20552,python json loads try,d4253,7,d20552,False,search;error;update;database;sort
q20552,python json loads try,d9000,8,d20552,False,search;error;update;database;sort
q20552,python json loads try,d7599,9,d20552,False,search;error;update;database;sort
q20552,python json loads try,d5478,10,d20552,False,search;error;update;database;sort
q20553,create an empty column in data frame python,d20025,1,d20553,False,column;database;error;row;data
q20553,create an empty column in data frame python,d3422,2,d20553,False,column;database;error;row;data
q20553,create an empty column in data frame python,d11631,3,d20553,False,column;database;error;row;data
q20553,create an empty column in data frame python,d14173,4,d20553,False,column;database;error;row;data
q20553,create an empty column in data frame python,d6874,5,d20553,False,column;database;error;row;data
q20553,create an empty column in data frame python,d6042,6,d20553,False,column;database;error;row;data
q20553,create an empty column in data frame python,d3954,7,d20553,False,column;database;error;row;data
q20553,create an empty column in data frame python,d13719,8,d20553,False,column;database;error;row;data
q20553,create an empty column in data frame python,d5878,9,d20553,False,column;database;error;row;data
q20553,create an empty column in data frame python,d557,10,d20553,False,column;database;error;row;data
q20554,remove whitespace at end of line in python,d2126,1,d20554,False,error;delete;update;string;integer
q20554,remove whitespace at end of line in python,d8927,2,d20554,False,error;delete;update;string;integer
q20554,remove whitespace at end of line in python,d3924,3,d20554,False,error;delete;update;string;integer
q20554,remove whitespace at end of line in python,d3936,4,d20554,False,error;delete;update;string;integer
q20554,remove whitespace at end of line in python,d15717,5,d20554,False,error;delete;update;string;integer
q20554,remove whitespace at end of line in python,d11966,6,d20554,False,error;delete;update;string;integer
q20554,remove whitespace at end of line in python,d20554,7,d20554,True,error;delete;update;string;integer
q20554,remove whitespace at end of line in python,d6032,8,d20554,False,error;delete;update;string;integer
q20554,remove whitespace at end of line in python,d7910,9,d20554,False,error;delete;update;string;integer
q20554,remove whitespace at end of line in python,d20434,10,d20554,False,error;delete;update;string;integer
q20555,python file opening modes,d6511,1,d20555,False,file;open;error;method;loop
q20555,python file opening modes,d14095,2,d20555,False,file;open;error;method;loop
q20555,python file opening modes,d6700,3,d20555,False,file;open;error;method;loop
q20555,python file opening modes,d16288,4,d20555,False,file;open;error;method;loop
q20555,python file opening modes,d2356,5,d20555,False,file;open;error;method;loop
q20555,python file opening modes,d5730,6,d20555,False,file;open;error;method;loop
q20555,python file opening modes,d15040,7,d20555,False,file;open;error;method;loop
q20555,python file opening modes,d20555,8,d20555,True,file;open;error;method;loop
q20555,python file opening modes,d6320,9,d20555,False,file;open;error;method;loop
q20555,python file opening modes,d15097,10,d20555,False,file;open;error;method;loop
q20556,python code input prompt for questions,d1827,1,d20556,False,parameter;condition;error;integer;update
q20556,python code input prompt for questions,d10052,2,d20556,False,parameter;condition;error;integer;update
q20556,python code input prompt for questions,d4387,3,d20556,False,parameter;condition;error;integer;update
q20556,python code input prompt for questions,d8861,4,d20556,False,parameter;condition;error;integer;update
q20556,python code input prompt for questions,d12429,5,d20556,False,parameter;condition;error;integer;update
q20556,python code input prompt for questions,d8048,6,d20556,False,parameter;condition;error;integer;update
q20556,python code input prompt for questions,d8591,7,d20556,False,parameter;condition;error;integer;update
q20556,python code input prompt for questions,d16355,8,d20556,False,parameter;condition;error;integer;update
q20556,python code input prompt for questions,d7423,9,d20556,False,parameter;condition;error;integer;update
q20556,python code input prompt for questions,d15433,10,d20556,False,parameter;condition;error;integer;update
q20557,python parse a log file that is logging,d11228,1,d20557,False,file;loop;row;search;string
q20557,python parse a log file that is logging,d1749,2,d20557,False,file;loop;row;search;string
q20557,python parse a log file that is logging,d20557,3,d20557,True,file;loop;row;search;string
q20557,python parse a log file that is logging,d15521,4,d20557,False,file;loop;row;search;string
q20557,python parse a log file that is logging,d5300,5,d20557,False,file;loop;row;search;string
q20557,python parse a log file that is logging,d15276,6,d20557,False,file;loop;row;search;string
q20557,python parse a log file that is logging,d8106,7,d20557,False,file;loop;row;search;string
q20557,python parse a log file that is logging,d11164,8,d20557,False,file;loop;row;search;string
q20557,python parse a log file that is logging,d10114,9,d20557,False,file;loop;row;search;string
q20557,python parse a log file that is logging,d7146,10,d20557,False,file;loop;row;search;string
q20558,remove an entry from a dict python,d9292,1,d20558,False,dictionary;delete;error;query;search
q20558,remove an entry from a dict python,d12123,2,d20558,False,dictionary;delete;error;query;search
q20558,remove an entry from a dict python,d5324,3,d20558,False,dictionary;delete;error;query;search
q20558,remove an entry from a dict python,d3424,4,d20558,False,dictionary;delete;error;query;search
q20558,remove an entry from a dict python,d10146,5,d20558,False,dictionary;delete;error;query;search
q20558,remove an entry from a dict python,d13390,6,d20558,False,dictionary;delete;error;query;search
q20558,remove an entry from a dict python,d10856,7,d20558,False,dictionary;delete;error;query;search
q20558,remove an entry from a dict python,d10663,8,d20558,False,dictionary;delete;error;query;search
q20558,remove an entry from a dict python,d7326,9,d20558,False,dictionary;delete;error;query;search
q20558,remove an entry from a dict python,d2535,10,d20558,False,dictionary;delete;error;query;search
q20559,new line statemnt pythong write,d11823,1,d20559,False,update;write;query;column;error
q20559,new line statemnt pythong write,d18007,2,d20559,False,update;write;query;column;error
q20559,new line statemnt pythong write,d11519,3,d20559,False,update;write;query;column;error
q20559,new line statemnt pythong write,d5654,4,d20559,False,update;write;query;column;error
q20559,new line statemnt pythong write,d7230,5,d20559,False,update;write;query;column;error
q20559,new line statemnt pythong write,d6350,6,d20559,False,update;write;query;column;error
q20559,new line statemnt pythong write,d15610,7,d20559,False,update;write;query;column;error
q20559,new line statemnt pythong write,d15422,8,d20559,False,update;write;query;column;error
q20559,new line statemnt pythong write,d15043,9,d20559,False,update;write;query;column;error
q20559,new line statemnt pythong write,d4177,10,d20559,False,update;write;query;column;error
q20560,python view as series column format string,d16981,1,d20560,False,string;column;row;sort;integer
q20560,python view as series column format string,d18527,2,d20560,False,string;column;row;sort;integer
q20560,python view as series column format string,d13775,3,d20560,False,string;column;row;sort;integer
q20560,python view as series column format string,d8471,4,d20560,False,string;column;row;sort;integer
q20560,python view as series column format string,d20560,5,d20560,True,string;column;row;sort;integer
q20560,python view as series column format string,d7967,6,d20560,False,string;column;row;sort;integer
q20560,python view as series column format string,d13339,7,d20560,False,string;column;row;sort;integer
q20560,python view as series column format string,d19889,8,d20560,False,string;column;row;sort;integer
q20560,python view as series column format string,d5617,9,d20560,False,string;column;row;sort;integer
q20560,python view as series column format string,d11697,10,d20560,False,string;column;row;sort;integer
q20561,python select not null column values,d19774,1,d20561,False,column;error;integer;row;database
q20561,python select not null column values,d17992,2,d20561,False,column;error;integer;row;database
q20561,python select not null column values,d19292,3,d20561,False,column;error;integer;row;database
q20561,python select not null column values,d19351,4,d20561,False,column;error;integer;row;database
q20561,python select not null column values,d17069,5,d20561,False,column;error;integer;row;database
q20561,python select not null column values,d18559,6,d20561,False,column;error;integer;row;database
q20561,python select not null column values,d18211,7,d20561,False,column;error;integer;row;database
q20561,python select not null column values,d18644,8,d20561,False,column;error;integer;row;database
q20561,python select not null column values,d18756,9,d20561,False,column;error;integer;row;database
q20561,python select not null column values,d18700,10,d20561,False,column;error;integer;row;database
q20562,how do functions in python know the parametr type,d4386,1,d20562,False,parameter;function;method;integer;variable
q20562,how do functions in python know the parametr type,d857,2,d20562,False,parameter;function;method;integer;variable
q20562,how do functions in python know the parametr type,d6279,3,d20562,False,parameter;function;method;integer;variable
q20562,how do functions in python know the parametr type,d4176,4,d20562,False,parameter;function;method;integer;variable
q20562,how do functions in python know the parametr type,d8376,5,d20562,False,parameter;function;method;integer;variable
q20562,how do functions in python know the parametr type,d12356,6,d20562,False,parameter;function;method;integer;variable
q20562,how do functions in python know the parametr type,d13884,7,d20562,False,parameter;function;method;integer;variable
q20562,how do functions in python know the parametr type,d4164,8,d20562,False,parameter;function;method;integer;variable
q20562,how do functions in python know the parametr type,d19611,9,d20562,False,parameter;function;method;integer;variable
q20562,how do functions in python know the parametr type,d14522,10,d20562,False,parameter;function;method;integer;variable
q20563,cursor positioning python windows,d5597,1,d20563,False,error;integer;parameter;open;column
q20563,cursor positioning python windows,d12025,2,d20563,False,error;integer;parameter;open;column
q20563,cursor positioning python windows,d3770,3,d20563,False,error;integer;parameter;open;column
q20563,cursor positioning python windows,d3808,4,d20563,False,error;integer;parameter;open;column
q20563,cursor positioning python windows,d17583,5,d20563,False,error;integer;parameter;open;column
q20563,cursor positioning python windows,d16688,6,d20563,False,error;integer;parameter;open;column
q20563,cursor positioning python windows,d9406,7,d20563,False,error;integer;parameter;open;column
q20563,cursor positioning python windows,d5589,8,d20563,False,error;integer;parameter;open;column
q20563,cursor positioning python windows,d18683,9,d20563,False,error;integer;parameter;open;column
q20563,cursor positioning python windows,d16933,10,d20563,False,error;integer;parameter;open;column
q20564,python how to equally space points in an ellipse,d20564,1,d20564,True,error;function;condition;integer;method
q20564,python how to equally space points in an ellipse,d1192,2,d20564,False,error;function;condition;integer;method
q20564,python how to equally space points in an ellipse,d15475,3,d20564,False,error;function;condition;integer;method
q20564,python how to equally space points in an ellipse,d321,4,d20564,False,error;function;condition;integer;method
q20564,python how to equally space points in an ellipse,d6896,5,d20564,False,error;function;condition;integer;method
q20564,python how to equally space points in an ellipse,d8089,6,d20564,False,error;function;condition;integer;method
q20564,python how to equally space points in an ellipse,d2616,7,d20564,False,error;function;condition;integer;method
q20564,python how to equally space points in an ellipse,d6626,8,d20564,False,error;function;condition;integer;method
q20564,python how to equally space points in an ellipse,d8760,9,d20564,False,error;function;condition;integer;method
q20564,python how to equally space points in an ellipse,d2891,10,d20564,False,error;function;condition;integer;method
q20565,how to see how similar two images are in python,d14803,1,d20565,False,integer;search;query;update;column
q20565,how to see how similar two images are in python,d218,2,d20565,False,integer;search;query;update;column
q20565,how to see how similar two images are in python,d216,3,d20565,False,integer;search;query;update;column
q20565,how to see how similar two images are in python,d19671,4,d20565,False,integer;search;query;update;column
q20565,how to see how similar two images are in python,d12713,5,d20565,False,integer;search;query;update;column
q20565,how to see how similar two images are in python,d19730,6,d20565,False,integer;search;query;update;column
q20565,how to see how similar two images are in python,d15178,7,d20565,False,integer;search;query;update;column
q20565,how to see how similar two images are in python,d6681,8,d20565,False,integer;search;query;update;column
q20565,how to see how similar two images are in python,d8350,9,d20565,False,integer;search;query;update;column
q20565,how to see how similar two images are in python,d252,10,d20565,False,integer;search;query;update;column
q20566,how to make a input to have no spaces in python\,d865,1,d20566,False,error;integer;string;column;write
q20566,how to make a input to have no spaces in python\,d1150,2,d20566,False,error;integer;string;column;write
q20566,how to make a input to have no spaces in python\,d6061,3,d20566,False,error;integer;string;column;write
q20566,how to make a input to have no spaces in python\,d12380,4,d20566,False,error;integer;string;column;write
q20566,how to make a input to have no spaces in python\,d6646,5,d20566,False,error;integer;string;column;write
q20566,how to make a input to have no spaces in python\,d14762,6,d20566,False,error;integer;string;column;write
q20566,how to make a input to have no spaces in python\,d10688,7,d20566,False,error;integer;string;column;write
q20566,how to make a input to have no spaces in python\,d16169,8,d20566,False,error;integer;string;column;write
q20566,how to make a input to have no spaces in python\,d6945,9,d20566,False,error;integer;string;column;write
q20566,how to make a input to have no spaces in python\,d15678,10,d20566,False,error;integer;string;column;write
q20567,next line to read in python,d20567,1,d20567,True,read;loop;dictionary;string;row
q20567,next line to read in python,d20061,2,d20567,False,read;loop;dictionary;string;row
q20567,next line to read in python,d4339,3,d20567,False,read;loop;dictionary;string;row
q20567,next line to read in python,d4988,4,d20567,False,read;loop;dictionary;string;row
q20567,next line to read in python,d15708,5,d20567,False,read;loop;dictionary;string;row
q20567,next line to read in python,d13167,6,d20567,False,read;loop;dictionary;string;row
q20567,next line to read in python,d15060,7,d20567,False,read;loop;dictionary;string;row
q20567,next line to read in python,d15240,8,d20567,False,read;loop;dictionary;string;row
q20567,next line to read in python,d752,9,d20567,False,read;loop;dictionary;string;row
q20567,next line to read in python,d1966,10,d20567,False,read;loop;dictionary;string;row
q20568,move an item in list to front python,d1477,1,d20568,False,list;loop;add;string;sort
q20568,move an item in list to front python,d2995,2,d20568,False,list;loop;add;string;sort
q20568,move an item in list to front python,d15831,3,d20568,False,list;loop;add;string;sort
q20568,move an item in list to front python,d4424,4,d20568,False,list;loop;add;string;sort
q20568,move an item in list to front python,d7571,5,d20568,False,list;loop;add;string;sort
q20568,move an item in list to front python,d20568,6,d20568,True,list;loop;add;string;sort
q20568,move an item in list to front python,d5755,7,d20568,False,list;loop;add;string;sort
q20568,move an item in list to front python,d15752,8,d20568,False,list;loop;add;string;sort
q20568,move an item in list to front python,d19367,9,d20568,False,list;loop;add;string;sort
q20568,move an item in list to front python,d16792,10,d20568,False,list;loop;add;string;sort
q20569,"python wrap (s,w) print",d8452,1,d20569,False,write;string;row;loop;variable
q20569,"python wrap (s,w) print",d9374,2,d20569,False,write;string;row;loop;variable
q20569,"python wrap (s,w) print",d2123,3,d20569,False,write;string;row;loop;variable
q20569,"python wrap (s,w) print",d3202,4,d20569,False,write;string;row;loop;variable
q20569,"python wrap (s,w) print",d6967,5,d20569,False,write;string;row;loop;variable
q20569,"python wrap (s,w) print",d5713,6,d20569,False,write;string;row;loop;variable
q20569,"python wrap (s,w) print",d12115,7,d20569,False,write;string;row;loop;variable
q20569,"python wrap (s,w) print",d15853,8,d20569,False,write;string;row;loop;variable
q20569,"python wrap (s,w) print",d9792,9,d20569,False,write;string;row;loop;variable
q20569,"python wrap (s,w) print",d1270,10,d20569,False,write;string;row;loop;variable
q20570,how to check if missing values are blanks or nan or none in python,d3084,1,d20570,False,error;condition;integer;method;row
q20570,how to check if missing values are blanks or nan or none in python,d18322,2,d20570,False,error;condition;integer;method;row
q20570,how to check if missing values are blanks or nan or none in python,d19394,3,d20570,False,error;condition;integer;method;row
q20570,how to check if missing values are blanks or nan or none in python,d18623,4,d20570,False,error;condition;integer;method;row
q20570,how to check if missing values are blanks or nan or none in python,d19038,5,d20570,False,error;condition;integer;method;row
q20570,how to check if missing values are blanks or nan or none in python,d17307,6,d20570,False,error;condition;integer;method;row
q20570,how to check if missing values are blanks or nan or none in python,d17472,7,d20570,False,error;condition;integer;method;row
q20570,how to check if missing values are blanks or nan or none in python,d19603,8,d20570,False,error;condition;integer;method;row
q20570,how to check if missing values are blanks or nan or none in python,d20570,9,d20570,True,error;condition;integer;method;row
q20570,how to check if missing values are blanks or nan or none in python,d15684,10,d20570,False,error;condition;integer;method;row
q20571,python to get the indices of bin edges,d17667,1,d20571,False,integer;search;parameter;error;get
q20571,python to get the indices of bin edges,d574,2,d20571,False,integer;search;parameter;error;get
q20571,python to get the indices of bin edges,d20571,3,d20571,True,integer;search;parameter;error;get
q20571,python to get the indices of bin edges,d20272,4,d20571,False,integer;search;parameter;error;get
q20571,python to get the indices of bin edges,d573,5,d20571,False,integer;search;parameter;error;get
q20571,python to get the indices of bin edges,d12598,6,d20571,False,integer;search;parameter;error;get
q20571,python to get the indices of bin edges,d8584,7,d20571,False,integer;search;parameter;error;get
q20571,python to get the indices of bin edges,d16496,8,d20571,False,integer;search;parameter;error;get
q20571,python to get the indices of bin edges,d3756,9,d20571,False,integer;search;parameter;error;get
q20571,python to get the indices of bin edges,d1922,10,d20571,False,integer;search;parameter;error;get
q20572,python comma separated value,d7114,1,d20572,False,integer;variable;column;parameter;error
q20572,python comma separated value,d6524,2,d20572,False,integer;variable;column;parameter;error
q20572,python comma separated value,d1378,3,d20572,False,integer;variable;column;parameter;error
q20572,python comma separated value,d7716,4,d20572,False,integer;variable;column;parameter;error
q20572,python comma separated value,d14671,5,d20572,False,integer;variable;column;parameter;error
q20572,python comma separated value,d3735,6,d20572,False,integer;variable;column;parameter;error
q20572,python comma separated value,d10356,7,d20572,False,integer;variable;column;parameter;error
q20572,python comma separated value,d6495,8,d20572,False,integer;variable;column;parameter;error
q20572,python comma separated value,d10414,9,d20572,False,integer;variable;column;parameter;error
q20572,python comma separated value,d11759,10,d20572,False,integer;variable;column;parameter;error
q20573,python requests disable ssl certificate verification,d11343,1,d20573,False,error;string;update;warning;delete
q20573,python requests disable ssl certificate verification,d11341,2,d20573,False,error;string;update;warning;delete
q20573,python requests disable ssl certificate verification,d11656,3,d20573,False,error;string;update;warning;delete
q20573,python requests disable ssl certificate verification,d4997,4,d20573,False,error;string;update;warning;delete
q20573,python requests disable ssl certificate verification,d11878,5,d20573,False,error;string;update;warning;delete
q20573,python requests disable ssl certificate verification,d3359,6,d20573,False,error;string;update;warning;delete
q20573,python requests disable ssl certificate verification,d12176,7,d20573,False,error;string;update;warning;delete
q20573,python requests disable ssl certificate verification,d15731,8,d20573,False,error;string;update;warning;delete
q20573,python requests disable ssl certificate verification,d20573,9,d20573,True,error;string;update;warning;delete
q20573,python requests disable ssl certificate verification,d4453,10,d20573,False,error;string;update;warning;delete
q20574,python var and distribution of probability,d13884,1,d20574,False,variable;integer;function;parameter;error
q20574,python var and distribution of probability,d4164,2,d20574,False,variable;integer;function;parameter;error
q20574,python var and distribution of probability,d6279,3,d20574,False,variable;integer;function;parameter;error
q20574,python var and distribution of probability,d19611,4,d20574,False,variable;integer;function;parameter;error
q20574,python var and distribution of probability,d4176,5,d20574,False,variable;integer;function;parameter;error
q20574,python var and distribution of probability,d8376,6,d20574,False,variable;integer;function;parameter;error
q20574,python var and distribution of probability,d12356,7,d20574,False,variable;integer;function;parameter;error
q20574,python var and distribution of probability,d16523,8,d20574,False,variable;integer;function;parameter;error
q20574,python var and distribution of probability,d8939,9,d20574,False,variable;integer;function;parameter;error
q20574,python var and distribution of probability,d2257,10,d20574,False,variable;integer;function;parameter;error
q20575,how to determine it's a orthogonal matrix using python,d20575,1,d20575,True,integer;row;method;parameter;error
q20575,how to determine it's a orthogonal matrix using python,d17772,2,d20575,False,integer;row;method;parameter;error
q20575,how to determine it's a orthogonal matrix using python,d19123,3,d20575,False,integer;row;method;parameter;error
q20575,how to determine it's a orthogonal matrix using python,d995,4,d20575,False,integer;row;method;parameter;error
q20575,how to determine it's a orthogonal matrix using python,d1933,5,d20575,False,integer;row;method;parameter;error
q20575,how to determine it's a orthogonal matrix using python,d14710,6,d20575,False,integer;row;method;parameter;error
q20575,how to determine it's a orthogonal matrix using python,d13306,7,d20575,False,integer;row;method;parameter;error
q20575,how to determine it's a orthogonal matrix using python,d7082,8,d20575,False,integer;row;method;parameter;error
q20575,how to determine it's a orthogonal matrix using python,d7399,9,d20575,False,integer;row;method;parameter;error
q20575,how to determine it's a orthogonal matrix using python,d16552,10,d20575,False,integer;row;method;parameter;error
q20576,strip html tags in python,d14167,1,d20576,False,string;method;delete;database;integer
q20576,strip html tags in python,d15703,2,d20576,False,string;method;delete;database;integer
q20576,strip html tags in python,d13710,3,d20576,False,string;method;delete;database;integer
q20576,strip html tags in python,d13597,4,d20576,False,string;method;delete;database;integer
q20576,strip html tags in python,d5499,5,d20576,False,string;method;delete;database;integer
q20576,strip html tags in python,d16444,6,d20576,False,string;method;delete;database;integer
q20576,strip html tags in python,d8320,7,d20576,False,string;method;delete;database;integer
q20576,strip html tags in python,d20576,8,d20576,True,string;method;delete;database;integer
q20576,strip html tags in python,d7534,9,d20576,False,string;method;delete;database;integer
q20576,strip html tags in python,d7653,10,d20576,False,string;method;delete;database;integer
q20577,center align python text,d18861,1,d20577,False,column;error;integer;string;row
q20577,center align python text,d20577,2,d20577,True,column;error;integer;string;row
q20577,center align python text,d795,3,d20577,False,column;error;integer;string;row
q20577,center align python text,d751,4,d20577,False,column;error;integer;string;row
q20577,center align python text,d12646,5,d20577,False,column;error;integer;string;row
q20577,center align python text,d1200,6,d20577,False,column;error;integer;string;row
q20577,center align python text,d16479,7,d20577,False,column;error;integer;string;row
q20577,center align python text,d793,8,d20577,False,column;error;integer;string;row
q20577,center align python text,d164,9,d20577,False,column;error;integer;string;row
q20577,center align python text,d7210,10,d20577,False,column;error;integer;string;row
q20578,python get list of keys on an object,d5546,1,d20578,False,list;integer;get;search;array
q20578,python get list of keys on an object,d5737,2,d20578,False,list;integer;get;search;array
q20578,python get list of keys on an object,d13115,3,d20578,False,list;integer;get;search;array
q20578,python get list of keys on an object,d15053,4,d20578,False,list;integer;get;search;array
q20578,python get list of keys on an object,d20015,5,d20578,False,list;integer;get;search;array
q20578,python get list of keys on an object,d20412,6,d20578,False,list;integer;get;search;array
q20578,python get list of keys on an object,d6941,7,d20578,False,list;integer;get;search;array
q20578,python get list of keys on an object,d3653,8,d20578,False,list;integer;get;search;array
q20578,python get list of keys on an object,d7031,9,d20578,False,list;integer;get;search;array
q20578,python get list of keys on an object,d19749,10,d20578,False,list;integer;get;search;array
q20579,is there any python function to check for nan valu,d18623,1,d20579,False,function;error;condition;warning;variable
q20579,is there any python function to check for nan valu,d19038,2,d20579,False,function;error;condition;warning;variable
q20579,is there any python function to check for nan valu,d19394,3,d20579,False,function;error;condition;warning;variable
q20579,is there any python function to check for nan valu,d18322,4,d20579,False,function;error;condition;warning;variable
q20579,is there any python function to check for nan valu,d17472,5,d20579,False,function;error;condition;warning;variable
q20579,is there any python function to check for nan valu,d19603,6,d20579,False,function;error;condition;warning;variable
q20579,is there any python function to check for nan valu,d20570,7,d20579,False,function;error;condition;warning;variable
q20579,is there any python function to check for nan valu,d17307,8,d20579,False,function;error;condition;warning;variable
q20579,is there any python function to check for nan valu,d10099,9,d20579,False,function;error;condition;warning;variable
q20579,is there any python function to check for nan valu,d4532,10,d20579,False,function;error;condition;warning;variable
q20580,python get cookie for request,d9617,1,d20580,False,search;get;parameter;error;return
q20580,python get cookie for request,d2489,2,d20580,False,search;get;parameter;error;return
q20580,python get cookie for request,d11750,3,d20580,False,search;get;parameter;error;return
q20580,python get cookie for request,d19658,4,d20580,False,search;get;parameter;error;return
q20580,python get cookie for request,d11075,5,d20580,False,search;get;parameter;error;return
q20580,python get cookie for request,d7596,6,d20580,False,search;get;parameter;error;return
q20580,python get cookie for request,d7560,7,d20580,False,search;get;parameter;error;return
q20580,python get cookie for request,d17825,8,d20580,False,search;get;parameter;error;return
q20580,python get cookie for request,d9105,9,d20580,False,search;get;parameter;error;return
q20580,python get cookie for request,d15983,10,d20580,False,search;get;parameter;error;return
q20581,python is list no na,d18211,1,d20581,False,list;error;query;integer;database
q20581,python is list no na,d19263,2,d20581,False,list;error;query;integer;database
q20581,python is list no na,d17069,3,d20581,False,list;error;query;integer;database
q20581,python is list no na,d18443,4,d20581,False,list;error;query;integer;database
q20581,python is list no na,d19774,5,d20581,False,list;error;query;integer;database
q20581,python is list no na,d19351,6,d20581,False,list;error;query;integer;database
q20581,python is list no na,d17992,7,d20581,False,list;error;query;integer;database
q20581,python is list no na,d16759,8,d20581,False,list;error;query;integer;database
q20581,python is list no na,d19292,9,d20581,False,list;error;query;integer;database
q20581,python is list no na,d17887,10,d20581,False,list;error;query;integer;database
q20582,python determine if a file is image,d4419,1,d20582,False,file;error;string;search;function
q20582,python determine if a file is image,d20582,2,d20582,True,file;error;string;search;function
q20582,python determine if a file is image,d4204,3,d20582,False,file;error;string;search;function
q20582,python determine if a file is image,d4168,4,d20582,False,file;error;string;search;function
q20582,python determine if a file is image,d2076,5,d20582,False,file;error;string;search;function
q20582,python determine if a file is image,d14415,6,d20582,False,file;error;string;search;function
q20582,python determine if a file is image,d14407,7,d20582,False,file;error;string;search;function
q20582,python determine if a file is image,d8335,8,d20582,False,file;error;string;search;function
q20582,python determine if a file is image,d16570,9,d20582,False,file;error;string;search;function
q20582,python determine if a file is image,d196,10,d20582,False,file;error;string;search;function
q20583,python reorganise a data frame,d14327,1,d20583,False,database;data;row;column;update
q20583,python reorganise a data frame,d13258,2,d20583,False,database;data;row;column;update
q20583,python reorganise a data frame,d838,3,d20583,False,database;data;row;column;update
q20583,python reorganise a data frame,d5107,4,d20583,False,database;data;row;column;update
q20583,python reorganise a data frame,d1996,5,d20583,False,database;data;row;column;update
q20583,python reorganise a data frame,d2976,6,d20583,False,database;data;row;column;update
q20583,python reorganise a data frame,d16545,7,d20583,False,database;data;row;column;update
q20583,python reorganise a data frame,d7218,8,d20583,False,database;data;row;column;update
q20583,python reorganise a data frame,d11823,9,d20583,False,database;data;row;column;update
q20583,python reorganise a data frame,d8668,10,d20583,False,database;data;row;column;update
q20584,read first line in txt file in python,d20584,1,d20584,True,read;file;write;row;loop
q20584,read first line in txt file in python,d16290,2,d20584,False,read;file;write;row;loop
q20584,read first line in txt file in python,d1688,3,d20584,False,read;file;write;row;loop
q20584,read first line in txt file in python,d1136,4,d20584,False,read;file;write;row;loop
q20584,read first line in txt file in python,d12166,5,d20584,False,read;file;write;row;loop
q20584,read first line in txt file in python,d19789,6,d20584,False,read;file;write;row;loop
q20584,read first line in txt file in python,d9113,7,d20584,False,read;file;write;row;loop
q20584,read first line in txt file in python,d20567,8,d20584,False,read;file;write;row;loop
q20584,read first line in txt file in python,d20061,9,d20584,False,read;file;write;row;loop
q20584,read first line in txt file in python,d3247,10,d20584,False,read;file;write;row;loop
q20585,pass defined parser object to subparser python,d10281,1,d20585,False,parameter;variable;error;integer;add
q20585,pass defined parser object to subparser python,d3989,2,d20585,False,parameter;variable;error;integer;add
q20585,pass defined parser object to subparser python,d20585,3,d20585,True,parameter;variable;error;integer;add
q20585,pass defined parser object to subparser python,d8204,4,d20585,False,parameter;variable;error;integer;add
q20585,pass defined parser object to subparser python,d20374,5,d20585,False,parameter;variable;error;integer;add
q20585,pass defined parser object to subparser python,d12218,6,d20585,False,parameter;variable;error;integer;add
q20585,pass defined parser object to subparser python,d413,7,d20585,False,parameter;variable;error;integer;add
q20585,pass defined parser object to subparser python,d12216,8,d20585,False,parameter;variable;error;integer;add
q20585,pass defined parser object to subparser python,d1756,9,d20585,False,parameter;variable;error;integer;add
q20585,pass defined parser object to subparser python,d12803,10,d20585,False,parameter;variable;error;integer;add
q20586,how to print generic error in python,d19169,1,d20586,False,error;parameter;integer;method;return
q20586,how to print generic error in python,d18646,2,d20586,False,error;parameter;integer;method;return
q20586,how to print generic error in python,d19081,3,d20586,False,error;parameter;integer;method;return
q20586,how to print generic error in python,d17108,4,d20586,False,error;parameter;integer;method;return
q20586,how to print generic error in python,d19626,5,d20586,False,error;parameter;integer;method;return
q20586,how to print generic error in python,d5502,6,d20586,False,error;parameter;integer;method;return
q20586,how to print generic error in python,d13660,7,d20586,False,error;parameter;integer;method;return
q20586,how to print generic error in python,d9777,8,d20586,False,error;parameter;integer;method;return
q20586,how to print generic error in python,d9903,9,d20586,False,error;parameter;integer;method;return
q20586,how to print generic error in python,d11956,10,d20586,False,error;parameter;integer;method;return
q20587,python change the name of a key,d11823,1,d20587,False,update;error;row;string;query
q20587,python change the name of a key,d2026,2,d20587,False,update;error;row;string;query
q20587,python change the name of a key,d2615,3,d20587,False,update;error;row;string;query
q20587,python change the name of a key,d6256,4,d20587,False,update;error;row;string;query
q20587,python change the name of a key,d5285,5,d20587,False,update;error;row;string;query
q20587,python change the name of a key,d20587,6,d20587,True,update;error;row;string;query
q20587,python change the name of a key,d11012,7,d20587,False,update;error;row;string;query
q20587,python change the name of a key,d7231,8,d20587,False,update;error;row;string;query
q20587,python change the name of a key,d6493,9,d20587,False,update;error;row;string;query
q20587,python change the name of a key,d7229,10,d20587,False,update;error;row;string;query
q20588,moving mouse python click,d11530,1,d20588,False,update;loop;search;error;row
q20588,moving mouse python click,d8443,2,d20588,False,update;loop;search;error;row
q20588,moving mouse python click,d1275,3,d20588,False,update;loop;search;error;row
q20588,moving mouse python click,d8544,4,d20588,False,update;loop;search;error;row
q20588,moving mouse python click,d1218,5,d20588,False,update;loop;search;error;row
q20588,moving mouse python click,d15793,6,d20588,False,update;loop;search;error;row
q20588,moving mouse python click,d9356,7,d20588,False,update;loop;search;error;row
q20588,moving mouse python click,d20004,8,d20588,False,update;loop;search;error;row
q20588,moving mouse python click,d4838,9,d20588,False,update;loop;search;error;row
q20588,moving mouse python click,d16191,10,d20588,False,update;loop;search;error;row
q20589,python to determine if services are running,d14393,1,d20589,False,search;condition;update;return;error
q20589,python to determine if services are running,d20589,2,d20589,True,search;condition;update;return;error
q20589,python to determine if services are running,d5588,3,d20589,False,search;condition;update;return;error
q20589,python to determine if services are running,d13305,4,d20589,False,search;condition;update;return;error
q20589,python to determine if services are running,d10719,5,d20589,False,search;condition;update;return;error
q20589,python to determine if services are running,d255,6,d20589,False,search;condition;update;return;error
q20589,python to determine if services are running,d13320,7,d20589,False,search;condition;update;return;error
q20589,python to determine if services are running,d247,8,d20589,False,search;condition;update;return;error
q20589,python to determine if services are running,d4468,9,d20589,False,search;condition;update;return;error
q20589,python to determine if services are running,d4930,10,d20589,False,search;condition;update;return;error
q20590,python set contains multiple items,d734,1,d20590,False,integer;variable;array;list;function
q20590,python set contains multiple items,d14844,2,d20590,False,integer;variable;array;list;function
q20590,python set contains multiple items,d6963,3,d20590,False,integer;variable;array;list;function
q20590,python set contains multiple items,d7685,4,d20590,False,integer;variable;array;list;function
q20590,python set contains multiple items,d1185,5,d20590,False,integer;variable;array;list;function
q20590,python set contains multiple items,d13365,6,d20590,False,integer;variable;array;list;function
q20590,python set contains multiple items,d6064,7,d20590,False,integer;variable;array;list;function
q20590,python set contains multiple items,d16238,8,d20590,False,integer;variable;array;list;function
q20590,python set contains multiple items,d7882,9,d20590,False,integer;variable;array;list;function
q20590,python set contains multiple items,d6251,10,d20590,False,integer;variable;array;list;function
q20591,python protobyf parse from byte,d14275,1,d20591,False,parameter;integer;file;string;error
q20591,python protobyf parse from byte,d9502,2,d20591,False,parameter;integer;file;string;error
q20591,python protobyf parse from byte,d9608,3,d20591,False,parameter;integer;file;string;error
q20591,python protobyf parse from byte,d7353,4,d20591,False,parameter;integer;file;string;error
q20591,python protobyf parse from byte,d19591,5,d20591,False,parameter;integer;file;string;error
q20591,python protobyf parse from byte,d17883,6,d20591,False,parameter;integer;file;string;error
q20591,python protobyf parse from byte,d16829,7,d20591,False,parameter;integer;file;string;error
q20591,python protobyf parse from byte,d16885,8,d20591,False,parameter;integer;file;string;error
q20591,python protobyf parse from byte,d18161,9,d20591,False,parameter;integer;file;string;error
q20591,python protobyf parse from byte,d18850,10,d20591,False,parameter;integer;file;string;error
q20592,python check if a directory is writable,d6696,1,d20592,False,file;error;write;string;variable
q20592,python check if a directory is writable,d20002,2,d20592,False,file;error;write;string;variable
q20592,python check if a directory is writable,d11377,3,d20592,False,file;error;write;string;variable
q20592,python check if a directory is writable,d12376,4,d20592,False,file;error;write;string;variable
q20592,python check if a directory is writable,d5576,5,d20592,False,file;error;write;string;variable
q20592,python check if a directory is writable,d15946,6,d20592,False,file;error;write;string;variable
q20592,python check if a directory is writable,d20592,7,d20592,True,file;error;write;string;variable
q20592,python check if a directory is writable,d8716,8,d20592,False,file;error;write;string;variable
q20592,python check if a directory is writable,d742,9,d20592,False,file;error;write;string;variable
q20592,python check if a directory is writable,d2341,10,d20592,False,file;error;write;string;variable
q20593,object as list python,d19800,1,d20593,False,list;condition;function;method;integer
q20593,object as list python,d12964,2,d20593,False,list;condition;function;method;integer
q20593,object as list python,d15944,3,d20593,False,list;condition;function;method;integer
q20593,object as list python,d2992,4,d20593,False,list;condition;function;method;integer
q20593,object as list python,d20140,5,d20593,False,list;condition;function;method;integer
q20593,object as list python,d9518,6,d20593,False,list;condition;function;method;integer
q20593,object as list python,d6325,7,d20593,False,list;condition;function;method;integer
q20593,object as list python,d9106,8,d20593,False,list;condition;function;method;integer
q20593,object as list python,d15196,9,d20593,False,list;condition;function;method;integer
q20593,object as list python,d9344,10,d20593,False,list;condition;function;method;integer
q20594,replace function nan python,d20594,1,d20594,True,function;error;update;delete;parameter
q20594,replace function nan python,d15725,2,d20594,False,function;error;update;delete;parameter
q20594,replace function nan python,d13623,3,d20594,False,function;error;update;delete;parameter
q20594,replace function nan python,d6083,4,d20594,False,function;error;update;delete;parameter
q20594,replace function nan python,d3441,5,d20594,False,function;error;update;delete;parameter
q20594,replace function nan python,d1796,6,d20594,False,function;error;update;delete;parameter
q20594,replace function nan python,d10192,7,d20594,False,function;error;update;delete;parameter
q20594,replace function nan python,d13730,8,d20594,False,function;error;update;delete;parameter
q20594,replace function nan python,d1205,9,d20594,False,function;error;update;delete;parameter
q20594,replace function nan python,d3625,10,d20594,False,function;error;update;delete;parameter
q20595,python hash table check if key exist,d8985,1,d20595,False,table;error;integer;database;string
q20595,python hash table check if key exist,d17874,2,d20595,False,table;error;integer;database;string
q20595,python hash table check if key exist,d17700,3,d20595,False,table;error;integer;database;string
q20595,python hash table check if key exist,d18256,4,d20595,False,table;error;integer;database;string
q20595,python hash table check if key exist,d17652,5,d20595,False,table;error;integer;database;string
q20595,python hash table check if key exist,d17965,6,d20595,False,table;error;integer;database;string
q20595,python hash table check if key exist,d17666,7,d20595,False,table;error;integer;database;string
q20595,python hash table check if key exist,d17259,8,d20595,False,table;error;integer;database;string
q20595,python hash table check if key exist,d20595,9,d20595,True,table;error;integer;database;string
q20595,python hash table check if key exist,d19201,10,d20595,False,table;error;integer;database;string
q20596,take all points in box python,d11823,1,d20596,False,column;loop;update;integer;row
q20596,take all points in box python,d19894,2,d20596,False,column;loop;update;integer;row
q20596,take all points in box python,d11525,3,d20596,False,column;loop;update;integer;row
q20596,take all points in box python,d6391,4,d20596,False,column;loop;update;integer;row
q20596,take all points in box python,d6254,5,d20596,False,column;loop;update;integer;row
q20596,take all points in box python,d6065,6,d20596,False,column;loop;update;integer;row
q20596,take all points in box python,d14597,7,d20596,False,column;loop;update;integer;row
q20596,take all points in box python,d20596,8,d20596,True,column;loop;update;integer;row
q20596,take all points in box python,d5589,9,d20596,False,column;loop;update;integer;row
q20596,take all points in box python,d2237,10,d20596,False,column;loop;update;integer;row
q20597,python create enum by name,d15951,1,d20597,False,integer;error;column;write;parameter
q20597,python create enum by name,d11724,2,d20597,False,integer;error;column;write;parameter
q20597,python create enum by name,d3306,3,d20597,False,integer;error;column;write;parameter
q20597,python create enum by name,d13835,4,d20597,False,integer;error;column;write;parameter
q20597,python create enum by name,d4525,5,d20597,False,integer;error;column;write;parameter
q20597,python create enum by name,d498,6,d20597,False,integer;error;column;write;parameter
q20597,python create enum by name,d8719,7,d20597,False,integer;error;column;write;parameter
q20597,python create enum by name,d14813,8,d20597,False,integer;error;column;write;parameter
q20597,python create enum by name,d6652,9,d20597,False,integer;error;column;write;parameter
q20597,python create enum by name,d8726,10,d20597,False,integer;error;column;write;parameter
q20598,python matplotlib use arrow markers,d12181,1,d20598,False,array;row;error;parameter;loop
q20598,python matplotlib use arrow markers,d5895,2,d20598,False,array;row;error;parameter;loop
q20598,python matplotlib use arrow markers,d7483,3,d20598,False,array;row;error;parameter;loop
q20598,python matplotlib use arrow markers,d15604,4,d20598,False,array;row;error;parameter;loop
q20598,python matplotlib use arrow markers,d7158,5,d20598,False,array;row;error;parameter;loop
q20598,python matplotlib use arrow markers,d9088,6,d20598,False,array;row;error;parameter;loop
q20598,python matplotlib use arrow markers,d20598,7,d20598,True,array;row;error;parameter;loop
q20598,python matplotlib use arrow markers,d1763,8,d20598,False,array;row;error;parameter;loop
q20598,python matplotlib use arrow markers,d9928,9,d20598,False,array;row;error;parameter;loop
q20598,python matplotlib use arrow markers,d6543,10,d20598,False,array;row;error;parameter;loop
q20599,python function default args,d12091,1,d20599,False,function;error;parameter;variable;method
q20599,python function default args,d10278,2,d20599,False,function;error;parameter;variable;method
q20599,python function default args,d3884,3,d20599,False,function;error;parameter;variable;method
q20599,python function default args,d1753,4,d20599,False,function;error;parameter;variable;method
q20599,python function default args,d20206,5,d20599,False,function;error;parameter;variable;method
q20599,python function default args,d6799,6,d20599,False,function;error;parameter;variable;method
q20599,python function default args,d6555,7,d20599,False,function;error;parameter;variable;method
q20599,python function default args,d13915,8,d20599,False,function;error;parameter;variable;method
q20599,python function default args,d11512,9,d20599,False,function;error;parameter;variable;method
q20599,python function default args,d15418,10,d20599,False,function;error;parameter;variable;method
q20600,python how to select first 100 rows,d1294,1,d20600,False,row;error;search;column;loop
q20600,python how to select first 100 rows,d5341,2,d20600,False,row;error;search;column;loop
q20600,python how to select first 100 rows,d13851,3,d20600,False,row;error;search;column;loop
q20600,python how to select first 100 rows,d11165,4,d20600,False,row;error;search;column;loop
q20600,python how to select first 100 rows,d8876,5,d20600,False,row;error;search;column;loop
q20600,python how to select first 100 rows,d5569,6,d20600,False,row;error;search;column;loop
q20600,python how to select first 100 rows,d2476,7,d20600,False,row;error;search;column;loop
q20600,python how to select first 100 rows,d4562,8,d20600,False,row;error;search;column;loop
q20600,python how to select first 100 rows,d15017,9,d20600,False,row;error;search;column;loop
q20600,python how to select first 100 rows,d6808,10,d20600,False,row;error;search;column;loop
q20601,removing columnsns in data frame python,d955,1,d20601,False,data;column;delete;database;error;row
q20601,removing columnsns in data frame python,d10995,2,d20601,False,data;column;delete;database;error;row
q20601,removing columnsns in data frame python,d12853,3,d20601,False,data;column;delete;database;error;row
q20601,removing columnsns in data frame python,d12916,4,d20601,False,data;column;delete;database;error;row
q20601,removing columnsns in data frame python,d1302,5,d20601,False,data;column;delete;database;error;row
q20601,removing columnsns in data frame python,d4357,6,d20601,False,data;column;delete;database;error;row
q20601,removing columnsns in data frame python,d10569,7,d20601,False,data;column;delete;database;error;row
q20601,removing columnsns in data frame python,d4768,8,d20601,False,data;column;delete;database;error;row
q20601,removing columnsns in data frame python,d6926,9,d20601,False,data;column;delete;database;error;row
q20601,removing columnsns in data frame python,d13976,10,d20601,False,data;column;delete;database;error;row
q20602,python array to torch tensor,d5820,1,d20602,False,array;error;string;row;sort
q20602,python array to torch tensor,d14061,2,d20602,False,array;error;string;row;sort
q20602,python array to torch tensor,d19509,3,d20602,False,array;error;string;row;sort
q20602,python array to torch tensor,d18635,4,d20602,False,array;error;string;row;sort
q20602,python array to torch tensor,d18149,5,d20602,False,array;error;string;row;sort
q20602,python array to torch tensor,d17793,6,d20602,False,array;error;string;row;sort
q20602,python array to torch tensor,d17059,7,d20602,False,array;error;string;row;sort
q20602,python array to torch tensor,d17068,8,d20602,False,array;error;string;row;sort
q20602,python array to torch tensor,d17868,9,d20602,False,array;error;string;row;sort
q20602,python array to torch tensor,d18752,10,d20602,False,array;error;string;row;sort
q20603,how to turn a list into a csv python,d12234,1,d20603,False,list;column;database;return;write
q20603,how to turn a list into a csv python,d4314,2,d20603,False,list;column;database;return;write
q20603,how to turn a list into a csv python,d6328,3,d20603,False,list;column;database;return;write
q20603,how to turn a list into a csv python,d19721,4,d20603,False,list;column;database;return;write
q20603,how to turn a list into a csv python,d20479,5,d20603,False,list;column;database;return;write
q20603,how to turn a list into a csv python,d12194,6,d20603,False,list;column;database;return;write
q20603,how to turn a list into a csv python,d4199,7,d20603,False,list;column;database;return;write
q20603,how to turn a list into a csv python,d11496,8,d20603,False,list;column;database;return;write
q20603,how to turn a list into a csv python,d12315,9,d20603,False,list;column;database;return;write
q20603,how to turn a list into a csv python,d13830,10,d20603,False,list;column;database;return;write
q20604,how do i unzip file in python,d16124,1,d20604,False,file;update;write;error;database
q20604,how do i unzip file in python,d3163,2,d20604,False,file;update;write;error;database
q20604,how do i unzip file in python,d4625,3,d20604,False,file;update;write;error;database
q20604,how do i unzip file in python,d11824,4,d20604,False,file;update;write;error;database
q20604,how do i unzip file in python,d6895,5,d20604,False,file;update;write;error;database
q20604,how do i unzip file in python,d14184,6,d20604,False,file;update;write;error;database
q20604,how do i unzip file in python,d6437,7,d20604,False,file;update;write;error;database
q20604,how do i unzip file in python,d10619,8,d20604,False,file;update;write;error;database
q20604,how do i unzip file in python,d16003,9,d20604,False,file;update;write;error;database
q20604,how do i unzip file in python,d4223,10,d20604,False,file;update;write;error;database
